suite,mode,rate,seed,n_train,n_test,model,brier,log_loss,accuracy,f1,auc,blocked_false_positive_rate,affordance_loss_rate,accessible_prediction_variance,ece,reliability_slope,mean_prediction,positive_rate,access_rate
access_error_taxonomy,symmetric_random,0.0,0,1000,3200,conserved_quotient,0.03221315124141156,0.13795975931383905,0.9628125,0.734966592427617,0.8731186669411468,0.0,0.0,1.0977800683007244e-32,0.01303595249732431,0.9687357446081601,0.06599156867619295,0.07375,0.08625
access_error_taxonomy,symmetric_random,0.0,0,1000,3200,caq_strong_shrinkage,0.03255319630238097,0.13894877792291271,0.9628125,0.734966592427617,0.8731186669411468,0.0,0.0,2.2340787354891936e-32,0.01597499323683839,0.9890918649696053,0.06587754385621837,0.07375,0.08625
access_error_taxonomy,symmetric_random,0.02,0,1000,3200,conserved_quotient,0.04247258434083673,0.16698031505539074,0.9459375,0.6505050505050505,0.8601509069283378,0.017783857729138167,0.028169014084507043,0.010343647216257638,0.0234082062605424,0.8078677122938913,0.0750269562605424,0.07375,0.08625
access_error_taxonomy,symmetric_random,0.02,0,1000,3200,caq_strong_shrinkage,0.04238799229294035,0.16665484390913143,0.9459375,0.6505050505050505,0.8601509069283378,0.017783857729138167,0.028169014084507043,0.009873613851381633,0.02311607955332012,0.8286724246593591,0.07473482955332011,0.07375,0.08625
access_error_taxonomy,symmetric_random,0.05,0,1000,3200,conserved_quotient,0.05513436214248564,0.20022769482399957,0.9215625,0.5573192239858906,0.838934444978156,0.04480164158686731,0.06103286384976526,0.020898624855653043,0.0397006477605371,0.6403446660702925,0.08946939776053708,0.07375,0.08625
access_error_taxonomy,symmetric_random,0.05,0,1000,3200,caq_strong_shrinkage,0.05447881321265774,0.19853983952915946,0.9215625,0.5573192239858906,0.838934444978156,0.04480164158686731,0.06103286384976526,0.019835260518154665,0.03949341126775526,0.6563001741992168,0.08926216126775526,0.07375,0.08625
access_error_taxonomy,symmetric_random,0.1,0,1000,3200,conserved_quotient,0.06789452723693291,0.2360489097523007,0.8875,0.4561933534743202,0.7994193028202841,0.08105335157318741,0.11267605633802817,0.030277637007792554,0.05642714093082373,0.5127756491345412,0.10168964093082375,0.07375,0.08625
access_error_taxonomy,symmetric_random,0.1,0,1000,3200,caq_strong_shrinkage,0.06674190238842836,0.23394838063152548,0.8875,0.4561933534743202,0.7994193028202841,0.08105335157318741,0.11267605633802817,0.02850920501493069,0.05609943204519822,0.5260738199751437,0.10136193204519821,0.07375,0.08625
access_error_taxonomy,symmetric_random,0.15,0,1000,3200,conserved_quotient,0.07767965983548494,0.26995223725711504,0.8515625,0.37417654808959155,0.761586781490885,0.1179890560875513,0.1643192488262911,0.03365318739928287,0.07342317672708619,0.41266682236245433,0.11162942672708619,0.07375,0.08625
access_error_taxonomy,symmetric_random,0.15,0,1000,3200,caq_strong_shrinkage,0.07623152301219563,0.2675579939278901,0.8515625,0.37417654808959155,0.761586781490885,0.1179890560875513,0.1643192488262911,0.032067418185221776,0.07298066906853687,0.423559886628142,0.11118691906853688,0.07375,0.08625
access_error_taxonomy,symmetric_random,0.2,0,1000,3200,conserved_quotient,0.08251015316218084,0.28834929206169874,0.8603125,0.31336405529953915,0.7251738374619731,0.10294117647058823,0.4647887323943662,0.03492383827870202,0.08349782735038683,0.35762711972492905,0.11845407735038681,0.07375,0.08625
access_error_taxonomy,symmetric_random,0.2,0,1000,3200,caq_strong_shrinkage,0.08070853739548432,0.28547098196713594,0.8603125,0.31336405529953915,0.7251738374619731,0.10294117647058823,0.4647887323943662,0.033027309672043606,0.08244346923439,0.3685425024385735,0.11739971923439002,0.07375,0.08625
access_error_taxonomy,symmetric_random,0.3,0,1000,3200,conserved_quotient,0.08619678391723552,0.314072303256674,0.92625,0.0,0.6690555021844049,0.0,1.0,0.028139681283706655,0.09713862563583914,0.2757600170915685,0.12599487563583917,0.07375,0.08625
access_error_taxonomy,symmetric_random,0.3,0,1000,3200,caq_strong_shrinkage,0.08481200593631766,0.31232341498005606,0.92625,0.0,0.6690555021844049,0.0,1.0,0.026855683481316374,0.09677138225752309,0.28214782033480856,0.12562763225752308,0.07375,0.08625
access_error_taxonomy,false_access_only,0.0,0,1000,3200,conserved_quotient,0.03221315124141156,0.13795975931383905,0.9628125,0.734966592427617,0.8731186669411468,0.0,0.0,1.0977800683007244e-32,0.01303595249732431,0.9687357446081601,0.06599156867619295,0.07375,0.08625
access_error_taxonomy,false_access_only,0.0,0,1000,3200,caq_strong_shrinkage,0.03255319630238097,0.13894877792291271,0.9628125,0.734966592427617,0.8731186669411468,0.0,0.0,2.2340787354891936e-32,0.01597499323683839,0.9890918649696053,0.06587754385621837,0.07375,0.08625
access_error_taxonomy,false_access_only,0.02,0,1000,3200,conserved_quotient,0.04132819679010936,0.16089582321144197,0.9471875,0.6626746506986028,0.866199478487614,0.017783857729138167,0.0,2.792598419361492e-32,0.02200643892086025,0.8134750537397175,0.07670643892086025,0.07375,0.08625
access_error_taxonomy,false_access_only,0.02,0,1000,3200,caq_strong_shrinkage,0.04127982377262155,0.16071067403883035,0.9471875,0.6626746506986028,0.866199478487614,0.017783857729138167,0.0,1.9259299443872359e-32,0.021810621866941417,0.8324563341108997,0.07651062186694144,0.07375,0.08625
access_error_taxonomy,false_access_only,0.05,0,1000,3200,conserved_quotient,0.05330562724163178,0.18969530802716292,0.923125,0.5758620689655173,0.8554389967748576,0.04480164158686731,0.0,1.4059288594026822e-32,0.03742426618271491,0.6563383076551871,0.0927242661827149,0.07375,0.08625
access_error_taxonomy,false_access_only,0.05,0,1000,3200,caq_strong_shrinkage,0.05284141749537982,0.1886340596120933,0.923125,0.5758620689655173,0.8554389967748576,0.04480164158686731,0.0,3.4666738998970245e-32,0.03738682456247172,0.6692384266465534,0.0926868245624717,0.07375,0.08625
access_error_taxonomy,false_access_only,0.1,0,1000,3200,conserved_quotient,0.06401782189873353,0.21493187911084072,0.89125,0.49271137026239065,0.8382925615864956,0.08105335157318741,0.0,2.484449628259534e-32,0.05095563688213806,0.550138651539646,0.10730563688213807,0.07375,0.08625
access_error_taxonomy,false_access_only,0.1,0,1000,3200,caq_strong_shrinkage,0.06311603243779013,0.21338274695432313,0.89125,0.49271137026239065,0.8382925615864956,0.08105335157318741,0.0,2.850376317693109e-32,0.0507018621737276,0.5660696925452036,0.10705186217372759,0.07375,0.08625
access_error_taxonomy,false_access_only,0.15,0,1000,3200,conserved_quotient,0.07257315410370473,0.23759832263592812,0.858125,0.4282115869017632,0.8166886822662915,0.1179890560875513,0.0,1.232595164407831e-32,0.06461958221273004,0.4806503613953247,0.12130708221273005,0.07375,0.08625
access_error_taxonomy,false_access_only,0.15,0,1000,3200,caq_strong_shrinkage,0.07141002816470315,0.23576244667356674,0.858125,0.4282115869017632,0.8166886822662915,0.1179890560875513,0.0,2.1570415377137042e-32,0.06439333137206743,0.4888397140823952,0.12108083137206743,0.07375,0.08625
access_error_taxonomy,false_access_only,0.2,0,1000,3200,conserved_quotient,0.07897130115170055,0.253688426080769,0.82625,0.38495575221238937,0.8054450010293007,0.15560875512995895,0.0,1.0014835710813626e-32,0.076447630629777,0.4303589382740318,0.13479138062977697,0.07375,0.08625
access_error_taxonomy,false_access_only,0.2,0,1000,3200,caq_strong_shrinkage,0.07748409383314853,0.25137825629411303,0.82625,0.38495575221238937,0.8054450010293007,0.15560875512995895,0.0,2.7733391199176196e-32,0.07583815357594433,0.438928454265375,0.13418190357594434,0.07375,0.08625
access_error_taxonomy,false_access_only,0.3,0,1000,3200,conserved_quotient,0.08401765998238954,0.2730179757745074,0.8284375,0.3247232472324723,0.7789862531164939,0.14808481532147744,0.323943661971831,6.211124070648836e-33,0.09021242332291635,0.38843679582636165,0.15044992332291635,0.07375,0.08625
access_error_taxonomy,false_access_only,0.3,0,1000,3200,caq_strong_shrinkage,0.0828009670427813,0.27161327897639737,0.8796875,0.26103646833013433,0.7789862531164939,0.07352941176470588,0.6713615023474179,5.585196838722984e-33,0.09011958033164927,0.39412121257393384,0.15035708033164924,0.07375,0.08625
access_error_taxonomy,false_blocked_only,0.0,0,1000,3200,conserved_quotient,0.03221315124141156,0.13795975931383905,0.9628125,0.734966592427617,0.8731186669411468,0.0,0.0,1.0977800683007244e-32,0.01303595249732431,0.9687357446081601,0.06599156867619295,0.07375,0.08625
access_error_taxonomy,false_blocked_only,0.0,0,1000,3200,caq_strong_shrinkage,0.03255319630238097,0.13894877792291271,0.9628125,0.734966592427617,0.8731186669411468,0.0,0.0,2.2340787354891936e-32,0.01597499323683839,0.9890918649696053,0.06587754385621837,0.07375,0.08625
access_error_taxonomy,false_blocked_only,0.02,0,1000,3200,conserved_quotient,0.03338923048192003,0.14402219882243034,0.9615625,0.7223476297968398,0.8682294883231547,0.0,0.028169014084507043,0.011599111346256746,0.014553152680832838,0.9675207916956589,0.06433865591093127,0.07375,0.08625
access_error_taxonomy,false_blocked_only,0.02,0,1000,3200,caq_strong_shrinkage,0.03372243824821709,0.1450032458456176,0.9615625,0.7223476297968398,0.8682294883231547,0.0,0.028169014084507043,0.011052060913450968,0.01751772126755098,0.9894908324444021,0.06414598682355617,0.07375,0.08625
access_error_taxonomy,false_blocked_only,0.05,0,1000,3200,conserved_quotient,0.03399408535612475,0.14804333947134038,0.96125,0.7155963302752294,0.8591559161920447,0.0,0.06103286384976526,0.025314020678700973,0.01444291877099391,0.9646632889163262,0.06287658938000096,0.07375,0.08625
access_error_taxonomy,false_blocked_only,0.05,0,1000,3200,caq_strong_shrinkage,0.03427339606749378,0.14886559258993165,0.96125,0.7155963302752294,0.8591559161920447,0.0,0.06103286384976526,0.023940164955135672,0.01760436580712316,0.9897610987034613,0.06263806428457164,0.07375,0.08625
access_error_taxonomy,false_blocked_only,0.1,0,1000,3200,conserved_quotient,0.03642864065652156,0.15994531653559146,0.9590625,0.691764705882353,0.8398722523388,0.0,0.11267605633802817,0.0464781741849215,0.017666842615766867,0.9404567109110373,0.06101250350858249,0.07375,0.08625
access_error_taxonomy,false_blocked_only,0.1,0,1000,3200,caq_strong_shrinkage,0.036679965287539404,0.16057935700226486,0.9590625,0.691764705882353,0.8398722523388,0.0,0.11267605633802817,0.04337410903885864,0.019737142749464576,0.9655267835408053,0.06088375003307985,0.07375,0.08625
access_error_taxonomy,false_blocked_only,0.15,0,1000,3200,conserved_quotient,0.03941872162069269,0.17502342114036665,0.95625,0.6618357487922706,0.8220996591870812,0.0,0.1643192488262911,0.0646408484767339,0.02186444892741249,0.9255166450519631,0.05790819892741249,0.07375,0.08625
access_error_taxonomy,false_blocked_only,0.15,0,1000,3200,caq_strong_shrinkage,0.03969745894583605,0.17569804052522808,0.95625,0.6618357487922706,0.8220996591870812,0.0,0.1643192488262911,0.060970962923362224,0.023465000759975645,0.9495893818509213,0.05769118890351337,0.07375,0.08625
access_error_taxonomy,false_blocked_only,0.2,0,1000,3200,conserved_quotient,0.04114147729471419,0.1842834753961791,0.9546875,0.6401985111662531,0.7998924952537798,0.0,0.215962441314554,0.07881593962017626,0.023110578249496718,0.9382581474719224,0.05424807824949673,0.07375,0.08625
access_error_taxonomy,false_blocked_only,0.2,0,1000,3200,caq_strong_shrinkage,0.04136200092000389,0.18485411376358962,0.9546875,0.6401985111662531,0.7998924952537798,0.0,0.215962441314554,0.07374799919550755,0.02543822552946452,0.9678962952737968,0.05384965691820053,0.07375,0.08625
access_error_taxonomy,false_blocked_only,0.3,0,1000,3200,conserved_quotient,0.044522309391695394,0.20097378105896616,0.9515625,0.6015424164524421,0.7787818225485487,0.0,0.28169014084507044,0.10089913025707986,0.028148390764698907,0.9012175863493725,0.05129214076469891,0.07375,0.08625
access_error_taxonomy,false_blocked_only,0.3,0,1000,3200,caq_strong_shrinkage,0.044639819603071916,0.2011261361544217,0.9515625,0.6015424164524421,0.7787818225485487,0.0,0.28169014084507044,0.09429848319452545,0.02822848257658232,0.9317435313344982,0.050881773639384245,0.07375,0.08625
access_error_taxonomy,structured_margin,0.0,0,1000,3200,conserved_quotient,0.03221315124141156,0.13795975931383905,0.9628125,0.734966592427617,0.8731186669411468,0.0,0.0,1.0977800683007244e-32,0.01303595249732431,0.9687357446081601,0.06599156867619295,0.07375,0.08625
access_error_taxonomy,structured_margin,0.0,0,1000,3200,caq_strong_shrinkage,0.03255319630238097,0.13894877792291271,0.9628125,0.734966592427617,0.8731186669411468,0.0,0.0,2.2340787354891936e-32,0.01597499323683839,0.9890918649696053,0.06587754385621837,0.07375,0.08625
access_error_taxonomy,structured_margin,0.02,0,1000,3200,conserved_quotient,0.04244343618578013,0.165479917968022,0.945625,0.652,0.8638006358791372,0.019151846785225718,0.023474178403755867,0.00897189241309967,0.024023612133719608,0.7940393136104619,0.07689861213371961,0.07375,0.08625
access_error_taxonomy,structured_margin,0.02,0,1000,3200,caq_strong_shrinkage,0.04227831269413995,0.1648654606336739,0.945625,0.652,0.8638006358791372,0.019151846785225718,0.023474178403755867,0.008596587049915283,0.023585644946923102,0.8141889375986374,0.07646064494692309,0.07375,0.08625
access_error_taxonomy,structured_margin,0.05,0,1000,3200,conserved_quotient,0.05777236621905288,0.20826454804986183,0.920625,0.5543859649122806,0.8354691324138247,0.04582763337893297,0.06103286384976526,0.0230145124947399,0.04446172256406551,0.6027143810999123,0.09361797256406548,0.07375,0.08625
access_error_taxonomy,structured_margin,0.05,0,1000,3200,caq_strong_shrinkage,0.05658121966020713,0.20443020825366595,0.920625,0.5543859649122806,0.8354691324138247,0.04582763337893297,0.06103286384976526,0.021559844129344884,0.04360935382687762,0.6221848807635116,0.09276560382687758,0.07375,0.08625
access_error_taxonomy,structured_margin,0.1,0,1000,3200,conserved_quotient,0.0697400022087238,0.24018202246097042,0.8909375,0.4687975646879756,0.8113849241748439,0.0786593707250342,0.10328638497652583,0.03048595363173437,0.061252813415931924,0.49637216218446356,0.10775281341593193,0.07375,0.08625
access_error_taxonomy,structured_margin,0.1,0,1000,3200,caq_strong_shrinkage,0.06821660663501254,0.23642478520156388,0.8909375,0.4687975646879756,0.8113849241748439,0.0786593707250342,0.10328638497652583,0.02865396504481419,0.060721148945711005,0.5118715689573093,0.107221148945711,0.07375,0.08625
access_error_taxonomy,structured_margin,0.15,0,1000,3200,conserved_quotient,0.08058335557483151,0.2766442409120341,0.8534375,0.37880794701986753,0.7638169331411971,0.11627906976744186,0.1596244131455399,0.03797863665912638,0.07913007300612729,0.3984574876905454,0.1167363230061273,0.07375,0.08625
access_error_taxonomy,structured_margin,0.15,0,1000,3200,caq_strong_shrinkage,0.07881497449861985,0.273642072321589,0.8534375,0.37880794701986753,0.7638169331411971,0.11627906976744186,0.1596244131455399,0.035681040985343235,0.07864159906634646,0.4088351243215646,0.11624784906634647,0.07375,0.08625
access_error_taxonomy,structured_margin,0.2,0,1000,3200,conserved_quotient,0.08837559131015524,0.30191776718587027,0.858125,0.3100303951367781,0.7261459548480066,0.10499316005471956,0.460093896713615,0.0390565826103343,0.09422770552107652,0.33110611176552696,0.12845895552107653,0.07375,0.08625
access_error_taxonomy,structured_margin,0.2,0,1000,3200,caq_strong_shrinkage,0.08626853188186301,0.298751678920726,0.858125,0.3100303951367781,0.7261459548480066,0.10499316005471956,0.460093896713615,0.036886504826148914,0.09376676376872685,0.33992202970076,0.12799801376872685,0.07375,0.08625
access_error_taxonomy,structured_margin,0.3,0,1000,3200,conserved_quotient,0.09377679800644748,0.3308259551424173,0.829375,0.2561307901907357,0.6754600402570965,0.13440492476060192,0.5070422535211268,0.03990347850241591,0.1104251518822385,0.25615762893506194,0.1349439018822385,0.07375,0.08625
access_error_taxonomy,structured_margin,0.3,0,1000,3200,caq_strong_shrinkage,0.0911374622018795,0.3272278743199898,0.8853125,0.210752688172043,0.6754600402570965,0.06053351573187415,0.755868544600939,0.03717612615866905,0.10908039737714192,0.2637725061989295,0.13359914737714196,0.07375,0.08625
access_error_taxonomy,symmetric_random,0.0,1,1000,3200,conserved_quotient,0.023903331738829456,0.09733194219610575,0.97,0.7486910994764397,0.9160983932578775,0.0,0.0,9.437056727497456e-33,0.0024294193578161044,1.0082313165719252,0.056778922119547125,0.0571875,0.0840625
access_error_taxonomy,symmetric_random,0.0,1,1000,3200,caq_strong_shrinkage,0.02427986188161058,0.09847212277723867,0.97,0.7486910994764397,0.9160983932578775,0.0,0.0,6.355568816477878e-33,0.005915593829798606,1.0351001049915003,0.057019190799863374,0.0571875,0.0840625
access_error_taxonomy,symmetric_random,0.02,1,1000,3200,conserved_quotient,0.03130784898765322,0.1160208542825306,0.9540625,0.6605080831408776,0.899982068823117,0.017741385192766974,0.005025125628140704,0.0015699638570618032,0.009831196515696212,0.8473329589762735,0.06557494651569622,0.0571875,0.0840625
access_error_taxonomy,symmetric_random,0.02,1,1000,3200,caq_strong_shrinkage,0.031376356649174264,0.11645290089214846,0.9540625,0.6605080831408776,0.899982068823117,0.017741385192766974,0.005025125628140704,0.0016601938542001149,0.010115429895273231,0.8669376742086994,0.06585917989527322,0.0571875,0.0840625
access_error_taxonomy,symmetric_random,0.05,1,1000,3200,conserved_quotient,0.03857886867893758,0.1366932179668623,0.9353125,0.5749486652977412,0.8733968350567186,0.037529853292391675,0.02512562814070352,0.005842908225903889,0.018715700858694555,0.7364009719300711,0.07215945085869455,0.0571875,0.0840625
access_error_taxonomy,symmetric_random,0.05,1,1000,3200,caq_strong_shrinkage,0.03842082494074602,0.13675198332782132,0.9353125,0.5749486652977412,0.8733968350567186,0.037529853292391675,0.02512562814070352,0.005796782750450938,0.019037585008037917,0.7535551998340008,0.07248133500803791,0.0571875,0.0840625
access_error_taxonomy,symmetric_random,0.1,1,1000,3200,conserved_quotient,0.051085462937561686,0.17377921157638646,0.89875,0.4527027027027027,0.8393439000490843,0.0764244285226885,0.07035175879396985,0.015021349118971067,0.03879918067170119,0.5504447491411104,0.08756793067170118,0.0571875,0.0840625
access_error_taxonomy,symmetric_random,0.1,1,1000,3200,caq_strong_shrinkage,0.05049766791286956,0.17339805745350165,0.89875,0.4527027027027027,0.8393439000490843,0.0764244285226885,0.07035175879396985,0.014561026111353848,0.039282457851215535,0.5627120731321481,0.08805120785121552,0.0571875,0.0840625
access_error_taxonomy,symmetric_random,0.15,1,1000,3200,conserved_quotient,0.05917429833805073,0.20577514797519578,0.8634375,0.35640648011782033,0.7896890299233307,0.1132719208461276,0.17587939698492464,0.025688554027124316,0.05329882453465801,0.43960469609595637,0.093248824534658,0.0571875,0.0840625
access_error_taxonomy,symmetric_random,0.15,1,1000,3200,caq_strong_shrinkage,0.058339232136400375,0.2050839926981964,0.9221875,0.25671641791044775,0.7896890299233307,0.03548277038553395,0.7587939698492462,0.024625603254000483,0.053714791486181634,0.45159729089629436,0.09366479148618162,0.0571875,0.0840625
access_error_taxonomy,symmetric_random,0.2,1,1000,3200,conserved_quotient,0.06439101153135489,0.22827955409519557,0.9428125,0.0,0.7398856389385468,0.0,1.0,0.027661535002531146,0.060247086046224585,0.36214943655685716,0.09973282332687095,0.0571875,0.0840625
access_error_taxonomy,symmetric_random,0.2,1,1000,3200,caq_strong_shrinkage,0.06333102608163184,0.22712795383239012,0.9428125,0.0,0.7398856389385468,0.0,1.0,0.02633484915212957,0.0650900698441726,0.3717387498243989,0.0998650698441726,0.0571875,0.0840625
access_error_taxonomy,symmetric_random,0.3,1,1000,3200,conserved_quotient,0.06724121192905418,0.25913369535404046,0.9428125,0.0,0.6401792393196296,0.0,1.0,0.02064214225573863,0.0739296330266818,0.24992972566286642,0.1015877853956696,0.0571875,0.0840625
access_error_taxonomy,symmetric_random,0.3,1,1000,3200,caq_strong_shrinkage,0.06624546235404453,0.2580395703142576,0.9428125,0.0,0.6401792393196296,0.0,1.0,0.019609029539589456,0.06876626768772462,0.26050500216649125,0.10150904767372017,0.0571875,0.0840625
access_error_taxonomy,false_access_only,0.0,1,1000,3200,conserved_quotient,0.023903331738829456,0.09733194219610575,0.97,0.7486910994764397,0.9160983932578775,0.0,0.0,9.437056727497456e-33,0.0024294193578161044,1.0082313165719252,0.056778922119547125,0.0571875,0.0840625
access_error_taxonomy,false_access_only,0.0,1,1000,3200,caq_strong_shrinkage,0.02427986188161058,0.09847212277723867,0.97,0.7486910994764397,0.9160983932578775,0.0,0.0,6.355568816477878e-33,0.005915593829798606,1.0351001049915003,0.057019190799863374,0.0571875,0.0840625
access_error_taxonomy,false_access_only,0.02,1,1000,3200,conserved_quotient,0.03090627362457539,0.11379008714269023,0.954375,0.663594470046083,0.9102137070263044,0.017741385192766974,0.0,2.792598419361492e-32,0.008533280505275992,0.8561126297341892,0.06550828050527599,0.0571875,0.0840625
access_error_taxonomy,false_access_only,0.02,1,1000,3200,caq_strong_shrinkage,0.03094730152230185,0.11411462602734701,0.954375,0.663594470046083,0.9102137070263044,0.017741385192766974,0.0,3.274080905458301e-33,0.008874679709123161,0.8763440604361649,0.06584967970912317,0.0571875,0.0840625
access_error_taxonomy,false_access_only,0.05,1,1000,3200,conserved_quotient,0.03701531758500732,0.12908142326895475,0.936875,0.5894308943089431,0.9002446971714021,0.037529853292391675,0.0,1.5407439555097887e-32,0.01527238096426919,0.7618646907546881,0.0724161309642692,0.0571875,0.0840625
access_error_taxonomy,false_access_only,0.05,1,1000,3200,caq_strong_shrinkage,0.03683733516650238,0.12904297303221507,0.936875,0.5894308943089431,0.9002446971714021,0.037529853292391675,0.0,1.560003254953661e-32,0.015592493331680276,0.7815440469421774,0.07273624333168029,0.0571875,0.0840625
access_error_taxonomy,false_access_only,0.1,1,1000,3200,conserved_quotient,0.04858816696918392,0.16000500738664464,0.90125,0.47854785478547857,0.8821414534396164,0.0764244285226885,0.0,3.4088960015654075e-32,0.03406177515012604,0.5829113217245756,0.09019927515012606,0.0571875,0.0840625
access_error_taxonomy,false_access_only,0.1,1,1000,3200,caq_strong_shrinkage,0.04800234546616977,0.15958696397633051,0.90125,0.47854785478547857,0.8821414534396164,0.0764244285226885,0.0,2.850376317693109e-32,0.03461341340667307,0.5968119029566273,0.09075091340667309,0.0571875,0.0840625
access_error_taxonomy,false_access_only,0.15,1,1000,3200,conserved_quotient,0.05485128426180834,0.177355644023447,0.900625,0.40225563909774437,0.8651829070603556,0.07437734561583077,0.3417085427135678,6.355568816477878e-33,0.044506155034435446,0.5162501823638319,0.10105615503443544,0.0571875,0.0840625
access_error_taxonomy,false_access_only,0.15,1,1000,3200,caq_strong_shrinkage,0.05401718992707492,0.17659397602468058,0.900625,0.40225563909774437,0.8651829070603556,0.07437734561583077,0.3417085427135678,1.6370404527291505e-32,0.04481869755230649,0.5287503418070801,0.10136869755230649,0.0571875,0.0840625
access_error_taxonomy,false_access_only,0.2,1,1000,3200,conserved_quotient,0.06108197429507164,0.19596984204531992,0.91125,0.24468085106382978,0.8473531590567839,0.048106448311156604,0.7386934673366834,4.81482486096809e-35,0.05617688130934305,0.4447828488824205,0.11336438130934307,0.0571875,0.0840625
access_error_taxonomy,false_access_only,0.2,1,1000,3200,caq_strong_shrinkage,0.05996472614602198,0.19473245450703772,0.91125,0.24468085106382978,0.8473531590567839,0.048106448311156604,0.7386934673366834,2.311115933264683e-32,0.05717130678581282,0.4584768363684731,0.11345880678581284,0.0571875,0.0840625
access_error_taxonomy,false_access_only,0.3,1,1000,3200,conserved_quotient,0.06604713969191818,0.21761382431175375,0.9428125,0.0,0.816346712889256,0.0,1.0,1.5407439555097887e-33,0.07005387767304723,0.3883023623141686,0.12724137767304725,0.0571875,0.0840625
access_error_taxonomy,false_access_only,0.3,1,1000,3200,caq_strong_shrinkage,0.06488922592806806,0.2162739954477,0.9428125,0.0,0.816346712889256,0.0,1.0,1.0014835710813626e-32,0.070898116587853,0.40272328274655317,0.127135616587853,0.0571875,0.0840625
access_error_taxonomy,false_blocked_only,0.0,1,1000,3200,conserved_quotient,0.023903331738829456,0.09733194219610575,0.97,0.7486910994764397,0.9160983932578775,0.0,0.0,9.437056727497456e-33,0.0024294193578161044,1.0082313165719252,0.056778922119547125,0.0571875,0.0840625
access_error_taxonomy,false_blocked_only,0.0,1,1000,3200,caq_strong_shrinkage,0.02427986188161058,0.09847212277723867,0.97,0.7486910994764397,0.9160983932578775,0.0,0.0,6.355568816477878e-33,0.005915593829798606,1.0351001049915003,0.057019190799863374,0.0571875,0.0840625
access_error_taxonomy,false_blocked_only,0.02,1,1000,3200,conserved_quotient,0.024258472886652463,0.09946917308452001,0.9696875,0.7454068241469817,0.9060478780535074,0.0,0.005025125628140704,0.001828866094752196,0.003041342381485065,0.9981016182010015,0.05681224874679873,0.0571875,0.0840625
access_error_taxonomy,false_blocked_only,0.02,1,1000,3200,caq_strong_shrinkage,0.024667988855981662,0.10072265174596393,0.9696875,0.7454068241469817,0.9060478780535074,0.0,0.005025125628140704,0.0019054471161398495,0.006533637310822798,1.0241024090655932,0.05699302832139956,0.0571875,0.0840625
access_error_taxonomy,false_blocked_only,0.05,1,1000,3200,conserved_quotient,0.025370960421197176,0.10475453192080163,0.9684375,0.7320954907161804,0.8907447958834365,0.0,0.02512562814070352,0.007754258601661685,0.004629261674628059,0.9792258454273141,0.056424689163805546,0.0571875,0.0840625
access_error_taxonomy,false_blocked_only,0.05,1,1000,3200,caq_strong_shrinkage,0.02577426078254132,0.10598278132577771,0.9684375,0.7320954907161804,0.8907447958834365,0.0,0.02512562814070352,0.007658150680580938,0.008093323863636369,1.0032234607045991,0.05665525568181819,0.0571875,0.0840625
access_error_taxonomy,false_blocked_only,0.1,1,1000,3200,conserved_quotient,0.02666347308429888,0.11168409825096724,0.9675,0.717391304347826,0.8755974794923485,0.0,0.07035175879396985,0.02386473119566764,0.006278230718542369,0.9801725803329423,0.054226753064168014,0.0571875,0.0840625
access_error_taxonomy,false_blocked_only,0.1,1,1000,3200,caq_strong_shrinkage,0.02703390714747286,0.11279382811744558,0.9675,0.717391304347826,0.8755974794923485,0.0,0.07035175879396985,0.02279448933905827,0.00957424643607927,1.0063234332331208,0.05434040405297219,0.0571875,0.0840625
access_error_taxonomy,false_blocked_only,0.15,1,1000,3200,conserved_quotient,0.029882376443084505,0.12920326889781478,0.9646875,0.6743515850144092,0.8445711097949506,0.0,0.17587939698492464,0.050681924044808535,0.011125886225540484,0.9709371837596922,0.049550512040596795,0.0571875,0.0840625
access_error_taxonomy,false_blocked_only,0.15,1,1000,3200,caq_strong_shrinkage,0.030262247690807754,0.13034581874152815,0.9646875,0.6743515850144092,0.8445711097949506,0.0,0.17587939698492464,0.04774736596967049,0.014122848379307804,0.9949794300884416,0.04984451732664711,0.0571875,0.0840625
access_error_taxonomy,false_blocked_only,0.2,1,1000,3200,conserved_quotient,0.031705611421026986,0.1387880437418736,0.963125,0.6488095238095238,0.8169806433851164,0.0,0.23115577889447236,0.06649368720831936,0.01367220915098119,0.9845065159519101,0.046348327993592314,0.0571875,0.0840625
access_error_taxonomy,false_blocked_only,0.2,1,1000,3200,caq_strong_shrinkage,0.03211248005710055,0.1399577124273474,0.963125,0.6488095238095238,0.8169806433851164,0.0,0.23115577889447236,0.061647973063637014,0.016768539420127748,1.010346474508778,0.04657885610570601,0.0571875,0.0840625
access_error_taxonomy,false_blocked_only,0.3,1,1000,3200,conserved_quotient,0.036229484614581614,0.16274906973504,0.9590625,0.5814696485623003,0.7579490356105928,0.0,0.34673366834170855,0.09387334941878422,0.019721784168938203,0.9283630018163765,0.042009284168938205,0.0571875,0.0840625
access_error_taxonomy,false_blocked_only,0.3,1,1000,3200,caq_strong_shrinkage,0.036719497264490614,0.16416076843097385,0.9590625,0.5814696485623003,0.7579490356105928,0.0,0.34673366834170855,0.08458232904236106,0.022160839613393383,0.9504568280713606,0.04231608690990411,0.0571875,0.0840625
access_error_taxonomy,structured_margin,0.0,1,1000,3200,conserved_quotient,0.023903331738829456,0.09733194219610575,0.97,0.7486910994764397,0.9160983932578775,0.0,0.0,9.437056727497456e-33,0.0024294193578161044,1.0082313165719252,0.056778922119547125,0.0571875,0.0840625
access_error_taxonomy,structured_margin,0.0,1,1000,3200,caq_strong_shrinkage,0.02427986188161058,0.09847212277723867,0.97,0.7486910994764397,0.9160983932578775,0.0,0.0,6.355568816477878e-33,0.005915593829798606,1.0351001049915003,0.057019190799863374,0.0571875,0.0840625
access_error_taxonomy,structured_margin,0.02,1,1000,3200,conserved_quotient,0.029863256067928005,0.11327769119454699,0.9571875,0.6745843230403801,0.9009329645669077,0.013647219379051518,0.005025125628140704,0.0016432178598805977,0.008105792503555365,0.8787453466812388,0.06329954250355536,0.0571875,0.0840625
access_error_taxonomy,structured_margin,0.02,1,1000,3200,caq_strong_shrinkage,0.029992588561662155,0.11378320644762152,0.9571875,0.6745843230403801,0.9009329645669077,0.013647219379051518,0.005025125628140704,0.0017136531237409848,0.008296754277360919,0.9029045617995494,0.0634905042773609,0.0571875,0.0840625
access_error_taxonomy,structured_margin,0.05,1,1000,3200,conserved_quotient,0.04118047228467274,0.1443849099760015,0.933125,0.563265306122449,0.8657262760568074,0.03855339474582054,0.02512562814070352,0.006644791166139835,0.024767622146314262,0.673783438106006,0.07689887214631426,0.0571875,0.0840625
access_error_taxonomy,structured_margin,0.05,1,1000,3200,caq_strong_shrinkage,0.040716596400569315,0.1437039244681293,0.933125,0.563265306122449,0.8657262760568074,0.03855339474582054,0.02512562814070352,0.006493443952202099,0.02486397973855123,0.6926161161216843,0.0769952297385512,0.0571875,0.0840625
access_error_taxonomy,structured_margin,0.1,1,1000,3200,conserved_quotient,0.054266148843281126,0.18229287054147555,0.898125,0.445578231292517,0.8381122636571269,0.07574206755373593,0.08040201005025126,0.020372544424706894,0.04484013319258051,0.510796420139765,0.09234013319258053,0.0571875,0.0840625
access_error_taxonomy,structured_margin,0.1,1,1000,3200,caq_strong_shrinkage,0.0532348437813337,0.18098637510457968,0.898125,0.445578231292517,0.8381122636571269,0.07574206755373593,0.08040201005025126,0.019381822194998673,0.04523804942537761,0.5253779810351851,0.09273804942537761,0.0571875,0.0840625
access_error_taxonomy,structured_margin,0.15,1,1000,3200,conserved_quotient,0.063041208176004,0.21350067798180905,0.89625,0.3515625,0.794235217193644,0.07403616513135448,0.4371859296482412,0.027272894043086405,0.06151433471082636,0.4102396042121413,0.10313308471082637,0.0571875,0.0840625
access_error_taxonomy,structured_margin,0.15,1,1000,3200,caq_strong_shrinkage,0.0618826143240703,0.21224983595327251,0.89625,0.3515625,0.794235217193644,0.07403616513135448,0.4371859296482412,0.025901692796399013,0.06175455260375494,0.42018227621660037,0.10337330260375495,0.0571875,0.0840625
access_error_taxonomy,structured_margin,0.2,1,1000,3200,conserved_quotient,0.07198210934940512,0.24490266859414875,0.906875,0.22797927461139897,0.7392046164629938,0.04947117024906175,0.7085427135678392,0.03632641871386325,0.07905907288182956,0.31597890252897975,0.11375907288182958,0.0571875,0.0840625
access_error_taxonomy,structured_margin,0.2,1,1000,3200,caq_strong_shrinkage,0.0701089754522617,0.24247579851541015,0.906875,0.22797927461139897,0.7392046164629938,0.04947117024906175,0.7085427135678392,0.033957304751904734,0.07899552179277322,0.32617381285932984,0.11369552179277324,0.0571875,0.0840625
access_error_taxonomy,structured_margin,0.3,1,1000,3200,conserved_quotient,0.08178975850439697,0.28836586536866826,0.8890625,0.17633410672853828,0.6511516705879796,0.06755373592630501,0.7487437185929648,0.03716890600473763,0.10497967116109391,0.2030751486933845,0.1277796711610939,0.0571875,0.0840625
access_error_taxonomy,structured_margin,0.3,1,1000,3200,caq_strong_shrinkage,0.07916551933750775,0.28483115785494184,0.9428125,0.0,0.6511516705879796,0.0,1.0,0.03441626473332522,0.10409380236061136,0.20676944264389524,0.12689380236061137,0.0571875,0.0840625
access_error_taxonomy,symmetric_random,0.0,2,1000,3200,conserved_quotient,0.025867152159371742,0.11130639760938305,0.9703125,0.7806004618937644,0.9013049159134182,0.0,0.0,6.596310059526283e-33,0.008594210177135629,1.0176865320353548,0.0631945490325573,0.0684375,0.090625
access_error_taxonomy,symmetric_random,0.0,2,1000,3200,caq_strong_shrinkage,0.0261984181643208,0.11232868026539342,0.9703125,0.7806004618937644,0.9013049159134182,0.0,0.0,4.3140830754274083e-32,0.010271410887751253,1.0484013064766315,0.06322986374680652,0.0684375,0.090625
access_error_taxonomy,symmetric_random,0.02,2,1000,3200,conserved_quotient,0.034685522873185826,0.1355392617380337,0.955,0.6974789915966386,0.8843865026446031,0.016151202749140895,0.018691588785046728,0.007146914875739116,0.01270734606280162,0.8642392785061168,0.07088234606280161,0.0684375,0.090625
access_error_taxonomy,symmetric_random,0.02,2,1000,3200,caq_strong_shrinkage,0.034511383190594484,0.13471938154357296,0.955,0.6974789915966386,0.8843865026446031,0.016151202749140895,0.018691588785046728,0.006651223476442877,0.0125684575166346,0.8923803885039762,0.07074345751663459,0.0684375,0.090625
access_error_taxonomy,symmetric_random,0.05,2,1000,3200,conserved_quotient,0.04512755612962468,0.162725759734285,0.93375,0.6074074074074074,0.8641747812247736,0.03986254295532646,0.04205607476635514,0.012947767879954233,0.02395557216134881,0.7259453254007561,0.08036182216134882,0.0684375,0.090625
access_error_taxonomy,symmetric_random,0.05,2,1000,3200,caq_strong_shrinkage,0.044498435285916356,0.16124065640727378,0.93375,0.6074074074074074,0.8641747812247736,0.03986254295532646,0.04205607476635514,0.01231850224380121,0.023883104448123468,0.7493749538282257,0.08028935444812348,0.0684375,0.090625
access_error_taxonomy,symmetric_random,0.1,2,1000,3200,conserved_quotient,0.06026741454546828,0.20636207965950315,0.9109375,0.44660194174757284,0.8214215143396764,0.0570446735395189,0.3925233644859813,0.02384414738731559,0.04234327461620575,0.5491643650827129,0.09587824632766262,0.0684375,0.090625
access_error_taxonomy,symmetric_random,0.1,2,1000,3200,caq_strong_shrinkage,0.05906221927670659,0.20406758277505901,0.9109375,0.44660194174757284,0.8214215143396764,0.0570446735395189,0.3925233644859813,0.022639744551857677,0.04470966970405139,0.5671755876290456,0.0957596697040514,0.0684375,0.090625
access_error_taxonomy,symmetric_random,0.15,2,1000,3200,conserved_quotient,0.06918310699078155,0.2380937076628365,0.8890625,0.37609841827768015,0.7832834741796982,0.07869415807560137,0.43457943925233644,0.032788660921605754,0.05567912155939965,0.4500083609798663,0.10280640521324579,0.0684375,0.090625
access_error_taxonomy,symmetric_random,0.15,2,1000,3200,caq_strong_shrinkage,0.06769945923708191,0.23548982236292576,0.8890625,0.37609841827768015,0.7832834741796982,0.07869415807560137,0.43457943925233644,0.03080445075471895,0.05929147458399331,0.46475381744971134,0.10280397458399332,0.0684375,0.090625
access_error_taxonomy,symmetric_random,0.2,2,1000,3200,conserved_quotient,0.07641422757660933,0.26259295022085516,0.89625,0.22065727699530516,0.7434773351469505,0.05360824742268041,0.7616822429906542,0.03475166390915398,0.06798666059538311,0.37128002695767304,0.11254345995807671,0.0684375,0.090625
access_error_taxonomy,symmetric_random,0.2,2,1000,3200,caq_strong_shrinkage,0.07475516319310747,0.260049973756135,0.89625,0.22065727699530516,0.7434773351469505,0.05360824742268041,0.7616822429906542,0.0328770618834548,0.07360422675667687,0.3820630742702359,0.11263547675667689,0.0684375,0.090625
access_error_taxonomy,symmetric_random,0.3,2,1000,3200,conserved_quotient,0.07828704603731612,0.28151711458942025,0.8746875,0.18329938900203666,0.6869687625892448,0.07800687285223368,0.7897196261682243,0.027217102396626395,0.0754826830155335,0.3128510752476265,0.11639542880205032,0.0684375,0.090625
access_error_taxonomy,symmetric_random,0.3,2,1000,3200,caq_strong_shrinkage,0.07695462998751344,0.28036252130733047,0.8746875,0.18329938900203666,0.6869687625892448,0.07800687285223368,0.7897196261682243,0.025915007070917616,0.08358983592597476,0.3176135891289527,0.11668358592597475,0.0684375,0.090625
access_error_taxonomy,false_access_only,0.0,2,1000,3200,conserved_quotient,0.025867152159371742,0.11130639760938305,0.9703125,0.7806004618937644,0.9013049159134182,0.0,0.0,6.596310059526283e-33,0.008594210177135629,1.0176865320353548,0.0631945490325573,0.0684375,0.090625
access_error_taxonomy,false_access_only,0.0,2,1000,3200,caq_strong_shrinkage,0.0261984181643208,0.11232868026539342,0.9703125,0.7806004618937644,0.9013049159134182,0.0,0.0,4.3140830754274083e-32,0.010271410887751253,1.0484013064766315,0.06322986374680652,0.0684375,0.090625
access_error_taxonomy,false_access_only,0.02,2,1000,3200,conserved_quotient,0.03362575796862617,0.1303241174164246,0.95625,0.7083333333333334,0.8961566327992047,0.016151202749140895,0.0,1.8681520460556188e-32,0.011499646384769177,0.8686832321574973,0.07214964638476917,0.0684375,0.090625
access_error_taxonomy,false_access_only,0.02,2,1000,3200,caq_strong_shrinkage,0.03345687129176484,0.12953042434264328,0.95625,0.7083333333333334,0.8961566327992047,0.016151202749140895,0.0,2.7733391199176196e-32,0.011339890521939497,0.8968254523057055,0.07198989052193949,0.0684375,0.090625
access_error_taxonomy,false_access_only,0.05,2,1000,3200,conserved_quotient,0.0435658816828529,0.15377717185772816,0.9359375,0.6265938069216758,0.8860101801516147,0.03986254295532646,0.0,3.0814879110195774e-32,0.02259632587559668,0.73042281984936,0.08392757587559668,0.0684375,0.090625
access_error_taxonomy,false_access_only,0.05,2,1000,3200,caq_strong_shrinkage,0.04293620707874821,0.15228125996462083,0.9359375,0.6265938069216758,0.8860101801516147,0.03986254295532646,0.0,4.3333423748712807e-32,0.022429097660308997,0.7532982131632023,0.083760347660309,0.0684375,0.090625
access_error_taxonomy,false_access_only,0.1,2,1000,3200,conserved_quotient,0.05751148313154439,0.18700184486687937,0.895625,0.5116959064327485,0.8714047414446747,0.08625429553264605,0.0,1.5407439555097887e-32,0.03815576471390956,0.5748069765372903,0.10416758286418254,0.0684375,0.090625
access_error_taxonomy,false_access_only,0.1,2,1000,3200,caq_strong_shrinkage,0.05633196596468326,0.18473570075507106,0.895625,0.5116959064327485,0.8714047414446747,0.08625429553264605,0.0,2.5422275265911513e-32,0.04127567754297133,0.5924001268420297,0.10402567754297133,0.0684375,0.090625
access_error_taxonomy,false_access_only,0.15,2,1000,3200,conserved_quotient,0.06506387084351183,0.2078446500830331,0.8953125,0.43316412859560066,0.8499308405288287,0.07869415807560137,0.3317757009345794,6.211124070648836e-33,0.04890521197310515,0.5092284291426135,0.11523244167408972,0.0684375,0.090625
access_error_taxonomy,false_access_only,0.15,2,1000,3200,caq_strong_shrinkage,0.06359920385130376,0.2052290322480262,0.8953125,0.43316412859560066,0.8499308405288287,0.07869415807560137,0.3317757009345794,4.044452883213195e-33,0.0531235238519476,0.5251040742863453,0.11510477385194762,0.0684375,0.090625
access_error_taxonomy,false_access_only,0.2,2,1000,3200,conserved_quotient,0.07173215097490473,0.22625241817908293,0.874375,0.39090909090909093,0.8333004002518232,0.10240549828178694,0.3317757009345794,1.3096323621833204e-32,0.05931599460956524,0.4544410004225039,0.12668796512820063,0.0684375,0.090625
access_error_taxonomy,false_access_only,0.2,2,1000,3200,caq_strong_shrinkage,0.070044165964596,0.22355562082169336,0.874375,0.39090909090909093,0.8333004002518232,0.10240549828178694,0.3317757009345794,3.235562306570556e-32,0.06480427343757962,0.46876949006282315,0.1265667734375796,0.0684375,0.090625
access_error_taxonomy,false_access_only,0.3,2,1000,3200,conserved_quotient,0.07567259001508235,0.2394063317889829,0.88,0.2558139534883721,0.8170299262145797,0.07800687285223368,0.6728971962616822,1.391484384819778e-32,0.0714107689483229,0.4209473103497489,0.1398482689483229,0.0684375,0.090625
access_error_taxonomy,false_access_only,0.3,2,1000,3200,caq_strong_shrinkage,0.07425019805303025,0.23781921811363133,0.88,0.2558139534883721,0.8170299262145797,0.07800687285223368,0.6728971962616822,4.044452883213195e-33,0.07503829638012807,0.43341292245248697,0.14005704638012806,0.0684375,0.090625
access_error_taxonomy,false_blocked_only,0.0,2,1000,3200,conserved_quotient,0.025867152159371742,0.11130639760938305,0.9703125,0.7806004618937644,0.9013049159134182,0.0,0.0,6.596310059526283e-33,0.008594210177135629,1.0176865320353548,0.0631945490325573,0.0684375,0.090625
access_error_taxonomy,false_blocked_only,0.0,2,1000,3200,caq_strong_shrinkage,0.0261984181643208,0.11232868026539342,0.9703125,0.7806004618937644,0.9013049159134182,0.0,0.0,4.3140830754274083e-32,0.010271410887751253,1.0484013064766315,0.06322986374680652,0.0684375,0.090625
access_error_taxonomy,false_blocked_only,0.02,2,1000,3200,conserved_quotient,0.027017393763390848,0.11673510698967807,0.9690625,0.7692307692307693,0.8892161773423463,0.0,0.018691588785046728,0.007766353587140149,0.009648490431901812,1.0158203656876714,0.06196329670657605,0.0684375,0.090625
access_error_taxonomy,false_blocked_only,0.02,2,1000,3200,caq_strong_shrinkage,0.027341881281855027,0.11772800797739091,0.9690625,0.7692307692307693,0.8892161773423463,0.0,0.018691588785046728,0.007210866433362143,0.011282448318768698,1.0466012892487357,0.062021604951143415,0.0684375,0.090625
access_error_taxonomy,false_blocked_only,0.05,2,1000,3200,conserved_quotient,0.028039707035210092,0.12174049713642898,0.968125,0.7594339622641509,0.8794802393852083,0.0,0.04205607476635514,0.01624259096031792,0.010684646341656506,1.0224270086325238,0.060084314238534574,0.0684375,0.090625
access_error_taxonomy,false_blocked_only,0.05,2,1000,3200,caq_strong_shrinkage,0.02834863304200122,0.1226822437209075,0.968125,0.7594339622641509,0.8794802393852083,0.0,0.04205607476635514,0.015355419994122009,0.012672171751605607,1.0543095159255613,0.060204694722524904,0.0684375,0.090625
access_error_taxonomy,false_blocked_only,0.1,2,1000,3200,conserved_quotient,0.03094587486915998,0.13595581512044247,0.9653125,0.7299270072992701,0.8520109858632833,0.0,0.102803738317757,0.036925778504371835,0.014102922426206532,1.020683171754027,0.05653043630944458,0.0684375,0.090625
access_error_taxonomy,false_blocked_only,0.1,2,1000,3200,caq_strong_shrinkage,0.03122991293566107,0.13679213731250017,0.9653125,0.7299270072992701,0.8520109858632833,0.0,0.102803738317757,0.03459980215579906,0.015931390365309387,1.0515319335002018,0.056580584195756865,0.0684375,0.090625
access_error_taxonomy,false_blocked_only,0.15,2,1000,3200,conserved_quotient,0.03381225417549473,0.15002636911714082,0.9625,0.6984924623115578,0.829037480910301,0.0,0.16355140186915887,0.0586026999699224,0.017338812998199254,1.0217323296029586,0.05303336692769605,0.0684375,0.090625
access_error_taxonomy,false_blocked_only,0.15,2,1000,3200,caq_strong_shrinkage,0.03409650900645283,0.15084571964536553,0.9625,0.6984924623115578,0.829037480910301,0.0,0.16355140186915887,0.05432883753900669,0.019157059599797615,1.049428207004305,0.05320966039328436,0.0684375,0.090625
access_error_taxonomy,false_blocked_only,0.2,2,1000,3200,conserved_quotient,0.03490481845092047,0.15701726225708856,0.961875,0.6855670103092784,0.8144213198047298,0.0,0.2102803738317757,0.07190125848278832,0.019414650987552007,1.0163618036712965,0.051232426998456135,0.0684375,0.090625
access_error_taxonomy,false_blocked_only,0.2,2,1000,3200,caq_strong_shrinkage,0.03520527195496492,0.15787041054667342,0.961875,0.6855670103092784,0.8144213198047298,0.0,0.2102803738317757,0.06727216637452181,0.02109179239193287,1.04217838175494,0.051407876319259,0.0684375,0.090625
access_error_taxonomy,false_blocked_only,0.3,2,1000,3200,conserved_quotient,0.03728271634831661,0.1722619311081705,0.9603125,0.6558265582655827,0.7796700258409807,0.0,0.29906542056074764,0.09519314094157792,0.024038897196005268,0.9998651062064459,0.047683440106453034,0.0684375,0.090625
access_error_taxonomy,false_blocked_only,0.3,2,1000,3200,caq_strong_shrinkage,0.03770999232759564,0.1734756734778626,0.9603125,0.6558265582655827,0.7796700258409807,0.0,0.29906542056074764,0.08816379641977042,0.025831198785484344,1.0316053098559312,0.04763606311927756,0.0684375,0.090625
access_error_taxonomy,structured_margin,0.0,2,1000,3200,conserved_quotient,0.025867152159371742,0.11130639760938305,0.9703125,0.7806004618937644,0.9013049159134182,0.0,0.0,6.596310059526283e-33,0.008594210177135629,1.0176865320353548,0.0631945490325573,0.0684375,0.090625
access_error_taxonomy,structured_margin,0.0,2,1000,3200,caq_strong_shrinkage,0.0261984181643208,0.11232868026539342,0.9703125,0.7806004618937644,0.9013049159134182,0.0,0.0,4.3140830754274083e-32,0.010271410887751253,1.0484013064766315,0.06322986374680652,0.0684375,0.090625
access_error_taxonomy,structured_margin,0.02,2,1000,3200,conserved_quotient,0.034398638444474834,0.1364641762360911,0.956875,0.7051282051282052,0.8795522326331607,0.013402061855670102,0.018691588785046728,0.007372635802515714,0.013240483447456814,0.866870001683963,0.0701904834474568,0.0684375,0.090625
access_error_taxonomy,structured_margin,0.02,2,1000,3200,caq_strong_shrinkage,0.03428977440282947,0.13578306608646676,0.956875,0.7051282051282052,0.8795522326331607,0.013402061855670102,0.018691588785046728,0.006865348026695213,0.013382466067017965,0.8915227675551499,0.07033246606701794,0.0684375,0.090625
access_error_taxonomy,structured_margin,0.05,2,1000,3200,conserved_quotient,0.04458979572098201,0.16269474653192095,0.935625,0.6127819548872181,0.8646756704179744,0.03711340206185567,0.04205607476635514,0.01357556779231385,0.02406575481491491,0.7283011898175684,0.07990325481491492,0.0684375,0.090625
access_error_taxonomy,structured_margin,0.05,2,1000,3200,caq_strong_shrinkage,0.04400055440591679,0.16096333979100194,0.935625,0.6127819548872181,0.8646756704179744,0.03711340206185567,0.04205607476635514,0.012908831450230283,0.02419284299352481,0.7514380017291163,0.0800303429935248,0.0684375,0.090625
access_error_taxonomy,structured_margin,0.1,2,1000,3200,conserved_quotient,0.05895224072430493,0.2030818602981201,0.9015625,0.496,0.8281934749609016,0.0731958762886598,0.09813084112149532,0.025223993064590736,0.04391103160014005,0.5598740221694887,0.09456728160014005,0.0684375,0.090625
access_error_taxonomy,structured_margin,0.1,2,1000,3200,caq_strong_shrinkage,0.057783110831977874,0.20082428868013907,0.9015625,0.496,0.8281934749609016,0.0731958762886598,0.09813084112149532,0.02412240912026157,0.04424951779205293,0.5779178517760041,0.09490576779205293,0.0684375,0.090625
access_error_taxonomy,structured_margin,0.15,2,1000,3200,conserved_quotient,0.07393922599004085,0.24477948222284787,0.8596875,0.40053404539385845,0.7862060936923192,0.11993127147766323,0.1542056074766355,0.036008752444777026,0.0689473366493406,0.4222080172557823,0.1155160866493406,0.0684375,0.090625
access_error_taxonomy,structured_margin,0.15,2,1000,3200,caq_strong_shrinkage,0.07214716804646928,0.24174368812563948,0.8596875,0.40053404539385845,0.7862060936923192,0.11993127147766323,0.1542056074766355,0.03413668305250745,0.06895427941556133,0.43448233564332955,0.11552302941556132,0.0684375,0.090625
access_error_taxonomy,structured_margin,0.2,2,1000,3200,conserved_quotient,0.0838201426838205,0.27677422590824086,0.860625,0.3242424242424242,0.7540358342562256,0.11168384879725086,0.45794392523364486,0.04046578485467245,0.0867953206089778,0.3414719665895048,0.12760157060897778,0.0684375,0.090625
access_error_taxonomy,structured_margin,0.2,2,1000,3200,caq_strong_shrinkage,0.08144958323595564,0.27298502514630124,0.860625,0.3242424242424242,0.7540358342562256,0.11168384879725086,0.45794392523364486,0.03836703307152958,0.08670473015431045,0.3532472171285931,0.12751098015431045,0.0684375,0.090625
access_error_taxonomy,structured_margin,0.3,2,1000,3200,conserved_quotient,0.09038189311014516,0.3046313555464162,0.8325,0.2717391304347826,0.7090339272010404,0.1415807560137457,0.5093457943925234,0.042027701364787964,0.10237380657317197,0.27359555068046754,0.13604880657317195,0.0684375,0.090625
access_error_taxonomy,structured_margin,0.3,2,1000,3200,caq_strong_shrinkage,0.087905815678532,0.301284015752424,0.8325,0.2717391304347826,0.7090339272010404,0.1415807560137457,0.5093457943925234,0.03994917195307486,0.10275166800986492,0.2825063477101495,0.13642666800986494,0.0684375,0.090625
access_error_taxonomy,symmetric_random,0.0,3,1000,3200,conserved_quotient,0.02395174229749321,0.0988350167260024,0.971875,0.7945205479452054,0.9263448267302155,0.0,0.0,1.8681520460556188e-32,0.0028229201257157603,0.993892181592031,0.06845871864323597,0.0675,0.0953125
access_error_taxonomy,symmetric_random,0.0,3,1000,3200,caq_strong_shrinkage,0.024428565157304384,0.1002857550860912,0.971875,0.7945205479452054,0.9263448267302155,0.0,0.0,3.697785493223493e-32,0.006414029466924306,1.0282745910117936,0.06781592336326438,0.0675,0.0953125
access_error_taxonomy,symmetric_random,0.02,3,1000,3200,conserved_quotient,0.03251819506840077,0.12263429434438333,0.958125,0.7184873949579832,0.9099037459040811,0.014507772020725389,0.018018018018018018,0.006198417464648419,0.011111140112209096,0.8682905363299472,0.0751548901122091,0.0675,0.0953125
access_error_taxonomy,symmetric_random,0.02,3,1000,3200,caq_strong_shrinkage,0.03245778832683291,0.12245871507874917,0.958125,0.7184873949579832,0.9099037459040811,0.014507772020725389,0.018018018018018018,0.00574302882393278,0.010279538523440894,0.8995121155345572,0.07432328852344089,0.0675,0.0953125
access_error_taxonomy,symmetric_random,0.05,3,1000,3200,conserved_quotient,0.04151699875184248,0.14667685524603408,0.9396875,0.6351606805293005,0.892108219144077,0.03454231433506045,0.04054054054054054,0.014281492295198372,0.020762171530053254,0.7601288911384011,0.08308092153005328,0.0675,0.0953125
access_error_taxonomy,symmetric_random,0.05,3,1000,3200,caq_strong_shrinkage,0.04117791774225919,0.14601942041660446,0.9396875,0.6351606805293005,0.892108219144077,0.03454231433506045,0.04054054054054054,0.013194124961562451,0.020273966159935587,0.7827111068653899,0.0825927161599356,0.0675,0.0953125
access_error_taxonomy,symmetric_random,0.1,3,1000,3200,conserved_quotient,0.05541024756892443,0.1857708609581444,0.9,0.5046439628482973,0.8577692135835567,0.07772020725388601,0.07657657657657657,0.01941453585167463,0.03954009887170962,0.5991303790787758,0.0978400988717096,0.0675,0.0953125
access_error_taxonomy,symmetric_random,0.1,3,1000,3200,caq_strong_shrinkage,0.054466949439188304,0.18420591863591673,0.9,0.5046439628482973,0.8577692135835567,0.07772020725388601,0.07657657657657657,0.0182685932134657,0.038557808549923384,0.6176067362783171,0.09685780854992337,0.0675,0.0953125
access_error_taxonomy,symmetric_random,0.15,3,1000,3200,conserved_quotient,0.06555325307062608,0.21902508174453098,0.8884375,0.38974358974358975,0.8201705391718797,0.08151986183074265,0.4009009009009009,0.02466102737231307,0.05652625444170896,0.48986221382017964,0.10952625444170896,0.0675,0.0953125
access_error_taxonomy,symmetric_random,0.15,3,1000,3200,caq_strong_shrinkage,0.06421613629957916,0.21692892597159796,0.8884375,0.38974358974358975,0.8201705391718797,0.08151986183074265,0.4009009009009009,0.023320560834163968,0.05556470938140812,0.5053307524046954,0.1085647093814081,0.0675,0.0953125
access_error_taxonomy,symmetric_random,0.2,3,1000,3200,conserved_quotient,0.07063656358690992,0.24272826088632143,0.8921875,0.24175824175824176,0.7779189628636679,0.0618307426597582,0.7297297297297297,0.022697777312704386,0.06779777116718108,0.4228110448651172,0.11490402116718108,0.0675,0.0953125
access_error_taxonomy,symmetric_random,0.2,3,1000,3200,caq_strong_shrinkage,0.0693868774885959,0.2409867060339014,0.8921875,0.24175824175824176,0.7779189628636679,0.0618307426597582,0.7297297297297297,0.021618420162625288,0.06686105990806486,0.43510131191884394,0.11396730990806488,0.0675,0.0953125
access_error_taxonomy,symmetric_random,0.3,3,1000,3200,conserved_quotient,0.07769912513645919,0.28253566893069293,0.9325,0.0,0.700074781550988,0.0,1.0,0.0230978430761785,0.08763933270003318,0.29937889482865837,0.12304558270003317,0.0675,0.0953125
access_error_taxonomy,symmetric_random,0.3,3,1000,3200,caq_strong_shrinkage,0.07626621713741531,0.2804419605996721,0.9325,0.0,0.700074781550988,0.0,1.0,0.02195282415676686,0.08645597873141303,0.3085332219732703,0.121862228731413,0.0675,0.0953125
access_error_taxonomy,false_access_only,0.0,3,1000,3200,conserved_quotient,0.02395174229749321,0.0988350167260024,0.971875,0.7945205479452054,0.9263448267302155,0.0,0.0,1.8681520460556188e-32,0.0028229201257157603,0.993892181592031,0.06845871864323597,0.0675,0.0953125
access_error_taxonomy,false_access_only,0.0,3,1000,3200,caq_strong_shrinkage,0.024428565157304384,0.1002857550860912,0.971875,0.7945205479452054,0.9263448267302155,0.0,0.0,3.697785493223493e-32,0.006414029466924306,1.0282745910117936,0.06781592336326438,0.0675,0.0953125
access_error_taxonomy,false_access_only,0.02,3,1000,3200,conserved_quotient,0.03186524426580545,0.11912370737348493,0.95875,0.725,0.9134442334425579,0.014507772020725389,0.0,1.560003254953661e-32,0.01034102186084838,0.8686406200817937,0.07623477186084837,0.0675,0.0953125
access_error_taxonomy,false_access_only,0.02,3,1000,3200,caq_strong_shrinkage,0.031787714533591006,0.11888349533302713,0.95875,0.725,0.9134442334425579,0.014507772020725389,0.0,7.703719777548943e-34,0.009504466146886072,0.8997476010868298,0.07539821614688606,0.0675,0.0953125
access_error_taxonomy,false_access_only,0.05,3,1000,3200,conserved_quotient,0.03994033910245592,0.13833866275096468,0.94125,0.6505576208178439,0.907503599443948,0.03454231433506045,0.0,1.8488927466117464e-32,0.01891985321352376,0.7667902939055418,0.08555110321352377,0.0675,0.0953125
access_error_taxonomy,false_access_only,0.05,3,1000,3200,caq_strong_shrinkage,0.039578639993880324,0.13760566869424481,0.94125,0.6505576208178439,0.907503599443948,0.03454231433506045,0.0,1.0014835710813626e-32,0.018369622696825596,0.7902826405198762,0.08500087269682562,0.0675,0.0953125
access_error_taxonomy,false_access_only,0.1,3,1000,3200,conserved_quotient,0.053579301520247764,0.17269643249319844,0.9028125,0.530920060331825,0.8864127196901996,0.07772020725388601,0.0,3.0814879110195774e-33,0.037080499805661415,0.6210035552496997,0.10336799980566143,0.0675,0.0953125
access_error_taxonomy,false_access_only,0.1,3,1000,3200,caq_strong_shrinkage,0.052611409458167474,0.17104698964050385,0.9028125,0.530920060331825,0.8864127196901996,0.07772020725388601,0.0,1.8681520460556188e-32,0.03618744002626319,0.6332384815790947,0.10247494002626319,0.0675,0.0953125
access_error_taxonomy,false_access_only,0.15,3,1000,3200,conserved_quotient,0.06220469982297022,0.1946403587567614,0.893125,0.4337748344370861,0.8720583854632112,0.08151986183074265,0.3153153153153153,6.162975822039155e-33,0.051127322100100236,0.5357082343106777,0.11862732210010023,0.0675,0.0953125
access_error_taxonomy,false_access_only,0.15,3,1000,3200,caq_strong_shrinkage,0.06077907677105444,0.19232400538827185,0.893125,0.4337748344370861,0.8720583854632112,0.08151986183074265,0.3153153153153153,1.2518544638517033e-32,0.04999697269769662,0.5532472169304553,0.11749697269769664,0.0675,0.0953125
access_error_taxonomy,false_access_only,0.2,3,1000,3200,conserved_quotient,0.06788218193944562,0.21240471524415783,0.8675,0.38372093023255816,0.8531876799721974,0.11053540587219343,0.3153153153153153,7.125940794232773e-33,0.0612311906342089,0.4864554370981488,0.12866244063420887,0.0675,0.0953125
access_error_taxonomy,false_access_only,0.2,3,1000,3200,caq_strong_shrinkage,0.06632357481041337,0.2100549835269952,0.8946875,0.27213822894168466,0.8531876799721974,0.0618307426597582,0.6936936936936937,1.3096323621833204e-32,0.059945304945932545,0.5002018633598023,0.12737655494593253,0.0675,0.0953125
access_error_taxonomy,false_access_only,0.3,3,1000,3200,conserved_quotient,0.07631697691408247,0.23854617464717692,0.8721875,0.2383612662942272,0.8271072261940224,0.08739205526770294,0.6936936936936937,8.185202263645752e-34,0.08175031518560652,0.41854292652920666,0.14925031518560647,0.0675,0.0953125
access_error_taxonomy,false_access_only,0.3,3,1000,3200,caq_strong_shrinkage,0.0744168643475901,0.23563577616803855,0.8721875,0.2383612662942272,0.8271072261940224,0.08739205526770294,0.6936936936936937,9.244463733058732e-33,0.08017044168065504,0.4340449588849124,0.14767044168065502,0.0675,0.0953125
access_error_taxonomy,false_blocked_only,0.0,3,1000,3200,conserved_quotient,0.02395174229749321,0.0988350167260024,0.971875,0.7945205479452054,0.9263448267302155,0.0,0.0,1.8681520460556188e-32,0.0028229201257157603,0.993892181592031,0.06845871864323597,0.0675,0.0953125
access_error_taxonomy,false_blocked_only,0.0,3,1000,3200,caq_strong_shrinkage,0.024428565157304384,0.1002857550860912,0.971875,0.7945205479452054,0.9263448267302155,0.0,0.0,3.697785493223493e-32,0.006414029466924306,1.0282745910117936,0.06781592336326438,0.0675,0.0953125
access_error_taxonomy,false_blocked_only,0.02,3,1000,3200,conserved_quotient,0.02466062486984698,0.10252599498613602,0.97125,0.7880184331797235,0.9194112426769934,0.0,0.018018018018018018,0.006737539163737971,0.0037786067468876814,0.9954416637865223,0.06741459812619803,0.0675,0.0953125
access_error_taxonomy,false_blocked_only,0.02,3,1000,3200,caq_strong_shrinkage,0.02515878553075214,0.10403160221443965,0.97125,0.7880184331797235,0.9194112426769934,0.0,0.018018018018018018,0.006231686246816737,0.007566492258371421,1.0300225847372244,0.06677861107380088,0.0675,0.0953125
access_error_taxonomy,false_blocked_only,0.05,3,1000,3200,conserved_quotient,0.02571807020647462,0.10772614124228962,0.9703125,0.7785547785547785,0.9133495928904776,0.0,0.04054054054054054,0.018182361308393645,0.004772172285077158,0.9953982464778084,0.06610002735030222,0.0675,0.0953125
access_error_taxonomy,false_blocked_only,0.05,3,1000,3200,caq_strong_shrinkage,0.026225795340336987,0.10921984833157448,0.9703125,0.7785547785547785,0.9133495928904776,0.0,0.04054054054054054,0.016570647615290545,0.008944819994848164,1.0289510796537689,0.06552545965447404,0.0675,0.0953125
access_error_taxonomy,false_blocked_only,0.1,3,1000,3200,conserved_quotient,0.027042308562516933,0.11474115555364384,0.9690625,0.7648456057007126,0.8950886207923742,0.0,0.07657657657657657,0.03214225879742834,0.006534506016596262,0.9974345376443977,0.0638480501704355,0.0675,0.0953125
access_error_taxonomy,false_blocked_only,0.1,3,1000,3200,caq_strong_shrinkage,0.027540788803126475,0.11619814514946483,0.9690625,0.7648456057007126,0.8950886207923742,0.0,0.07657657657657657,0.029499835607884477,0.01118285003332833,1.0348869246882846,0.06311255322412848,0.0675,0.0953125
access_error_taxonomy,false_blocked_only,0.15,3,1000,3200,conserved_quotient,0.03006099375293718,0.12914085567178943,0.9659375,0.7334963325183375,0.871968399364512,0.0,0.13063063063063063,0.050501959817073276,0.009956461084449333,0.980133736229076,0.06092748945086564,0.0675,0.0953125
access_error_taxonomy,false_blocked_only,0.15,3,1000,3200,caq_strong_shrinkage,0.030496654743077056,0.1303970605537614,0.9659375,0.7334963325183375,0.871968399364512,0.0,0.13063063063063063,0.04667830648320457,0.013162018840486019,1.012985007877154,0.06045135741130226,0.0675,0.0953125
access_error_taxonomy,false_blocked_only,0.2,3,1000,3200,conserved_quotient,0.03270884485678536,0.14146365390401897,0.963125,0.705,0.8550044682752458,0.0,0.17117117117117117,0.06115549162674405,0.013709437839038541,0.9662872750937151,0.058891382283482986,0.0675,0.0953125
access_error_taxonomy,false_blocked_only,0.2,3,1000,3200,caq_strong_shrinkage,0.03320751162270072,0.14282876360137306,0.963125,0.705,0.8550044682752458,0.0,0.17117117117117117,0.05682734763258671,0.018294358309619535,0.9920241791228537,0.05864578489229611,0.0675,0.0953125
access_error_taxonomy,false_blocked_only,0.3,3,1000,3200,conserved_quotient,0.03780108506067301,0.16853515896640459,0.9584375,0.6434316353887399,0.8056300268096515,0.0,0.2927927927927928,0.09326720110581727,0.021610775640050834,0.9463047666103739,0.052373223987158275,0.0675,0.0953125
access_error_taxonomy,false_blocked_only,0.3,3,1000,3200,caq_strong_shrinkage,0.03838829672371167,0.17007496455718518,0.9584375,0.6434316353887399,0.8056300268096515,0.0,0.2927927927927928,0.08690308377670071,0.0251466087300691,0.9670635988728219,0.05217637058088031,0.0675,0.0953125
access_error_taxonomy,structured_margin,0.0,3,1000,3200,conserved_quotient,0.02395174229749321,0.0988350167260024,0.971875,0.7945205479452054,0.9263448267302155,0.0,0.0,1.8681520460556188e-32,0.0028229201257157603,0.993892181592031,0.06845871864323597,0.0675,0.0953125
access_error_taxonomy,structured_margin,0.0,3,1000,3200,caq_strong_shrinkage,0.024428565157304384,0.1002857550860912,0.971875,0.7945205479452054,0.9263448267302155,0.0,0.0,3.697785493223493e-32,0.006414029466924306,1.0282745910117936,0.06781592336326438,0.0675,0.0953125
access_error_taxonomy,structured_margin,0.02,3,1000,3200,conserved_quotient,0.030779730171555317,0.11855519530530617,0.9615625,0.7354838709677419,0.91392209065634,0.01070811744386874,0.018018018018018018,0.006117170666154894,0.009240472289309798,0.8976826947966671,0.07334047228930979,0.0675,0.0953125
access_error_taxonomy,structured_margin,0.02,3,1000,3200,caq_strong_shrinkage,0.030909046268287117,0.11878864065224658,0.9615625,0.7354838709677419,0.91392209065634,0.01070811744386874,0.018018018018018018,0.005692884583382554,0.008595146922272295,0.9279982474263745,0.07269514692227232,0.0675,0.0953125
access_error_taxonomy,structured_margin,0.05,3,1000,3200,conserved_quotient,0.04221151438813463,0.14819230285390975,0.9403125,0.64030131826742,0.8957231779366498,0.035233160621761656,0.04054054054054054,0.015220628110458673,0.023253638318534955,0.7332307187850755,0.08619738831853495,0.0675,0.0953125
access_error_taxonomy,structured_margin,0.05,3,1000,3200,caq_strong_shrinkage,0.04167894430650678,0.14667264269788316,0.9403125,0.64030131826742,0.8957231779366498,0.035233160621761656,0.04054054054054054,0.014142358728186151,0.022517918127759384,0.7575939409243767,0.08546166812775936,0.0675,0.0953125
access_error_taxonomy,structured_margin,0.1,3,1000,3200,conserved_quotient,0.05647664086017603,0.1884680468412527,0.901875,0.5109034267912772,0.8624376303246947,0.0770293609671848,0.08558558558558559,0.023176513796156772,0.04316738296652743,0.5842933578360188,0.10146113296652742,0.0675,0.0953125
access_error_taxonomy,structured_margin,0.1,3,1000,3200,caq_strong_shrinkage,0.0557684278997536,0.18736833087556917,0.901875,0.5109034267912772,0.8624376303246947,0.0770293609671848,0.08558558558558559,0.022002850094725857,0.042858978923264644,0.5976203514710685,0.10115272892326463,0.0675,0.0953125
access_error_taxonomy,structured_margin,0.15,3,1000,3200,conserved_quotient,0.06784883418601638,0.22568627866581487,0.858125,0.40575916230366493,0.822240219441962,0.1236614853195164,0.14414414414414414,0.02877341895084111,0.06255721559408306,0.46974954029222427,0.11491346559408307,0.0675,0.0953125
access_error_taxonomy,structured_margin,0.15,3,1000,3200,caq_strong_shrinkage,0.0668907257798308,0.2243202950457316,0.8875,0.35251798561151076,0.822240219441962,0.0763385146804836,0.46396396396396394,0.027555614668525033,0.06217485601517777,0.47895241762961616,0.11453110601517774,0.0675,0.0953125
access_error_taxonomy,structured_margin,0.2,3,1000,3200,conserved_quotient,0.07601414794412721,0.2563404268319679,0.9021875,0.24940047961630696,0.7788048604905173,0.049395509499136445,0.7387387387387387,0.03276951062845204,0.08059496701201592,0.38872511460601267,0.12598871701201592,0.0675,0.0953125
access_error_taxonomy,structured_margin,0.2,3,1000,3200,caq_strong_shrinkage,0.0752362439563594,0.25554998884228497,0.9021875,0.24940047961630696,0.7788048604905173,0.049395509499136445,0.7387387387387387,0.03159231814557304,0.08059337653664467,0.3927741261005049,0.12598712653664468,0.0675,0.0953125
access_error_taxonomy,structured_margin,0.3,3,1000,3200,conserved_quotient,0.0785784705624873,0.28424502332975843,0.88875,0.2088888888888889,0.707064219044782,0.06355785837651122,0.7747747747747747,0.03090284597575293,0.08997622456716214,0.3084519752073124,0.12184497456716212,0.0675,0.0953125
access_error_taxonomy,structured_margin,0.3,3,1000,3200,caq_strong_shrinkage,0.07771327480687404,0.28428584194448203,0.9325,0.0,0.707064219044782,0.0,1.0,0.02955153981723329,0.09080984909188035,0.3083341476194825,0.12267859909188034,0.0675,0.0953125
access_error_taxonomy,symmetric_random,0.0,4,1000,3200,conserved_quotient,0.03184116179242741,0.129247624769741,0.9615625,0.7366167023554604,0.8770276447493773,0.0,0.0,6.933347799794049e-33,0.009096160469633621,0.9694880405959065,0.06969406029072706,0.0740625,0.1
access_error_taxonomy,symmetric_random,0.0,4,1000,3200,caq_strong_shrinkage,0.03214042348653962,0.13013220953107477,0.9615625,0.7366167023554604,0.8770276447493773,0.0,0.0,1.9259299443872359e-32,0.013475640663916573,0.9861972468070515,0.07065535248676838,0.0740625,0.1
access_error_taxonomy,symmetric_random,0.02,4,1000,3200,conserved_quotient,0.041126489154935275,0.15523499595452012,0.9453125,0.6575342465753424,0.863485092512293,0.017013888888888887,0.021739130434782608,0.007688962869325532,0.016882663104529586,0.8374390192401568,0.0767326631045296,0.0740625,0.1
access_error_taxonomy,symmetric_random,0.02,4,1000,3200,caq_strong_shrinkage,0.04104772196952324,0.15507931493690985,0.9453125,0.6575342465753424,0.863485092512293,0.017013888888888887,0.021739130434782608,0.00750147939241467,0.0176063942092529,0.8531748824843821,0.0774563942092529,0.0740625,0.1
access_error_taxonomy,symmetric_random,0.05,4,1000,3200,conserved_quotient,0.04982583345987328,0.1831260750752371,0.928125,0.5818181818181818,0.8371703898005073,0.034375,0.06956521739130435,0.0208829228409106,0.02734625826875385,0.7373529236993736,0.08119000826875386,0.0740625,0.1
access_error_taxonomy,symmetric_random,0.05,4,1000,3200,caq_strong_shrinkage,0.04976471702290748,0.18327615062630756,0.928125,0.5818181818181818,0.8371703898005073,0.034375,0.06956521739130435,0.020207843677447185,0.028678895093663923,0.744520140028802,0.08252264509366392,0.0740625,0.1
access_error_taxonomy,symmetric_random,0.1,4,1000,3200,conserved_quotient,0.06208369283649675,0.22116109420358462,0.8940625,0.4727838258164852,0.7965256446952641,0.07152777777777777,0.13043478260869565,0.03083449771272189,0.04535285085842419,0.5866807336223872,0.0928341008584242,0.0740625,0.1
access_error_taxonomy,symmetric_random,0.1,4,1000,3200,caq_strong_shrinkage,0.06196491661193154,0.22145026446337632,0.8940625,0.4727838258164852,0.7965256446952641,0.07152777777777777,0.13043478260869565,0.0302709442119407,0.04670259349749833,0.5913656794795968,0.09418384349749832,0.0740625,0.1
access_error_taxonomy,symmetric_random,0.15,4,1000,3200,conserved_quotient,0.06881507569920181,0.2429764546659085,0.8634375,0.40054869684499317,0.7719653504331195,0.10486111111111111,0.17391304347826086,0.031555135299557134,0.05493850808988096,0.5050843912987117,0.09981975808988096,0.0740625,0.1
access_error_taxonomy,symmetric_random,0.15,4,1000,3200,caq_strong_shrinkage,0.06842889997283862,0.2428300093646094,0.8634375,0.40054869684499317,0.7719653504331195,0.10486111111111111,0.17391304347826086,0.030915327937960636,0.05630132385416729,0.5116426201998397,0.10118257385416729,0.0740625,0.1
access_error_taxonomy,symmetric_random,0.2,4,1000,3200,conserved_quotient,0.0725091882593034,0.2616721726161558,0.9259375,0.0,0.7382171963356787,0.0,1.0,0.026160601591271527,0.0624545134255229,0.44896028954282935,0.10275451342552291,0.0740625,0.1
access_error_taxonomy,symmetric_random,0.2,4,1000,3200,caq_strong_shrinkage,0.07213384886454305,0.26170194509573586,0.9259375,0.0,0.7382171963356787,0.0,1.0,0.025755899304617885,0.0637834845795917,0.4548459753628604,0.10408348457959167,0.0740625,0.1
access_error_taxonomy,symmetric_random,0.3,4,1000,3200,conserved_quotient,0.07747709882701619,0.2958870536967942,0.9259375,0.0,0.6596305204412793,0.0,1.0,0.02067011723008367,0.07060440441844817,0.334983742718383,0.10519693003629026,0.0740625,0.1
access_error_taxonomy,symmetric_random,0.3,4,1000,3200,caq_strong_shrinkage,0.07706437026937644,0.29598777731804626,0.9259375,0.0,0.6596305204412793,0.0,1.0,0.02029816050562898,0.07819685662590566,0.33379903584762,0.10635310662590566,0.0740625,0.1
access_error_taxonomy,false_access_only,0.0,4,1000,3200,conserved_quotient,0.03184116179242741,0.129247624769741,0.9615625,0.7366167023554604,0.8770276447493773,0.0,0.0,6.933347799794049e-33,0.009096160469633621,0.9694880405959065,0.06969406029072706,0.0740625,0.1
access_error_taxonomy,false_access_only,0.0,4,1000,3200,caq_strong_shrinkage,0.03214042348653962,0.13013220953107477,0.9615625,0.7366167023554604,0.8770276447493773,0.0,0.0,1.9259299443872359e-32,0.013475640663916573,0.9861972468070515,0.07065535248676838,0.0740625,0.1
access_error_taxonomy,false_access_only,0.02,4,1000,3200,conserved_quotient,0.04026936000966769,0.15060506662368597,0.94625,0.6666666666666666,0.8689904034427418,0.017013888888888887,0.0,1.8681520460556188e-32,0.015839187565629888,0.8392191384439432,0.07808356396065812,0.0740625,0.1
access_error_taxonomy,false_access_only,0.02,4,1000,3200,caq_strong_shrinkage,0.04015308341686543,0.15035758039390523,0.94625,0.6666666666666666,0.8689904034427418,0.017013888888888887,0.0,1.617781153285278e-32,0.016443069063742335,0.8563197536706899,0.07874931906374233,0.0740625,0.1
access_error_taxonomy,false_access_only,0.05,4,1000,3200,conserved_quotient,0.04708861222106972,0.16807160858779419,0.930625,0.607773851590106,0.8574229847443363,0.034375,0.0,1.8488927466117464e-32,0.022843931831001234,0.7593195158657561,0.08468768183100124,0.0740625,0.1
access_error_taxonomy,false_access_only,0.05,4,1000,3200,caq_strong_shrinkage,0.04688980562171883,0.1678633012746004,0.930625,0.607773851590106,0.8574229847443363,0.034375,0.0,6.933347799794049e-33,0.023750043582318095,0.7714532891293666,0.08559379358231808,0.0740625,0.1
access_error_taxonomy,false_access_only,0.1,4,1000,3200,conserved_quotient,0.0573283648232926,0.19329042695439455,0.8990625,0.5200594353640416,0.8448943438839925,0.07152777777777777,0.0,3.0814879110195774e-33,0.0369846689259717,0.6389690545567607,0.09982216892597169,0.0740625,0.1
access_error_taxonomy,false_access_only,0.1,4,1000,3200,caq_strong_shrinkage,0.056990622620456816,0.19308715826791592,0.8990625,0.5200594353640416,0.8448943438839925,0.07152777777777777,0.0,3.274080905458301e-33,0.037939123459745504,0.6488043337423688,0.10077662345974549,0.0740625,0.1
access_error_taxonomy,false_access_only,0.15,4,1000,3200,conserved_quotient,0.06385659272620699,0.2082088912498297,0.8703125,0.46033810143042914,0.8387710027042383,0.10486111111111111,0.0,6.162975822039155e-33,0.045029686208317564,0.5703261714610225,0.11080468620831756,0.0740625,0.1
access_error_taxonomy,false_access_only,0.15,4,1000,3200,caq_strong_shrinkage,0.06322216092764325,0.20742750897528445,0.8703125,0.46033810143042914,0.8387710027042383,0.10486111111111111,0.0,1.560003254953661e-32,0.045962370674453516,0.5821654917174367,0.11173737067445351,0.0740625,0.1
access_error_taxonomy,false_access_only,0.2,4,1000,3200,conserved_quotient,0.06970479090791838,0.2271187281628994,0.870625,0.38023952095808383,0.8149811102044768,0.09791666666666667,0.3521739130434783,1.617781153285278e-32,0.056056562501482374,0.5142252973469825,0.12091281250148239,0.0740625,0.1
access_error_taxonomy,false_access_only,0.2,4,1000,3200,caq_strong_shrinkage,0.06911948987566503,0.22667594849689476,0.870625,0.38023952095808383,0.8149811102044768,0.09791666666666667,0.3521739130434783,4.044452883213195e-33,0.05720259603908642,0.523351500426353,0.12205884603908645,0.0740625,0.1
access_error_taxonomy,false_access_only,0.3,4,1000,3200,conserved_quotient,0.07800982789094041,0.25678643431639203,0.9259375,0.0,0.7860960282300269,0.0,1.0,2.744450170751811e-33,0.07485288905631018,0.42817915872585266,0.1385966390563102,0.0740625,0.1
access_error_taxonomy,false_access_only,0.3,4,1000,3200,caq_strong_shrinkage,0.07737588201421539,0.2563863466765188,0.9259375,0.0,0.7860960282300269,0.0,1.0,7.896312771987667e-33,0.0759215416622929,0.43634539116932575,0.13966529166229288,0.0740625,0.1
access_error_taxonomy,false_blocked_only,0.0,4,1000,3200,conserved_quotient,0.03184116179242741,0.129247624769741,0.9615625,0.7366167023554604,0.8770276447493773,0.0,0.0,6.933347799794049e-33,0.009096160469633621,0.9694880405959065,0.06969406029072706,0.0740625,0.1
access_error_taxonomy,false_blocked_only,0.0,4,1000,3200,caq_strong_shrinkage,0.03214042348653962,0.13013220953107477,0.9615625,0.7366167023554604,0.8770276447493773,0.0,0.0,1.9259299443872359e-32,0.013475640663916573,0.9861972468070515,0.07065535248676838,0.0740625,0.1
access_error_taxonomy,false_blocked_only,0.02,4,1000,3200,conserved_quotient,0.032781983981292714,0.13408427864065525,0.960625,0.7272727272727273,0.8707120591372355,0.0,0.021739130434782608,0.008761308013208643,0.010955128916218235,0.9726640679417404,0.06842962768872231,0.0740625,0.1
access_error_taxonomy,false_blocked_only,0.02,4,1000,3200,caq_strong_shrinkage,0.033113989887212904,0.13503533460445868,0.960625,0.7272727272727273,0.8707120591372355,0.0,0.021739130434782608,0.008562475109238764,0.014642609866329443,0.9843269343350041,0.06944905680033724,0.0740625,0.1
access_error_taxonomy,false_blocked_only,0.05,4,1000,3200,conserved_quotient,0.03469953177785425,0.1445775120235327,0.9590625,0.7095343680709535,0.8579569970565242,0.0,0.06956521739130435,0.02720110721620047,0.013667717587825102,0.9613838105151443,0.06610028252289003,0.0740625,0.1
access_error_taxonomy,false_blocked_only,0.05,4,1000,3200,caq_strong_shrinkage,0.03512981202815276,0.14576899450241407,0.9590625,0.7095343680709535,0.8579569970565242,0.0,0.06956521739130435,0.026379600183997966,0.017576436942071737,0.9689736761345147,0.06749729639870705,0.0740625,0.1
access_error_taxonomy,false_blocked_only,0.1,4,1000,3200,conserved_quotient,0.03737691192162047,0.15869541152498212,0.9565625,0.6819221967963387,0.8370735555678972,0.0,0.13043478260869565,0.05108393797492525,0.018182871900059402,0.9555273994252129,0.06261927392708642,0.0740625,0.1
access_error_taxonomy,false_blocked_only,0.1,4,1000,3200,caq_strong_shrinkage,0.03784930621088833,0.15993263152184112,0.9565625,0.6819221967963387,0.8370735555678972,0.0,0.13043478260869565,0.05005101078713239,0.020702313563389974,0.9561195841512877,0.06393666645924649,0.0740625,0.1
access_error_taxonomy,false_blocked_only,0.15,4,1000,3200,conserved_quotient,0.039331553145251746,0.16917462000530142,0.9546875,0.6604215456674473,0.8175201607448261,0.0,0.17391304347826086,0.06619694542780656,0.02089035118999912,0.9459731912924068,0.06014335213175512,0.0740625,0.1
access_error_taxonomy,false_blocked_only,0.15,4,1000,3200,caq_strong_shrinkage,0.0398732364571404,0.17059136341948922,0.9546875,0.6604215456674473,0.8175201607448261,0.0,0.17391304347826086,0.0646528930574086,0.023574311246589156,0.9455239254446658,0.06152464387964238,0.0740625,0.1
access_error_taxonomy,false_blocked_only,0.2,4,1000,3200,conserved_quotient,0.040577059592190386,0.17593719134651978,0.9534375,0.6460807600950119,0.809376116975753,0.0,0.2,0.07152482495138711,0.0215803270050322,0.9608973379988754,0.056979871242666055,0.0740625,0.1
access_error_taxonomy,false_blocked_only,0.2,4,1000,3200,caq_strong_shrinkage,0.040986478788488004,0.1770531437901644,0.9534375,0.6460807600950119,0.809376116975753,0.0,0.2,0.06966354962679952,0.024843973453884623,0.9659654957144049,0.0580027448777475,0.0740625,0.1
access_error_taxonomy,false_blocked_only,0.3,4,1000,3200,conserved_quotient,0.04366925665870176,0.19490041072450853,0.9515625,0.6115288220551378,0.7729550532517078,0.0,0.2956521739130435,0.0947844585533397,0.02651696500534618,0.9509073251268634,0.051428204924701036,0.0740625,0.1
access_error_taxonomy,false_blocked_only,0.3,4,1000,3200,caq_strong_shrinkage,0.044132855674285085,0.19620551321503707,0.9515625,0.6115288220551378,0.7729550532517078,0.0,0.2956521739130435,0.09080615933296801,0.02916962590855842,0.9634052794659543,0.05208348943252381,0.0740625,0.1
access_error_taxonomy,structured_margin,0.0,4,1000,3200,conserved_quotient,0.03184116179242741,0.129247624769741,0.9615625,0.7366167023554604,0.8770276447493773,0.0,0.0,6.933347799794049e-33,0.009096160469633621,0.9694880405959065,0.06969406029072706,0.0740625,0.1
access_error_taxonomy,structured_margin,0.0,4,1000,3200,caq_strong_shrinkage,0.03214042348653962,0.13013220953107477,0.9615625,0.7366167023554604,0.8770276447493773,0.0,0.0,1.9259299443872359e-32,0.013475640663916573,0.9861972468070515,0.07065535248676838,0.0740625,0.1
access_error_taxonomy,structured_margin,0.02,4,1000,3200,conserved_quotient,0.04077642150845001,0.15375972352386433,0.94625,0.6627450980392157,0.8660682880704498,0.017013888888888887,0.02608695652173913,0.009167007039275636,0.01668832267803874,0.8425810050809992,0.07715707267803876,0.0740625,0.1
access_error_taxonomy,structured_margin,0.02,4,1000,3200,caq_strong_shrinkage,0.040873618644430024,0.15403919108541805,0.94625,0.6627450980392157,0.8660682880704498,0.017013888888888887,0.02608695652173913,0.008979617974680656,0.017815485003305258,0.8521379566581399,0.07828423500330525,0.0740625,0.1
access_error_taxonomy,structured_margin,0.05,4,1000,3200,conserved_quotient,0.05088931526011935,0.18501961261130495,0.92625,0.5770609318996416,0.835484334926826,0.03715277777777778,0.06956521739130435,0.021102612860961066,0.029344794590643278,0.7178080502730874,0.08377604459064326,0.0740625,0.1
access_error_taxonomy,structured_margin,0.05,4,1000,3200,caq_strong_shrinkage,0.05099943334387957,0.18554681485386773,0.92625,0.5770609318996416,0.835484334926826,0.03715277777777778,0.06956521739130435,0.020750637437829313,0.031199464243550763,0.7210134568548897,0.08563071424355075,0.0740625,0.1
access_error_taxonomy,structured_margin,0.1,4,1000,3200,conserved_quotient,0.06529521286699815,0.23081281546691668,0.8915625,0.46367851622874806,0.7864548845038172,0.07361111111111111,0.1391304347826087,0.03484577280878672,0.0524608084440578,0.5457727595135066,0.09802330844405782,0.0740625,0.1
access_error_taxonomy,structured_margin,0.1,4,1000,3200,caq_strong_shrinkage,0.06534454764202807,0.23148142422873966,0.8915625,0.46367851622874806,0.7864548845038172,0.07361111111111111,0.1391304347826087,0.034362487629012665,0.05421683135168402,0.5469877256384791,0.09977933135168403,0.0740625,0.1
access_error_taxonomy,structured_margin,0.15,4,1000,3200,conserved_quotient,0.07341802421112567,0.25803693624669194,0.8575,0.38873994638069703,0.7542162052088273,0.11180555555555556,0.18695652173913044,0.03610091392486602,0.06600890685335058,0.4541684698149422,0.10701515685335058,0.0740625,0.1
access_error_taxonomy,structured_margin,0.15,4,1000,3200,caq_strong_shrinkage,0.07302329138770969,0.25826241209451317,0.8575,0.38873994638069703,0.7542162052088273,0.11180555555555556,0.18695652173913044,0.03522817535519943,0.06763038970979987,0.4597160271450933,0.10863663970979989,0.0740625,0.1
access_error_taxonomy,structured_margin,0.2,4,1000,3200,conserved_quotient,0.08058788035816355,0.2841537526267406,0.858125,0.30153846153846153,0.7153799818008604,0.10347222222222222,0.5,0.03512441763706893,0.08137406487815729,0.37583666451800046,0.1172240648781573,0.0740625,0.1
access_error_taxonomy,structured_margin,0.2,4,1000,3200,caq_strong_shrinkage,0.08001703801343071,0.2844953800392359,0.858125,0.30153846153846153,0.7153799818008604,0.10347222222222222,0.5,0.03418697414124353,0.08304853306699664,0.37894661495638526,0.11889853306699663,0.0740625,0.1
access_error_taxonomy,structured_margin,0.3,4,1000,3200,conserved_quotient,0.08595829512846087,0.31460482295069064,0.875,0.17355371900826447,0.6538631874696503,0.07083333333333333,0.8130434782608695,0.03358809374675261,0.0965253965678754,0.2833909598127581,0.1220628965678754,0.0740625,0.1
access_error_taxonomy,structured_margin,0.3,4,1000,3200,caq_strong_shrinkage,0.08512932896466083,0.31466813498456936,0.9259375,0.0,0.6538631874696503,0.0,1.0,0.03262991118058261,0.09765505764530397,0.2866271630527702,0.12319255764530396,0.0740625,0.1
access_error_taxonomy,symmetric_random,0.0,5,1000,3200,conserved_quotient,0.027749322314145623,0.11793692868003273,0.968125,0.777292576419214,0.9069154318108428,0.0,0.0,1.71407765050464e-32,0.009651171043279607,1.074836858446672,0.06392798120585536,0.0734375,0.089375
access_error_taxonomy,symmetric_random,0.0,5,1000,3200,caq_strong_shrinkage,0.028294480521166992,0.11954298205462006,0.968125,0.777292576419214,0.9069154318108428,0.0,0.0,3.851859888774472e-33,0.013376865438314983,1.1239350917271276,0.06263978681081998,0.0734375,0.089375
access_error_taxonomy,symmetric_random,0.02,5,1000,3200,conserved_quotient,0.03706389460928912,0.14448289438769987,0.951875,0.6932270916334662,0.8820580531735496,0.016815374056280027,0.02242152466367713,0.008137431149797496,0.014900266863526126,0.9135917020936335,0.07199029495341376,0.0734375,0.089375
access_error_taxonomy,symmetric_random,0.02,5,1000,3200,caq_strong_shrinkage,0.03704996624160446,0.1444782535287355,0.951875,0.6932270916334662,0.8820580531735496,0.016815374056280027,0.02242152466367713,0.007252150216691607,0.01497821919157548,0.9528377201565497,0.07072267673874527,0.0734375,0.089375
access_error_taxonomy,symmetric_random,0.05,5,1000,3200,conserved_quotient,0.04636730667970213,0.16988126719121874,0.93,0.6042402826855123,0.8642660830253669,0.04118050789293068,0.053811659192825115,0.015495759933933297,0.02327237973483598,0.7797962755364735,0.08090987973483597,0.0734375,0.089375
access_error_taxonomy,symmetric_random,0.05,5,1000,3200,caq_strong_shrinkage,0.04592573257780099,0.16910378898650585,0.93,0.6042402826855123,0.8642660830253669,0.04118050789293068,0.053811659192825115,0.014222031031638039,0.02191614960860169,0.8114353334786987,0.07955364960860167,0.0734375,0.089375
access_error_taxonomy,symmetric_random,0.1,5,1000,3200,conserved_quotient,0.05750690085629483,0.20419429508464595,0.9140625,0.49168207024029575,0.8259438125650318,0.05319148936170213,0.32286995515695066,0.0193078471124944,0.03792337190542644,0.6502166994082382,0.09092962190542644,0.0734375,0.089375
access_error_taxonomy,symmetric_random,0.1,5,1000,3200,caq_strong_shrinkage,0.056952643923377844,0.20349312002185926,0.9140625,0.49168207024029575,0.8259438125650318,0.05319148936170213,0.32286995515695066,0.01822752048092923,0.037064448484617735,0.6684398382826362,0.09007069848461774,0.0734375,0.089375
access_error_taxonomy,symmetric_random,0.15,5,1000,3200,conserved_quotient,0.06431480592524802,0.22891765869809827,0.911875,0.3054187192118227,0.7996713429729827,0.03397391901166781,0.6771300448430493,0.021497751467332085,0.04798975016925117,0.5611656082701922,0.09648350016925118,0.0734375,0.089375
access_error_taxonomy,symmetric_random,0.15,5,1000,3200,caq_strong_shrinkage,0.06364710005669423,0.2280754035190286,0.911875,0.3054187192118227,0.7996713429729827,0.03397391901166781,0.6771300448430493,0.020382975600972245,0.04726873836696707,0.5761443832383595,0.09576248836696707,0.0734375,0.089375
access_error_taxonomy,symmetric_random,0.2,5,1000,3200,conserved_quotient,0.07036950545359323,0.2556135987103505,0.9265625,0.0,0.7507172329661655,0.0,1.0,0.02099091043348985,0.061343761259631,0.47019547373117204,0.103337511259631,0.0734375,0.089375
access_error_taxonomy,symmetric_random,0.2,5,1000,3200,caq_strong_shrinkage,0.06986625807965618,0.25520407390129873,0.9265625,0.0,0.7507172329661655,0.0,1.0,0.020274004360408868,0.06104052738906967,0.4777702908574876,0.10303427738906965,0.0734375,0.089375
access_error_taxonomy,symmetric_random,0.3,5,1000,3200,conserved_quotient,0.0749122962008292,0.28799548300064975,0.9265625,0.0,0.6683018190951168,0.0,1.0,0.01877388103643061,0.07245463249228337,0.3596292395113905,0.10240463249228338,0.0734375,0.089375
access_error_taxonomy,symmetric_random,0.3,5,1000,3200,caq_strong_shrinkage,0.07442108545600933,0.2876274448999342,0.9265625,0.0,0.6683018190951168,0.0,1.0,0.01817429037057724,0.07258446104117239,0.36492516513855194,0.10253446104117242,0.0734375,0.089375
access_error_taxonomy,false_access_only,0.0,5,1000,3200,conserved_quotient,0.027749322314145623,0.11793692868003273,0.968125,0.777292576419214,0.9069154318108428,0.0,0.0,1.71407765050464e-32,0.009651171043279607,1.074836858446672,0.06392798120585536,0.0734375,0.089375
access_error_taxonomy,false_access_only,0.0,5,1000,3200,caq_strong_shrinkage,0.028294480521166992,0.11954298205462006,0.968125,0.777292576419214,0.9069154318108428,0.0,0.0,3.851859888774472e-33,0.013376865438314983,1.1239350917271276,0.06263978681081998,0.0734375,0.089375
access_error_taxonomy,false_access_only,0.02,5,1000,3200,conserved_quotient,0.036062740453727676,0.13943700803580122,0.9528125,0.7021696252465484,0.894037530049155,0.016815374056280027,0.0,6.933347799794049e-33,0.013895937899060806,0.916338692672221,0.0732543925856368,0.0734375,0.089375
access_error_taxonomy,false_access_only,0.02,5,1000,3200,caq_strong_shrinkage,0.036040250230661465,0.13941161321669632,0.9528125,0.7021696252465484,0.894037530049155,0.016815374056280027,0.0,6.355568816477878e-33,0.013887282023306989,0.9567133325127819,0.0718813051116883,0.0734375,0.089375
access_error_taxonomy,false_access_only,0.05,5,1000,3200,conserved_quotient,0.04488632232774171,0.16114262016728614,0.93125,0.6193771626297578,0.881527035269635,0.04118050789293068,0.0,3.0814879110195774e-33,0.021869693726248217,0.7833621359662714,0.0844321937262482,0.0734375,0.089375
access_error_taxonomy,false_access_only,0.05,5,1000,3200,caq_strong_shrinkage,0.04442917398689708,0.1602756796739754,0.93125,0.6193771626297578,0.881527035269635,0.04118050789293068,0.0,6.933347799794049e-33,0.020328108092988663,0.8151578840916731,0.08289060809298865,0.0734375,0.089375
access_error_taxonomy,false_access_only,0.1,5,1000,3200,conserved_quotient,0.05487228985189101,0.18714681328230473,0.89625,0.5202312138728323,0.864729647303649,0.08030199039121483,0.0,9.244463733058732e-33,0.03454583917038865,0.6719534314002077,0.09739583917038865,0.0734375,0.089375
access_error_taxonomy,false_access_only,0.1,5,1000,3200,caq_strong_shrinkage,0.054253861188644184,0.1862904088581572,0.9178125,0.5261261261261261,0.864729647303649,0.05319148936170213,0.2600896860986547,2.5037089277034066e-33,0.033382093366996886,0.6915497268913466,0.0962320933669969,0.0734375,0.089375
access_error_taxonomy,false_access_only,0.15,5,1000,3200,conserved_quotient,0.061018330738883346,0.20457108162232854,0.899375,0.4755700325732899,0.8544623443722866,0.07343857240905971,0.2600896860986547,1.3288916616271927e-32,0.043186121057157356,0.6069055473920925,0.10644237105715736,0.0734375,0.089375
access_error_taxonomy,false_access_only,0.15,5,1000,3200,caq_strong_shrinkage,0.060308193223490944,0.20365698830146692,0.899375,0.4755700325732899,0.8544623443722866,0.07343857240905971,0.2600896860986547,1.7333369499485123e-33,0.04228677382837881,0.6225328349736582,0.10554302382837882,0.0734375,0.089375
access_error_taxonomy,false_access_only,0.2,5,1000,3200,conserved_quotient,0.06720957960076915,0.2248292050095537,0.900625,0.3026315789473684,0.8270072835563848,0.04804392587508579,0.6367713004484304,6.933347799794049e-33,0.055346354026183334,0.5320649857220826,0.11764635402618336,0.0734375,0.089375
access_error_taxonomy,false_access_only,0.2,5,1000,3200,caq_strong_shrinkage,0.06651961004058568,0.22407436149126211,0.900625,0.3026315789473684,0.8270072835563848,0.04804392587508579,0.6367713004484304,3.274080905458301e-33,0.05468196367108886,0.5435692545781011,0.11698196367108883,0.0734375,0.089375
access_error_taxonomy,false_access_only,0.3,5,1000,3200,conserved_quotient,0.071613016611205,0.2405422553976615,0.9265625,0.0,0.809444942772057,0.0,1.0,1.5407439555097887e-33,0.06452350009870757,0.4980292217704855,0.12957350009870758,0.0734375,0.089375
access_error_taxonomy,false_access_only,0.3,5,1000,3200,caq_strong_shrinkage,0.07098605857960796,0.23996039198886876,0.9265625,0.0,0.809444942772057,0.0,1.0,3.0814879110195774e-33,0.06415801368667376,0.4976025714712756,0.12920801368667376,0.0734375,0.089375
access_error_taxonomy,false_blocked_only,0.0,5,1000,3200,conserved_quotient,0.027749322314145623,0.11793692868003273,0.968125,0.777292576419214,0.9069154318108428,0.0,0.0,1.71407765050464e-32,0.009651171043279607,1.074836858446672,0.06392798120585536,0.0734375,0.089375
access_error_taxonomy,false_blocked_only,0.0,5,1000,3200,caq_strong_shrinkage,0.028294480521166992,0.11954298205462006,0.968125,0.777292576419214,0.9069154318108428,0.0,0.0,3.851859888774472e-33,0.013376865438314983,1.1239350917271276,0.06263978681081998,0.0734375,0.089375
access_error_taxonomy,false_blocked_only,0.02,5,1000,3200,conserved_quotient,0.02879030903282085,0.12310823555771457,0.9671875,0.7682119205298014,0.893820817337017,0.0,0.02242152466367713,0.009014304157842129,0.011086234143799011,1.0765964397491015,0.06265726340822057,0.0734375,0.089375
access_error_taxonomy,false_blocked_only,0.02,5,1000,3200,caq_strong_shrinkage,0.029339425957361973,0.12470343866661071,0.9671875,0.7682119205298014,0.893820817337017,0.0,0.02242152466367713,0.007978455630555445,0.01473268577998394,1.1243657348720988,0.06147404007591795,0.0734375,0.089375
access_error_taxonomy,false_blocked_only,0.05,5,1000,3200,conserved_quotient,0.029540063365282587,0.12756859338456655,0.966875,0.7623318385650224,0.8880614258548312,0.0,0.053811659192825115,0.019514737229213472,0.012734148973606484,1.0876186498818199,0.060703351026393515,0.0734375,0.089375
access_error_taxonomy,false_blocked_only,0.05,5,1000,3200,caq_strong_shrinkage,0.03010050162268823,0.12916571864461354,0.966875,0.7623318385650224,0.8880614258548312,0.0,0.053811659192825115,0.017666070965172517,0.016186723641080546,1.1385009110087576,0.05958690942874819,0.0734375,0.089375
access_error_taxonomy,false_blocked_only,0.1,5,1000,3200,conserved_quotient,0.031651855859015955,0.13783566056556196,0.9646875,0.7414187643020596,0.8683879301065623,0.0,0.09417040358744394,0.03329651783942319,0.015044543563644236,1.0860271110943855,0.05839295643635577,0.0734375,0.089375
access_error_taxonomy,false_blocked_only,0.1,5,1000,3200,caq_strong_shrinkage,0.032202680682223275,0.13936541753417014,0.9646875,0.7414187643020596,0.8683879301065623,0.0,0.09417040358744394,0.030401311123192443,0.018381741713626706,1.134404727626375,0.05739188318298208,0.0734375,0.089375
access_error_taxonomy,false_blocked_only,0.15,5,1000,3200,conserved_quotient,0.03359088309508751,0.14757409554740805,0.9628125,0.7213114754098361,0.8503648954110007,0.0,0.13901345291479822,0.04817693269847471,0.016975031935492886,1.0728934192437416,0.056462468064507124,0.0734375,0.089375
access_error_taxonomy,false_blocked_only,0.15,5,1000,3200,caq_strong_shrinkage,0.03412411103176082,0.14909789018177963,0.9628125,0.7213114754098361,0.8503648954110007,0.0,0.13901345291479822,0.043337004591121504,0.020343041760093675,1.1279442255504082,0.055257107459373726,0.0734375,0.089375
access_error_taxonomy,false_blocked_only,0.2,5,1000,3200,conserved_quotient,0.03579109306797188,0.15879716817470604,0.9609375,0.7002398081534772,0.8283635319866528,0.0,0.18385650224215247,0.06048368782139043,0.019646297570464613,1.0693314112417605,0.05421727621808163,0.0734375,0.089375
access_error_taxonomy,false_blocked_only,0.2,5,1000,3200,caq_strong_shrinkage,0.036346316538197865,0.16034377707470765,0.9609375,0.7002398081534772,0.8283635319866528,0.0,0.18385650224215247,0.05464228671563165,0.02319412322564856,1.120934643876505,0.05309910364659814,0.0734375,0.089375
access_error_taxonomy,false_blocked_only,0.3,5,1000,3200,conserved_quotient,0.041930489862456656,0.18923122451831545,0.9546875,0.6272493573264781,0.7763338236877041,0.0,0.3094170403587444,0.08158386269194504,0.02663924152214948,1.0584657271937843,0.04679825847785052,0.0734375,0.089375
access_error_taxonomy,false_blocked_only,0.3,5,1000,3200,caq_strong_shrinkage,0.042350267953884906,0.1903762329629782,0.9546875,0.6272493573264781,0.7763338236877041,0.0,0.3094170403587444,0.07331990755999493,0.02920500898495654,1.1175580040778712,0.04592972980166518,0.0734375,0.089375
access_error_taxonomy,structured_margin,0.0,5,1000,3200,conserved_quotient,0.027749322314145623,0.11793692868003273,0.968125,0.777292576419214,0.9069154318108428,0.0,0.0,1.71407765050464e-32,0.009651171043279607,1.074836858446672,0.06392798120585536,0.0734375,0.089375
access_error_taxonomy,structured_margin,0.0,5,1000,3200,caq_strong_shrinkage,0.028294480521166992,0.11954298205462006,0.968125,0.777292576419214,0.9069154318108428,0.0,0.0,3.851859888774472e-33,0.013376865438314983,1.1239350917271276,0.06263978681081998,0.0734375,0.089375
access_error_taxonomy,structured_margin,0.02,5,1000,3200,conserved_quotient,0.03598955551104809,0.14090679546099838,0.9525,0.6972111553784861,0.8869635104589,0.016815374056280027,0.02242152466367713,0.008467516129274188,0.011664553659653841,0.9188493884557437,0.07232080365965383,0.0734375,0.089375
access_error_taxonomy,structured_margin,0.02,5,1000,3200,caq_strong_shrinkage,0.036145055958872956,0.1414678396735896,0.9525,0.6972111553784861,0.8869635104589,0.016815374056280027,0.02242152466367713,0.007521459859171456,0.013412554475191915,0.9553853527916958,0.0710508546482023,0.0734375,0.089375
access_error_taxonomy,structured_margin,0.05,5,1000,3200,conserved_quotient,0.04448078873008849,0.16474637853829147,0.93375,0.6173285198555957,0.8726418140719745,0.03706245710363761,0.053811659192825115,0.01641665390212063,0.021576816753023274,0.8016841942134558,0.07989556675302327,0.0734375,0.089375
access_error_taxonomy,structured_margin,0.05,5,1000,3200,caq_strong_shrinkage,0.04421584423635462,0.1643377330951993,0.93375,0.6173285198555957,0.8726418140719745,0.03706245710363761,0.053811659192825115,0.014945888535299653,0.020429360938885102,0.8328298125750372,0.07874811093888509,0.0734375,0.089375
access_error_taxonomy,structured_margin,0.1,5,1000,3200,conserved_quotient,0.057015852344050995,0.2010948630524938,0.89875,0.5045871559633027,0.8359499120950091,0.07481125600549074,0.09865470852017937,0.023543285174257536,0.03847930088870146,0.6429350847435961,0.09280430088870144,0.0734375,0.089375
access_error_taxonomy,structured_margin,0.1,5,1000,3200,caq_strong_shrinkage,0.056201895242671836,0.19985532777859752,0.89875,0.5045871559633027,0.8359499120950091,0.07481125600549074,0.09865470852017937,0.021508660267788842,0.03717685681127819,0.666534361518351,0.09150185681127819,0.0734375,0.089375
access_error_taxonomy,structured_margin,0.15,5,1000,3200,conserved_quotient,0.06609015346248141,0.23135908086798948,0.8975,0.4402730375426621,0.8062200853934197,0.0720658888126287,0.36771300448430494,0.02870621074828472,0.05503825272232719,0.536927645942836,0.10472575272232718,0.0734375,0.089375
access_error_taxonomy,structured_margin,0.15,5,1000,3200,caq_strong_shrinkage,0.06475177912159082,0.2292435311129314,0.8975,0.4402730375426621,0.8062200853934197,0.0720658888126287,0.36771300448430494,0.025972897327285645,0.05340797700912743,0.5580444331349113,0.10309547700912745,0.0734375,0.089375
access_error_taxonomy,structured_margin,0.2,5,1000,3200,conserved_quotient,0.0742936536935287,0.26011727002407703,0.90625,0.29245283018867924,0.7696946647052492,0.0425531914893617,0.7085201793721974,0.0334398169857007,0.06960528846153846,0.4360149105273137,0.11356778846153848,0.0734375,0.089375
access_error_taxonomy,structured_margin,0.2,5,1000,3200,caq_strong_shrinkage,0.0720886027666722,0.25636419808930677,0.90625,0.29245283018867924,0.7696946647052492,0.0425531914893617,0.7085201793721974,0.029771186592372503,0.06779211107769476,0.4575941752255262,0.11175461107769476,0.0734375,0.089375
access_error_taxonomy,structured_margin,0.3,5,1000,3200,conserved_quotient,0.08388140504574793,0.3028928690273439,0.8878125,0.2178649237472767,0.6873208711563992,0.05868222374742622,0.7623318385650224,0.034920231089070775,0.09106046438950566,0.3169970002077238,0.12200421438950565,0.0734375,0.089375
access_error_taxonomy,structured_margin,0.3,5,1000,3200,caq_strong_shrinkage,0.08119074113760312,0.29893515026959144,0.8878125,0.2178649237472767,0.6873208711563992,0.05868222374742622,0.7623318385650224,0.031025457184292574,0.08965898180700851,0.33157853871528936,0.12060273180700852,0.0734375,0.089375
access_error_taxonomy,symmetric_random,0.0,6,1000,3200,conserved_quotient,0.03339390770364407,0.1439225987851395,0.9625,0.726027397260274,0.8454273747560183,0.0,0.0,1.2518544638517033e-32,0.014673186361130788,0.9456190243028054,0.06546693636113078,0.0725,0.0853125
access_error_taxonomy,symmetric_random,0.0,6,1000,3200,caq_strong_shrinkage,0.034051383032238855,0.1453887881568296,0.9625,0.726027397260274,0.8454273747560183,0.0,0.0,6.933347799794049e-33,0.016958002507488808,0.946166958670406,0.06637239385244524,0.0725,0.0853125
access_error_taxonomy,symmetric_random,0.02,6,1000,3200,conserved_quotient,0.043877247619205854,0.1719343976727024,0.945,0.6408163265306123,0.8309148155032996,0.019815510761872223,0.02912621359223301,0.013886986650525924,0.02790180446878195,0.7698091108325565,0.07701430446878196,0.0725,0.0853125
access_error_taxonomy,symmetric_random,0.02,6,1000,3200,caq_strong_shrinkage,0.04445114060749469,0.17303940907361295,0.945,0.6408163265306123,0.8309148155032996,0.019815510761872223,0.02912621359223301,0.01289796238192598,0.029069211450037713,0.7689612060884511,0.07818171145003772,0.0725,0.0853125
access_error_taxonomy,symmetric_random,0.05,6,1000,3200,conserved_quotient,0.052863845266030565,0.19540939400972454,0.92625,0.5693430656934306,0.8218439213681569,0.040655961735565425,0.043689320388349516,0.016695655341311934,0.03883435212518299,0.659497554122028,0.086846852125183,0.0725,0.0853125
access_error_taxonomy,symmetric_random,0.05,6,1000,3200,caq_strong_shrinkage,0.053290807114452644,0.1962156673705126,0.92625,0.5693430656934306,0.8218439213681569,0.040655961735565425,0.043689320388349516,0.016141913403398104,0.040241517541223654,0.6594495840577704,0.08825401754122364,0.0725,0.0853125
access_error_taxonomy,symmetric_random,0.1,6,1000,3200,conserved_quotient,0.06407397245707329,0.22744624221283702,0.89375,0.46875,0.7837174110047402,0.07584557567475231,0.0970873786407767,0.026042393471458904,0.05285941929219004,0.5420838826215167,0.09698441929219005,0.0725,0.0853125
access_error_taxonomy,symmetric_random,0.1,6,1000,3200,caq_strong_shrinkage,0.06386534432861728,0.2274687777120885,0.89375,0.46875,0.7837174110047402,0.07584557567475231,0.0970873786407767,0.025379569264294143,0.05405388724330118,0.5466004771084166,0.09817888724330118,0.0725,0.0853125
access_error_taxonomy,symmetric_random,0.15,6,1000,3200,conserved_quotient,0.07238351160839732,0.25588788581910543,0.8871875,0.37435008665511266,0.7585640510270472,0.07755380936112061,0.42718446601941745,0.030605295085722347,0.06730101478056182,0.45245807613460165,0.10621976478056183,0.0725,0.0853125
access_error_taxonomy,symmetric_random,0.15,6,1000,3200,caq_strong_shrinkage,0.07204854223813578,0.25608629333511074,0.8871875,0.37435008665511266,0.7585640510270472,0.07755380936112061,0.42718446601941745,0.029897049248096802,0.06845506911956745,0.4557698260277226,0.10737381911956746,0.0725,0.0853125
access_error_taxonomy,symmetric_random,0.2,6,1000,3200,conserved_quotient,0.07803182643842169,0.2804011881668661,0.86125,0.3169230769230769,0.7200468793568175,0.1059104885548343,0.47572815533980584,0.03181546571912398,0.07962633063780689,0.3782072727538651,0.11265133063780688,0.0725,0.0853125
access_error_taxonomy,symmetric_random,0.2,6,1000,3200,caq_strong_shrinkage,0.07752227669948929,0.28050740748982655,0.86125,0.3169230769230769,0.7200468793568175,0.1059104885548343,0.47572815533980584,0.030958979267117406,0.08054658545293095,0.38108484486886085,0.11357158545293096,0.0725,0.0853125
access_error_taxonomy,symmetric_random,0.3,6,1000,3200,conserved_quotient,0.08425343019025767,0.3125977941679236,0.9275,0.0,0.6571358862347801,0.0,1.0,0.02770135777486433,0.09736560398132686,0.2705102550038569,0.12364060398132688,0.0725,0.0853125
access_error_taxonomy,symmetric_random,0.3,6,1000,3200,caq_strong_shrinkage,0.08353371102962487,0.31242950301655703,0.9275,0.0,0.6571358862347801,0.0,1.0,0.026920916711071167,0.0982001282428783,0.2724258544921249,0.12447512824287829,0.0725,0.0853125
access_error_taxonomy,false_access_only,0.0,6,1000,3200,conserved_quotient,0.03339390770364407,0.1439225987851395,0.9625,0.726027397260274,0.8454273747560183,0.0,0.0,1.2518544638517033e-32,0.014673186361130788,0.9456190243028054,0.06546693636113078,0.0725,0.0853125
access_error_taxonomy,false_access_only,0.0,6,1000,3200,caq_strong_shrinkage,0.034051383032238855,0.1453887881568296,0.9625,0.726027397260274,0.8454273747560183,0.0,0.0,6.933347799794049e-33,0.016958002507488808,0.946166958670406,0.06637239385244524,0.0725,0.0853125
access_error_taxonomy,false_access_only,0.02,6,1000,3200,conserved_quotient,0.04361565675938626,0.16949554229544347,0.945,0.6451612903225806,0.8351627126126964,0.019815510761872223,0.0,3.0814879110195774e-33,0.027453235684485964,0.767319192402082,0.07840323568448598,0.0725,0.0853125
access_error_taxonomy,false_access_only,0.02,6,1000,3200,caq_strong_shrinkage,0.04415444486746998,0.17044468352677214,0.945,0.6451612903225806,0.8351627126126964,0.019815510761872223,0.0,6.933347799794049e-33,0.02860679101349883,0.7671593928084803,0.07955679101349883,0.0725,0.0853125
access_error_taxonomy,false_access_only,0.05,6,1000,3200,conserved_quotient,0.052286637757406995,0.1903276056864916,0.9271875,0.5816876122082585,0.8334693628590018,0.040655961735565425,0.0,3.851859888774472e-33,0.03837902518306964,0.6591539314914578,0.09007277518306964,0.0725,0.0853125
access_error_taxonomy,false_access_only,0.05,6,1000,3200,caq_strong_shrinkage,0.0527194770659297,0.19102457296918415,0.9271875,0.5816876122082585,0.8334693628590018,0.040655961735565425,0.0,3.851859888774472e-33,0.03976182131364438,0.6591245284112545,0.09145557131364436,0.0725,0.0853125
access_error_taxonomy,false_access_only,0.1,6,1000,3200,conserved_quotient,0.06319481861476918,0.21634425651786082,0.89625,0.49696969696969695,0.8201026466214332,0.07584557567475231,0.0,1.2518544638517033e-32,0.05228358366569287,0.5510283582309337,0.10499608366569287,0.0725,0.0853125
access_error_taxonomy,false_access_only,0.1,6,1000,3200,caq_strong_shrinkage,0.06310985041076074,0.21643847948695324,0.89625,0.49696969696969695,0.8201026466214332,0.07584557567475231,0.0,1.3096323621833204e-32,0.05357366856725623,0.554534675341372,0.10628616856725624,0.0725,0.0853125
access_error_taxonomy,false_access_only,0.15,6,1000,3200,conserved_quotient,0.07135926217121455,0.23784063754759197,0.889375,0.4080267558528428,0.8123809136536853,0.07755380936112061,0.32524271844660196,0.0,0.06588665620310864,0.48155217947735857,0.11892415620310862,0.0725,0.0853125
access_error_taxonomy,false_access_only,0.15,6,1000,3200,caq_strong_shrinkage,0.07115888399698037,0.23818413547134853,0.889375,0.4080267558528428,0.8123809136536853,0.07755380936112061,0.32524271844660196,4.044452883213195e-33,0.06725148748315117,0.4841747459158864,0.12028898748315116,0.0725,0.0853125
access_error_taxonomy,false_access_only,0.2,6,1000,3200,conserved_quotient,0.07852522618550195,0.258018648421089,0.8646875,0.3641703377386197,0.7924354029184868,0.1059104885548343,0.32524271844660196,3.0814879110195774e-33,0.07963646808936879,0.4222436554055224,0.13291771808936875,0.0725,0.0853125
access_error_taxonomy,false_access_only,0.2,6,1000,3200,caq_strong_shrinkage,0.07809033518814416,0.25827005640570133,0.8646875,0.3641703377386197,0.7924354029184868,0.1059104885548343,0.32524271844660196,9.62964972193618e-34,0.08090209132192945,0.4257144391025234,0.13418334132192944,0.0725,0.0853125
access_error_taxonomy,false_access_only,0.3,6,1000,3200,conserved_quotient,0.0890406427664603,0.28817184114468225,0.820625,0.30843373493975906,0.765973545403848,0.15681585240860949,0.32524271844660196,7.125940794232773e-33,0.10243731278527768,0.3511701592101634,0.15817481278527762,0.0725,0.0853125
access_error_taxonomy,false_access_only,0.3,6,1000,3200,caq_strong_shrinkage,0.08821390665214374,0.2880014777799967,0.87125,0.23985239852398524,0.765973545403848,0.08131192347113085,0.6504854368932039,7.703719777548943e-34,0.10367214790272879,0.3512132668334035,0.15940964790272877,0.0725,0.0853125
access_error_taxonomy,false_blocked_only,0.0,6,1000,3200,conserved_quotient,0.03339390770364407,0.1439225987851395,0.9625,0.726027397260274,0.8454273747560183,0.0,0.0,1.2518544638517033e-32,0.014673186361130788,0.9456190243028054,0.06546693636113078,0.0725,0.0853125
access_error_taxonomy,false_blocked_only,0.0,6,1000,3200,caq_strong_shrinkage,0.034051383032238855,0.1453887881568296,0.9625,0.726027397260274,0.8454273747560183,0.0,0.0,6.933347799794049e-33,0.016958002507488808,0.946166958670406,0.06637239385244524,0.0725,0.0853125
access_error_taxonomy,false_blocked_only,0.02,6,1000,3200,conserved_quotient,0.03356287212961074,0.14607349315868015,0.9625,0.7222222222222222,0.841512048052793,0.0,0.02912621359223301,0.015070932944838624,0.015229310265924768,0.9555222391693147,0.06401383762237113,0.0725,0.0853125
access_error_taxonomy,false_blocked_only,0.02,6,1000,3200,caq_strong_shrinkage,0.03427779312875579,0.14779346452670583,0.9625,0.7222222222222222,0.841512048052793,0.0,0.02912621359223301,0.013917453555110836,0.01845864962562446,0.9552949510021904,0.06494992128938976,0.0725,0.0853125
access_error_taxonomy,false_blocked_only,0.05,6,1000,3200,conserved_quotient,0.03429385780221533,0.14971422728526343,0.9615625,0.7132867132867133,0.8336712287387303,0.0,0.043689320388349516,0.020052832054157126,0.016557429468519774,0.9579752350204638,0.06261438302939931,0.0725,0.0853125
access_error_taxonomy,false_blocked_only,0.05,6,1000,3200,caq_strong_shrinkage,0.03497402028430646,0.15138751417565416,0.9615625,0.7132867132867133,0.8336712287387303,0.0,0.043689320388349516,0.019274835752420495,0.019324357551226495,0.9598305090243474,0.06353612053742172,0.0725,0.0853125
access_error_taxonomy,false_blocked_only,0.1,6,1000,3200,conserved_quotient,0.035926009703655504,0.1586887190423789,0.96,0.69377990430622,0.8135674202992843,0.0,0.0970873786407767,0.04105810497111436,0.018614010401207158,0.9678769946384709,0.05908045177035765,0.0725,0.0853125
access_error_taxonomy,false_blocked_only,0.1,6,1000,3200,caq_strong_shrinkage,0.036521965036118945,0.16023280626815872,0.96,0.69377990430622,0.8135674202992843,0.0,0.0970873786407767,0.03973798897434876,0.02178279269347059,0.9726826446197911,0.05989944029789273,0.0725,0.0853125
access_error_taxonomy,false_blocked_only,0.15,6,1000,3200,conserved_quotient,0.0378677702915424,0.16927182308089847,0.9584375,0.671604938271605,0.8001353517984943,0.0,0.16019417475728157,0.06159484538707088,0.021518469178087474,0.9783137938570016,0.05557104747250473,0.0725,0.0853125
access_error_taxonomy,false_blocked_only,0.15,6,1000,3200,caq_strong_shrinkage,0.03847204423396219,0.17079308166635748,0.9584375,0.671604938271605,0.8001353517984943,0.0,0.16019417475728157,0.05932168812419178,0.0242924679856401,0.9812435677239272,0.05641348484413204,0.0725,0.0853125
access_error_taxonomy,false_blocked_only,0.2,6,1000,3200,conserved_quotient,0.039859003051024626,0.1805165582092247,0.956875,0.6461538461538462,0.772164583139697,0.0,0.23300970873786409,0.07909449601129906,0.02460338523793181,1.0023143486923944,0.05131131963509494,0.0725,0.0853125
access_error_taxonomy,false_blocked_only,0.2,6,1000,3200,caq_strong_shrinkage,0.04047533624041268,0.18207607578718488,0.956875,0.6461538461538462,0.772164583139697,0.0,0.23300970873786409,0.07614009574631882,0.027533789145794758,1.0039874977496939,0.052101535610708204,0.0725,0.0853125
access_error_taxonomy,false_blocked_only,0.3,6,1000,3200,conserved_quotient,0.04343674546642713,0.19868837209719759,0.9534375,0.5983827493261455,0.7401550446138117,0.0,0.32524271844660196,0.09709019544861724,0.028798674041182575,1.0042073552422586,0.04625515718321989,0.0725,0.0853125
access_error_taxonomy,false_blocked_only,0.3,6,1000,3200,caq_strong_shrinkage,0.0440100663467881,0.20009794264041972,0.9534375,0.5983827493261455,0.7401550446138117,0.0,0.32524271844660196,0.0940820170819182,0.03159603787709937,1.0052333867466643,0.04695350096517407,0.0725,0.0853125
access_error_taxonomy,structured_margin,0.0,6,1000,3200,conserved_quotient,0.03339390770364407,0.1439225987851395,0.9625,0.726027397260274,0.8454273747560183,0.0,0.0,1.2518544638517033e-32,0.014673186361130788,0.9456190243028054,0.06546693636113078,0.0725,0.0853125
access_error_taxonomy,structured_margin,0.0,6,1000,3200,caq_strong_shrinkage,0.034051383032238855,0.1453887881568296,0.9625,0.726027397260274,0.8454273747560183,0.0,0.0,6.933347799794049e-33,0.016958002507488808,0.946166958670406,0.06637239385244524,0.0725,0.0853125
access_error_taxonomy,structured_margin,0.02,6,1000,3200,conserved_quotient,0.04081693955808454,0.16473339426037914,0.9503125,0.6624203821656051,0.8350886467143787,0.013324222753672703,0.02912621359223301,0.013786117915743504,0.02405126316842778,0.82029939737635,0.07268876316842776,0.0725,0.0853125
access_error_taxonomy,structured_margin,0.02,6,1000,3200,caq_strong_shrinkage,0.04142877285126248,0.16599463834641642,0.9503125,0.6624203821656051,0.8350886467143787,0.013324222753672703,0.02912621359223301,0.012826225324747538,0.02507575837574629,0.8206562745491378,0.07371325837574629,0.0725,0.0853125
access_error_taxonomy,structured_margin,0.05,6,1000,3200,conserved_quotient,0.0519534450261277,0.19398492688118352,0.929375,0.5767790262172284,0.8160101426712519,0.036897847625555175,0.05825242718446602,0.022362153075237458,0.037788400216164336,0.6705107378978354,0.08465090021616431,0.0725,0.0853125
access_error_taxonomy,structured_margin,0.05,6,1000,3200,caq_strong_shrinkage,0.05228826409781748,0.1947533951661307,0.929375,0.5767790262172284,0.8160101426712519,0.036897847625555175,0.05825242718446602,0.021601341390496364,0.0389394941839702,0.6709675021331084,0.08580199418397019,0.0725,0.0853125
access_error_taxonomy,structured_margin,0.1,6,1000,3200,conserved_quotient,0.0672075735852886,0.23794636480773745,0.8940625,0.46445497630331756,0.7763892438888372,0.07516228220020499,0.12135922330097088,0.0354898038863639,0.059754835518243066,0.5089780591682865,0.10139858551824305,0.0725,0.0853125
access_error_taxonomy,structured_margin,0.1,6,1000,3200,caq_strong_shrinkage,0.0671991352263875,0.23804581850219364,0.8940625,0.46445497630331756,0.7763892438888372,0.07516228220020499,0.12135922330097088,0.03412890170443012,0.06121547950193909,0.5101787780381631,0.10285922950193907,0.0725,0.0853125
access_error_taxonomy,structured_margin,0.15,6,1000,3200,conserved_quotient,0.07830885380852369,0.2730396530460189,0.888125,0.3674911660777385,0.7402872014127707,0.07482063546293133,0.441747572815534,0.041098170965909106,0.07794919476561071,0.4043523878922476,0.11378044476561072,0.0725,0.0853125
access_error_taxonomy,structured_margin,0.15,6,1000,3200,caq_strong_shrinkage,0.07803676372847018,0.27303722208643044,0.888125,0.3674911660777385,0.7402872014127707,0.07482063546293133,0.441747572815534,0.039500114559093386,0.07966900040009844,0.4048026452284448,0.11550025040009843,0.0725,0.0853125
access_error_taxonomy,structured_margin,0.2,6,1000,3200,conserved_quotient,0.08743492989300292,0.301938060511849,0.8615625,0.31317829457364343,0.7067106608420857,0.10522719508028698,0.49029126213592233,0.04575700738141891,0.09431946473641292,0.32457605901006437,0.12623821473641295,0.0725,0.0853125
access_error_taxonomy,structured_margin,0.2,6,1000,3200,caq_strong_shrinkage,0.08672863036806727,0.3013153966859917,0.8615625,0.31317829457364343,0.7067106608420857,0.10522719508028698,0.49029126213592233,0.043839062129769145,0.09623092417416212,0.3259732476715634,0.1281496741741621,0.0725,0.0853125
access_error_taxonomy,structured_margin,0.3,6,1000,3200,conserved_quotient,0.0903227406186616,0.3221601368398248,0.8340625,0.26556016597510373,0.6696602844130496,0.13734198838401093,0.5679611650485437,0.04291993988661219,0.10699406799269416,0.26655467254348203,0.13296906799269415,0.0725,0.0853125
access_error_taxonomy,structured_margin,0.3,6,1000,3200,caq_strong_shrinkage,0.09053588487158898,0.3237425640054001,0.8340625,0.26556016597510373,0.6696602844130496,0.13734198838401093,0.5679611650485437,0.042500676819750664,0.10945704407040799,0.25765911959350346,0.13543204407040796,0.0725,0.0853125
access_error_taxonomy,symmetric_random,0.0,7,1000,3200,conserved_quotient,0.029740314044257116,0.12459507911904222,0.9659375,0.7410926365795725,0.8701845637583893,0.0,0.0,3.774822690998982e-32,0.010933677012994062,0.994303941028754,0.06508608325987311,0.06875,0.0940625
access_error_taxonomy,symmetric_random,0.0,7,1000,3200,caq_strong_shrinkage,0.030525878085394816,0.1266585029481156,0.9659375,0.7410926365795725,0.8701845637583893,0.0,0.0,6.162975822039155e-33,0.014277302399890321,1.007018628300076,0.06540351310813107,0.06875,0.0940625
access_error_taxonomy,symmetric_random,0.02,7,1000,3200,conserved_quotient,0.03516103306212671,0.14198216839432176,0.956875,0.6891891891891891,0.8515070164734594,0.009658502932045532,0.024875621890547265,0.00929788465255022,0.014046128802483933,0.9288947370665332,0.06744394419018984,0.06875,0.0940625
access_error_taxonomy,symmetric_random,0.02,7,1000,3200,caq_strong_shrinkage,0.035885870894917404,0.14383336539777972,0.956875,0.6891891891891891,0.8515070164734594,0.009658502932045532,0.024875621890547265,0.00895947601279946,0.017053282637154544,0.939978304350714,0.06777145624969838,0.06875,0.0940625
access_error_taxonomy,symmetric_random,0.05,7,1000,3200,conserved_quotient,0.04350669929480338,0.1660894620539886,0.938125,0.6024096385542169,0.8341381940207444,0.030355294929285962,0.05472636815920398,0.01607848955791502,0.02241528369489034,0.8201377218355902,0.07299653369489034,0.06875,0.0940625
access_error_taxonomy,symmetric_random,0.05,7,1000,3200,caq_strong_shrinkage,0.04403699458052593,0.1675765958144337,0.938125,0.6024096385542169,0.8341381940207444,0.030355294929285962,0.05472636815920398,0.015619321780598517,0.022868589556986514,0.819823842152112,0.07344983955698653,0.06875,0.0940625
access_error_taxonomy,symmetric_random,0.1,7,1000,3200,conserved_quotient,0.05551875150010582,0.20278782130331546,0.9125,0.4190871369294606,0.795166259914582,0.048982407726802346,0.40298507462686567,0.019691432510398555,0.03851827288286627,0.6385201177913042,0.08390577288286626,0.06875,0.0940625
access_error_taxonomy,symmetric_random,0.1,7,1000,3200,caq_strong_shrinkage,0.055502246074626484,0.20328898485003846,0.9125,0.4190871369294606,0.795166259914582,0.048982407726802346,0.40298507462686567,0.018989749611164657,0.03877110178544552,0.6424198805851588,0.08415860178544551,0.06875,0.0940625
access_error_taxonomy,symmetric_random,0.15,7,1000,3200,conserved_quotient,0.059887415142516914,0.21738080165761367,0.9140625,0.30025445292620867,0.7858328248932276,0.03863401172818213,0.6965174129353234,0.01986407332212916,0.04452422585250176,0.5855426310319268,0.08965547585250175,0.06875,0.0940625
access_error_taxonomy,symmetric_random,0.15,7,1000,3200,caq_strong_shrinkage,0.059779980278142394,0.2179558692952521,0.9140625,0.30025445292620867,0.7858328248932276,0.03863401172818213,0.6965174129353234,0.01907488732247556,0.044898053061143035,0.5910012770127906,0.09002930306114303,0.06875,0.0940625
access_error_taxonomy,symmetric_random,0.2,7,1000,3200,conserved_quotient,0.06400280334556424,0.2350192210414962,0.93125,0.0,0.7575930445393533,0.0,1.0,0.018423388532735226,0.05109057304438899,0.5111039931786887,0.09292807304438899,0.06875,0.0940625
access_error_taxonomy,symmetric_random,0.2,7,1000,3200,caq_strong_shrinkage,0.06366629501775192,0.2350969434745827,0.93125,0.0,0.7575930445393533,0.0,1.0,0.017663859614640603,0.051218052372449765,0.5195190362783851,0.09305555237244975,0.06875,0.0940625
access_error_taxonomy,symmetric_random,0.3,7,1000,3200,conserved_quotient,0.06873324528394115,0.2637163349507615,0.93125,0.0,0.7047635753508237,0.0,1.0,0.015242712745570182,0.06236012634398924,0.39506390976043254,0.09629762634398925,0.06875,0.0940625
access_error_taxonomy,symmetric_random,0.3,7,1000,3200,caq_strong_shrinkage,0.06832592241566074,0.26360999700058035,0.93125,0.0,0.7047635753508237,0.0,1.0,0.014742323712811943,0.062521511756023,0.40165607611069676,0.096459011756023,0.06875,0.0940625
access_error_taxonomy,false_access_only,0.0,7,1000,3200,conserved_quotient,0.029740314044257116,0.12459507911904222,0.9659375,0.7410926365795725,0.8701845637583893,0.0,0.0,3.774822690998982e-32,0.010933677012994062,0.994303941028754,0.06508608325987311,0.06875,0.0940625
access_error_taxonomy,false_access_only,0.0,7,1000,3200,caq_strong_shrinkage,0.030525878085394816,0.1266585029481156,0.9659375,0.7410926365795725,0.8701845637583893,0.0,0.0,6.162975822039155e-33,0.014277302399890321,1.007018628300076,0.06540351310813107,0.06875,0.0940625
access_error_taxonomy,false_access_only,0.02,7,1000,3200,conserved_quotient,0.03458919068806358,0.13733598035695954,0.9571875,0.6948775055679287,0.8662385600976205,0.009658502932045532,0.0,1.8488927466117464e-32,0.01307252369559831,0.9188946860927475,0.0696725236955983,0.06875,0.0940625
access_error_taxonomy,false_access_only,0.02,7,1000,3200,caq_strong_shrinkage,0.035249865690496145,0.13896659573919304,0.9571875,0.6948775055679287,0.8662385600976205,0.009658502932045532,0.0,3.158525108795067e-32,0.015354426905374712,0.9290557542588955,0.07005684245918462,0.06875,0.0940625
access_error_taxonomy,false_access_only,0.05,7,1000,3200,conserved_quotient,0.042288669613927105,0.15670988139101713,0.9390625,0.6168958742632613,0.8579148871262965,0.030355294929285962,0.0,6.933347799794049e-33,0.020909214053493625,0.8121656769748514,0.07762171405349362,0.06875,0.0940625
access_error_taxonomy,false_access_only,0.05,7,1000,3200,caq_strong_shrinkage,0.04274212099422904,0.15793904995273253,0.9390625,0.6168958742632613,0.8579148871262965,0.030355294929285962,0.0,2.850376317693109e-32,0.021395887856143984,0.8122284923191275,0.07810838785614399,0.06875,0.0940625
access_error_taxonomy,false_access_only,0.1,7,1000,3200,conserved_quotient,0.0537590777519282,0.18653919727476456,0.9040625,0.507223113964687,0.8365649786455156,0.06967919972404277,0.0,3.274080905458301e-33,0.0359584446409586,0.6483779416063926,0.09240844464095861,0.06875,0.0940625
access_error_taxonomy,false_access_only,0.1,7,1000,3200,caq_strong_shrinkage,0.05359006977616976,0.18656810205841817,0.9040625,0.507223113964687,0.8365649786455156,0.06967919972404277,0.0,1.8488927466117464e-32,0.03610520195160131,0.6572378248481563,0.0925552019516013,0.06875,0.0940625
access_error_taxonomy,false_access_only,0.15,7,1000,3200,conserved_quotient,0.059552518246703025,0.20163980878830665,0.915,0.32673267326732675,0.8311028065893837,0.03863401172818213,0.6417910447761194,4.8148248609680896e-33,0.04481766498112312,0.581824665272438,0.10344891498112312,0.06875,0.0940625
access_error_taxonomy,false_access_only,0.15,7,1000,3200,caq_strong_shrinkage,0.0592016134397902,0.20149510398036,0.915,0.32673267326732675,0.8311028065893837,0.03863401172818213,0.6417910447761194,4.622231866529366e-33,0.044867582827861574,0.5904498480476765,0.10349883282786157,0.06875,0.0940625
access_error_taxonomy,false_access_only,0.2,7,1000,3200,conserved_quotient,0.06409025295574612,0.2152035552619532,0.9034375,0.30248306997742663,0.8288926174496645,0.05208692652638841,0.6417910447761194,2.311115933264683e-33,0.05265949400814702,0.5268748178238186,0.11229699400814702,0.06875,0.0940625
access_error_taxonomy,false_access_only,0.2,7,1000,3200,caq_strong_shrinkage,0.06356023720960105,0.21479074098642553,0.9034375,0.30248306997742663,0.8288926174496645,0.05208692652638841,0.6417910447761194,1.0014835710813626e-32,0.05263638544404045,0.5362099599708271,0.11227388544404043,0.06875,0.0940625
access_error_taxonomy,false_access_only,0.3,7,1000,3200,conserved_quotient,0.0698964946430308,0.23535223540855668,0.93125,0.0,0.8050045759609518,0.0,1.0,7.703719777548943e-34,0.0663397006292135,0.46043553606595594,0.12851470062921347,0.06875,0.0940625
access_error_taxonomy,false_access_only,0.3,7,1000,3200,caq_strong_shrinkage,0.06935866059952094,0.2350332295386717,0.93125,0.0,0.8050045759609518,0.0,1.0,4.044452883213195e-33,0.06639867576946562,0.46842937321430567,0.12857367576946563,0.06875,0.0940625
access_error_taxonomy,false_blocked_only,0.0,7,1000,3200,conserved_quotient,0.029740314044257116,0.12459507911904222,0.9659375,0.7410926365795725,0.8701845637583893,0.0,0.0,3.774822690998982e-32,0.010933677012994062,0.994303941028754,0.06508608325987311,0.06875,0.0940625
access_error_taxonomy,false_blocked_only,0.0,7,1000,3200,caq_strong_shrinkage,0.030525878085394816,0.1266585029481156,0.9659375,0.7410926365795725,0.8701845637583893,0.0,0.0,6.162975822039155e-33,0.014277302399890321,1.007018628300076,0.06540351310813107,0.06875,0.0940625
access_error_taxonomy,false_blocked_only,0.02,7,1000,3200,conserved_quotient,0.03038207773905249,0.12941213798629517,0.965625,0.7355769230769231,0.8558862111043319,0.0,0.024875621890547265,0.010552780925965668,0.012909632858158545,1.0069520759150035,0.06292982270846888,0.06875,0.0940625
access_error_taxonomy,false_blocked_only,0.02,7,1000,3200,caq_strong_shrinkage,0.031243989081006306,0.13172610020540912,0.965625,0.7355769230769231,0.8558862111043319,0.0,0.024875621890547265,0.010108402455024557,0.016524246263200953,1.0181620648726049,0.0631887436273959,0.06875,0.0940625
access_error_taxonomy,false_blocked_only,0.05,7,1000,3200,conserved_quotient,0.03118868151623152,0.13453049204906078,0.965,0.7268292682926829,0.8501998169615619,0.0,0.05472636815920398,0.022527165995507744,0.014652642292339394,1.0153408790503438,0.06085495099124269,0.06875,0.0940625
access_error_taxonomy,false_blocked_only,0.05,7,1000,3200,caq_strong_shrinkage,0.032098909086861804,0.13697770587382305,0.965,0.7268292682926829,0.8501998169615619,0.0,0.05472636815920398,0.021562977531602225,0.018182610117845773,1.0266866384840392,0.06109566369167805,0.06875,0.0940625
access_error_taxonomy,false_blocked_only,0.1,7,1000,3200,conserved_quotient,0.033229082993606204,0.1447396628139696,0.963125,0.7064676616915423,0.8303447223917022,0.0,0.0945273631840796,0.03622970014701702,0.01739480474985668,1.0141477999387118,0.05840808704738953,0.06875,0.0940625
access_error_taxonomy,false_blocked_only,0.1,7,1000,3200,caq_strong_shrinkage,0.034201106116718304,0.14728153637989405,0.963125,0.7064676616915423,0.8303447223917022,0.0,0.0945273631840796,0.034293331775679975,0.020935349182567245,1.0213850748198252,0.05877115916290156,0.06875,0.0940625
access_error_taxonomy,false_blocked_only,0.15,7,1000,3200,conserved_quotient,0.03316760102963065,0.1472098377280586,0.9640625,0.7073791348600509,0.8265039658328249,0.0,0.13930348258706468,0.049447765606514794,0.019673260314995566,1.0494997743512064,0.055783372338065663,0.06875,0.0940625
access_error_taxonomy,false_blocked_only,0.15,7,1000,3200,caq_strong_shrinkage,0.03432379513758459,0.1502267803287609,0.9640625,0.7073791348600509,0.8265039658328249,0.0,0.13930348258706468,0.04642572560400214,0.02368754406665898,1.0514243136960235,0.05641315717274089,0.06875,0.0940625
access_error_taxonomy,false_blocked_only,0.2,7,1000,3200,conserved_quotient,0.035050520644173695,0.15609022911807674,0.961875,0.6839378238341969,0.8050030506406345,0.0,0.17412935323383086,0.061018388724541954,0.02082076069131912,1.0308944441847345,0.05408465888910047,0.06875,0.0940625
access_error_taxonomy,false_blocked_only,0.2,7,1000,3200,caq_strong_shrinkage,0.03615147039343419,0.15901926436971167,0.961875,0.6839378238341969,0.8050030506406345,0.0,0.17412935323383086,0.0563112056587683,0.024874727182539684,1.0406635781219615,0.05436583549552299,0.06875,0.0940625
access_error_taxonomy,false_blocked_only,0.3,7,1000,3200,conserved_quotient,0.038788198212521066,0.1758337746020897,0.9584375,0.6356164383561644,0.7728752287980476,0.0,0.27860696517412936,0.08658559974132515,0.025309704924869947,1.0146819755932752,0.049050116503701474,0.06875,0.0940625
access_error_taxonomy,false_blocked_only,0.3,7,1000,3200,caq_strong_shrinkage,0.039853899837093094,0.17875693732358308,0.9584375,0.6356164383561644,0.7728752287980476,0.0,0.27860696517412936,0.07855893779214283,0.029266119058671096,1.0282359650213786,0.04920936068546535,0.06875,0.0940625
access_error_taxonomy,structured_margin,0.0,7,1000,3200,conserved_quotient,0.029740314044257116,0.12459507911904222,0.9659375,0.7410926365795725,0.8701845637583893,0.0,0.0,3.774822690998982e-32,0.010933677012994062,0.994303941028754,0.06508608325987311,0.06875,0.0940625
access_error_taxonomy,structured_margin,0.0,7,1000,3200,caq_strong_shrinkage,0.030525878085394816,0.1266585029481156,0.9659375,0.7410926365795725,0.8701845637583893,0.0,0.0,6.162975822039155e-33,0.014277302399890321,1.007018628300076,0.06540351310813107,0.06875,0.0940625
access_error_taxonomy,structured_margin,0.02,7,1000,3200,conserved_quotient,0.03573913653301152,0.14189432512328604,0.955625,0.6844444444444444,0.8573291641244661,0.011728182131769576,0.024875621890547265,0.009776345373162633,0.014323456890656724,0.9002190103455013,0.06907970689065673,0.06875,0.0940625
access_error_taxonomy,structured_margin,0.02,7,1000,3200,caq_strong_shrinkage,0.03637483168007171,0.14351079263648764,0.955625,0.6844444444444444,0.8573291641244661,0.011728182131769576,0.024875621890547265,0.009285654199198882,0.014749944943332476,0.9111190852525706,0.06950619494333247,0.06875,0.0940625
access_error_taxonomy,structured_margin,0.05,7,1000,3200,conserved_quotient,0.045024734900616606,0.166926927128131,0.936875,0.6039215686274509,0.8435723001830384,0.0341497067954467,0.04975124378109453,0.016899188823373962,0.02683747298045277,0.7481165337700786,0.07984372298045278,0.06875,0.0940625
access_error_taxonomy,structured_margin,0.05,7,1000,3200,caq_strong_shrinkage,0.045198257946093286,0.16753133250041824,0.936875,0.6039215686274509,0.8435723001830384,0.0341497067954467,0.04975124378109453,0.016276853140858513,0.027173492544691695,0.7573648988538726,0.08017974254469169,0.06875,0.0940625
access_error_taxonomy,structured_margin,0.1,7,1000,3200,conserved_quotient,0.06071863006640826,0.21470304403950355,0.8971875,0.46677471636953,0.7919600366076877,0.07554329078992757,0.11442786069651742,0.02895749733605807,0.04958327638748779,0.5473209478804602,0.09484577638748776,0.06875,0.0940625
access_error_taxonomy,structured_margin,0.1,7,1000,3200,caq_strong_shrinkage,0.06028481058057545,0.21435153906124202,0.8971875,0.46677471636953,0.7919600366076877,0.07554329078992757,0.11442786069651742,0.027435144425744285,0.04976262513025036,0.5569433915610593,0.09502512513025035,0.06875,0.0940625
access_error_taxonomy,structured_margin,0.15,7,1000,3200,conserved_quotient,0.06542975584069645,0.2323631995027865,0.8884375,0.3567567567567568,0.7732748627211714,0.07726802345636426,0.44776119402985076,0.027410869314701117,0.05648555125014647,0.4956686725409564,0.09912305125014648,0.06875,0.0940625
access_error_taxonomy,structured_margin,0.15,7,1000,3200,caq_strong_shrinkage,0.06489836154436217,0.2321556297149008,0.8884375,0.3567567567567568,0.7732748627211714,0.07726802345636426,0.44776119402985076,0.025974063669234645,0.05671874561993118,0.5040954710544072,0.09935624561993117,0.06875,0.0940625
access_error_taxonomy,structured_margin,0.2,7,1000,3200,conserved_quotient,0.07286511079029591,0.25600017857117857,0.8646875,0.3094098883572568,0.7516503965832825,0.10279406691962746,0.4577114427860697,0.02757923976271962,0.07104151264963547,0.40554224918091947,0.1110290126496355,0.06875,0.0940625
access_error_taxonomy,structured_margin,0.2,7,1000,3200,caq_strong_shrinkage,0.07158648954718688,0.25450366022353665,0.8646875,0.3094098883572568,0.7516503965832825,0.10279406691962746,0.4577114427860697,0.02597781628905249,0.07065286394184377,0.41709976856194597,0.11064036394184378,0.06875,0.0940625
access_error_taxonomy,structured_margin,0.3,7,1000,3200,conserved_quotient,0.07819185870451133,0.283947439358075,0.93125,0.0,0.7011653447223917,0.0,1.0,0.02586166750962466,0.08732632037292157,0.313849275294896,0.12152007037292158,0.06875,0.0940625
access_error_taxonomy,structured_margin,0.3,7,1000,3200,caq_strong_shrinkage,0.07715889798769827,0.2831021712185515,0.93125,0.0,0.7011653447223917,0.0,1.0,0.0247454501322999,0.0871015209442298,0.31922324647317923,0.12129527094422977,0.06875,0.0940625
access_error_taxonomy,symmetric_random,0.0,8,1000,3200,conserved_quotient,0.02648627864571769,0.10853226395395744,0.9678125,0.7599067599067599,0.913649992801297,0.0,0.0,2.792598419361492e-32,0.005265014672776087,0.9459360135698797,0.0677400146727761,0.066875,0.095
access_error_taxonomy,symmetric_random,0.0,8,1000,3200,caq_strong_shrinkage,0.026610417548018458,0.10865605396769817,0.9678125,0.7599067599067599,0.913649992801297,0.0,0.0,3.851859888774472e-33,0.005711958275070781,0.9711669985703014,0.06797513858563915,0.066875,0.095
access_error_taxonomy,symmetric_random,0.02,8,1000,3200,conserved_quotient,0.0359546713899224,0.1362533309934931,0.953125,0.6794871794871795,0.897528027993565,0.015883977900552487,0.03255813953488372,0.01574857650328313,0.01605130919852268,0.8063725755258281,0.07569505919852268,0.066875,0.095
access_error_taxonomy,symmetric_random,0.02,8,1000,3200,caq_strong_shrinkage,0.03573507126786297,0.13491360028011473,0.953125,0.6794871794871795,0.897528027993565,0.015883977900552487,0.03255813953488372,0.014402259244067508,0.016373746223065765,0.8262701543770945,0.07601749622306578,0.066875,0.095
access_error_taxonomy,symmetric_random,0.05,8,1000,3200,conserved_quotient,0.04848685132921691,0.17284770000639266,0.9278125,0.5666041275797373,0.8630368510995237,0.04143646408839779,0.07441860465116279,0.02920220289322543,0.0317284220468878,0.6584359253547505,0.0858471720468878,0.066875,0.095
access_error_taxonomy,symmetric_random,0.05,8,1000,3200,caq_strong_shrinkage,0.04794868215667392,0.1709905552762452,0.9278125,0.5666041275797373,0.8630368510995237,0.04143646408839779,0.07441860465116279,0.02679088309405888,0.032106424080233384,0.6732848762028338,0.08622517408023335,0.066875,0.095
access_error_taxonomy,symmetric_random,0.1,8,1000,3200,conserved_quotient,0.06114006262294408,0.20876212210395606,0.8915625,0.4552590266875981,0.8361199616903806,0.08183701657458564,0.13488372093023257,0.03659529306762185,0.049367075499053184,0.5255538390887898,0.09951082549905317,0.066875,0.095
access_error_taxonomy,symmetric_random,0.1,8,1000,3200,caq_strong_shrinkage,0.060414307531155786,0.20713253266162426,0.8915625,0.4552590266875981,0.8361199616903806,0.08183701657458564,0.13488372093023257,0.03446065913383014,0.0501562788787596,0.5305748647546088,0.10030002887875959,0.066875,0.095
access_error_taxonomy,symmetric_random,0.15,8,1000,3200,conserved_quotient,0.0695429339434296,0.23985480763197478,0.895,0.373134328358209,0.7962141082058954,0.07147790055248619,0.46511627906976744,0.03862046092245689,0.06372748697379751,0.4330386891424984,0.10617123697379753,0.066875,0.095
access_error_taxonomy,symmetric_random,0.15,8,1000,3200,caq_strong_shrinkage,0.06874633677627005,0.23878985504700226,0.895,0.373134328358209,0.7962141082058954,0.07147790055248619,0.46511627906976744,0.03674821596445372,0.06491189928332697,0.441131817154598,0.10735564928332696,0.066875,0.095
access_error_taxonomy,symmetric_random,0.2,8,1000,3200,conserved_quotient,0.07827790785550076,0.26682502744474834,0.866875,0.3106796116504854,0.767111003999975,0.10151933701657459,0.4883720930232558,0.037831215535562866,0.08059908614163452,0.34962180644076823,0.12028033614163455,0.066875,0.095
access_error_taxonomy,symmetric_random,0.2,8,1000,3200,caq_strong_shrinkage,0.07710836852172881,0.26525942506277095,0.866875,0.3106796116504854,0.767111003999975,0.10151933701657459,0.4883720930232558,0.0360612139508965,0.08158474475117831,0.3574042386370512,0.12126599475117832,0.066875,0.095
access_error_taxonomy,symmetric_random,0.3,8,1000,3200,conserved_quotient,0.08393244298732379,0.3030596039237661,0.87125,0.18253968253968253,0.673980131579771,0.0835635359116022,0.7767441860465116,0.03062527812757785,0.0920029888626737,0.23552320972840282,0.12584661136511888,0.066875,0.095
access_error_taxonomy,symmetric_random,0.3,8,1000,3200,caq_strong_shrinkage,0.08248609619069062,0.30127319252582163,0.933125,0.0,0.673980131579771,0.0,1.0,0.029233733844219727,0.09895924334759792,0.24084634438130334,0.12637799334759792,0.066875,0.095
access_error_taxonomy,false_access_only,0.0,8,1000,3200,conserved_quotient,0.02648627864571769,0.10853226395395744,0.9678125,0.7599067599067599,0.913649992801297,0.0,0.0,2.792598419361492e-32,0.005265014672776087,0.9459360135698797,0.0677400146727761,0.066875,0.095
access_error_taxonomy,false_access_only,0.0,8,1000,3200,caq_strong_shrinkage,0.026610417548018458,0.10865605396769817,0.9678125,0.7599067599067599,0.913649992801297,0.0,0.0,3.851859888774472e-33,0.005711958275070781,0.9711669985703014,0.06797513858563915,0.066875,0.095
access_error_taxonomy,false_access_only,0.02,8,1000,3200,conserved_quotient,0.034737752573205063,0.13013149868897927,0.9540625,0.6905263157894737,0.9101930504347391,0.015883977900552487,0.0,6.162975822039155e-33,0.014404145115800612,0.8128275137203477,0.07712914511580062,0.066875,0.095
access_error_taxonomy,false_access_only,0.02,8,1000,3200,caq_strong_shrinkage,0.034465991145791956,0.12860355870316284,0.9540625,0.6905263157894737,0.9101930504347391,0.015883977900552487,0.0,6.162975822039155e-33,0.014571157554768566,0.834848220374454,0.07729615755476857,0.066875,0.095
access_error_taxonomy,false_access_only,0.05,8,1000,3200,conserved_quotient,0.04537520452713466,0.15700330012098618,0.9309375,0.5974499089253188,0.8910867537605398,0.04143646408839779,0.0,2.792598419361492e-32,0.027710166558133312,0.6824845425632848,0.08985391655813331,0.066875,0.095
access_error_taxonomy,false_access_only,0.05,8,1000,3200,caq_strong_shrinkage,0.044782790117348176,0.1549095533241515,0.9309375,0.5974499089253188,0.8910867537605398,0.04143646408839779,0.0,1.8488927466117464e-32,0.027913146785152235,0.6993654786627145,0.09005689678515225,0.066875,0.095
access_error_taxonomy,false_access_only,0.1,8,1000,3200,conserved_quotient,0.05715852280266876,0.18552976684910963,0.895625,0.4984984984984985,0.8837832001051636,0.08183701657458564,0.0,1.232595164407831e-32,0.04355158630045697,0.5680309108603894,0.10662033630045695,0.066875,0.095
access_error_taxonomy,false_access_only,0.1,8,1000,3200,caq_strong_shrinkage,0.056268384592356065,0.18339640319874306,0.895625,0.4984984984984985,0.8837832001051636,0.08183701657458564,0.0,6.933347799794049e-33,0.043891188309827495,0.5812255895806486,0.10695993830982749,0.066875,0.095
access_error_taxonomy,false_access_only,0.15,8,1000,3200,conserved_quotient,0.06462950146504046,0.20604826996074613,0.9015625,0.44833625218914186,0.8674890924000476,0.07147790055248619,0.3023255813953488,6.162975822039155e-33,0.056120327785204774,0.5048647266508933,0.11887032778520476,0.066875,0.095
access_error_taxonomy,false_access_only,0.15,8,1000,3200,caq_strong_shrinkage,0.06371636598178737,0.2045687919479648,0.9015625,0.44833625218914186,0.8674890924000476,0.07147790055248619,0.3023255813953488,1.2518544638517033e-32,0.056721549976400214,0.5155618699183544,0.1194715499764002,0.066875,0.095
access_error_taxonomy,false_access_only,0.2,8,1000,3200,conserved_quotient,0.0751079671242587,0.2338403362900751,0.874375,0.3890577507598784,0.8491042309594307,0.10151933701657459,0.3023255813953488,6.355568816477878e-33,0.07428320372471812,0.42561452139250777,0.13671445372471808,0.066875,0.095
access_error_taxonomy,false_access_only,0.2,8,1000,3200,caq_strong_shrinkage,0.07370234699996332,0.23154332680948428,0.874375,0.3890577507598784,0.8491042309594307,0.10151933701657459,0.3023255813953488,6.355568816477878e-33,0.0746809080306159,0.4362079911347131,0.13711215803061588,0.066875,0.095
access_error_taxonomy,false_access_only,0.3,8,1000,3200,conserved_quotient,0.08556889895540888,0.2649169663742772,0.824375,0.3179611650485437,0.8092625398276068,0.15883977900552487,0.3023255813953488,1.3096323621833204e-32,0.09681592809479272,0.3548263095501778,0.15990342809479274,0.066875,0.095
access_error_taxonomy,false_access_only,0.3,8,1000,3200,caq_strong_shrinkage,0.08378611916252533,0.26231838717593203,0.87625,0.2528301886792453,0.8092625398276068,0.0835635359116022,0.6558139534883721,6.162975822039155e-33,0.09667735454548346,0.36082761199502067,0.15976485454548345,0.066875,0.095
access_error_taxonomy,false_blocked_only,0.0,8,1000,3200,conserved_quotient,0.02648627864571769,0.10853226395395744,0.9678125,0.7599067599067599,0.913649992801297,0.0,0.0,2.792598419361492e-32,0.005265014672776087,0.9459360135698797,0.0677400146727761,0.066875,0.095
access_error_taxonomy,false_blocked_only,0.0,8,1000,3200,caq_strong_shrinkage,0.026610417548018458,0.10865605396769817,0.9678125,0.7599067599067599,0.913649992801297,0.0,0.0,3.851859888774472e-33,0.005711958275070781,0.9711669985703014,0.06797513858563915,0.066875,0.095
access_error_taxonomy,false_blocked_only,0.02,8,1000,3200,conserved_quotient,0.027630627910252222,0.11448192099680535,0.966875,0.7488151658767772,0.9005358338914936,0.0,0.03255813953488372,0.01693919497818328,0.006824801972453804,0.9453273539741667,0.0662185519724538,0.066875,0.095
access_error_taxonomy,false_blocked_only,0.02,8,1000,3200,caq_strong_shrinkage,0.027809768858511375,0.1148104570626359,0.966875,0.7488151658767772,0.9005358338914936,0.0,0.03255813953488372,0.015457408835324184,0.007484452317224901,0.9676378566633759,0.0666140037553947,0.066875,0.095
access_error_taxonomy,false_blocked_only,0.05,8,1000,3200,conserved_quotient,0.029717335075142504,0.12468530934386629,0.9646875,0.7263922518159807,0.8843418820539465,0.0,0.07441860465116279,0.03543668455153362,0.009172213819880265,0.943467877255554,0.06362221381988027,0.066875,0.095
access_error_taxonomy,false_blocked_only,0.05,8,1000,3200,caq_strong_shrinkage,0.029923384092012686,0.12515720167056757,0.9646875,0.7263922518159807,0.8843418820539465,0.0,0.07441860465116279,0.03231530308860627,0.010320239295341779,0.9650940260738187,0.0640590596621982,0.066875,0.095
access_error_taxonomy,false_blocked_only,0.1,8,1000,3200,conserved_quotient,0.03109113756859126,0.13297226582867372,0.96375,0.71,0.8697973721604246,0.0,0.13488372093023257,0.056495797074558186,0.010810879157627108,0.9537218450011593,0.06036087915762711,0.066875,0.095
access_error_taxonomy,false_blocked_only,0.1,8,1000,3200,caq_strong_shrinkage,0.03137018287117134,0.13370842125388235,0.96375,0.71,0.8697973721604246,0.0,0.13488372093023257,0.05247159512006344,0.012990649630964716,0.9710471967026296,0.061092088560887256,0.066875,0.095
access_error_taxonomy,false_blocked_only,0.15,8,1000,3200,conserved_quotient,0.03413607799069503,0.14807660088978633,0.960625,0.6735751295336787,0.847661360492266,0.0,0.2,0.07523703353544786,0.01423963379150475,0.946238671015702,0.056222593517948526,0.066875,0.095
access_error_taxonomy,false_blocked_only,0.15,8,1000,3200,caq_strong_shrinkage,0.03434998755532817,0.14863316627924303,0.960625,0.6735751295336787,0.847661360492266,0.0,0.2,0.0703519664197351,0.016884533594793923,0.9634963890557615,0.057100327365683295,0.066875,0.095
access_error_taxonomy,false_blocked_only,0.2,8,1000,3200,conserved_quotient,0.03478684359136173,0.15205287914139368,0.9603125,0.6649076517150396,0.840277995129921,0.0,0.23255813953488372,0.0832559091132026,0.0149517738901115,0.9527552693601059,0.0546767738901115,0.066875,0.095
access_error_taxonomy,false_blocked_only,0.2,8,1000,3200,caq_strong_shrinkage,0.03504303702468071,0.15280041209010609,0.9603125,0.6649076517150396,0.840277995129921,0.0,0.23255813953488372,0.07804714210756752,0.018155186770581002,0.9686614648679102,0.055569702513370546,0.066875,0.095
access_error_taxonomy,false_blocked_only,0.3,8,1000,3200,conserved_quotient,0.03918257670368701,0.17629699399059845,0.9565625,0.6062322946175638,0.7753863825578556,0.0,0.35348837209302325,0.10309088757863512,0.021429300978567788,0.9642610985528818,0.04734575200311224,0.066875,0.095
access_error_taxonomy,false_blocked_only,0.3,8,1000,3200,caq_strong_shrinkage,0.03958422079634007,0.17746794294050935,0.9565625,0.6062322946175638,0.7753863825578556,0.0,0.35348837209302325,0.0969037198404894,0.025149744158006145,0.9737080511473694,0.048607948226683156,0.066875,0.095
access_error_taxonomy,structured_margin,0.0,8,1000,3200,conserved_quotient,0.02648627864571769,0.10853226395395744,0.9678125,0.7599067599067599,0.913649992801297,0.0,0.0,2.792598419361492e-32,0.005265014672776087,0.9459360135698797,0.0677400146727761,0.066875,0.095
access_error_taxonomy,structured_margin,0.0,8,1000,3200,caq_strong_shrinkage,0.026610417548018458,0.10865605396769817,0.9678125,0.7599067599067599,0.913649992801297,0.0,0.0,3.851859888774472e-33,0.005711958275070781,0.9711669985703014,0.06797513858563915,0.066875,0.095
access_error_taxonomy,structured_margin,0.02,8,1000,3200,conserved_quotient,0.038245170200889245,0.14357060541594518,0.9496875,0.6624737945492662,0.8929552866648722,0.01899171270718232,0.03255813953488372,0.016454118306435103,0.020168031619583547,0.7618250246776743,0.07911803161958356,0.066875,0.095
access_error_taxonomy,structured_margin,0.02,8,1000,3200,caq_strong_shrinkage,0.03786008317143401,0.14118515849421173,0.9496875,0.6624737945492662,0.8929552866648722,0.01899171270718232,0.03255813953488372,0.01497370798556178,0.020378650951305706,0.7823008062863485,0.07932865095130572,0.066875,0.095
access_error_taxonomy,structured_margin,0.05,8,1000,3200,conserved_quotient,0.0524536069455656,0.1862146894439057,0.9275,0.5671641791044776,0.8663388648584359,0.043162983425414365,0.08372093023255814,0.03646110016399472,0.03801203560162372,0.5999685363681356,0.09269953560162371,0.066875,0.095
access_error_taxonomy,structured_margin,0.05,8,1000,3200,caq_strong_shrinkage,0.051408278644091074,0.1804085253153943,0.9275,0.5671641791044776,0.8663388648584359,0.043162983425414365,0.08372093023255814,0.033322456282659355,0.03843550313205886,0.6168153209830003,0.09312300313205885,0.066875,0.095
access_error_taxonomy,structured_margin,0.1,8,1000,3200,conserved_quotient,0.06848728994099691,0.2299858002279649,0.8925,0.45396825396825397,0.8289666418363578,0.081146408839779,0.15813953488372093,0.049633909301644755,0.059834741921917366,0.46076648814689625,0.10814099192191737,0.066875,0.095
access_error_taxonomy,structured_margin,0.1,8,1000,3200,caq_strong_shrinkage,0.06722304609355531,0.22555333501453032,0.8925,0.45396825396825397,0.8289666418363578,0.081146408839779,0.15813953488372093,0.0466402314820352,0.06097209730658502,0.47153772682622,0.10927834730658499,0.066875,0.095
access_error_taxonomy,structured_margin,0.15,8,1000,3200,conserved_quotient,0.079730573907798,0.26563980690974764,0.89,0.36231884057971014,0.7933753153344894,0.07700276243093923,0.46511627906976744,0.053804199277924125,0.0755377101127725,0.3698443483580622,0.11816271011277248,0.066875,0.095
access_error_taxonomy,structured_margin,0.15,8,1000,3200,caq_strong_shrinkage,0.07729050664730747,0.2579883294953357,0.89,0.36231884057971014,0.7933753153344894,0.07700276243093923,0.46511627906976744,0.05040841140878598,0.07614433486110193,0.3840411312052958,0.11876933486110193,0.066875,0.095
access_error_taxonomy,structured_margin,0.2,8,1000,3200,conserved_quotient,0.08925840250330293,0.29384797434464366,0.8653125,0.30818619582664525,0.7603332686493355,0.10324585635359115,0.4883720930232558,0.0509512903564568,0.09417082317240567,0.3013955678569252,0.13277082317240566,0.066875,0.095
access_error_taxonomy,structured_margin,0.2,8,1000,3200,caq_strong_shrinkage,0.08685927460995188,0.2878722842032628,0.8653125,0.30818619582664525,0.7603332686493355,0.10324585635359115,0.4883720930232558,0.04805349786006272,0.0955661092662872,0.311710152613819,0.13416610926628716,0.066875,0.095
access_error_taxonomy,structured_margin,0.3,8,1000,3200,conserved_quotient,0.09591494493454344,0.32342330245323253,0.885625,0.2077922077922078,0.691834479909359,0.06837016574585636,0.7674418604651163,0.04936246087544658,0.1118822743715114,0.22850128943035725,0.14021352437151138,0.066875,0.095
access_error_taxonomy,structured_margin,0.3,8,1000,3200,caq_strong_shrinkage,0.09198037733727649,0.31592836802034396,0.885625,0.2077922077922078,0.691834479909359,0.06837016574585636,0.7674418604651163,0.04511992680770616,0.11146388619703816,0.2391839207676634,0.13979513619703812,0.066875,0.095
access_error_taxonomy,symmetric_random,0.0,9,1000,3200,conserved_quotient,0.02968910445931174,0.12161656929583273,0.9646875,0.7640918580375783,0.8854847507919436,0.0,0.0,3.0814879110195774e-33,0.007953018318029966,0.9657782046787743,0.070959023694174,0.0753125,0.0946875
access_error_taxonomy,symmetric_random,0.0,9,1000,3200,caq_strong_shrinkage,0.029613625565309068,0.12141389755018617,0.9646875,0.7640918580375783,0.8854847507919436,0.0,0.0,9.244463733058732e-33,0.007112434054760274,1.0149500133716969,0.06958392766876216,0.0753125,0.0946875
access_error_taxonomy,symmetric_random,0.02,9,1000,3200,conserved_quotient,0.03887348442152991,0.14710831330963994,0.9490625,0.6883365200764818,0.8734797418102729,0.016223679668622714,0.012605042016806723,0.005446677969211673,0.01707593545201832,0.8405614383368099,0.07882552166743333,0.0753125,0.0946875
access_error_taxonomy,symmetric_random,0.02,9,1000,3200,caq_strong_shrinkage,0.03829989145362541,0.14540969091676473,0.9490625,0.6883365200764818,0.8734797418102729,0.016223679668622714,0.012605042016806723,0.004860205957805052,0.013649714003673027,0.8804469794487672,0.07733096400367302,0.0753125,0.0946875
access_error_taxonomy,symmetric_random,0.05,9,1000,3200,conserved_quotient,0.04715774799537273,0.17130435567588606,0.9325,0.6197183098591549,0.8535644121107416,0.03348291335864688,0.03361344537815126,0.01299517759737145,0.024791640315127768,0.748689676673951,0.08494292507183082,0.0753125,0.0946875
access_error_taxonomy,symmetric_random,0.05,9,1000,3200,caq_strong_shrinkage,0.04625168120579745,0.16905109205639868,0.9325,0.6197183098591549,0.8535644121107416,0.03348291335864688,0.03361344537815126,0.011956967145131966,0.023271919456760992,0.7849652087430737,0.08342816945676099,0.0753125,0.0946875
access_error_taxonomy,symmetric_random,0.1,9,1000,3200,conserved_quotient,0.06269200636712036,0.21537693394111404,0.89125,0.4956521739130435,0.8204745631514516,0.07870210562651019,0.07142857142857142,0.021023702894874416,0.046738486080102566,0.5803336028404616,0.10211348608010257,0.0753125,0.0946875
access_error_taxonomy,symmetric_random,0.1,9,1000,3200,caq_strong_shrinkage,0.06095758715289481,0.21181447709876872,0.89125,0.4956521739130435,0.8204745631514516,0.07870210562651019,0.07142857142857142,0.019169503372906415,0.04494703462727783,0.607008351932261,0.10032203462727782,0.0753125,0.0946875
access_error_taxonomy,symmetric_random,0.15,9,1000,3200,conserved_quotient,0.06638861099039312,0.22832805247727583,0.8934375,0.42105263157894735,0.8054406066869625,0.06972730410769762,0.3865546218487395,0.023635745439651436,0.050097335462427534,0.5497189039911511,0.10415983546242753,0.0753125,0.0946875
access_error_taxonomy,symmetric_random,0.15,9,1000,3200,caq_strong_shrinkage,0.06467303412822206,0.22524722123025598,0.8934375,0.42105263157894735,0.8054406066869625,0.06972730410769762,0.3865546218487395,0.02155552311604518,0.04830702717913933,0.576655720843361,0.10236952717913933,0.0753125,0.0946875
access_error_taxonomy,symmetric_random,0.2,9,1000,3200,conserved_quotient,0.07045011575095791,0.24627060827511438,0.8715625,0.3667180277349769,0.7777018982806516,0.09285467725233,0.41596638655462187,0.022512839784594115,0.0532354535539674,0.5017209541429257,0.10717558537894871,0.0753125,0.0946875
access_error_taxonomy,symmetric_random,0.2,9,1000,3200,caq_strong_shrinkage,0.06895244161833068,0.2438281239380254,0.9015625,0.2984409799554566,0.7777018982806516,0.04694511563686572,0.6974789915966386,0.020767066841051885,0.055383162446611414,0.5248367056503718,0.10556441244661142,0.0753125,0.0946875
access_error_taxonomy,symmetric_random,0.3,9,1000,3200,conserved_quotient,0.07482135344987934,0.27754757487617066,0.9246875,0.0,0.7060757040550034,0.0,1.0,0.01765236933935891,0.06241107002143027,0.4126600132914094,0.10823260810474869,0.0753125,0.0946875
access_error_taxonomy,symmetric_random,0.3,9,1000,3200,caq_strong_shrinkage,0.07392090112634365,0.276255233962323,0.9246875,0.0,0.7060757040550034,0.0,1.0,0.0166908473616097,0.0664488452981861,0.4218505533385891,0.1073613452981861,0.0753125,0.0946875
access_error_taxonomy,false_access_only,0.0,9,1000,3200,conserved_quotient,0.02968910445931174,0.12161656929583273,0.9646875,0.7640918580375783,0.8854847507919436,0.0,0.0,3.0814879110195774e-33,0.007953018318029966,0.9657782046787743,0.070959023694174,0.0753125,0.0946875
access_error_taxonomy,false_access_only,0.0,9,1000,3200,caq_strong_shrinkage,0.029613625565309068,0.12141389755018617,0.9646875,0.7640918580375783,0.8854847507919436,0.0,0.0,9.244463733058732e-33,0.007112434054760274,1.0149500133716969,0.06958392766876216,0.0753125,0.0946875
access_error_taxonomy,false_access_only,0.02,9,1000,3200,conserved_quotient,0.03811017061187869,0.1433324863684884,0.95,0.6958174904942965,0.8783358738162915,0.016223679668622714,0.0,1.5407439555097887e-32,0.016475862879393687,0.8403909287792422,0.08009568557989365,0.0753125,0.0946875
access_error_taxonomy,false_access_only,0.02,9,1000,3200,caq_strong_shrinkage,0.03753472909978416,0.14161839740044968,0.95,0.6958174904942965,0.8783358738162915,0.016223679668622714,0.0,1.232595164407831e-32,0.013097092837203235,0.8792704591166854,0.07862834283720323,0.0753125,0.0946875
access_error_taxonomy,false_access_only,0.05,9,1000,3200,conserved_quotient,0.045576399226640314,0.1624345808145719,0.934375,0.6354166666666666,0.8695224780155907,0.03348291335864688,0.0,1.8488927466117464e-32,0.023138507923085347,0.7546461440489048,0.08781119562095961,0.0753125,0.0946875
access_error_taxonomy,false_access_only,0.05,9,1000,3200,caq_strong_shrinkage,0.044657808315746374,0.16009880535093388,0.934375,0.6354166666666666,0.8695224780155907,0.03348291335864688,0.0,2.792598419361492e-32,0.021326502517406302,0.7894318725555769,0.08638900251740629,0.0753125,0.0946875
access_error_taxonomy,false_access_only,0.1,9,1000,3200,conserved_quotient,0.06065386313131675,0.2007010768903391,0.8940625,0.5205091937765205,0.8575735606539722,0.07870210562651019,0.0,3.129636159629258e-33,0.04394421079246161,0.5973388966514348,0.10851921079246159,0.0753125,0.0946875
access_error_taxonomy,false_access_only,0.1,9,1000,3200,caq_strong_shrinkage,0.059020212763324656,0.1972840043403167,0.8940625,0.5205091937765205,0.8575735606539722,0.07870210562651019,0.0,3.389636702121535e-32,0.04245774508222811,0.6209505793261471,0.1070327450822281,0.0753125,0.0946875
access_error_taxonomy,false_access_only,0.15,9,1000,3200,conserved_quotient,0.06480766196112826,0.20964006739222896,0.8978125,0.46481178396072015,0.8491738405511563,0.06972730410769762,0.29411764705882354,1.0062983959423307e-32,0.04894892389614301,0.5652101872894322,0.11649267389614298,0.0753125,0.0946875
access_error_taxonomy,false_access_only,0.15,9,1000,3200,caq_strong_shrinkage,0.06318309740541551,0.2066869426618991,0.8978125,0.46481178396072015,0.8491738405511563,0.06972730410769762,0.29411764705882354,1.5407439555097887e-32,0.04765462728498661,0.5896025286583333,0.11519837728498661,0.0753125,0.0946875
access_error_taxonomy,false_access_only,0.2,9,1000,3200,conserved_quotient,0.06938036699931563,0.2233768177240453,0.878125,0.4247787610619469,0.8426770286586109,0.09285467725233,0.29411764705882354,2.2340787354891936e-32,0.05274297066825079,0.5286133668112591,0.12455634091270379,0.0753125,0.0946875
access_error_taxonomy,false_access_only,0.2,9,1000,3200,caq_strong_shrinkage,0.0678347547791132,0.2208560713812147,0.878125,0.4247787610619469,0.8426770286586109,0.09285467725233,0.29411764705882354,6.162975822039155e-33,0.055347673118341253,0.5467605472788086,0.12330392311834125,0.0753125,0.0946875
access_error_taxonomy,false_access_only,0.3,9,1000,3200,conserved_quotient,0.07545128029467463,0.2430849602347715,0.9246875,0.0,0.8131840548351678,0.0,1.0,4.622231866529366e-33,0.065736285130717,0.4814788894077414,0.141048785130717,0.0753125,0.0946875
access_error_taxonomy,false_access_only,0.3,9,1000,3200,caq_strong_shrinkage,0.07427829665663248,0.24157360077182888,0.9246875,0.0,0.8131840548351678,0.0,1.0,1.391484384819778e-32,0.06871899389592336,0.49544499973661155,0.14036274389592338,0.0753125,0.0946875
access_error_taxonomy,false_blocked_only,0.0,9,1000,3200,conserved_quotient,0.02968910445931174,0.12161656929583273,0.9646875,0.7640918580375783,0.8854847507919436,0.0,0.0,3.0814879110195774e-33,0.007953018318029966,0.9657782046787743,0.070959023694174,0.0753125,0.0946875
access_error_taxonomy,false_blocked_only,0.0,9,1000,3200,caq_strong_shrinkage,0.029613625565309068,0.12141389755018617,0.9646875,0.7640918580375783,0.8854847507919436,0.0,0.0,9.244463733058732e-33,0.007112434054760274,1.0149500133716969,0.06958392766876216,0.0753125,0.0946875
access_error_taxonomy,false_blocked_only,0.02,9,1000,3200,conserved_quotient,0.030560512760165977,0.12568548064284793,0.96375,0.7563025210084033,0.8801798858255074,0.0,0.012605042016806723,0.005974824395311072,0.008695459847022354,0.9692040617677817,0.06976221993096993,0.0753125,0.0946875
access_error_taxonomy,false_blocked_only,0.02,9,1000,3200,caq_strong_shrinkage,0.030490872937575873,0.12549043089736783,0.96375,0.7563025210084033,0.8801798858255074,0.0,0.012605042016806723,0.005300872117621704,0.007647897126042514,1.018209636057606,0.06836618252633092,0.0753125,0.0946875
access_error_taxonomy,false_blocked_only,0.05,9,1000,3200,conserved_quotient,0.03154100351934909,0.13111727434456832,0.9628125,0.7473460721868365,0.8688213327649382,0.0,0.03361344537815126,0.015851962007572443,0.010405156871565555,0.968080682408389,0.06829732663420744,0.0753125,0.0946875
access_error_taxonomy,false_blocked_only,0.05,9,1000,3200,caq_strong_shrinkage,0.03148699635151016,0.13100247630544165,0.9628125,0.7473460721868365,0.8688213327649382,0.0,0.03361344537815126,0.014591015968274357,0.009377364048557487,1.0172861550941479,0.06683425875846005,0.0753125,0.0946875
access_error_taxonomy,false_blocked_only,0.1,9,1000,3200,conserved_quotient,0.03287014566344005,0.13889205473130237,0.961875,0.7359307359307359,0.8528394279215671,0.0,0.07142857142857142,0.03138414509510316,0.01199211694299303,0.965836457261637,0.06599364116254783,0.0753125,0.0946875
access_error_taxonomy,false_blocked_only,0.1,9,1000,3200,caq_strong_shrinkage,0.032814785257043226,0.1387225474070501,0.961875,0.7359307359307359,0.8528394279215671,0.0,0.07142857142857142,0.028457998758030695,0.011262514700693161,1.0206973757654743,0.06431080793991123,0.0753125,0.0946875
access_error_taxonomy,false_blocked_only,0.15,9,1000,3200,conserved_quotient,0.0344048403884595,0.14703306944674285,0.960625,0.7212389380530974,0.8403436172644397,0.0,0.1134453781512605,0.045246026753330615,0.014168895743046236,0.976394099261978,0.06272740117428457,0.0753125,0.0946875
access_error_taxonomy,false_blocked_only,0.15,9,1000,3200,caq_strong_shrinkage,0.03436370666647477,0.14689206300205196,0.960625,0.7212389380530974,0.8403436172644397,0.0,0.1134453781512605,0.04061074334370829,0.014505530314455563,1.0402152700544984,0.060806969685544436,0.0753125,0.0946875
access_error_taxonomy,false_blocked_only,0.2,9,1000,3200,conserved_quotient,0.036292262439282984,0.1560323559091503,0.95875,0.7027027027027027,0.8264637458825245,0.0,0.14705882352941177,0.056290407362260514,0.01711285861873258,0.9779142497511851,0.060234816786774774,0.0753125,0.0946875
access_error_taxonomy,false_blocked_only,0.2,9,1000,3200,caq_strong_shrinkage,0.03621324157198439,0.15577334947591268,0.95875,0.7027027027027027,0.8264637458825245,0.0,0.14705882352941177,0.05049805303508215,0.01696212202952862,1.0418088562030863,0.05835037797047137,0.0753125,0.0946875
access_error_taxonomy,false_blocked_only,0.3,9,1000,3200,conserved_quotient,0.04209594575528838,0.18386270190851242,0.9528125,0.6413301662707839,0.782947867046033,0.0,0.24369747899159663,0.07990947849717427,0.02400947101722019,0.9584533415093671,0.05388121569289041,0.0753125,0.0946875
access_error_taxonomy,false_blocked_only,0.3,9,1000,3200,caq_strong_shrinkage,0.04191335458319942,0.18321253862927023,0.9528125,0.6413301662707839,0.782947867046033,0.0,0.24369747899159663,0.07010743591364119,0.02333075662631656,1.0297727539558925,0.051981743373683435,0.0753125,0.0946875
access_error_taxonomy,structured_margin,0.0,9,1000,3200,conserved_quotient,0.02968910445931174,0.12161656929583273,0.9646875,0.7640918580375783,0.8854847507919436,0.0,0.0,3.0814879110195774e-33,0.007953018318029966,0.9657782046787743,0.070959023694174,0.0753125,0.0946875
access_error_taxonomy,structured_margin,0.0,9,1000,3200,caq_strong_shrinkage,0.029613625565309068,0.12141389755018617,0.9646875,0.7640918580375783,0.8854847507919436,0.0,0.0,9.244463733058732e-33,0.007112434054760274,1.0149500133716969,0.06958392766876216,0.0753125,0.0946875
access_error_taxonomy,structured_margin,0.02,9,1000,3200,conserved_quotient,0.03623416562851647,0.14056278901814145,0.9540625,0.7100591715976331,0.8752900988474575,0.010700724887814981,0.012605042016806723,0.005729302499215738,0.013877469353988085,0.8789719651643171,0.07621887640199625,0.0753125,0.0946875
access_error_taxonomy,structured_margin,0.02,9,1000,3200,caq_strong_shrinkage,0.03589305897992595,0.13954456809873686,0.9540625,0.7100591715976331,0.8752900988474575,0.010700724887814981,0.012605042016806723,0.005064128791251709,0.011122718296940929,0.9198701961981991,0.07488521829694093,0.0753125,0.0946875
access_error_taxonomy,structured_margin,0.05,9,1000,3200,conserved_quotient,0.047612235681492,0.17042249142971067,0.933125,0.6258741258741258,0.8645765994174885,0.034173282706247844,0.025210084033613446,0.010491589237825541,0.027160357795420857,0.7240266592758162,0.08917910779542085,0.0753125,0.0946875
access_error_taxonomy,structured_margin,0.05,9,1000,3200,caq_strong_shrinkage,0.046418765851898754,0.16730214234463353,0.933125,0.6258741258741258,0.8645765994174885,0.034173282706247844,0.025210084033613446,0.00972888703273145,0.025195300361429966,0.7596180486670607,0.08721405036142997,0.0753125,0.0946875
access_error_taxonomy,structured_margin,0.1,9,1000,3200,conserved_quotient,0.061427958764393435,0.20914086128829823,0.896875,0.5132743362831859,0.8320701033067412,0.0742147048671039,0.06722689075630252,0.01959488354257631,0.04492308915392958,0.5917148367616,0.10231058915392957,0.0753125,0.0946875
access_error_taxonomy,structured_margin,0.1,9,1000,3200,caq_strong_shrinkage,0.05954026915035775,0.20541540973110334,0.896875,0.5132743362831859,0.8320701033067412,0.0742147048671039,0.06722689075630252,0.01796379863182624,0.0425566059317178,0.619938691081918,0.09994410593171779,0.0753125,0.0946875
access_error_taxonomy,structured_margin,0.15,9,1000,3200,conserved_quotient,0.07154275723834337,0.2408886558267655,0.8634375,0.4317295188556567,0.7969497377015617,0.10976872626855368,0.11764705882352941,0.02763739971045411,0.06075211633949842,0.49411981861526066,0.11303961633949842,0.0753125,0.0946875
access_error_taxonomy,structured_margin,0.15,9,1000,3200,caq_strong_shrinkage,0.06910895435689847,0.2363472772181638,0.8634375,0.4317295188556567,0.7969497377015617,0.10976872626855368,0.11764705882352941,0.02531616805630347,0.05807146446439852,0.5194046085965038,0.11035896446439854,0.0753125,0.0946875
access_error_taxonomy,structured_margin,0.2,9,1000,3200,conserved_quotient,0.07725758825982738,0.2636300771302811,0.8640625,0.34782608695652173,0.7648330783501772,0.10010355540214015,0.42857142857142855,0.029928862781895244,0.06833276499609717,0.43098280592438215,0.11775818395056983,0.0753125,0.0946875
access_error_taxonomy,structured_margin,0.2,9,1000,3200,caq_strong_shrinkage,0.07441971695045985,0.25830787522855314,0.9028125,0.2979683972911964,0.7648330783501772,0.045219192267863306,0.7016806722689075,0.0269497494194391,0.06691024015139706,0.45786601027861407,0.11466649015139707,0.0753125,0.0946875
access_error_taxonomy,structured_margin,0.3,9,1000,3200,conserved_quotient,0.08924447635971625,0.3103271462953899,0.879375,0.23107569721115537,0.6936682376994583,0.06869175008629617,0.7394957983193278,0.03167998227609919,0.09664026809206404,0.30451432873541406,0.133721518092064,0.0753125,0.0946875
access_error_taxonomy,structured_margin,0.3,9,1000,3200,caq_strong_shrinkage,0.08511672853062897,0.3027586626801215,0.879375,0.23107569721115537,0.6936682376994583,0.06869175008629617,0.7394957983193278,0.027992177981279925,0.09194865161454216,0.3251736611373345,0.12902990161454211,0.0753125,0.0946875
access_error_taxonomy,symmetric_random,0.0,10,1000,3200,conserved_quotient,0.02723359876574104,0.114728908864704,0.9684375,0.7799564270152506,0.9036345753562525,0.0,0.0,6.162975822039155e-33,0.008533142524475285,1.0609304241925293,0.06634394863291632,0.07375,0.0903125
access_error_taxonomy,symmetric_random,0.0,10,1000,3200,caq_strong_shrinkage,0.02765077396285312,0.11591185924283876,0.9684375,0.7799564270152506,0.9036345753562525,0.0,0.0,9.244463733058732e-33,0.011540585476816924,1.0878419820792544,0.06583886520863624,0.07375,0.0903125
access_error_taxonomy,symmetric_random,0.02,10,1000,3200,conserved_quotient,0.036652092880560934,0.14255893846252765,0.9525,0.6947791164658634,0.879850579839429,0.016489178976296804,0.04035874439461883,0.012615758902827656,0.011430183501017679,0.9223591259276877,0.07241768350101768,0.07375,0.0903125
access_error_taxonomy,symmetric_random,0.02,10,1000,3200,caq_strong_shrinkage,0.036789750867823025,0.14292345622764283,0.9525,0.6947791164658634,0.879850579839429,0.016489178976296804,0.04035874439461883,0.011847043860732648,0.011039102234018258,0.9429504043055565,0.07202660223401827,0.07375,0.0903125
access_error_taxonomy,symmetric_random,0.05,10,1000,3200,conserved_quotient,0.046304425299519975,0.16920745043904867,0.9325,0.6129032258064516,0.8592388320867358,0.039505324630711096,0.07174887892376682,0.019616651237745083,0.024342244154959683,0.7742076379855013,0.08295474415495967,0.07375,0.0903125
access_error_taxonomy,symmetric_random,0.05,10,1000,3200,caq_strong_shrinkage,0.0461857262775139,0.16899368221632854,0.9325,0.6129032258064516,0.8592388320867358,0.039505324630711096,0.07174887892376682,0.01902526838576378,0.0239829935923289,0.7895246365818254,0.08259549359232889,0.07375,0.0903125
access_error_taxonomy,symmetric_random,0.1,10,1000,3200,conserved_quotient,0.05888434937780107,0.20803465376974992,0.9103125,0.45540796963946867,0.82275154966948,0.054620405358983166,0.4080717488789238,0.026659772593237048,0.040551356112438194,0.6333312978747501,0.0938076061124382,0.07375,0.0903125
access_error_taxonomy,symmetric_random,0.1,10,1000,3200,caq_strong_shrinkage,0.058579032625395634,0.20777616661566156,0.9103125,0.45540796963946867,0.82275154966948,0.054620405358983166,0.4080717488789238,0.025643562570952263,0.040383816251350985,0.6435265245129709,0.09364006625135099,0.07375,0.0903125
access_error_taxonomy,symmetric_random,0.15,10,1000,3200,conserved_quotient,0.0674445457870653,0.23692644991445863,0.88625,0.38926174496644295,0.787806788810357,0.08038474750944692,0.4349775784753363,0.029235298141675456,0.056458814463455846,0.5262750194317692,0.10459631446345584,0.07375,0.0903125
access_error_taxonomy,symmetric_random,0.15,10,1000,3200,caq_strong_shrinkage,0.06679268761744109,0.23613487407339018,0.88625,0.38926174496644295,0.787806788810357,0.08038474750944692,0.4349775784753363,0.028099512838659396,0.05584966041212759,0.5356652735745288,0.10398716041212758,0.07375,0.0903125
access_error_taxonomy,symmetric_random,0.2,10,1000,3200,conserved_quotient,0.07214821795911451,0.2572221427922931,0.895625,0.2675438596491228,0.7571250486058693,0.05358983167296462,0.7130044843049327,0.02570140459475552,0.06624255468648069,0.4610725412063079,0.11034880468648069,0.07375,0.0903125
access_error_taxonomy,symmetric_random,0.2,10,1000,3200,caq_strong_shrinkage,0.07136338665055052,0.25632785925418644,0.92625,0.0,0.7571250486058693,0.0,1.0,0.02465319976235271,0.06538181415629377,0.4679960105735375,0.10948806415629378,0.07375,0.0903125
access_error_taxonomy,symmetric_random,0.3,10,1000,3200,conserved_quotient,0.07668617821157175,0.28500642523545544,0.92625,0.0,0.7037615224501933,0.0,1.0,0.020166692188284367,0.07969815585443099,0.37365932206066804,0.116529405854431,0.07375,0.0903125
access_error_taxonomy,symmetric_random,0.3,10,1000,3200,caq_strong_shrinkage,0.07588590809878132,0.28418149822850075,0.92625,0.0,0.7037615224501933,0.0,1.0,0.019324599039945503,0.07868122607556795,0.38037902926853095,0.11551247607556794,0.07375,0.0903125
access_error_taxonomy,false_access_only,0.0,10,1000,3200,conserved_quotient,0.02723359876574104,0.114728908864704,0.9684375,0.7799564270152506,0.9036345753562525,0.0,0.0,6.162975822039155e-33,0.008533142524475285,1.0609304241925293,0.06634394863291632,0.07375,0.0903125
access_error_taxonomy,false_access_only,0.0,10,1000,3200,caq_strong_shrinkage,0.02765077396285312,0.11591185924283876,0.9684375,0.7799564270152506,0.9036345753562525,0.0,0.0,9.244463733058732e-33,0.011540585476816924,1.0878419820792544,0.06583886520863624,0.07375,0.0903125
access_error_taxonomy,false_access_only,0.02,10,1000,3200,conserved_quotient,0.03538309112666031,0.1355842386731534,0.9534375,0.7061143984220908,0.8953086758617534,0.016489178976296804,0.0,6.933347799794049e-33,0.010052017962191049,0.9243555937322661,0.07473326796219106,0.07375,0.0903125
access_error_taxonomy,false_access_only,0.02,10,1000,3200,caq_strong_shrinkage,0.03555253677766647,0.136021464905589,0.9534375,0.7061143984220908,0.8953086758617534,0.016489178976296804,0.0,1.3096323621833204e-32,0.009663052178985174,0.943253453501166,0.07433660545030812,0.07375,0.0903125
access_error_taxonomy,false_access_only,0.05,10,1000,3200,conserved_quotient,0.04434874900418219,0.15740745802789263,0.93375,0.6306620209059234,0.8867697682929618,0.039505324630711096,0.0,1.560003254953661e-32,0.021614177189565358,0.7834310831297326,0.08697667718956537,0.07375,0.0903125
access_error_taxonomy,false_access_only,0.05,10,1000,3200,caq_strong_shrinkage,0.044218956592954835,0.15715154113441412,0.93375,0.6306620209059234,0.8867697682929618,0.039505324630711096,0.0,1.5407439555097887e-32,0.021240438194343396,0.7987881399380502,0.0866029381943434,0.07375,0.0903125
access_error_taxonomy,false_access_only,0.1,10,1000,3200,conserved_quotient,0.05526931502061279,0.18397856555136538,0.8984375,0.5323741007194245,0.8751858459708594,0.08107179663345929,0.0,2.484449628259534e-32,0.03518002048410089,0.659618910626489,0.10258627048410089,0.07375,0.0903125
access_error_taxonomy,false_access_only,0.1,10,1000,3200,caq_strong_shrinkage,0.054926259629104,0.1836041293478335,0.8984375,0.5323741007194245,0.8751858459708594,0.08107179663345929,0.0,2.484449628259534e-32,0.03503839438535364,0.6710188920693746,0.10244464438535364,0.07375,0.0903125
access_error_taxonomy,false_access_only,0.15,10,1000,3200,conserved_quotient,0.06425053916927932,0.20800494607396366,0.8921875,0.4462279293739968,0.8561194789450811,0.08038474750944692,0.31390134529147984,1.617781153285278e-32,0.04985399262251099,0.5661183640326828,0.11705399262251097,0.07375,0.0903125
access_error_taxonomy,false_access_only,0.15,10,1000,3200,caq_strong_shrinkage,0.06342085756070223,0.206741222170534,0.8921875,0.4462279293739968,0.8561194789450811,0.08038474750944692,0.31390134529147984,7.125940794232773e-33,0.04936891290750941,0.5787427347186314,0.11656891290750941,0.07375,0.0903125
access_error_taxonomy,false_access_only,0.2,10,1000,3200,conserved_quotient,0.07084000964467449,0.22790348637976204,0.869375,0.40114613180515757,0.837427663029804,0.10614908965991068,0.31390134529147984,1.3288916616271927e-32,0.062453615704926344,0.5096912829209652,0.1293036157049263,0.07375,0.0903125
access_error_taxonomy,false_access_only,0.2,10,1000,3200,caq_strong_shrinkage,0.06982560130078998,0.22648926968478159,0.869375,0.40114613180515757,0.837427663029804,0.10614908965991068,0.31390134529147984,1.8681520460556188e-32,0.06175452913159984,0.5207301398606697,0.12860452913159984,0.07375,0.0903125
access_error_taxonomy,false_access_only,0.3,10,1000,3200,conserved_quotient,0.07816459435593694,0.2537235458009173,0.87375,0.24060150375939848,0.807953921635902,0.07798007557540364,0.6905829596412556,2.2340787354891936e-32,0.07930584398430252,0.4415857907859594,0.1462620939843025,0.07375,0.0903125
access_error_taxonomy,false_access_only,0.3,10,1000,3200,caq_strong_shrinkage,0.0769901943694555,0.2521384013854418,0.92625,0.0,0.807953921635902,0.0,1.0,4.622231866529366e-33,0.07830465830551947,0.4549740457868064,0.14526090830551944,0.07375,0.0903125
access_error_taxonomy,false_blocked_only,0.0,10,1000,3200,conserved_quotient,0.02723359876574104,0.114728908864704,0.9684375,0.7799564270152506,0.9036345753562525,0.0,0.0,6.162975822039155e-33,0.008533142524475285,1.0609304241925293,0.06634394863291632,0.07375,0.0903125
access_error_taxonomy,false_blocked_only,0.0,10,1000,3200,caq_strong_shrinkage,0.02765077396285312,0.11591185924283876,0.9684375,0.7799564270152506,0.9036345753562525,0.0,0.0,9.244463733058732e-33,0.011540585476816924,1.0878419820792544,0.06583886520863624,0.07375,0.0903125
access_error_taxonomy,false_blocked_only,0.02,10,1000,3200,conserved_quotient,0.028529740517705817,0.12176382921869397,0.9675,0.7688888888888888,0.8875188705139642,0.0,0.04035874439461883,0.013631205109647758,0.010398316537063388,1.063591062515893,0.06410749741642499,0.07375,0.0903125
access_error_taxonomy,false_blocked_only,0.02,10,1000,3200,caq_strong_shrinkage,0.02892804155267903,0.12290878567912467,0.9675,0.7688888888888888,0.8875188705139642,0.0,0.04035874439461883,0.012810314916579524,0.013472695421743383,1.0935594972206242,0.06359041137437313,0.07375,0.0903125
access_error_taxonomy,false_blocked_only,0.05,10,1000,3200,conserved_quotient,0.029351221582629802,0.1269590984437747,0.9671875,0.7629796839729119,0.8767212196070359,0.0,0.07174887892376682,0.024536807645607873,0.0126337041111474,1.0708755535062715,0.062361834258870444,0.07375,0.0903125
access_error_taxonomy,false_blocked_only,0.05,10,1000,3200,caq_strong_shrinkage,0.029787974861814392,0.12818211812105584,0.9671875,0.7629796839729119,0.8767212196070359,0.0,0.07174887892376682,0.02361391109950143,0.015578335069245722,1.0994381795602237,0.061865462664186154,0.07375,0.0903125
access_error_taxonomy,false_blocked_only,0.1,10,1000,3200,conserved_quotient,0.03252730108762063,0.1424942580071413,0.9640625,0.7319347319347319,0.8512817653651731,0.0,0.13452914798206278,0.04565741505526485,0.016498016379581225,1.0747504273078934,0.05852781971738734,0.07375,0.0903125
access_error_taxonomy,false_blocked_only,0.1,10,1000,3200,caq_strong_shrinkage,0.03298028477019601,0.14372716293986176,0.9640625,0.7319347319347319,0.8512817653651731,0.0,0.13452914798206278,0.04308606904260343,0.0193396685566065,1.1059752754055914,0.058015612808707165,0.07375,0.0903125
access_error_taxonomy,false_blocked_only,0.15,10,1000,3200,conserved_quotient,0.03385677250118241,0.15093225135123192,0.9634375,0.720763723150358,0.8375934948191862,0.0,0.17937219730941703,0.0587611209301336,0.01971638517613202,1.0771363875703464,0.05640525514007351,0.07375,0.0903125
access_error_taxonomy,false_blocked_only,0.15,10,1000,3200,caq_strong_shrinkage,0.03442045033517048,0.15243836230135213,0.9634375,0.720763723150358,0.8375934948191862,0.0,0.17937219730941703,0.055557177387264386,0.022520116763755843,1.1067988893224978,0.0558040153895351,0.07375,0.0903125
access_error_taxonomy,false_blocked_only,0.2,10,1000,3200,conserved_quotient,0.03531430950252675,0.15827571399050291,0.961875,0.7053140096618358,0.8217408335048835,0.0,0.20179372197309417,0.06453875896981064,0.02109997610557768,1.0819441059797084,0.054227845252953245,0.07375,0.0903125
access_error_taxonomy,false_blocked_only,0.2,10,1000,3200,caq_strong_shrinkage,0.03588113952600555,0.15978253811057264,0.961875,0.7053140096618358,0.8217408335048835,0.0,0.20179372197309417,0.06095582275217061,0.023935967069509043,1.1162951100545684,0.0534712538741043,0.07375,0.0903125
access_error_taxonomy,false_blocked_only,0.3,10,1000,3200,conserved_quotient,0.03763437491579376,0.1716627267932339,0.96,0.681592039800995,0.806642992749148,0.0,0.2556053811659193,0.08008321789054056,0.024349481446737552,1.0604899069676381,0.051667794976026686,0.07375,0.0903125
access_error_taxonomy,false_blocked_only,0.3,10,1000,3200,caq_strong_shrinkage,0.038266539124440606,0.17333848811777902,0.96,0.681592039800995,0.806642992749148,0.0,0.2556053811659193,0.07558998928116108,0.02723989110137716,1.0939990961863293,0.05092886087835044,0.07375,0.0903125
access_error_taxonomy,structured_margin,0.0,10,1000,3200,conserved_quotient,0.02723359876574104,0.114728908864704,0.9684375,0.7799564270152506,0.9036345753562525,0.0,0.0,6.162975822039155e-33,0.008533142524475285,1.0609304241925293,0.06634394863291632,0.07375,0.0903125
access_error_taxonomy,structured_margin,0.0,10,1000,3200,caq_strong_shrinkage,0.02765077396285312,0.11591185924283876,0.9684375,0.7799564270152506,0.9036345753562525,0.0,0.0,9.244463733058732e-33,0.011540585476816924,1.0878419820792544,0.06583886520863624,0.07375,0.0903125
access_error_taxonomy,structured_margin,0.02,10,1000,3200,conserved_quotient,0.035766882318387566,0.1389459928460451,0.95375,0.7028112449799196,0.8866339577757955,0.016489178976296804,0.04035874439461883,0.01225524883710561,0.010198948210352263,0.9318376429789225,0.07246144821035226,0.07375,0.0903125
access_error_taxonomy,structured_margin,0.02,10,1000,3200,caq_strong_shrinkage,0.03591897462828228,0.13932243043632575,0.95375,0.7028112449799196,0.8866339577757955,0.016489178976296804,0.04035874439461883,0.011588055387861264,0.0098020692879042,0.9521143739283384,0.0720645692879042,0.07375,0.0903125
access_error_taxonomy,structured_margin,0.05,10,1000,3200,conserved_quotient,0.04587690851821341,0.16659867630584357,0.933125,0.6178571428571429,0.8664067682243418,0.04019237375472346,0.07174887892376682,0.019696025419415033,0.024664497607812086,0.769383895027458,0.08454574760781206,0.07375,0.0903125
access_error_taxonomy,structured_margin,0.05,10,1000,3200,caq_strong_shrinkage,0.04575513926419389,0.16637638763423973,0.933125,0.6178571428571429,0.8664067682243418,0.04019237375472346,0.07174887892376682,0.01902999028521538,0.024126666278199444,0.784991291295125,0.08400791627819944,0.07375,0.0903125
access_error_taxonomy,structured_margin,0.1,10,1000,3200,conserved_quotient,0.060600544250600234,0.21052911362550822,0.8971875,0.4992389649923896,0.827277613852101,0.07798007557540364,0.13004484304932734,0.03242091825295504,0.04630161019147295,0.5950009530580421,0.09971411019147296,0.07375,0.0903125
access_error_taxonomy,structured_margin,0.1,10,1000,3200,caq_strong_shrinkage,0.05983514203738019,0.2092269262693548,0.8971875,0.4992389649923896,0.827277613852101,0.07798007557540364,0.13004484304932734,0.030604916863762165,0.045218040656097795,0.6096107301388433,0.09863054065609778,0.07375,0.0903125
access_error_taxonomy,structured_margin,0.15,10,1000,3200,conserved_quotient,0.06899671144893887,0.23872248493471454,0.865,0.42091152815013405,0.7949418445069649,0.11233253177602198,0.17937219730941703,0.0351141714044346,0.0594057064436933,0.5022007124454668,0.10769945644369329,0.07375,0.0903125
access_error_taxonomy,structured_margin,0.15,10,1000,3200,caq_strong_shrinkage,0.06769853468814019,0.2366366381820395,0.865,0.42091152815013405,0.7949418445069649,0.11233253177602198,0.17937219730941703,0.032797673881962794,0.057853353202951784,0.5167207661843594,0.10614710320295179,0.07375,0.0903125
access_error_taxonomy,structured_margin,0.2,10,1000,3200,conserved_quotient,0.07576469409242753,0.26404834071575034,0.8753125,0.3616,0.7636110729888607,0.09206458261765717,0.45739910313901344,0.035607292383101605,0.07358849796810749,0.43369769372579015,0.11673849796810747,0.07375,0.0903125
access_error_taxonomy,structured_margin,0.2,10,1000,3200,caq_strong_shrinkage,0.07436170824332508,0.26205804823212114,0.8978125,0.2684563758389262,0.7636110729888607,0.05049811061490896,0.7130044843049327,0.03348485869733151,0.07225923047955915,0.44041405724586347,0.11540923047955914,0.07375,0.0903125
access_error_taxonomy,structured_margin,0.3,10,1000,3200,conserved_quotient,0.08405723389354147,0.29805738802891796,0.8840625,0.23819301848049282,0.7184719458359066,0.06526966678117485,0.726457399103139,0.03490502173603386,0.09383938789338955,0.3377661805605148,0.12902688789338954,0.07375,0.0903125
access_error_taxonomy,structured_margin,0.3,10,1000,3200,caq_strong_shrinkage,0.08221117571972876,0.29571213843673383,0.8840625,0.23819301848049282,0.7184719458359066,0.06526966678117485,0.726457399103139,0.03259443646232392,0.09220924661509308,0.34596777575788723,0.1273967466150931,0.07375,0.0903125
access_error_taxonomy,symmetric_random,0.0,11,1000,3200,conserved_quotient,0.02731283094965356,0.1096903765289139,0.9671875,0.7712418300653595,0.941463182388964,0.0,0.0,2.465190328815662e-32,0.004328066145003844,1.0135770261673784,0.06766929748828743,0.070625,0.0959375
access_error_taxonomy,symmetric_random,0.0,11,1000,3200,caq_strong_shrinkage,0.027536696385083586,0.11034473288620665,0.9671875,0.7712418300653595,0.941463182388964,0.0,0.0,5.315566646508771e-32,0.006789966479978603,1.0302229586085896,0.06824058907557694,0.070625,0.0959375
access_error_taxonomy,symmetric_random,0.02,11,1000,3200,conserved_quotient,0.03611761628335907,0.13594046229302276,0.9528125,0.6937119675456389,0.9215367997571876,0.014517801590044937,0.034334763948497854,0.013268757404500668,0.011058853273154428,0.8797634457061083,0.07356206566990851,0.070625,0.0959375
access_error_taxonomy,symmetric_random,0.02,11,1000,3200,caq_strong_shrinkage,0.03605510232571619,0.13574231316232713,0.9528125,0.6937119675456389,0.9215367997571876,0.014517801590044937,0.034334763948497854,0.012495633623257722,0.0113022905245859,0.8963846191512337,0.07402681279304021,0.070625,0.0959375
access_error_taxonomy,symmetric_random,0.05,11,1000,3200,conserved_quotient,0.04612753327211218,0.16476810813081444,0.9321875,0.604735883424408,0.8916747504924687,0.036640165917732455,0.06866952789699571,0.021983818842814185,0.023899137618979365,0.7393797193882655,0.08304288761897936,0.070625,0.0959375
access_error_taxonomy,symmetric_random,0.05,11,1000,3200,caq_strong_shrinkage,0.04586607352900161,0.16427521609827725,0.9321875,0.604735883424408,0.8916747504924687,0.036640165917732455,0.06866952789699571,0.020932699959725735,0.024488469614624506,0.7533760220909588,0.0836322196146245,0.070625,0.0959375
access_error_taxonomy,symmetric_random,0.1,11,1000,3200,conserved_quotient,0.05885315550850104,0.20303331922724305,0.913125,0.444,0.8541801810380227,0.048047010024196334,0.4206008583690987,0.029133938069316783,0.04242105180319741,0.5878953197438284,0.0958210518031974,0.070625,0.0959375
access_error_taxonomy,symmetric_random,0.1,11,1000,3200,caq_strong_shrinkage,0.05846695824581083,0.20253100098702176,0.913125,0.444,0.8541801810380227,0.048047010024196334,0.4206008583690987,0.028402012105915458,0.04335597727945882,0.5965501245721522,0.09675597727945882,0.070625,0.0959375
access_error_taxonomy,symmetric_random,0.15,11,1000,3200,conserved_quotient,0.06875866724054772,0.23847330901488786,0.889375,0.3655913978494624,0.8039007683106093,0.07155202212236433,0.463519313304721,0.03275525887248552,0.05913241885825023,0.47541090833187183,0.10426366885825024,0.070625,0.0959375
access_error_taxonomy,symmetric_random,0.15,11,1000,3200,caq_strong_shrinkage,0.06817823322653035,0.23792737302078437,0.889375,0.3655913978494624,0.8039007683106093,0.07155202212236433,0.463519313304721,0.03184659417305235,0.06014664983744175,0.48280198063117774,0.10527789983744175,0.070625,0.0959375
access_error_taxonomy,symmetric_random,0.2,11,1000,3200,conserved_quotient,0.07359297586594611,0.2580064857478107,0.8659375,0.3157894736842105,0.7707699769685356,0.09816799170411337,0.4978540772532189,0.030608036696916724,0.06757686662167305,0.4109531780203408,0.10932061662167303,0.070625,0.0959375
access_error_taxonomy,symmetric_random,0.2,11,1000,3200,caq_strong_shrinkage,0.0727380321840834,0.2570688824302278,0.8659375,0.3157894736842105,0.7707699769685356,0.09816799170411337,0.4978540772532189,0.02960917460671803,0.06842503665599163,0.42004295443065287,0.11016878665599161,0.070625,0.0959375
access_error_taxonomy,symmetric_random,0.3,11,1000,3200,conserved_quotient,0.07719453397348235,0.2830183964539252,0.929375,0.0,0.7004228386428695,0.0,1.0,0.023612125777672823,0.07981184821297474,0.33136661906108056,0.11446184821297475,0.070625,0.0959375
access_error_taxonomy,symmetric_random,0.3,11,1000,3200,caq_strong_shrinkage,0.07632717679333215,0.28219164968379545,0.929375,0.0,0.7004228386428695,0.0,1.0,0.022844931476355825,0.0801227468663909,0.33871629074757165,0.11477274686639088,0.070625,0.0959375
access_error_taxonomy,false_access_only,0.0,11,1000,3200,conserved_quotient,0.02731283094965356,0.1096903765289139,0.9671875,0.7712418300653595,0.941463182388964,0.0,0.0,2.465190328815662e-32,0.004328066145003844,1.0135770261673784,0.06766929748828743,0.070625,0.0959375
access_error_taxonomy,false_access_only,0.0,11,1000,3200,caq_strong_shrinkage,0.027536696385083586,0.11034473288620665,0.9671875,0.7712418300653595,0.941463182388964,0.0,0.0,5.315566646508771e-32,0.006789966479978603,1.0302229586085896,0.06824058907557694,0.070625,0.0959375
access_error_taxonomy,false_access_only,0.02,11,1000,3200,conserved_quotient,0.03476706891038986,0.12871552225650118,0.9540625,0.7065868263473054,0.9324335985621701,0.014517801590044937,0.0,6.355568816477878e-33,0.00954512245906268,0.8884536315322886,0.07519104637210615,0.070625,0.0959375
access_error_taxonomy,false_access_only,0.02,11,1000,3200,caq_strong_shrinkage,0.03471795947045932,0.12857007734376705,0.9540625,0.7065868263473054,0.9324335985621701,0.014517801590044937,0.0,5.315566646508771e-32,0.009777427880003287,0.904311907592604,0.07568978253116608,0.070625,0.0959375
access_error_taxonomy,false_access_only,0.05,11,1000,3200,conserved_quotient,0.04377054764197506,0.15192515994202024,0.9340625,0.6265486725663717,0.9157328112074558,0.036640165917732455,0.0,1.8681520460556188e-32,0.019786361936180892,0.7618529858543971,0.0856926119361809,0.070625,0.0959375
access_error_taxonomy,false_access_only,0.05,11,1000,3200,caq_strong_shrinkage,0.043556694083590426,0.15157903559326402,0.9340625,0.6265486725663717,0.9157328112074558,0.036640165917732455,0.0,6.162975822039155e-33,0.0205035832362987,0.7753156557538203,0.0864098332362987,0.070625,0.0959375
access_error_taxonomy,false_access_only,0.1,11,1000,3200,conserved_quotient,0.05476625882113446,0.18012967990270057,0.9153125,0.47378640776699027,0.8948006617826473,0.048047010024196334,0.3562231759656652,3.0814879110195774e-33,0.03479238352046673,0.6322145658438575,0.10046738352046672,0.070625,0.0959375
access_error_taxonomy,false_access_only,0.1,11,1000,3200,caq_strong_shrinkage,0.054260227008740065,0.17941133040538748,0.9153125,0.47378640776699027,0.8948006617826473,0.048047010024196334,0.3562231759656652,7.896312771987667e-33,0.03559524632608045,0.6438361313993671,0.10127024632608045,0.070625,0.0959375
access_error_taxonomy,false_access_only,0.15,11,1000,3200,conserved_quotient,0.06315337703589806,0.20342006987975444,0.8940625,0.41852487135506006,0.8749248650546625,0.07155202212236433,0.3562231759656652,1.925929944387236e-34,0.048182171249096795,0.5478977311504925,0.11298842124909678,0.070625,0.0959375
access_error_taxonomy,false_access_only,0.15,11,1000,3200,caq_strong_shrinkage,0.06239833400222246,0.2025324471877834,0.8940625,0.41852487135506006,0.8749248650546625,0.07155202212236433,0.3562231759656652,1.6370404527291505e-32,0.04899077657153275,0.5593097096475516,0.11379702657153273,0.070625,0.0959375
access_error_taxonomy,false_access_only,0.2,11,1000,3200,conserved_quotient,0.06818925365923759,0.2163073531509518,0.871875,0.3787878787878788,0.8640994816432682,0.09816799170411337,0.3562231759656652,1.2518544638517033e-32,0.05591864282103742,0.5026561797965373,0.12349364282103742,0.070625,0.0959375
access_error_taxonomy,false_access_only,0.2,11,1000,3200,caq_strong_shrinkage,0.06728137760431824,0.21521430245036288,0.871875,0.3787878787878788,0.8640994816432682,0.09816799170411337,0.3562231759656652,7.125940794232773e-33,0.05661703990131219,0.5146976273123752,0.1241920399013122,0.070625,0.0959375
access_error_taxonomy,false_access_only,0.3,11,1000,3200,conserved_quotient,0.07556778480673305,0.2408789349671321,0.8790625,0.2766355140186916,0.8283486380489314,0.07431731766332526,0.5965665236051502,6.211124070648836e-33,0.07197192230563923,0.43563933475713995,0.13980317230563918,0.070625,0.0959375
access_error_taxonomy,false_access_only,0.3,11,1000,3200,caq_strong_shrinkage,0.07446715014973972,0.23955922061096477,0.8790625,0.2766355140186916,0.8283486380489314,0.07431731766332526,0.5965665236051502,3.851859888774472e-33,0.07229540696956518,0.44741681731695115,0.1401266569695652,0.070625,0.0959375
access_error_taxonomy,false_blocked_only,0.0,11,1000,3200,conserved_quotient,0.02731283094965356,0.1096903765289139,0.9671875,0.7712418300653595,0.941463182388964,0.0,0.0,2.465190328815662e-32,0.004328066145003844,1.0135770261673784,0.06766929748828743,0.070625,0.0959375
access_error_taxonomy,false_blocked_only,0.0,11,1000,3200,caq_strong_shrinkage,0.027536696385083586,0.11034473288620665,0.9671875,0.7712418300653595,0.941463182388964,0.0,0.0,5.315566646508771e-32,0.006789966479978603,1.0302229586085896,0.06824058907557694,0.070625,0.0959375
access_error_taxonomy,false_blocked_only,0.02,11,1000,3200,conserved_quotient,0.028650620728632035,0.11686875931358685,0.9659375,0.7583148558758315,0.9307568246335498,0.0,0.034334763948497854,0.014827175408789755,0.005984921346697253,1.0094218677030249,0.06600431228394534,0.070625,0.0959375
access_error_taxonomy,false_blocked_only,0.02,11,1000,3200,caq_strong_shrinkage,0.02887661696506573,0.11751671245245131,0.9659375,0.7583148558758315,0.9307568246335498,0.0,0.034334763948497854,0.013888054165976445,0.00847175658592876,1.0259679254862901,0.06655110811550738,0.070625,0.0959375
access_error_taxonomy,false_blocked_only,0.05,11,1000,3200,conserved_quotient,0.02955968953125941,0.12229052389704645,0.9653125,0.7494356659142212,0.9202260297207063,0.0,0.06866952789699571,0.028297216705645042,0.0070700800926338445,1.0008036476831252,0.06483619851368648,0.070625,0.0959375
access_error_taxonomy,false_blocked_only,0.05,11,1000,3200,caq_strong_shrinkage,0.029773656494040065,0.12287338818195892,0.9653125,0.7494356659142212,0.9202260297207063,0.0,0.06866952789699571,0.026786800240725425,0.009567455080161404,1.018314569888104,0.06530281399139388,0.070625,0.0959375
access_error_taxonomy,false_blocked_only,0.1,11,1000,3200,conserved_quotient,0.031478449479093736,0.1326122344323792,0.9634375,0.728538283062645,0.9005228201938928,0.0,0.12017167381974249,0.04509114207985585,0.00943884083327329,0.991712185080376,0.06263015837500899,0.070625,0.0959375
access_error_taxonomy,false_blocked_only,0.1,11,1000,3200,caq_strong_shrinkage,0.031752598167088475,0.1333031728826128,0.9634375,0.728538283062645,0.9005228201938928,0.0,0.12017167381974249,0.04398881848670792,0.012035940198132884,1.0023678209049187,0.06328795547855884,0.070625,0.0959375
access_error_taxonomy,false_blocked_only,0.15,11,1000,3200,conserved_quotient,0.03453035654744771,0.14774829467926154,0.9603125,0.6968973747016707,0.8689185328897644,0.0,0.17167381974248927,0.060969155663438926,0.013801912908524994,0.9832963231348639,0.059234629745259684,0.070625,0.0959375
access_error_taxonomy,false_blocked_only,0.15,11,1000,3200,caq_strong_shrinkage,0.03484551229657188,0.14853168707896877,0.9603125,0.6968973747016707,0.8689185328897644,0.0,0.17167381974248927,0.059536294154921426,0.015837624023113214,0.9903687298154668,0.05996751382149832,0.070625,0.0959375
access_error_taxonomy,false_blocked_only,0.2,11,1000,3200,conserved_quotient,0.03686544201680434,0.15985998465184165,0.9578125,0.6683046683046683,0.8466443691937797,0.0,0.22317596566523606,0.07469908153333034,0.015591144526861197,0.9708866142265564,0.056173934618125865,0.070625,0.0959375
access_error_taxonomy,false_blocked_only,0.2,11,1000,3200,caq_strong_shrinkage,0.03710061031199242,0.16044793170288113,0.9578125,0.6683046683046683,0.8466443691937797,0.0,0.22317596566523606,0.07239418591188594,0.01776601615185356,0.9817772275422736,0.05688295645088617,0.070625,0.0959375
access_error_taxonomy,false_blocked_only,0.3,11,1000,3200,conserved_quotient,0.03886128819194829,0.17230332340314708,0.9565625,0.6463104325699746,0.8138572644333486,0.0,0.2832618025751073,0.08755947328930916,0.020485720382865568,0.9831342573351382,0.05210070219531902,0.070625,0.0959375
access_error_taxonomy,false_blocked_only,0.3,11,1000,3200,caq_strong_shrinkage,0.039216579484273054,0.17319218635777703,0.9565625,0.6463104325699746,0.8138572644333486,0.0,0.2832618025751073,0.08547671828905612,0.022716352173900143,0.9919466394976268,0.05264867053862419,0.070625,0.0959375
access_error_taxonomy,structured_margin,0.0,11,1000,3200,conserved_quotient,0.02731283094965356,0.1096903765289139,0.9671875,0.7712418300653595,0.941463182388964,0.0,0.0,2.465190328815662e-32,0.004328066145003844,1.0135770261673784,0.06766929748828743,0.070625,0.0959375
access_error_taxonomy,structured_margin,0.0,11,1000,3200,caq_strong_shrinkage,0.027536696385083586,0.11034473288620665,0.9671875,0.7712418300653595,0.941463182388964,0.0,0.0,5.315566646508771e-32,0.006789966479978603,1.0302229586085896,0.06824058907557694,0.070625,0.0959375
access_error_taxonomy,structured_margin,0.02,11,1000,3200,conserved_quotient,0.03515834839439616,0.1335598117681145,0.9540625,0.6993865030674846,0.9232909403621951,0.013135153819564467,0.034334763948497854,0.012500816142206939,0.010846873661297175,0.8929918140157443,0.07278807934887022,0.070625,0.0959375
access_error_taxonomy,structured_margin,0.02,11,1000,3200,caq_strong_shrinkage,0.035165390554488675,0.13356150032103112,0.9540625,0.6993865030674846,0.9232909403621951,0.013135153819564467,0.034334763948497854,0.011920519810083128,0.01085674830801591,0.9077382276400618,0.07332859530840546,0.070625,0.0959375
access_error_taxonomy,structured_margin,0.05,11,1000,3200,conserved_quotient,0.04665401099141352,0.16517147643116367,0.9325,0.6072727272727273,0.8965756318774512,0.03629450397511234,0.060085836909871244,0.021910951007269655,0.02553402798886814,0.7165806229159354,0.08538402798886814,0.070625,0.0959375
access_error_taxonomy,structured_margin,0.05,11,1000,3200,caq_strong_shrinkage,0.046166599764484006,0.16384803776848267,0.9325,0.6072727272727273,0.8965756318774512,0.03629450397511234,0.060085836909871244,0.020939333827025536,0.025766777620855642,0.7329508347265129,0.08561677762085564,0.070625,0.0959375
access_error_taxonomy,structured_margin,0.1,11,1000,3200,conserved_quotient,0.0611198817826436,0.20625744572759813,0.9121875,0.44356435643564357,0.8552662901488416,0.04977531973729692,0.4206008583690987,0.030365670338772396,0.04578972301864532,0.5579643241057761,0.10107097301864532,0.070625,0.0959375
access_error_taxonomy,structured_margin,0.1,11,1000,3200,caq_strong_shrinkage,0.060313162014330145,0.20444494407157904,0.9121875,0.44356435643564357,0.8552662901488416,0.04977531973729692,0.4206008583690987,0.02931007117271191,0.04633263656947614,0.5699227851901144,0.10161388656947615,0.070625,0.0959375
access_error_taxonomy,structured_margin,0.15,11,1000,3200,conserved_quotient,0.07198894568284113,0.2414712770016969,0.89125,0.37857142857142856,0.8160696538138796,0.07155202212236433,0.45493562231759654,0.03579887270350124,0.06286003120580458,0.4511275414488968,0.1117350312058046,0.070625,0.0959375
access_error_taxonomy,structured_margin,0.15,11,1000,3200,caq_strong_shrinkage,0.07054815880385525,0.23867164868614205,0.89125,0.37857142857142856,0.8160696538138796,0.07155202212236433,0.45493562231759654,0.03420186905280385,0.0634465833959473,0.46470432159430897,0.11232158339594733,0.070625,0.0959375
access_error_taxonomy,structured_margin,0.2,11,1000,3200,conserved_quotient,0.08515087754702197,0.2829351642863524,0.8625,0.3081761006289308,0.7677720182585356,0.10093328724507432,0.49356223175965663,0.04148994728878847,0.0862413734749572,0.3403312111069473,0.1285913734749572,0.070625,0.0959375
access_error_taxonomy,structured_margin,0.2,11,1000,3200,caq_strong_shrinkage,0.08330488598690407,0.27955894601120207,0.8625,0.3081761006289308,0.7677720182585356,0.10093328724507432,0.49356223175965663,0.03967850052737708,0.08720790417617846,0.351029233845846,0.12955790417617843,0.070625,0.0959375
access_error_taxonomy,structured_margin,0.3,11,1000,3200,conserved_quotient,0.09615031027256403,0.32258193890620235,0.828125,0.25271739130434784,0.7056614553266957,0.13861043899066713,0.5321888412017167,0.042525944641190305,0.11033435579877111,0.2508161639326218,0.14406560579877112,0.070625,0.0959375
access_error_taxonomy,structured_margin,0.3,11,1000,3200,caq_strong_shrinkage,0.09337314259752212,0.3183116245832385,0.828125,0.25271739130434784,0.7056614553266957,0.13861043899066713,0.5321888412017167,0.04055791473154009,0.11101136558219178,0.2596430845620001,0.14474261558219179,0.070625,0.0959375
access_error_taxonomy,symmetric_random,0.0,12,1000,3200,conserved_quotient,0.027262996814773045,0.1127452812005868,0.96875,0.7461928934010152,0.8903989411603624,0.0,0.0,2.850376317693109e-32,0.011279241697231965,0.8843177888027419,0.06556049169723197,0.0615625,0.0828125
access_error_taxonomy,symmetric_random,0.0,12,1000,3200,caq_strong_shrinkage,0.02766556091486966,0.11360589714232133,0.96875,0.7461928934010152,0.8903989411603624,0.0,0.0,3.0814879110195774e-33,0.01157255437023241,0.8935382470125195,0.06585380437023242,0.0615625,0.0828125
access_error_taxonomy,symmetric_random,0.02,12,1000,3200,conserved_quotient,0.040010539092046396,0.14866000658541384,0.949375,0.6383928571428571,0.8638383613002902,0.020783645655877342,0.03553299492385787,0.013570774221437263,0.026675344600950716,0.695775613323478,0.07741284460095073,0.0615625,0.0828125
access_error_taxonomy,symmetric_random,0.02,12,1000,3200,caq_strong_shrinkage,0.03988419114881097,0.1477490453982035,0.949375,0.6383928571428571,0.8638383613002902,0.020783645655877342,0.03553299492385787,0.013115970772484295,0.026695881781092213,0.7121498334262444,0.07743338178109221,0.0615625,0.0828125
access_error_taxonomy,symmetric_random,0.05,12,1000,3200,conserved_quotient,0.052663873309467944,0.18183096635631693,0.9246875,0.5391969407265774,0.835070175171698,0.04770017035775128,0.05583756345177665,0.018489902152346544,0.04383638240662856,0.5584835274571848,0.09207388240662855,0.0615625,0.0828125
access_error_taxonomy,symmetric_random,0.05,12,1000,3200,caq_strong_shrinkage,0.052338065723364566,0.18086686802378363,0.9246875,0.5391969407265774,0.835070175171698,0.04770017035775128,0.05583756345177665,0.018108106829754333,0.0440112980360019,0.5647823971470549,0.09224879803600189,0.0615625,0.0828125
access_error_taxonomy,symmetric_random,0.1,12,1000,3200,conserved_quotient,0.06473419366844582,0.21485419861612942,0.8921875,0.44264943457189015,0.8002217748410642,0.08245315161839864,0.08629441624365482,0.02536145490124917,0.061239099064002364,0.45250776087433403,0.10622034906400236,0.0615625,0.0828125
access_error_taxonomy,symmetric_random,0.1,12,1000,3200,caq_strong_shrinkage,0.06368660200702254,0.21271859706461535,0.8921875,0.44264943457189015,0.8002217748410642,0.08245315161839864,0.08629441624365482,0.02464002049214917,0.060846409838219595,0.4601688460976246,0.10582765983821957,0.0615625,0.0828125
access_error_taxonomy,symmetric_random,0.15,12,1000,3200,conserved_quotient,0.07280809274833944,0.24096036737570156,0.8603125,0.3695345557122708,0.7726216254135035,0.11686541737649063,0.14213197969543148,0.03286358711380189,0.07595115683504104,0.38115665014012234,0.11701365683504104,0.0615625,0.0828125
access_error_taxonomy,symmetric_random,0.15,12,1000,3200,caq_strong_shrinkage,0.07144623830375503,0.23850041214357376,0.8603125,0.3695345557122708,0.7726216254135035,0.11686541737649063,0.14213197969543148,0.03155765951945928,0.075445400376355,0.38817354901539963,0.11650790037635499,0.0615625,0.0828125
access_error_taxonomy,symmetric_random,0.2,12,1000,3200,conserved_quotient,0.07893710082436217,0.2662154293434874,0.8659375,0.2885572139303483,0.7243754553399223,0.10323679727427598,0.47715736040609136,0.03350239103380301,0.09030972999070164,0.31585055112412297,0.12550972999070167,0.0615625,0.0828125
access_error_taxonomy,symmetric_random,0.2,12,1000,3200,caq_strong_shrinkage,0.07744458772695365,0.2638646569909716,0.8659375,0.2885572139303483,0.7243754553399223,0.10323679727427598,0.47715736040609136,0.03217062103930448,0.08967206071305482,0.32133694896341525,0.12487206071305482,0.0615625,0.0828125
access_error_taxonomy,symmetric_random,0.3,12,1000,3200,conserved_quotient,0.07990758953727489,0.2889501555794735,0.888125,0.19730941704035873,0.6546161114689033,0.06984667802385008,0.7766497461928934,0.02908122931523265,0.10238078512882927,0.2420877442562997,0.12904953512882925,0.0615625,0.0828125
access_error_taxonomy,symmetric_random,0.3,12,1000,3200,caq_strong_shrinkage,0.07865644405837556,0.2874967416312367,0.9384375,0.0,0.6546161114689033,0.0,1.0,0.02780363107066486,0.10188081025095826,0.2417047123872572,0.12854956025095826,0.0615625,0.0828125
access_error_taxonomy,false_access_only,0.0,12,1000,3200,conserved_quotient,0.027262996814773045,0.1127452812005868,0.96875,0.7461928934010152,0.8903989411603624,0.0,0.0,2.850376317693109e-32,0.011279241697231965,0.8843177888027419,0.06556049169723197,0.0615625,0.0828125
access_error_taxonomy,false_access_only,0.0,12,1000,3200,caq_strong_shrinkage,0.02766556091486966,0.11360589714232133,0.96875,0.7461928934010152,0.8903989411603624,0.0,0.0,3.0814879110195774e-33,0.01157255437023241,0.8935382470125195,0.06585380437023242,0.0615625,0.0828125
access_error_taxonomy,false_access_only,0.02,12,1000,3200,conserved_quotient,0.03901067119459659,0.1424500399857009,0.9503125,0.6505494505494506,0.8790008637724374,0.020783645655877342,0.0,3.389636702121535e-32,0.024867609323592083,0.7015697328468912,0.07930510932359208,0.0615625,0.0828125
access_error_taxonomy,false_access_only,0.02,12,1000,3200,caq_strong_shrinkage,0.038813601051422376,0.14129941388165215,0.9503125,0.6505494505494506,0.8790008637724374,0.020783645655877342,0.0,3.851859888774472e-33,0.024895410306303677,0.7196693255195435,0.07933291030630368,0.0615625,0.0828125
access_error_taxonomy,false_access_only,0.05,12,1000,3200,conserved_quotient,0.05123191820180724,0.17233457960854856,0.925625,0.5543071161048689,0.8606435865319114,0.04770017035775128,0.0,6.162975822039155e-33,0.04084486757452293,0.5740270227147544,0.09461986757452293,0.0615625,0.0828125
access_error_taxonomy,false_access_only,0.05,12,1000,3200,caq_strong_shrinkage,0.05083614460636179,0.17126781567258292,0.925625,0.5543071161048689,0.8606435865319114,0.04770017035775128,0.0,1.5407439555097887e-32,0.041078396804808105,0.5805867052435937,0.09485339680480809,0.0615625,0.0828125
access_error_taxonomy,false_access_only,0.1,12,1000,3200,conserved_quotient,0.06344157881766332,0.20311766915589666,0.89375,0.46540880503144655,0.8356803940560286,0.08245315161839864,0.0,2.850376317693109e-32,0.05832242052645497,0.4723617445435468,0.11127867052645497,0.0615625,0.0828125
access_error_taxonomy,false_access_only,0.1,12,1000,3200,caq_strong_shrinkage,0.06241472168612334,0.20101989253754698,0.89375,0.46540880503144655,0.8356803940560286,0.08245315161839864,0.0,2.850376317693109e-32,0.05818505973645047,0.4803910561766321,0.11114130973645046,0.0615625,0.0828125
access_error_taxonomy,false_access_only,0.15,12,1000,3200,conserved_quotient,0.07116382392579201,0.22236698169963617,0.8634375,0.40705563093622793,0.8245561545053931,0.11686541737649063,0.0,3.4088960015654075e-32,0.07183525289459022,0.41715635712479626,0.12579775289459022,0.0615625,0.0828125
access_error_taxonomy,false_access_only,0.15,12,1000,3200,caq_strong_shrinkage,0.06991142893801912,0.22021896757424828,0.8634375,0.40705563093622793,0.8245561545053931,0.11686541737649063,0.0,1.3096323621833204e-32,0.07168403204440377,0.42174099733466447,0.12564653204440376,0.0615625,0.0828125
access_error_taxonomy,false_access_only,0.2,12,1000,3200,conserved_quotient,0.07778458969369983,0.24264212876330163,0.828125,0.35294117647058826,0.7981105189227017,0.155366269165247,0.0,6.162975822039155e-33,0.08577300530417792,0.37054626742370816,0.13879175530417795,0.0615625,0.0828125
access_error_taxonomy,false_access_only,0.2,12,1000,3200,caq_strong_shrinkage,0.07650029183834706,0.24080650264772735,0.828125,0.35294117647058826,0.7981105189227017,0.155366269165247,0.0,3.4088960015654075e-32,0.08573177269793586,0.37676716391900716,0.1387505226979359,0.0615625,0.0828125
access_error_taxonomy,false_access_only,0.3,12,1000,3200,conserved_quotient,0.08316207104618466,0.2640333862103287,0.891875,0.24782608695652175,0.7840095606593068,0.06984667802385008,0.7055837563451777,3.851859888774472e-33,0.10343566684868916,0.32829647438102744,0.1571419168486891,0.0615625,0.0828125
access_error_taxonomy,false_access_only,0.3,12,1000,3200,caq_strong_shrinkage,0.0819890988768859,0.2628088272388164,0.891875,0.24782608695652175,0.7840095606593068,0.06984667802385008,0.7055837563451777,4.044452883213195e-33,0.10341402346573643,0.33333183537170374,0.15712027346573643,0.0615625,0.0828125
access_error_taxonomy,false_blocked_only,0.0,12,1000,3200,conserved_quotient,0.027262996814773045,0.1127452812005868,0.96875,0.7461928934010152,0.8903989411603624,0.0,0.0,2.850376317693109e-32,0.011279241697231965,0.8843177888027419,0.06556049169723197,0.0615625,0.0828125
access_error_taxonomy,false_blocked_only,0.0,12,1000,3200,caq_strong_shrinkage,0.02766556091486966,0.11360589714232133,0.96875,0.7461928934010152,0.8903989411603624,0.0,0.0,3.0814879110195774e-33,0.01157255437023241,0.8935382470125195,0.06585380437023242,0.0615625,0.0828125
access_error_taxonomy,false_blocked_only,0.02,12,1000,3200,conserved_quotient,0.028384461301391762,0.11931432566373555,0.9678125,0.7338501291989664,0.8750099308474943,0.0,0.03553299492385787,0.015198739878949097,0.013064130763112325,0.883812984445041,0.06364538076311232,0.0615625,0.0828125
access_error_taxonomy,false_blocked_only,0.02,12,1000,3200,caq_strong_shrinkage,0.028859529464246466,0.12038989875353583,0.9678125,0.7338501291989664,0.8750099308474943,0.0,0.03553299492385787,0.014657934554356019,0.013361477211722584,0.8917663861516253,0.0639427272117226,0.0615625,0.0828125
access_error_taxonomy,false_blocked_only,0.05,12,1000,3200,conserved_quotient,0.0285994552631952,0.12158632531041615,0.9678125,0.7310704960835509,0.8667153489488515,0.0,0.05583756345177665,0.02307354160328736,0.014125990399266824,0.8810931905697086,0.06286974039926684,0.0615625,0.0828125
access_error_taxonomy,false_blocked_only,0.05,12,1000,3200,caq_strong_shrinkage,0.029134139569377954,0.1228617941864426,0.9678125,0.7310704960835509,0.8667153489488515,0.0,0.05583756345177665,0.022601846186452626,0.017651518255768005,0.8948011546904343,0.06311840039703526,0.0615625,0.0828125
access_error_taxonomy,false_blocked_only,0.1,12,1000,3200,conserved_quotient,0.029502766282774956,0.12643259929877235,0.9671875,0.7214854111405835,0.8547459308880628,0.0,0.08629441624365482,0.038781779278247296,0.014877158986291434,0.8822966966212451,0.061183408986291425,0.0615625,0.0828125
access_error_taxonomy,false_blocked_only,0.1,12,1000,3200,caq_strong_shrinkage,0.029989247100111038,0.12747937795554393,0.9671875,0.7214854111405835,0.8547459308880628,0.0,0.08629441624365482,0.03784222033283388,0.014972526810310903,0.8919810575180415,0.06127877681031091,0.0615625,0.0828125
access_error_taxonomy,false_blocked_only,0.15,12,1000,3200,conserved_quotient,0.0311219204015642,0.13528389409324118,0.965625,0.6994535519125683,0.8328642592601984,0.0,0.14213197969543148,0.06087144355214505,0.018568907873721067,0.878799333145116,0.05876783592604665,0.0615625,0.0828125
access_error_taxonomy,false_blocked_only,0.15,12,1000,3200,caq_strong_shrinkage,0.03165218878084186,0.1365220444387045,0.965625,0.6994535519125683,0.8328642592601984,0.0,0.14213197969543148,0.058515416311827426,0.020088941702229017,0.8886305023391482,0.05882771395316211,0.0615625,0.0828125
access_error_taxonomy,false_blocked_only,0.2,12,1000,3200,conserved_quotient,0.033534870611089555,0.14635837053300227,0.963125,0.6703910614525139,0.8143903473852713,0.0,0.18274111675126903,0.07893187850289932,0.021070371780854257,0.8530073093992345,0.056809906379537534,0.0615625,0.0828125
access_error_taxonomy,false_blocked_only,0.2,12,1000,3200,caq_strong_shrinkage,0.033904958705205164,0.14709017790819984,0.963125,0.6703910614525139,0.8143903473852713,0.0,0.18274111675126903,0.0753724777253094,0.02015595997108852,0.8619855597136745,0.05661845997108852,0.0615625,0.0828125
access_error_taxonomy,false_blocked_only,0.3,12,1000,3200,conserved_quotient,0.036368066370386413,0.16273781904919266,0.960625,0.625,0.7722480565120159,0.0,0.29441624365482233,0.11151688732699987,0.024583821374895138,0.8547428477936702,0.05097774105815305,0.0615625,0.0828125
access_error_taxonomy,false_blocked_only,0.3,12,1000,3200,caq_strong_shrinkage,0.036815805396653405,0.1637586426136418,0.960625,0.625,0.7722480565120159,0.0,0.29441624365482233,0.10514263435637558,0.026076475183881793,0.8672235183479323,0.05094607360017138,0.0615625,0.0828125
access_error_taxonomy,structured_margin,0.0,12,1000,3200,conserved_quotient,0.027262996814773045,0.1127452812005868,0.96875,0.7461928934010152,0.8903989411603624,0.0,0.0,2.850376317693109e-32,0.011279241697231965,0.8843177888027419,0.06556049169723197,0.0615625,0.0828125
access_error_taxonomy,structured_margin,0.0,12,1000,3200,caq_strong_shrinkage,0.02766556091486966,0.11360589714232133,0.96875,0.7461928934010152,0.8903989411603624,0.0,0.0,3.0814879110195774e-33,0.01157255437023241,0.8935382470125195,0.06585380437023242,0.0615625,0.0828125
access_error_taxonomy,structured_margin,0.02,12,1000,3200,conserved_quotient,0.038759836492180934,0.14665220326625586,0.9525,0.6513761467889908,0.8631199595666601,0.016695059625212946,0.03553299492385787,0.01434592521943473,0.02601072450143864,0.7097531948977012,0.07617322450143864,0.0615625,0.0828125
access_error_taxonomy,structured_margin,0.02,12,1000,3200,caq_strong_shrinkage,0.03876133995977054,0.1459216385201346,0.9525,0.6513761467889908,0.8631199595666601,0.016695059625212946,0.03553299492385787,0.013809445587496638,0.026176547658371956,0.723704361571681,0.07633904765837198,0.0615625,0.0828125
access_error_taxonomy,structured_margin,0.05,12,1000,3200,conserved_quotient,0.04799839028765565,0.17077678868848578,0.935,0.5755102040816327,0.8460676379458105,0.03645655877342419,0.05583756345177665,0.019186615059081386,0.037872659490930966,0.6077760493076446,0.08633515949093094,0.0615625,0.0828125
access_error_taxonomy,structured_margin,0.05,12,1000,3200,caq_strong_shrinkage,0.04764568468882779,0.16944229692950116,0.935,0.5755102040816327,0.8460676379458105,0.03645655877342419,0.05583756345177665,0.01865753053232972,0.0378021768964969,0.6147955473129739,0.0862646768964969,0.0615625,0.0828125
access_error_taxonomy,structured_margin,0.1,12,1000,3200,conserved_quotient,0.06468595608944003,0.21445663164236844,0.90125,0.468013468013468,0.8015081365335173,0.07393526405451448,0.08629441624365482,0.02821388910943915,0.06196568083988578,0.45808090519556044,0.10829068083988577,0.0615625,0.0828125
access_error_taxonomy,structured_margin,0.1,12,1000,3200,caq_strong_shrinkage,0.06339563580164777,0.21089052566349914,0.90125,0.468013468013468,0.8015081365335173,0.07393526405451448,0.08629441624365482,0.027342003317807815,0.06143279674078986,0.4682445839684009,0.10775779674078986,0.0615625,0.0828125
access_error_taxonomy,structured_margin,0.15,12,1000,3200,conserved_quotient,0.07590598840704564,0.24788309920587256,0.8646875,0.37518037518037517,0.7722717215103002,0.11277683134582624,0.16243654822335024,0.04078207823055798,0.08021831507403629,0.3653607415322166,0.12071206507403627,0.0615625,0.0828125
access_error_taxonomy,structured_margin,0.15,12,1000,3200,caq_strong_shrinkage,0.07397846384457628,0.2442400481412601,0.8646875,0.37518037518037517,0.7722717215103002,0.11277683134582624,0.16243654822335024,0.038524117502309864,0.0792570746259085,0.3739107444204788,0.11975082462590851,0.0615625,0.0828125
access_error_taxonomy,structured_margin,0.2,12,1000,3200,conserved_quotient,0.08616400340693577,0.28040341821214443,0.82875,0.30808080808080807,0.7417185183682645,0.1495741056218058,0.20812182741116753,0.04415981030877928,0.09941953964514702,0.29029689718290036,0.134713289645147,0.0615625,0.0828125
access_error_taxonomy,structured_margin,0.2,12,1000,3200,caq_strong_shrinkage,0.08369496163013386,0.2761424182800147,0.82875,0.30808080808080807,0.7417185183682645,0.1495741056218058,0.20812182741116753,0.04151329968127537,0.09829122752475962,0.2991798284837499,0.13358497752475962,0.0615625,0.0828125
access_error_taxonomy,structured_margin,0.3,12,1000,3200,conserved_quotient,0.08959716932146489,0.30110721881681374,0.8471875,0.23712948517940718,0.6916687373540166,0.11993185689948893,0.5329949238578681,0.04789537814621104,0.11165152667642103,0.2373256940390539,0.140445276676421,0.0615625,0.0828125
access_error_taxonomy,structured_margin,0.3,12,1000,3200,caq_strong_shrinkage,0.08690732313222937,0.29704253359474125,0.8471875,0.23712948517940718,0.6916687373540166,0.11993185689948893,0.5329949238578681,0.044631641645949766,0.11038237268805748,0.2427146645112214,0.13917612268805749,0.0615625,0.0828125
access_error_taxonomy,symmetric_random,0.0,13,1000,3200,conserved_quotient,0.024563443082360217,0.10583794749674713,0.970625,0.7564766839378239,0.8916574939203891,0.0,0.0,3.1007472104634497e-32,0.008462112338079112,0.9700577768006544,0.05965615919302134,0.0609375,0.08
access_error_taxonomy,symmetric_random,0.0,13,1000,3200,caq_strong_shrinkage,0.025004417785307848,0.10738431095373265,0.970625,0.7564766839378239,0.8916574939203891,0.0,0.0,7.703719777548943e-32,0.01059133031797765,0.994167962702934,0.05962381840429421,0.0609375,0.08
access_error_taxonomy,symmetric_random,0.02,13,1000,3200,conserved_quotient,0.03456313952004607,0.13441458999183872,0.954375,0.6604651162790698,0.8686530995349631,0.016644021739130436,0.02617801047120419,0.009258761589335088,0.017553582268806635,0.8005691285277712,0.06779108226880663,0.0609375,0.08
access_error_taxonomy,symmetric_random,0.02,13,1000,3200,caq_strong_shrinkage,0.034514378747872325,0.13426575625130238,0.954375,0.6604651162790698,0.8686530995349631,0.016644021739130436,0.02617801047120419,0.00888125702588519,0.01750151179910734,0.820161324371483,0.06773901179910734,0.0609375,0.08
access_error_taxonomy,symmetric_random,0.05,13,1000,3200,conserved_quotient,0.04228306145467266,0.15348442038573873,0.9365625,0.5848670756646217,0.8669243568411622,0.03804347826086957,0.04712041884816754,0.015048623490620722,0.02780494013680613,0.6854319784314257,0.07811119013680613,0.0609375,0.08
access_error_taxonomy,symmetric_random,0.05,13,1000,3200,caq_strong_shrinkage,0.041880730141586324,0.15287260787025514,0.9365625,0.5848670756646217,0.8669243568411622,0.03804347826086957,0.04712041884816754,0.014324635921304932,0.02761138758925398,0.7038398577098948,0.07791763758925399,0.0609375,0.08
access_error_taxonomy,symmetric_random,0.1,13,1000,3200,conserved_quotient,0.0531777543820461,0.18106449234764996,0.905625,0.488135593220339,0.8562054695166176,0.07370923913043478,0.06806282722513089,0.01799641423412197,0.042993936287605325,0.5580982869165895,0.09310643628760533,0.0609375,0.08
access_error_taxonomy,symmetric_random,0.1,13,1000,3200,caq_strong_shrinkage,0.052327284309163974,0.1798555440416666,0.905625,0.488135593220339,0.8562054695166176,0.07370923913043478,0.06806282722513089,0.017484424959862924,0.042906033415606414,0.5723900200077184,0.09301853341560641,0.0609375,0.08
access_error_taxonomy,symmetric_random,0.15,13,1000,3200,conserved_quotient,0.05869788267841191,0.19961846031507274,0.9034375,0.402321083172147,0.8282008618115108,0.07065217391304347,0.4031413612565445,0.020662956564213325,0.05134665246608293,0.4994589845440887,0.09877165246608294,0.0609375,0.08
access_error_taxonomy,symmetric_random,0.15,13,1000,3200,caq_strong_shrinkage,0.0575896408878242,0.19840589564425884,0.9034375,0.402321083172147,0.8282008618115108,0.07065217391304347,0.4031413612565445,0.019698545347279932,0.050955322949688325,0.5142385205855566,0.09838032294968833,0.0609375,0.08
access_error_taxonomy,symmetric_random,0.2,13,1000,3200,conserved_quotient,0.06159839625369869,0.215369670893886,0.9165625,0.2992125984251969,0.7932727505439652,0.044497282608695655,0.7120418848167539,0.021060013935572355,0.04982764644240263,0.4602136522406271,0.10106752894893005,0.0609375,0.08
access_error_taxonomy,symmetric_random,0.2,13,1000,3200,caq_strong_shrinkage,0.06070020723529594,0.2147118470360384,0.9165625,0.2992125984251969,0.7932727505439652,0.044497282608695655,0.7120418848167539,0.0201555863554192,0.05746050970173251,0.46799465172849025,0.10096050970173252,0.0609375,0.08
access_error_taxonomy,symmetric_random,0.3,13,1000,3200,conserved_quotient,0.06967767310507239,0.25810192140877297,0.9390625,0.0,0.7040795255770297,0.0,1.0,0.02352558782357162,0.07111242943541504,0.3146283331286451,0.10720023598415032,0.0609375,0.08
access_error_taxonomy,symmetric_random,0.3,13,1000,3200,caq_strong_shrinkage,0.06861062505514895,0.2571892575998621,0.9390625,0.0,0.7040795255770297,0.0,1.0,0.02239018870899717,0.07785647521521458,0.31894461571628147,0.10732522521521456,0.0609375,0.08
access_error_taxonomy,false_access_only,0.0,13,1000,3200,conserved_quotient,0.024563443082360217,0.10583794749674713,0.970625,0.7564766839378239,0.8916574939203891,0.0,0.0,3.1007472104634497e-32,0.008462112338079112,0.9700577768006544,0.05965615919302134,0.0609375,0.08
access_error_taxonomy,false_access_only,0.0,13,1000,3200,caq_strong_shrinkage,0.025004417785307848,0.10738431095373265,0.970625,0.7564766839378239,0.8916574939203891,0.0,0.0,7.703719777548943e-32,0.01059133031797765,0.994167962702934,0.05962381840429421,0.0609375,0.08
access_error_taxonomy,false_access_only,0.02,13,1000,3200,conserved_quotient,0.03313666997734898,0.12771056421974503,0.9559375,0.6758620689655173,0.8854712231750501,0.016644021739130436,0.0,1.5407439555097887e-32,0.015416980538896945,0.8161899710221501,0.06873573053889694,0.0609375,0.08
access_error_taxonomy,false_access_only,0.02,13,1000,3200,caq_strong_shrinkage,0.033103434787280415,0.12762868897692745,0.9559375,0.6758620689655173,0.8854712231750501,0.016644021739130436,0.0,6.182235121483027e-32,0.01531497555494234,0.8370078688915107,0.06863372555494233,0.0609375,0.08
access_error_taxonomy,false_access_only,0.05,13,1000,3200,conserved_quotient,0.040308137268982545,0.14359288995670874,0.93875,0.606425702811245,0.8870532019284099,0.03804347826086957,0.0,6.162975822039155e-33,0.02505361272078467,0.7050755286156882,0.08027861272078468,0.0609375,0.08
access_error_taxonomy,false_access_only,0.05,13,1000,3200,caq_strong_shrinkage,0.03991974424531157,0.1430057435663249,0.93875,0.606425702811245,0.8870532019284099,0.03804347826086957,0.0,1.232595164407831e-32,0.024876389753949422,0.7243205744293699,0.08010138975394941,0.0609375,0.08
access_error_taxonomy,false_access_only,0.1,13,1000,3200,conserved_quotient,0.051411258386753575,0.17065733913231276,0.9078125,0.5107794361525705,0.8788361278211528,0.07370923913043478,0.0,2.792598419361492e-32,0.040766009069442624,0.577184911470561,0.09698475906944264,0.0609375,0.08
access_error_taxonomy,false_access_only,0.1,13,1000,3200,caq_strong_shrinkage,0.050637416772622165,0.16953768365380303,0.9078125,0.5107794361525705,0.8788361278211528,0.07370923913043478,0.0,1.560003254953661e-32,0.04080797833715617,0.5911402478243875,0.09702672833715617,0.0609375,0.08
access_error_taxonomy,false_access_only,0.15,13,1000,3200,conserved_quotient,0.0579221625766068,0.1879957150167754,0.9065625,0.4369114877589454,0.8672690814454541,0.07065217391304347,0.3298429319371728,1.925929944387236e-34,0.05044512381590084,0.5161333416040129,0.10703262381590083,0.0609375,0.08
access_error_taxonomy,false_access_only,0.15,13,1000,3200,caq_strong_shrinkage,0.056913008960116036,0.18685986979206093,0.9065625,0.4369114877589454,0.8672690814454541,0.07065217391304347,0.3298429319371728,1.8681520460556188e-32,0.05041513258135642,0.5292859732816059,0.10700263258135642,0.0609375,0.08
access_error_taxonomy,false_access_only,0.2,13,1000,3200,conserved_quotient,0.061672104382008215,0.2009330826290499,0.88875,0.3945578231292517,0.8526609496992192,0.09001358695652174,0.3298429319371728,1.0062983959423307e-32,0.05774642327446543,0.480055105151703,0.11408392327446543,0.0609375,0.08
access_error_taxonomy,false_access_only,0.2,13,1000,3200,caq_strong_shrinkage,0.06078269611497891,0.20030465320350765,0.9178125,0.32041343669250644,0.8526609496992192,0.044497282608695655,0.680628272251309,2.2340787354891936e-32,0.05803302862334866,0.48787076754359837,0.11437052862334865,0.0609375,0.08
access_error_taxonomy,false_access_only,0.3,13,1000,3200,conserved_quotient,0.06937287131924964,0.22804100962891588,0.8965625,0.2725274725274725,0.8194632876829216,0.06759510869565218,0.680628272251309,3.9000081373841526e-33,0.06981207659771341,0.4059919856325147,0.13074957659771339,0.0609375,0.08
access_error_taxonomy,false_access_only,0.3,13,1000,3200,caq_strong_shrinkage,0.06837257712817067,0.22741256730608256,0.8965625,0.2725274725274725,0.8194632876829216,0.06759510869565218,0.680628272251309,1.617781153285278e-32,0.07583776566665833,0.4126277162174072,0.13108776566665833,0.0609375,0.08
access_error_taxonomy,false_blocked_only,0.0,13,1000,3200,conserved_quotient,0.024563443082360217,0.10583794749674713,0.970625,0.7564766839378239,0.8916574939203891,0.0,0.0,3.1007472104634497e-32,0.008462112338079112,0.9700577768006544,0.05965615919302134,0.0609375,0.08
access_error_taxonomy,false_blocked_only,0.0,13,1000,3200,caq_strong_shrinkage,0.025004417785307848,0.10738431095373265,0.970625,0.7564766839378239,0.8916574939203891,0.0,0.0,7.703719777548943e-32,0.01059133031797765,0.994167962702934,0.05962381840429421,0.0609375,0.08
access_error_taxonomy,false_blocked_only,0.02,13,1000,3200,conserved_quotient,0.026009104061512706,0.11259233330207635,0.9690625,0.7401574803149606,0.8741516276291651,0.0,0.02617801047120419,0.010922004980686382,0.010500072925207563,0.9560393620352148,0.05862044604820036,0.0609375,0.08
access_error_taxonomy,false_blocked_only,0.02,13,1000,3200,caq_strong_shrinkage,0.02642023981528266,0.11401639088349345,0.9690625,0.7401574803149606,0.8741516276291651,0.0,0.02617801047120419,0.010352261707867473,0.012245300959153388,0.9788703370003882,0.05863509278308667,0.0609375,0.08
access_error_taxonomy,false_blocked_only,0.05,13,1000,3200,conserved_quotient,0.02675188466172366,0.11631471013428746,0.9684375,0.7320954907161804,0.8746362899441102,0.0,0.04712041884816754,0.019337813892179173,0.009643554382975601,0.9542376395268558,0.057535397512952356,0.0609375,0.08
access_error_taxonomy,false_blocked_only,0.05,13,1000,3200,caq_strong_shrinkage,0.027169428851200182,0.11774834633173675,0.9684375,0.7320954907161804,0.8746362899441102,0.0,0.04712041884816754,0.018462913659558468,0.013021293539485463,0.9805847154359528,0.05747665562435631,0.0609375,0.08
access_error_taxonomy,false_blocked_only,0.1,13,1000,3200,conserved_quotient,0.027046440140260843,0.11818005609848424,0.9684375,0.7292225201072386,0.8682076880412987,0.0,0.06806282722513089,0.02818932251591192,0.009373447971105009,0.9560793370119179,0.05635469797110501,0.0609375,0.08
access_error_taxonomy,false_blocked_only,0.1,13,1000,3200,caq_strong_shrinkage,0.027381128579290027,0.11936520273802226,0.9684375,0.7292225201072386,0.8682076880412987,0.0,0.06806282722513089,0.027295937860023278,0.01301367485464223,0.9865569637474839,0.05613518405196663,0.0609375,0.08
access_error_taxonomy,false_blocked_only,0.15,13,1000,3200,conserved_quotient,0.027704118463073787,0.1229292117949841,0.968125,0.7213114754098361,0.8551183924228849,0.0,0.10471204188481675,0.04254664149413171,0.010826161840294894,0.9700171992589579,0.053983869350176315,0.0609375,0.08
access_error_taxonomy,false_blocked_only,0.15,13,1000,3200,caq_strong_shrinkage,0.028067242993042408,0.12424923068174813,0.968125,0.7213114754098361,0.8551183924228849,0.0,0.10471204188481675,0.040142415504252994,0.014395543193834176,1.0070205730015838,0.05353059570696246,0.0609375,0.08
access_error_taxonomy,false_blocked_only,0.2,13,1000,3200,conserved_quotient,0.028851353031467335,0.12950183498287862,0.9671875,0.7058823529411765,0.8362523998464099,0.0,0.1518324607329843,0.05787281059364043,0.012982314678230961,0.9760257780648798,0.05174563667369581,0.0609375,0.08
access_error_taxonomy,false_blocked_only,0.2,13,1000,3200,caq_strong_shrinkage,0.029252710411622296,0.1309379272758836,0.9671875,0.7058823529411765,0.8362523998464099,0.0,0.1518324607329843,0.05414758258583138,0.01593200160335219,1.0149025416211617,0.05121569633124334,0.0609375,0.08
access_error_taxonomy,false_blocked_only,0.3,13,1000,3200,conserved_quotient,0.034137886513647214,0.15584513859620772,0.9621875,0.6344410876132931,0.7855727633431461,0.0,0.2879581151832461,0.09889812351569559,0.01980516457806183,0.9300712460208311,0.04632957777369174,0.0609375,0.08
access_error_taxonomy,false_blocked_only,0.3,13,1000,3200,caq_strong_shrinkage,0.03439900817002149,0.15691252824275048,0.9621875,0.6344410876132931,0.7855727633431461,0.0,0.2879581151832461,0.09056828701543394,0.021632389766617494,0.9699495646748321,0.045912334513141306,0.0609375,0.08
access_error_taxonomy,structured_margin,0.0,13,1000,3200,conserved_quotient,0.024563443082360217,0.10583794749674713,0.970625,0.7564766839378239,0.8916574939203891,0.0,0.0,3.1007472104634497e-32,0.008462112338079112,0.9700577768006544,0.05965615919302134,0.0609375,0.08
access_error_taxonomy,structured_margin,0.0,13,1000,3200,caq_strong_shrinkage,0.025004417785307848,0.10738431095373265,0.970625,0.7564766839378239,0.8916574939203891,0.0,0.0,7.703719777548943e-32,0.01059133031797765,0.994167962702934,0.05962381840429421,0.0609375,0.08
access_error_taxonomy,structured_margin,0.02,13,1000,3200,conserved_quotient,0.03401366266137005,0.1324896170614427,0.955,0.6651162790697674,0.8709706045479756,0.016983695652173912,0.031413612565445025,0.011154180487444614,0.01802884176963109,0.7990382434682757,0.06885384176963108,0.0609375,0.08
access_error_taxonomy,structured_margin,0.02,13,1000,3200,caq_strong_shrinkage,0.03401605510461267,0.13251417336269533,0.955,0.6651162790697674,0.8709706045479756,0.016983695652173912,0.031413612565445025,0.01062405199360334,0.01798848280619844,0.8192309408786912,0.06881348280619842,0.0609375,0.08
access_error_taxonomy,structured_margin,0.05,13,1000,3200,conserved_quotient,0.04217041998588547,0.1543508724090385,0.9378125,0.587991718426501,0.8645095780536712,0.035665760869565216,0.041884816753926704,0.013463382393221847,0.027925158927904748,0.6873551015637113,0.07763765892790474,0.0609375,0.08
access_error_taxonomy,structured_margin,0.05,13,1000,3200,caq_strong_shrinkage,0.04193030550424272,0.15386438409085637,0.9378125,0.587991718426501,0.8645095780536712,0.035665760869565216,0.041884816753926704,0.012988233459698496,0.02808866202976396,0.7027926464740073,0.07780116202976395,0.0609375,0.08
access_error_taxonomy,structured_margin,0.1,13,1000,3200,conserved_quotient,0.05297434123773719,0.1827280708744037,0.9075,0.48788927335640137,0.848751226588165,0.06963315217391304,0.06806282722513089,0.01758568065735058,0.042195594178839196,0.5590200980254263,0.09048309417883918,0.0609375,0.08
access_error_taxonomy,structured_margin,0.1,13,1000,3200,caq_strong_shrinkage,0.05187311365044339,0.18082040548272083,0.9075,0.48788927335640137,0.848751226588165,0.06963315217391304,0.06806282722513089,0.01686586667341815,0.0418226219392384,0.5777722482425013,0.0901101219392384,0.0609375,0.08
access_error_taxonomy,structured_margin,0.15,13,1000,3200,conserved_quotient,0.06264046233817705,0.21000744703181543,0.875,0.4117647058823529,0.824888433806903,0.10631793478260869,0.09947643979057591,0.021650750481927102,0.05910409502339413,0.4614710933950381,0.10524159502339414,0.0609375,0.08
access_error_taxonomy,structured_margin,0.15,13,1000,3200,caq_strong_shrinkage,0.06097014568754358,0.20760766369665906,0.875,0.4117647058823529,0.824888433806903,0.10631793478260869,0.09947643979057591,0.020674155421521817,0.058619168340465044,0.4775335177214568,0.10475666834046506,0.0609375,0.08
access_error_taxonomy,structured_margin,0.2,13,1000,3200,conserved_quotient,0.07182387633116127,0.23866545931964075,0.874375,0.30689655172413793,0.7840897649217117,0.09375,0.4293193717277487,0.027070551277573598,0.07566466425267004,0.37838422171830627,0.11783341425267002,0.0609375,0.08
access_error_taxonomy,structured_margin,0.2,13,1000,3200,caq_strong_shrinkage,0.06945572119459602,0.2353358908324291,0.9140625,0.28940568475452194,0.7840897649217117,0.04653532608695652,0.7120418848167539,0.025384215145950503,0.07500891783175556,0.39352075328744474,0.11717766783175555,0.0609375,0.08
access_error_taxonomy,structured_margin,0.3,13,1000,3200,conserved_quotient,0.08044351434914257,0.274588459278214,0.9015625,0.2446043165467626,0.7239250821280772,0.058763586956521736,0.743455497382199,0.03722807977832723,0.09673721400308441,0.2884304477585913,0.12909346400308438,0.0609375,0.08
access_error_taxonomy,structured_margin,0.3,13,1000,3200,caq_strong_shrinkage,0.0777573946353324,0.27166142721328873,0.9015625,0.2446043165467626,0.7239250821280772,0.058763586956521736,0.743455497382199,0.03434267364964535,0.09622719279625741,0.29772148509783614,0.12858344279625744,0.0609375,0.08
access_error_taxonomy,symmetric_random,0.0,14,1000,3200,conserved_quotient,0.02584957536583893,0.10772104744128186,0.96875,0.7907949790794979,0.9114335690532589,0.0,0.0,6.355568816477878e-33,0.006695077602889108,0.984236470815598,0.07331957257726829,0.073125,0.0996875
access_error_taxonomy,symmetric_random,0.0,14,1000,3200,caq_strong_shrinkage,0.026556628711646012,0.10976664988591409,0.96875,0.7907949790794979,0.9114335690532589,0.0,0.0,6.933347799794049e-33,0.010618275860408843,0.9950763856851896,0.07401506484549543,0.073125,0.0996875
access_error_taxonomy,symmetric_random,0.02,14,1000,3200,conserved_quotient,0.035523383070782746,0.13556858920960377,0.9528125,0.710172744721689,0.8819325575900087,0.01770218674071503,0.03278688524590164,0.013446853211432463,0.016025248464028946,0.8616224542130068,0.08113149846402895,0.073125,0.0996875
access_error_taxonomy,symmetric_random,0.02,14,1000,3200,caq_strong_shrinkage,0.03616906288164419,0.1372718504226922,0.9528125,0.710172744721689,0.8819325575900087,0.01770218674071503,0.03278688524590164,0.012722680010088618,0.01713749043806384,0.8662340514710503,0.08224374043806383,0.073125,0.0996875
access_error_taxonomy,symmetric_random,0.05,14,1000,3200,conserved_quotient,0.04519842651187293,0.1638426943919669,0.9340625,0.6291739894551845,0.8611975609615529,0.03713988198542173,0.06557377049180328,0.024205983190152807,0.026913532899375894,0.7510633166500517,0.08784478289937589,0.073125,0.0996875
access_error_taxonomy,symmetric_random,0.05,14,1000,3200,caq_strong_shrinkage,0.0454913450605706,0.1649105430082184,0.9340625,0.6291739894551845,0.8611975609615529,0.03713988198542173,0.06557377049180328,0.022987723073544804,0.02811974525588909,0.7575794045667219,0.0890509952558891,0.073125,0.0996875
access_error_taxonomy,symmetric_random,0.1,14,1000,3200,conserved_quotient,0.05815932742456708,0.20192578197360941,0.9021875,0.5221374045801527,0.8292197612831463,0.07150295036445678,0.11885245901639344,0.035620735225738956,0.04330654245692208,0.6115812678828433,0.09857529245692209,0.073125,0.0996875
access_error_taxonomy,symmetric_random,0.1,14,1000,3200,caq_strong_shrinkage,0.05778879118986515,0.20170706776562977,0.9021875,0.5221374045801527,0.8292197612831463,0.07150295036445678,0.11885245901639344,0.03377935474962995,0.04399310274299115,0.6217500830392954,0.09926185274299114,0.073125,0.0996875
access_error_taxonomy,symmetric_random,0.15,14,1000,3200,conserved_quotient,0.06820160371963677,0.23460289320450486,0.8915625,0.3986135181975737,0.781278996720669,0.07427976397084346,0.4713114754098361,0.03517856681572872,0.0581066949154281,0.5088308141732006,0.10750669491542811,0.073125,0.0996875
access_error_taxonomy,symmetric_random,0.15,14,1000,3200,caq_strong_shrinkage,0.06751206483607732,0.2342527834658325,0.8915625,0.3986135181975737,0.781278996720669,0.07427976397084346,0.4713114754098361,0.03341537377625488,0.05879436747004471,0.5183331505038815,0.10819436747004472,0.073125,0.0996875
access_error_taxonomy,symmetric_random,0.2,14,1000,3200,conserved_quotient,0.07640623141844999,0.2667988717499802,0.8628125,0.327718223583461,0.7306078577150729,0.10378340853870184,0.5081967213114754,0.03442233144300583,0.07316951366943954,0.4146103763076079,0.11481326366943953,0.073125,0.0996875
access_error_taxonomy,symmetric_random,0.2,14,1000,3200,caq_strong_shrinkage,0.07532901956840451,0.26578280911662666,0.8628125,0.327718223583461,0.7306078577150729,0.10378340853870184,0.5081967213114754,0.032689207555028056,0.07343079084482337,0.4236556323181182,0.11507454084482337,0.073125,0.0996875
access_error_taxonomy,symmetric_random,0.3,14,1000,3200,conserved_quotient,0.08041593383397327,0.29537937789534074,0.926875,0.0,0.6637518658759387,0.0,1.0,0.027720103741892228,0.07767467314339715,0.32406817421916245,0.1165083799833125,0.073125,0.0996875
access_error_taxonomy,symmetric_random,0.3,14,1000,3200,caq_strong_shrinkage,0.07921651055180377,0.2942043741799761,0.926875,0.0,0.6637518658759387,0.0,1.0,0.026290069108494817,0.08442191725123781,0.3283895388758349,0.1164719172512378,0.073125,0.0996875
access_error_taxonomy,false_access_only,0.0,14,1000,3200,conserved_quotient,0.02584957536583893,0.10772104744128186,0.96875,0.7907949790794979,0.9114335690532589,0.0,0.0,6.355568816477878e-33,0.006695077602889108,0.984236470815598,0.07331957257726829,0.073125,0.0996875
access_error_taxonomy,false_access_only,0.0,14,1000,3200,caq_strong_shrinkage,0.026556628711646012,0.10976664988591409,0.96875,0.7907949790794979,0.9114335690532589,0.0,0.0,6.933347799794049e-33,0.010618275860408843,0.9950763856851896,0.07401506484549543,0.073125,0.0996875
access_error_taxonomy,false_access_only,0.02,14,1000,3200,conserved_quotient,0.03403362653723998,0.1280300704158458,0.9540625,0.722117202268431,0.9029182587847456,0.01770218674071503,0.0,6.355568816477878e-33,0.01422390310087005,0.8679058837596973,0.08303015310087006,0.073125,0.0996875
access_error_taxonomy,false_access_only,0.02,14,1000,3200,caq_strong_shrinkage,0.03467487392780019,0.12973098864835625,0.9540625,0.722117202268431,0.9029182587847456,0.01770218674071503,0.0,6.933347799794049e-33,0.01531076504053689,0.8731975563501513,0.08411701504053688,0.073125,0.0996875
access_error_taxonomy,false_access_only,0.05,14,1000,3200,conserved_quotient,0.04240282271846567,0.14938555218134317,0.9365625,0.652991452991453,0.8938554327967679,0.03713988198542173,0.0,1.8488927466117464e-32,0.023355181745338013,0.7713497836677546,0.091673931745338,0.073125,0.0996875
access_error_taxonomy,false_access_only,0.05,14,1000,3200,caq_strong_shrinkage,0.04274034334185261,0.15051756177515754,0.9365625,0.652991452991453,0.8938554327967679,0.03713988198542173,0.0,0.0,0.0244434138755429,0.7782079676828371,0.09276216387554291,0.073125,0.0996875
access_error_taxonomy,false_access_only,0.1,14,1000,3200,conserved_quotient,0.053098196470288454,0.17498448961100976,0.9075,0.5672514619883041,0.8884840154226533,0.07150295036445678,0.0,9.244463733058732e-33,0.03678257529066267,0.6571559413677469,0.10618882529066269,0.073125,0.0996875
access_error_taxonomy,false_access_only,0.1,14,1000,3200,caq_strong_shrinkage,0.052931830677549536,0.17521992787694565,0.9075,0.5672514619883041,0.8884840154226533,0.07150295036445678,0.0,6.162975822039155e-33,0.0376526814660377,0.6664586425884375,0.1070589314660377,0.073125,0.0996875
access_error_taxonomy,false_access_only,0.15,14,1000,3200,conserved_quotient,0.06296969118642655,0.2018048232142156,0.871875,0.48621553884711777,0.865661254906029,0.11107254425546685,0.0,6.355568816477878e-33,0.05099665853337785,0.5682704747950562,0.11944665853337785,0.073125,0.0996875
access_error_taxonomy,false_access_only,0.15,14,1000,3200,caq_strong_shrinkage,0.06253323753592817,0.20189535275039724,0.871875,0.48621553884711777,0.865661254906029,0.11107254425546685,0.0,3.274080905458301e-33,0.05190951939981146,0.5769568052484101,0.12035951939981145,0.073125,0.0996875
access_error_taxonomy,false_access_only,0.2,14,1000,3200,conserved_quotient,0.07200145006914196,0.22596434324401998,0.8721875,0.4098124098124098,0.8497429557780198,0.10378340853870184,0.3442622950819672,3.851859888774472e-33,0.06559226301122302,0.4952060090672146,0.134298513011223,0.073125,0.0996875
access_error_taxonomy,false_access_only,0.2,14,1000,3200,caq_strong_shrinkage,0.0711224292646368,0.22532307600736534,0.8721875,0.4098124098124098,0.8497429557780198,0.10378340853870184,0.3442622950819672,7.125940794232773e-33,0.06631001457228497,0.5050790878539813,0.13501626457228494,0.073125,0.0996875
access_error_taxonomy,false_access_only,0.3,14,1000,3200,conserved_quotient,0.07991921502555048,0.2503501691346252,0.8825,0.265625,0.819814017555083,0.07150295036445678,0.7049180327868853,1.5888922041194696e-33,0.08186059954656644,0.4345255270432903,0.15199809954656643,0.073125,0.0996875
access_error_taxonomy,false_access_only,0.3,14,1000,3200,caq_strong_shrinkage,0.07883620747747072,0.24959029945748135,0.8825,0.265625,0.819814017555083,0.07150295036445678,0.7049180327868853,6.933347799794049e-33,0.0824128556380411,0.44451588338618003,0.1525503556380411,0.073125,0.0996875
access_error_taxonomy,false_blocked_only,0.0,14,1000,3200,conserved_quotient,0.02584957536583893,0.10772104744128186,0.96875,0.7907949790794979,0.9114335690532589,0.0,0.0,6.355568816477878e-33,0.006695077602889108,0.984236470815598,0.07331957257726829,0.073125,0.0996875
access_error_taxonomy,false_blocked_only,0.0,14,1000,3200,caq_strong_shrinkage,0.026556628711646012,0.10976664988591409,0.96875,0.7907949790794979,0.9114335690532589,0.0,0.0,6.933347799794049e-33,0.010618275860408843,0.9950763856851896,0.07401506484549543,0.073125,0.0996875
access_error_taxonomy,false_blocked_only,0.02,14,1000,3200,conserved_quotient,0.027368792368325477,0.11539642107940551,0.9675,0.7787234042553192,0.8911149725377642,0.0,0.03278688524590164,0.015054326540238612,0.00818610109114743,0.98238893532715,0.07137031656127538,0.073125,0.0996875
access_error_taxonomy,false_blocked_only,0.02,14,1000,3200,caq_strong_shrinkage,0.028082343755096807,0.11743560613835775,0.9675,0.7787234042553192,0.8911149725377642,0.0,0.03278688524590164,0.01414355730771335,0.012077887468154046,0.9926265141763161,0.07209577415465986,0.073125,0.0996875
access_error_taxonomy,false_blocked_only,0.05,14,1000,3200,conserved_quotient,0.028631175761938236,0.12230101242157586,0.96625,0.7662337662337663,0.8784471877863651,0.0,0.06557377049180328,0.030551142166372346,0.010052204801587184,0.980056210525732,0.06927470094371606,0.073125,0.0996875
access_error_taxonomy,false_blocked_only,0.05,14,1000,3200,caq_strong_shrinkage,0.0293214442904166,0.12429366750289404,0.96625,0.7662337662337663,0.8784471877863651,0.0,0.06557377049180328,0.028864807039056507,0.0139761992413397,0.9903239108535398,0.07008434065108173,0.073125,0.0996875
access_error_taxonomy,false_blocked_only,0.1,14,1000,3200,conserved_quotient,0.03152386606075577,0.1364220378418646,0.9634375,0.7394209354120267,0.8540827382701961,0.0,0.11885245901639344,0.05423709692301343,0.01354585766312587,0.9716310784121946,0.06569429852597071,0.073125,0.0996875
access_error_taxonomy,false_blocked_only,0.1,14,1000,3200,caq_strong_shrinkage,0.032115879857354306,0.13804631005322132,0.9634375,0.7394209354120267,0.8540827382701961,0.0,0.11885245901639344,0.05126523190788643,0.016553504528188795,0.9849625316065574,0.06625323103719637,0.073125,0.0996875
access_error_taxonomy,false_blocked_only,0.15,14,1000,3200,conserved_quotient,0.03350783290055055,0.14634517773006145,0.9615625,0.7198177676537585,0.8307628911135317,0.0,0.1598360655737705,0.06920215158044762,0.015222742894297602,0.9641842206252201,0.06312611184280646,0.073125,0.0996875
access_error_taxonomy,false_blocked_only,0.15,14,1000,3200,caq_strong_shrinkage,0.03405443676157213,0.14784536997474282,0.9615625,0.7198177676537585,0.8307628911135317,0.0,0.1598360655737705,0.06535253039437092,0.018247034188399323,0.9785008441221891,0.06367982984668841,0.073125,0.0996875
access_error_taxonomy,false_blocked_only,0.2,14,1000,3200,conserved_quotient,0.03687923432445332,0.16297754466432032,0.958125,0.6839622641509434,0.7997979955161344,0.0,0.22131147540983606,0.08427862850885036,0.019043622279442264,0.9594360320536651,0.05904251359890493,0.073125,0.0996875
access_error_taxonomy,false_blocked_only,0.2,14,1000,3200,caq_strong_shrinkage,0.03742070716116332,0.16446642476263587,0.958125,0.6839622641509434,0.7997979955161344,0.0,0.22131147540983606,0.0792896943134425,0.022629260404580305,0.9742967190114457,0.05943906873927153,0.073125,0.0996875
access_error_taxonomy,false_blocked_only,0.3,14,1000,3200,conserved_quotient,0.03992280841770962,0.18158529129051537,0.9559375,0.6448362720403022,0.764104293099573,0.0,0.3319672131147541,0.10720650351282104,0.02448764012652333,0.9737431617083788,0.05199308040002928,0.073125,0.0996875
access_error_taxonomy,false_blocked_only,0.3,14,1000,3200,caq_strong_shrinkage,0.04045270962764839,0.18324073514693423,0.9559375,0.6448362720403022,0.764104293099573,0.0,0.3319672131147541,0.09957079722302822,0.02801485721346742,0.9984926844315273,0.052201084203136905,0.073125,0.0996875
access_error_taxonomy,structured_margin,0.0,14,1000,3200,conserved_quotient,0.02584957536583893,0.10772104744128186,0.96875,0.7907949790794979,0.9114335690532589,0.0,0.0,6.355568816477878e-33,0.006695077602889108,0.984236470815598,0.07331957257726829,0.073125,0.0996875
access_error_taxonomy,structured_margin,0.0,14,1000,3200,caq_strong_shrinkage,0.026556628711646012,0.10976664988591409,0.96875,0.7907949790794979,0.9114335690532589,0.0,0.0,6.933347799794049e-33,0.010618275860408843,0.9950763856851896,0.07401506484549543,0.073125,0.0996875
access_error_taxonomy,structured_margin,0.02,14,1000,3200,conserved_quotient,0.03392805184481647,0.13145369212280655,0.9559375,0.7240704500978473,0.8871065811389479,0.013884068031933356,0.028688524590163935,0.012524316667608852,0.014383334161767897,0.8749534453098419,0.07960833416176788,0.073125,0.0996875
access_error_taxonomy,structured_margin,0.02,14,1000,3200,caq_strong_shrinkage,0.03446314701033549,0.13272681862394584,0.9559375,0.7240704500978473,0.8871065811389479,0.013884068031933356,0.028688524590163935,0.011769083595516866,0.015193540742163055,0.8836699098483706,0.08041854074216305,0.073125,0.0996875
access_error_taxonomy,structured_margin,0.05,14,1000,3200,conserved_quotient,0.04384584897882423,0.15903585761488248,0.9384375,0.6488413547237076,0.8665113451020396,0.03436306837903506,0.06557377049180328,0.02603308963980855,0.02607711953503346,0.7468156772520969,0.08899586953503345,0.073125,0.0996875
access_error_taxonomy,structured_margin,0.05,14,1000,3200,caq_strong_shrinkage,0.043976287542716784,0.15909628525987013,0.9384375,0.6488413547237076,0.8665113451020396,0.03436306837903506,0.06557377049180328,0.02461558965251474,0.027151832545937886,0.756788971832172,0.0900705825459379,0.073125,0.0996875
access_error_taxonomy,structured_margin,0.1,14,1000,3200,conserved_quotient,0.0593308415860217,0.2041932883359707,0.9053125,0.5316846986089645,0.8318939433234781,0.06837903505727178,0.11475409836065574,0.04057737322156807,0.04452848706939657,0.5915313862503145,0.10112223706939655,0.073125,0.0996875
access_error_taxonomy,structured_margin,0.1,14,1000,3200,caq_strong_shrinkage,0.058410951753609996,0.20169938306942398,0.9053125,0.5316846986089645,0.8318939433234781,0.06837903505727178,0.11475409836065574,0.03722121907855916,0.04492088963839337,0.6074403223289682,0.10151463963839337,0.073125,0.0996875
access_error_taxonomy,structured_margin,0.15,14,1000,3200,conserved_quotient,0.07191869087326432,0.24069811032397376,0.891875,0.4013840830449827,0.789042193290339,0.07532106907323846,0.47950819672131145,0.04379374367284018,0.06352279330771453,0.4764777583478792,0.11537279330771455,0.073125,0.0996875
access_error_taxonomy,structured_margin,0.15,14,1000,3200,caq_strong_shrinkage,0.07049004903847465,0.23829513974792,0.891875,0.4013840830449827,0.789042193290339,0.07532106907323846,0.47950819672131145,0.04030916457599363,0.06402260394813392,0.49053597595606124,0.11587260394813394,0.073125,0.0996875
access_error_taxonomy,structured_margin,0.2,14,1000,3200,conserved_quotient,0.08320917559251076,0.27550028582783176,0.8271875,0.3606936416184971,0.7488069920639038,0.15203054494967025,0.20901639344262296,0.044296492484250743,0.08245500656272797,0.37849757933959816,0.12848625656272797,0.073125,0.0996875
access_error_taxonomy,structured_margin,0.2,14,1000,3200,caq_strong_shrinkage,0.08066144989328361,0.271460346036411,0.86625,0.3395061728395062,0.7488069920639038,0.10204790003471018,0.5081967213114754,0.04052996900823245,0.08227256667948603,0.39575918854060543,0.128303816679486,0.073125,0.0996875
access_error_taxonomy,structured_margin,0.3,14,1000,3200,conserved_quotient,0.09347956795451755,0.3194353801645036,0.8815625,0.17429193899782136,0.6786803142163897,0.06386671294689344,0.8319672131147541,0.04223960074500143,0.10648261552176569,0.27174112800016925,0.14058261552176568,0.073125,0.0996875
access_error_taxonomy,structured_margin,0.3,14,1000,3200,caq_strong_shrinkage,0.09005168429431716,0.3143591349766575,0.8815625,0.17429193899782136,0.6786803142163897,0.06386671294689344,0.8319672131147541,0.03821627398449753,0.10526386544084028,0.28447785117512137,0.1393638654408403,0.073125,0.0996875
access_error_taxonomy,symmetric_random,0.0,15,1000,3200,conserved_quotient,0.029321022776772086,0.12018763401350067,0.965625,0.7773279352226721,0.9090221968563451,0.0,0.0,2.946672814912471e-32,0.010663438948211094,0.9955445474909496,0.07348979005821091,0.0753125,0.1028125
access_error_taxonomy,symmetric_random,0.0,15,1000,3200,caq_strong_shrinkage,0.030116446559700468,0.12235546494053967,0.965625,0.7773279352226721,0.9090221968563451,0.0,0.0,3.851859888774472e-33,0.013415520714662814,1.0116365404233119,0.07344017824890939,0.0753125,0.1028125
access_error_taxonomy,symmetric_random,0.02,15,1000,3200,conserved_quotient,0.03672842158103016,0.14174890904380183,0.9534375,0.7172675521821632,0.8929028675438461,0.013932427725531174,0.02766798418972332,0.010658964109960034,0.015288042625170391,0.8896738303037882,0.0795255426251704,0.0753125,0.1028125
access_error_taxonomy,symmetric_random,0.02,15,1000,3200,caq_strong_shrinkage,0.03731426819631303,0.1432211334674269,0.9534375,0.7172675521821632,0.8929028675438461,0.013932427725531174,0.02766798418972332,0.010394118601533704,0.015328223415327812,0.8992556229890153,0.0795657234153278,0.0753125,0.1028125
access_error_taxonomy,symmetric_random,0.05,15,1000,3200,conserved_quotient,0.047591179648937956,0.17088262985131233,0.930625,0.6237288135593221,0.8688591946084735,0.03796586555207245,0.05138339920948617,0.016288127422002585,0.026580269865809455,0.7591391507851425,0.08844901986580947,0.0753125,0.1028125
access_error_taxonomy,symmetric_random,0.05,15,1000,3200,caq_strong_shrinkage,0.04772571762034898,0.17135839610663064,0.930625,0.6237288135593221,0.8688591946084735,0.03796586555207245,0.05138339920948617,0.01583458243429172,0.026675650479489083,0.7676449488464692,0.08854440047948905,0.0753125,0.1028125
access_error_taxonomy,symmetric_random,0.1,15,1000,3200,conserved_quotient,0.0649239146309356,0.2271819523559179,0.8875,0.4782608695652174,0.8174694546071554,0.08045977011494253,0.1383399209486166,0.03281151119871119,0.04971031123481781,0.5605979686928951,0.0995415612348178,0.0753125,0.1028125
access_error_taxonomy,symmetric_random,0.1,15,1000,3200,caq_strong_shrinkage,0.06445654751151135,0.22650406126351888,0.8875,0.4782608695652174,0.8174694546071554,0.08045977011494253,0.1383399209486166,0.03169001834695628,0.05005384331196766,0.5692082211421999,0.09988509331196767,0.0753125,0.1028125
access_error_taxonomy,symmetric_random,0.15,15,1000,3200,conserved_quotient,0.07013417594316816,0.2475129312644564,0.9009375,0.23980815347721823,0.7911610825121754,0.03622431208638105,0.7154150197628458,0.02843387647628109,0.05823591056124644,0.502838344415935,0.10409841056124644,0.0753125,0.1028125
access_error_taxonomy,symmetric_random,0.15,15,1000,3200,caq_strong_shrinkage,0.06965774904515086,0.2473246518196838,0.9009375,0.23980815347721823,0.7911610825121754,0.03622431208638105,0.7154150197628458,0.027457039259955685,0.058749035053611925,0.5103183526005581,0.10461153505361193,0.0753125,0.1028125
access_error_taxonomy,symmetric_random,0.2,15,1000,3200,conserved_quotient,0.07701802766712604,0.2768228099836522,0.889375,0.21333333333333335,0.739457229438565,0.04841518634622083,0.7233201581027668,0.028674664645324997,0.0740135749390969,0.4130356869728341,0.11160107493909692,0.0753125,0.1028125
access_error_taxonomy,symmetric_random,0.2,15,1000,3200,caq_strong_shrinkage,0.07648382441364499,0.27677632596130325,0.889375,0.21333333333333335,0.739457229438565,0.04841518634622083,0.7233201581027668,0.027837096130941586,0.07442965459333285,0.4178626476672437,0.11201715459333282,0.0753125,0.1028125
access_error_taxonomy,symmetric_random,0.3,15,1000,3200,conserved_quotient,0.07984965730560817,0.3055285156525771,0.9246875,0.0,0.6498073953996458,0.0,1.0,0.02088247885222788,0.08213801168220947,0.3128212272381251,0.10818176168220947,0.0753125,0.1028125
access_error_taxonomy,symmetric_random,0.3,15,1000,3200,caq_strong_shrinkage,0.07920490207665624,0.3053719521690029,0.9246875,0.0,0.6498073953996458,0.0,1.0,0.020187986612362385,0.08253064225764527,0.3170175723419675,0.10857439225764526,0.0753125,0.1028125
access_error_taxonomy,false_access_only,0.0,15,1000,3200,conserved_quotient,0.029321022776772086,0.12018763401350067,0.965625,0.7773279352226721,0.9090221968563451,0.0,0.0,2.946672814912471e-32,0.010663438948211094,0.9955445474909496,0.07348979005821091,0.0753125,0.1028125
access_error_taxonomy,false_access_only,0.0,15,1000,3200,caq_strong_shrinkage,0.030116446559700468,0.12235546494053967,0.965625,0.7773279352226721,0.9090221968563451,0.0,0.0,3.851859888774472e-33,0.013415520714662814,1.0116365404233119,0.07344017824890939,0.0753125,0.1028125
access_error_taxonomy,false_access_only,0.02,15,1000,3200,conserved_quotient,0.03589172867744721,0.13646937152819394,0.95375,0.7228464419475655,0.9035869188732877,0.013932427725531174,0.0,4.179267979320302e-32,0.01343860045569745,0.8950229585506516,0.08073860045569745,0.0753125,0.1028125
access_error_taxonomy,false_access_only,0.02,15,1000,3200,caq_strong_shrinkage,0.03647258265307029,0.13796554532995034,0.95375,0.7228464419475655,0.9035869188732877,0.013932427725531174,0.0,6.162975822039155e-33,0.013574309880865172,0.9060083112321994,0.08087430988086516,0.0753125,0.1028125
access_error_taxonomy,false_access_only,0.05,15,1000,3200,conserved_quotient,0.04550240116515043,0.15931910523464082,0.9321875,0.6401326699834162,0.8950427628488373,0.03796586555207245,0.0,3.851859888774472e-33,0.023456990464851633,0.7717354311412237,0.09146949046485162,0.0753125,0.1028125
access_error_taxonomy,false_access_only,0.05,15,1000,3200,caq_strong_shrinkage,0.04559621536741691,0.15974179120964307,0.9321875,0.6401326699834162,0.8926364323485982,0.03796586555207245,0.0,3.697785493223493e-32,0.023598395559560857,0.7826158369553805,0.09161089555956085,0.0753125,0.1028125
access_error_taxonomy,false_access_only,0.1,15,1000,3200,conserved_quotient,0.05796010098771132,0.19079373519047985,0.8946875,0.5351724137931034,0.8775926598506,0.08045977011494253,0.0,1.925929944387236e-34,0.03866898088183712,0.6366004529558421,0.10697523088183714,0.0753125,0.1028125
access_error_taxonomy,false_access_only,0.1,15,1000,3200,caq_strong_shrinkage,0.057651212851526565,0.19053287189217394,0.8946875,0.5351724137931034,0.8775926598506,0.08045977011494253,0.0,9.244463733058732e-33,0.039001529932466264,0.6456309027640672,0.10730777993246626,0.0753125,0.1028125
access_error_taxonomy,false_access_only,0.15,15,1000,3200,conserved_quotient,0.06396187762347275,0.20870548399998867,0.88875,0.4384858044164038,0.8609657013766285,0.07697666318355974,0.3201581027667984,6.162975822039155e-33,0.04757497175460701,0.5859516226802697,0.11560622175460701,0.0753125,0.1028125
access_error_taxonomy,false_access_only,0.15,15,1000,3200,caq_strong_shrinkage,0.06364306799537844,0.2087841672564454,0.88875,0.4384858044164038,0.8609657013766285,0.07697666318355974,0.3201581027667984,7.125940794232773e-33,0.04815907302605177,0.5936258043331327,0.11619032302605177,0.0753125,0.1028125
access_error_taxonomy,false_access_only,0.2,15,1000,3200,conserved_quotient,0.06964337834934556,0.22664471573538195,0.8934375,0.27292110874200426,0.8297787606276091,0.04841518634622083,0.6482213438735178,9.244463733058732e-33,0.059087737760738404,0.528848774679597,0.1262439877607384,0.0753125,0.1028125
access_error_taxonomy,false_access_only,0.2,15,1000,3200,caq_strong_shrinkage,0.06929461385354957,0.22694301710716902,0.8934375,0.27292110874200426,0.8297787606276091,0.04841518634622083,0.6482213438735178,7.703719777548943e-33,0.05973938139947048,0.5352924917378546,0.12689563139947047,0.0753125,0.1028125
access_error_taxonomy,false_access_only,0.3,15,1000,3200,conserved_quotient,0.0764145479557516,0.25168335206680764,0.87375,0.24060150375939848,0.7976999631197598,0.07035876001393243,0.6482213438735178,1.0977800683007244e-32,0.0732499552982821,0.4641147882589325,0.1398937052982821,0.0753125,0.1028125
access_error_taxonomy,false_access_only,0.3,15,1000,3200,caq_strong_shrinkage,0.07589817592191132,0.2518721753951736,0.87375,0.24060150375939848,0.7976999631197598,0.07035876001393243,0.6482213438735178,4.622231866529366e-33,0.07391463221202658,0.469835714778666,0.1405583822120266,0.0753125,0.1028125
access_error_taxonomy,false_blocked_only,0.0,15,1000,3200,conserved_quotient,0.029321022776772086,0.12018763401350067,0.965625,0.7773279352226721,0.9090221968563451,0.0,0.0,2.946672814912471e-32,0.010663438948211094,0.9955445474909496,0.07348979005821091,0.0753125,0.1028125
access_error_taxonomy,false_blocked_only,0.0,15,1000,3200,caq_strong_shrinkage,0.030116446559700468,0.12235546494053967,0.965625,0.7773279352226721,0.9090221968563451,0.0,0.0,3.851859888774472e-33,0.013415520714662814,1.0116365404233119,0.07344017824890939,0.0753125,0.1028125
access_error_taxonomy,false_blocked_only,0.02,15,1000,3200,conserved_quotient,0.03009507927023082,0.12528558746005328,0.9653125,0.7720739219712526,0.8966077190482935,0.0,0.02766798418972332,0.011646550253840421,0.011635109514568098,0.9895050916658765,0.07223685849529456,0.0753125,0.1028125
access_error_taxonomy,false_blocked_only,0.02,15,1000,3200,caq_strong_shrinkage,0.03089959761637273,0.12744590612162365,0.9653125,0.7720739219712526,0.8966077190482935,0.0,0.02766798418972332,0.011261349204719362,0.014399936462015199,1.0068599333020227,0.07208429525572485,0.0753125,0.1028125
access_error_taxonomy,false_blocked_only,0.05,15,1000,3200,conserved_quotient,0.0314812251725354,0.13191817851121274,0.9640625,0.760914760914761,0.8860176211824394,0.0,0.05138339920948617,0.01945354081414762,0.014305512912312733,0.9859230804172125,0.07081619549895685,0.0753125,0.1028125
access_error_taxonomy,false_blocked_only,0.05,15,1000,3200,caq_strong_shrinkage,0.032336268727100874,0.13417633665707812,0.9640625,0.760914760914761,0.8860176211824394,0.0,0.05138339920948617,0.0189218356168593,0.01706095632033133,1.0025108044774773,0.07063121730934231,0.0753125,0.1028125
access_error_taxonomy,false_blocked_only,0.1,15,1000,3200,conserved_quotient,0.0366001570446796,0.1572234185017711,0.9584375,0.710239651416122,0.851596998537411,0.0,0.1383399209486166,0.05286388717941858,0.019590683203586253,0.9506802079221184,0.0659268864809427,0.0753125,0.1028125
access_error_taxonomy,false_blocked_only,0.1,15,1000,3200,caq_strong_shrinkage,0.03739883123520377,0.15936173578056217,0.9584375,0.710239651416122,0.851596998537411,0.0,0.1383399209486166,0.05002382923131327,0.022255494521018812,0.9644487125792206,0.06584962939733653,0.0753125,0.1028125
access_error_taxonomy,false_blocked_only,0.15,15,1000,3200,conserved_quotient,0.037779406938393635,0.16389164959244024,0.9571875,0.6975717439293598,0.8401178484937296,0.0,0.16205533596837945,0.058447197561286426,0.02074947541849186,0.9500269534843993,0.06387920105209638,0.0753125,0.1028125
access_error_taxonomy,false_blocked_only,0.15,15,1000,3200,caq_strong_shrinkage,0.038592532181381166,0.16612786546543326,0.9571875,0.6975717439293598,0.8401178484937296,0.0,0.16205533596837945,0.05530064621937452,0.0235430883397393,0.9681858287218359,0.06361433144635695,0.0753125,0.1028125
access_error_taxonomy,false_blocked_only,0.2,15,1000,3200,conserved_quotient,0.04109455325688586,0.17965382270294042,0.9534375,0.6621315192743764,0.8179490379586016,0.0,0.20948616600790515,0.07303132126258537,0.02402013065091796,0.9205356250615757,0.061131873075160374,0.0753125,0.1028125
access_error_taxonomy,false_blocked_only,0.2,15,1000,3200,caq_strong_shrinkage,0.041785601243320016,0.18155033261662343,0.9534375,0.6621315192743764,0.8179490379586016,0.0,0.20948616600790515,0.06845714934895258,0.02655867295416749,0.9414628996379507,0.060706216942437295,0.0753125,0.1028125
access_error_taxonomy,false_blocked_only,0.3,15,1000,3200,conserved_quotient,0.04531178008150426,0.20124175201498595,0.9490625,0.6109785202863962,0.7774116241468815,0.0,0.2964426877470356,0.08681221805790773,0.027625339854199113,0.93437986640208,0.053462980831642734,0.0753125,0.1028125
access_error_taxonomy,false_blocked_only,0.3,15,1000,3200,caq_strong_shrinkage,0.04592178415799519,0.20291898354753413,0.9490625,0.6109785202863962,0.7774116241468815,0.0,0.2964426877470356,0.08109473952406175,0.030011501732759897,0.9601947381004104,0.05296158290159109,0.0753125,0.1028125
access_error_taxonomy,structured_margin,0.0,15,1000,3200,conserved_quotient,0.029321022776772086,0.12018763401350067,0.965625,0.7773279352226721,0.9090221968563451,0.0,0.0,2.946672814912471e-32,0.010663438948211094,0.9955445474909496,0.07348979005821091,0.0753125,0.1028125
access_error_taxonomy,structured_margin,0.0,15,1000,3200,caq_strong_shrinkage,0.030116446559700468,0.12235546494053967,0.965625,0.7773279352226721,0.9090221968563451,0.0,0.0,3.851859888774472e-33,0.013415520714662814,1.0116365404233119,0.07344017824890939,0.0753125,0.1028125
access_error_taxonomy,structured_margin,0.02,15,1000,3200,conserved_quotient,0.03695018548793128,0.14223085634020444,0.9525,0.7121212121212122,0.8904755026860874,0.014629049111807733,0.03162055335968379,0.013256342787220803,0.01685299707602339,0.8692514337562659,0.08109674707602339,0.0753125,0.1028125
access_error_taxonomy,structured_margin,0.02,15,1000,3200,caq_strong_shrinkage,0.03751398992705856,0.14354277985059632,0.9525,0.7121212121212122,0.8904755026860874,0.014629049111807733,0.03162055335968379,0.012630104602256621,0.016684904252585096,0.8798964408436353,0.0809286542525851,0.0753125,0.1028125
access_error_taxonomy,structured_margin,0.05,15,1000,3200,conserved_quotient,0.04842160609957939,0.1749237166913259,0.93125,0.6219931271477663,0.8721195200240072,0.03657262277951933,0.06719367588932806,0.023735182776824508,0.030991887119682655,0.7232058492441473,0.09103563711968267,0.0753125,0.1028125
access_error_taxonomy,structured_margin,0.05,15,1000,3200,caq_strong_shrinkage,0.048499915759882946,0.17511073538184327,0.93125,0.6219931271477663,0.8721195200240072,0.03657262277951933,0.06719367588932806,0.022632507091225922,0.03105471633918056,0.7350671968530179,0.09109846633918053,0.0753125,0.1028125
access_error_taxonomy,structured_margin,0.1,15,1000,3200,conserved_quotient,0.06355534301267038,0.22191316958089385,0.8971875,0.5052631578947369,0.8244444475606456,0.0707070707070707,0.12648221343873517,0.03683255973493639,0.0514623516864474,0.5690852390507742,0.10266235168644741,0.0753125,0.1028125
access_error_taxonomy,structured_margin,0.1,15,1000,3200,caq_strong_shrinkage,0.06257097171105075,0.2199943714327871,0.8971875,0.5052631578947369,0.8244444475606456,0.0707070707070707,0.12648221343873517,0.03434221798097322,0.051014905707873884,0.585033857298353,0.10221490570787388,0.0753125,0.1028125
access_error_taxonomy,structured_margin,0.15,15,1000,3200,conserved_quotient,0.07295356202113068,0.25379096839783705,0.88625,0.38513513513513514,0.7804700197302273,0.07314524555903866,0.4426877470355731,0.035999561475063405,0.0662129456385912,0.4778833988643849,0.11100044563859118,0.0753125,0.1028125
access_error_taxonomy,structured_margin,0.15,15,1000,3200,caq_strong_shrinkage,0.07203759670310816,0.2527169846314898,0.88625,0.38513513513513514,0.7804700197302273,0.07314524555903866,0.4426877470355731,0.034109948107627394,0.06603667730265976,0.4865195700260487,0.11082417730265977,0.0753125,0.1028125
access_error_taxonomy,structured_margin,0.2,15,1000,3200,conserved_quotient,0.08077917350155754,0.2793751815359067,0.8571875,0.3269513991163476,0.7528294716590078,0.10553814002089865,0.466403162055336,0.034170207952323874,0.07953127519683173,0.3958931985697176,0.12090627519683171,0.0753125,0.1028125
access_error_taxonomy,structured_margin,0.2,15,1000,3200,caq_strong_shrinkage,0.07910970435701246,0.27736801210581336,0.8571875,0.3269513991163476,0.7528294716590078,0.10553814002089865,0.466403162055336,0.032110232103814355,0.0791651965964592,0.41109301905983164,0.1205401965964592,0.0753125,0.1028125
access_error_taxonomy,structured_margin,0.3,15,1000,3200,conserved_quotient,0.08777481772869615,0.3149251496962654,0.8725,0.1774193548387097,0.6759208491149443,0.06931382793451758,0.7786561264822134,0.0358783286312841,0.09513162239916688,0.29364027483134936,0.1237628723991669,0.0753125,0.1028125
access_error_taxonomy,structured_margin,0.3,15,1000,3200,caq_strong_shrinkage,0.08510426288351194,0.31129494058924606,0.8725,0.1774193548387097,0.6759208491149443,0.06931382793451758,0.7786561264822134,0.03289488032299652,0.09377874996442068,0.3063635421980165,0.1224099999644207,0.0753125,0.1028125
access_error_taxonomy,symmetric_random,0.0,16,1000,3200,conserved_quotient,0.028176033217903962,0.1165534490793894,0.96875,0.7747747747747747,0.8950319945219711,0.0,0.0,6.162975822039155e-33,0.012125987670420448,1.0614680136523154,0.062235828413956605,0.07125,0.0890625
access_error_taxonomy,symmetric_random,0.0,16,1000,3200,caq_strong_shrinkage,0.02826219474805851,0.11652944312730529,0.96875,0.7747747747747747,0.8950319945219711,0.0,0.0,2.7733391199176196e-32,0.011742972812414501,1.099908084824833,0.061969482796001465,0.07125,0.0890625
access_error_taxonomy,symmetric_random,0.02,16,1000,3200,conserved_quotient,0.03614789380333963,0.1393261871674312,0.954375,0.6970954356846473,0.8846559113126018,0.014408233276157804,0.018518518518518517,0.005087036664013472,0.011865981455129836,0.9305532786611926,0.0682665556062923,0.07125,0.0890625
access_error_taxonomy,symmetric_random,0.02,16,1000,3200,caq_strong_shrinkage,0.03601585079072767,0.13883484984839828,0.954375,0.6970954356846473,0.8846559113126018,0.014408233276157804,0.018518518518518517,0.004887434207789985,0.01295472971516417,0.9598590985416563,0.06815427402036363,0.07125,0.0890625
access_error_taxonomy,symmetric_random,0.05,16,1000,3200,conserved_quotient,0.04671236728465315,0.17014038509185248,0.9309375,0.5959780621572212,0.8652555429623858,0.03979416809605489,0.06018518518518518,0.017749029936502233,0.02259844422099324,0.7540875254244949,0.07872344422099324,0.07125,0.0890625
access_error_taxonomy,symmetric_random,0.05,16,1000,3200,caq_strong_shrinkage,0.04617982092650836,0.168821518414781,0.9309375,0.5959780621572212,0.8652555429623858,0.03979416809605489,0.06018518518518518,0.01684983130009307,0.022482065852656868,0.778197191499594,0.07860706585265687,0.07125,0.0890625
access_error_taxonomy,symmetric_random,0.1,16,1000,3200,conserved_quotient,0.060185062832366736,0.20996687256718016,0.909375,0.42913385826771655,0.8300202474557862,0.05180102915951972,0.4027777777777778,0.025603878029302116,0.04044837205966724,0.5796455556287099,0.09074212205966724,0.07125,0.0890625
access_error_taxonomy,symmetric_random,0.1,16,1000,3200,caq_strong_shrinkage,0.05889846003094668,0.20737200958185906,0.909375,0.42913385826771655,0.8300202474557862,0.05180102915951972,0.4027777777777778,0.02411526741529957,0.040088246305728055,0.6028751992157448,0.09038199630572805,0.07125,0.0890625
access_error_taxonomy,symmetric_random,0.15,16,1000,3200,conserved_quotient,0.06651630412371237,0.23376279425784297,0.8865625,0.36427320490367776,0.795668933437227,0.07547169811320754,0.4305555555555556,0.023577273052425775,0.04844797895185249,0.5035161979971055,0.09640925743942155,0.07125,0.0890625
access_error_taxonomy,symmetric_random,0.15,16,1000,3200,caq_strong_shrinkage,0.06536887917319094,0.2319912531467105,0.9025,0.25,0.795668933437227,0.04288164665523156,0.7083333333333334,0.022320281581251752,0.050763136255208105,0.5191957277536412,0.09640688625520813,0.07125,0.0890625
access_error_taxonomy,symmetric_random,0.2,16,1000,3200,conserved_quotient,0.07012714734337379,0.24993168059171683,0.8896875,0.2275711159737418,0.7689827276805743,0.05763293310463122,0.7175925925925926,0.021413103806086624,0.05529825190736873,0.45400983491388847,0.10263457010217024,0.07125,0.0890625
access_error_taxonomy,symmetric_random,0.2,16,1000,3200,caq_strong_shrinkage,0.06904777831934257,0.24849656930531017,0.8896875,0.2275711159737418,0.7689827276805743,0.05763293310463122,0.7175925925925926,0.02026956103747605,0.059382194384985376,0.4674051046116972,0.10226969438498536,0.07125,0.0890625
access_error_taxonomy,symmetric_random,0.3,16,1000,3200,conserved_quotient,0.07481896760098673,0.27793264246669536,0.92875,0.0,0.6915908124955727,0.0,1.0,0.018863041273109914,0.06605146134258458,0.35460400580094775,0.10576121887554127,0.07125,0.0890625
access_error_taxonomy,symmetric_random,0.3,16,1000,3200,caq_strong_shrinkage,0.07359753928640834,0.27623409831218193,0.92875,0.0,0.6915908124955727,0.0,1.0,0.017774144618180398,0.07031555788261806,0.36412322927961693,0.10538430788261806,0.07125,0.0890625
access_error_taxonomy,false_access_only,0.0,16,1000,3200,conserved_quotient,0.028176033217903962,0.1165534490793894,0.96875,0.7747747747747747,0.8950319945219711,0.0,0.0,6.162975822039155e-33,0.012125987670420448,1.0614680136523154,0.062235828413956605,0.07125,0.0890625
access_error_taxonomy,false_access_only,0.0,16,1000,3200,caq_strong_shrinkage,0.02826219474805851,0.11652944312730529,0.96875,0.7747747747747747,0.8950319945219711,0.0,0.0,2.7733391199176196e-32,0.011742972812414501,1.099908084824833,0.061969482796001465,0.07125,0.0890625
access_error_taxonomy,false_access_only,0.02,16,1000,3200,conserved_quotient,0.03511555243371027,0.13421671553849868,0.955625,0.7078189300411523,0.8885593020235649,0.014408233276157804,0.0,3.1007472104634497e-32,0.010952568397937294,0.9373990832274738,0.06919972488371645,0.07125,0.0890625
access_error_taxonomy,false_access_only,0.02,16,1000,3200,caq_strong_shrinkage,0.034980793617194424,0.13370168600978494,0.955625,0.7078189300411523,0.8885593020235649,0.014408233276157804,0.0,6.355568816477878e-33,0.012077581566658759,0.9671755511264194,0.06905842983862259,0.07125,0.0890625
access_error_taxonomy,false_access_only,0.05,16,1000,3200,conserved_quotient,0.04442380525576312,0.15680968949559942,0.933125,0.6178571428571429,0.8813059313829662,0.03979416809605489,0.0,7.703719777548943e-34,0.018233949421767807,0.7740923659876566,0.08175269942176781,0.07125,0.0890625
access_error_taxonomy,false_access_only,0.05,16,1000,3200,caq_strong_shrinkage,0.04384861921528705,0.15531411273287898,0.933125,0.6178571428571429,0.8813059313829662,0.03979416809605489,0.0,1.560003254953661e-32,0.018056025098483405,0.7993989242478836,0.08157477509848339,0.07125,0.0890625
access_error_taxonomy,false_access_only,0.1,16,1000,3200,conserved_quotient,0.05619803694983661,0.18678427482016297,0.911875,0.4618320610687023,0.8615233406531133,0.05180102915951972,0.3287037037037037,1.0785207688568521e-32,0.03409569596660632,0.625485695276979,0.09731444596660632,0.07125,0.0890625
access_error_taxonomy,false_access_only,0.1,16,1000,3200,caq_strong_shrinkage,0.05506706662621182,0.1845171650786905,0.911875,0.4618320610687023,0.8615233406531133,0.05180102915951972,0.3287037037037037,3.851859888774472e-33,0.033573355433905605,0.6480205011832354,0.09679210543390561,0.07125,0.0890625
access_error_taxonomy,false_access_only,0.15,16,1000,3200,conserved_quotient,0.06247341012304723,0.2053408350174986,0.8909375,0.4114671163575042,0.8413422941607046,0.07547169811320754,0.3287037037037037,6.162975822039155e-33,0.04383169493341383,0.5626110373400862,0.10672544493341381,0.07125,0.0890625
access_error_taxonomy,false_access_only,0.15,16,1000,3200,caq_strong_shrinkage,0.0613833519523066,0.20361136898066212,0.8909375,0.4114671163575042,0.8413422941607046,0.07547169811320754,0.3287037037037037,3.851859888774472e-33,0.04346718430595234,0.5889998466709012,0.10636093430595235,0.07125,0.0890625
access_error_taxonomy,false_access_only,0.2,16,1000,3200,conserved_quotient,0.06702850335910789,0.22001875177022598,0.891875,0.2606837606837607,0.8210417109395292,0.05763293310463122,0.6666666666666666,9.62964972193618e-34,0.052842845100788585,0.5154549164251144,0.11605534510078858,0.07125,0.0890625
access_error_taxonomy,false_access_only,0.2,16,1000,3200,caq_strong_shrinkage,0.06596098784723747,0.21850354566679428,0.891875,0.2606837606837607,0.8210417109395292,0.05763293310463122,0.6666666666666666,3.274080905458301e-33,0.052364370605821664,0.5309487064321966,0.11557687060582167,0.07125,0.0890625
access_error_taxonomy,false_access_only,0.3,16,1000,3200,conserved_quotient,0.07456447635246866,0.24520044170796404,0.868125,0.2271062271062271,0.7959419494226819,0.08439108061749571,0.6666666666666666,7.751868026158624e-33,0.060756309723572946,0.43233077894962435,0.1315805287321109,0.07125,0.0890625
access_error_taxonomy,false_access_only,0.3,16,1000,3200,caq_strong_shrinkage,0.07316925298226852,0.24316594674690464,0.92875,0.0,0.7959419494226819,0.0,1.0,7.703719777548943e-34,0.06754794304520824,0.45611796936882,0.13092294304520824,0.07125,0.0890625
access_error_taxonomy,false_blocked_only,0.0,16,1000,3200,conserved_quotient,0.028176033217903962,0.1165534490793894,0.96875,0.7747747747747747,0.8950319945219711,0.0,0.0,6.162975822039155e-33,0.012125987670420448,1.0614680136523154,0.062235828413956605,0.07125,0.0890625
access_error_taxonomy,false_blocked_only,0.0,16,1000,3200,caq_strong_shrinkage,0.02826219474805851,0.11652944312730529,0.96875,0.7747747747747747,0.8950319945219711,0.0,0.0,2.7733391199176196e-32,0.011742972812414501,1.099908084824833,0.061969482796001465,0.07125,0.0890625
access_error_taxonomy,false_blocked_only,0.02,16,1000,3200,conserved_quotient,0.02926775162401342,0.1217971467264911,0.9675,0.7636363636363637,0.8924317017307738,0.0,0.018518518518518517,0.005533157266310299,0.012968596740713611,1.0557452562869627,0.06132295737852236,0.07125,0.0890625
access_error_taxonomy,false_blocked_only,0.02,16,1000,3200,caq_strong_shrinkage,0.029352790368385184,0.12178799131730837,0.9675,0.7636363636363637,0.8924317017307738,0.0,0.018518518518518517,0.005323143753378218,0.012642918817744757,1.093914194842395,0.061081228698934266,0.07125,0.0890625
access_error_taxonomy,false_blocked_only,0.05,16,1000,3200,conserved_quotient,0.03060621489130671,0.13027967825080866,0.9665625,0.7517401392111369,0.8808085995608133,0.0,0.06018518518518518,0.021769605769010488,0.015235637021051678,1.0528943528560653,0.05920560765656388,0.07125,0.0890625
access_error_taxonomy,false_blocked_only,0.05,16,1000,3200,caq_strong_shrinkage,0.030750113661074264,0.1304277437142311,0.9665625,0.7517401392111369,0.8808085995608133,0.0,0.06018518518518518,0.020608082163541853,0.01554323152692344,1.0905379021412491,0.05898991839605447,0.07125,0.0890625
access_error_taxonomy,false_blocked_only,0.1,16,1000,3200,conserved_quotient,0.032758894577982166,0.14129544966187776,0.964375,0.7285714285714285,0.8681318032632052,0.0,0.1111111111111111,0.03930521405386992,0.018123824303097134,1.0491945284748614,0.05597388927132634,0.07125,0.0890625
access_error_taxonomy,false_blocked_only,0.1,16,1000,3200,caq_strong_shrinkage,0.032789888608601145,0.14108156470255853,0.964375,0.7285714285714285,0.8681318032632052,0.0,0.1111111111111111,0.036900414266304166,0.016929540428011234,1.0908614219610062,0.05586973371580129,0.07125,0.0890625
access_error_taxonomy,false_blocked_only,0.15,16,1000,3200,conserved_quotient,0.034763655196106386,0.1506285595577035,0.9621875,0.7070217917675545,0.8541799485254186,0.0,0.14351851851851852,0.04821016967027331,0.01996349512535,1.047585951873749,0.05408497785475915,0.07125,0.0890625
access_error_taxonomy,false_blocked_only,0.15,16,1000,3200,caq_strong_shrinkage,0.034801600050577405,0.15049468993116907,0.9621875,0.7070217917675545,0.8541799485254186,0.0,0.14351851851851852,0.04529010783124414,0.01912542463448151,1.0860128921737864,0.0541660562616263,0.07125,0.0890625
access_error_taxonomy,false_blocked_only,0.2,16,1000,3200,conserved_quotient,0.03543463130951719,0.1554907235669005,0.9615625,0.6977886977886978,0.8391773511841515,0.0,0.1712962962962963,0.057455244762398806,0.020355823634450862,1.0350971043481574,0.053391599577258066,0.07125,0.0890625
access_error_taxonomy,false_blocked_only,0.2,16,1000,3200,caq_strong_shrinkage,0.035557282444577426,0.15560728389416417,0.9615625,0.6977886977886978,0.8391773511841515,0.0,0.1712962962962963,0.053474757159780506,0.02008314641192812,1.0770327565658622,0.053237574854973706,0.07125,0.0890625
access_error_taxonomy,false_blocked_only,0.3,16,1000,3200,conserved_quotient,0.038452458088157344,0.17099899943977273,0.95875,0.6615384615384615,0.8095410970225024,0.0,0.25,0.07480096115266359,0.024408028757690752,1.0503188219400175,0.04889466732074062,0.07125,0.0890625
access_error_taxonomy,false_blocked_only,0.3,16,1000,3200,caq_strong_shrinkage,0.03857177996683336,0.17116015273404692,0.95875,0.6615384615384615,0.8095410970225024,0.0,0.25,0.06970947924993257,0.024315707935193456,1.0924363804797006,0.048922928428442904,0.07125,0.0890625
access_error_taxonomy,structured_margin,0.0,16,1000,3200,conserved_quotient,0.028176033217903962,0.1165534490793894,0.96875,0.7747747747747747,0.8950319945219711,0.0,0.0,6.162975822039155e-33,0.012125987670420448,1.0614680136523154,0.062235828413956605,0.07125,0.0890625
access_error_taxonomy,structured_margin,0.0,16,1000,3200,caq_strong_shrinkage,0.02826219474805851,0.11652944312730529,0.96875,0.7747747747747747,0.8950319945219711,0.0,0.0,2.7733391199176196e-32,0.011742972812414501,1.099908084824833,0.061969482796001465,0.07125,0.0890625
access_error_taxonomy,structured_margin,0.02,16,1000,3200,conserved_quotient,0.03564706964422003,0.13864845086350197,0.9546875,0.697286012526096,0.8832937829094945,0.0137221269296741,0.023148148148148147,0.007556058054610732,0.00909439561908253,0.9341393916396786,0.06806175686245655,0.07125,0.0890625
access_error_taxonomy,structured_margin,0.02,16,1000,3200,caq_strong_shrinkage,0.035582422024402795,0.13834037252986903,0.9546875,0.697286012526096,0.8832937829094945,0.0137221269296741,0.023148148148148147,0.007088442326252666,0.01024347576458994,0.9620275786772275,0.06798706013317157,0.07125,0.0890625
access_error_taxonomy,structured_margin,0.05,16,1000,3200,conserved_quotient,0.04726916394815433,0.17179235666789963,0.9303125,0.5923217550274223,0.8632234185733513,0.03979416809605489,0.06018518518518518,0.01786601722826403,0.02303121126924584,0.7498905755349013,0.07852496126924584,0.07125,0.0890625
access_error_taxonomy,structured_margin,0.05,16,1000,3200,caq_strong_shrinkage,0.046716026416497594,0.17058532924364556,0.9303125,0.5923217550274223,0.8632234185733513,0.03979416809605489,0.06018518518518518,0.016738558338413208,0.0228558995475996,0.7741817703677958,0.0783496495475996,0.07125,0.0890625
access_error_taxonomy,structured_margin,0.1,16,1000,3200,conserved_quotient,0.06112729138844879,0.21294013303742038,0.894375,0.4783950617283951,0.8254837548109843,0.07753001715265866,0.10185185185185185,0.024507030096916564,0.04297008994358981,0.5644038422562498,0.0926513399435898,0.07125,0.0890625
access_error_taxonomy,structured_margin,0.1,16,1000,3200,caq_strong_shrinkage,0.059642831336121006,0.20982232947140783,0.894375,0.4783950617283951,0.8254837548109843,0.07753001715265866,0.10185185185185185,0.022954765108516892,0.042373460743563275,0.5890031995696487,0.09205471074356328,0.07125,0.0890625
access_error_taxonomy,structured_margin,0.15,16,1000,3200,conserved_quotient,0.06920092567478182,0.24066658995656418,0.8859375,0.36741767764298094,0.7895578026492881,0.07718696397941681,0.42592592592592593,0.02750450629262575,0.05798557732536834,0.47424315182474813,0.10247932732536831,0.07125,0.0890625
access_error_taxonomy,structured_margin,0.15,16,1000,3200,caq_strong_shrinkage,0.06754061502596163,0.2378065430360893,0.8859375,0.36741767764298094,0.7895578026492881,0.07718696397941681,0.42592592592592593,0.02571894754613078,0.05716996852917728,0.4939672602806254,0.10166371852917727,0.07125,0.0890625
access_error_taxonomy,structured_margin,0.2,16,1000,3200,conserved_quotient,0.07216276092214978,0.25143966449823446,0.9021875,0.2457831325301205,0.7728507001015325,0.04356775300171527,0.7222222222222222,0.026440294771412444,0.06420458850745193,0.43804352807512387,0.10851083850745191,0.07125,0.0890625
access_error_taxonomy,structured_margin,0.2,16,1000,3200,caq_strong_shrinkage,0.0705938965479121,0.24923741055170887,0.9021875,0.2457831325301205,0.7728507001015325,0.04356775300171527,0.7222222222222222,0.024690863132519655,0.0638811371271927,0.45530713520558624,0.1081873871271927,0.07125,0.0890625
access_error_taxonomy,structured_margin,0.3,16,1000,3200,conserved_quotient,0.0772094560199729,0.2777912341438395,0.88625,0.20869565217391303,0.7147779863521523,0.060034305317324184,0.7361111111111112,0.024572970999664403,0.07141296540431002,0.35237568665931196,0.11065017241808707,0.07125,0.0890625
access_error_taxonomy,structured_margin,0.3,16,1000,3200,caq_strong_shrinkage,0.07508882638014909,0.27474865012396205,0.88625,0.20869565217391303,0.7147779863521523,0.060034305317324184,0.7361111111111112,0.0227067820388634,0.07413487660547953,0.3707462731526229,0.11050987660547953,0.07125,0.0890625
access_error_taxonomy,symmetric_random,0.0,17,1000,3200,conserved_quotient,0.0269665211863533,0.10745644763230412,0.968125,0.7536231884057971,0.9242151553402012,0.0,0.0,9.437056727497456e-33,0.006284042852426766,0.959126746078021,0.06382540415218153,0.0640625,0.0890625
access_error_taxonomy,symmetric_random,0.0,17,1000,3200,caq_strong_shrinkage,0.026785323526415356,0.10648817927078642,0.968125,0.7536231884057971,0.9242151553402012,0.0,0.0,1.617781153285278e-32,0.006873878634464178,1.0032625923390928,0.06306184310551805,0.0640625,0.0890625
access_error_taxonomy,symmetric_random,0.02,17,1000,3200,conserved_quotient,0.0348876281356183,0.12898721553591128,0.9540625,0.676923076923077,0.9093301844537645,0.01509433962264151,0.014354066985645933,0.0051755241119398965,0.01151586094793885,0.8187484609288221,0.07146910504957224,0.0640625,0.0890625
access_error_taxonomy,symmetric_random,0.02,17,1000,3200,caq_strong_shrinkage,0.03409137273108881,0.12605238622638773,0.9540625,0.676923076923077,0.9093301844537645,0.01509433962264151,0.014354066985645933,0.0046708114922412,0.01011382586098976,0.8618528474510783,0.07022632586098977,0.0640625,0.0890625
access_error_taxonomy,symmetric_random,0.05,17,1000,3200,conserved_quotient,0.04372818066671257,0.1545021789505969,0.9340625,0.5854616895874263,0.8829072844985545,0.036020583190394515,0.04784688995215311,0.01463589829553899,0.022139391312844932,0.7172396133605026,0.07803314131284494,0.0640625,0.0890625
access_error_taxonomy,symmetric_random,0.05,17,1000,3200,caq_strong_shrinkage,0.04286236911904374,0.15243821346401495,0.9340625,0.5854616895874263,0.8829072844985545,0.036020583190394515,0.04784688995215311,0.013608299389058038,0.021079592211978474,0.748100843405279,0.07697334221197848,0.0640625,0.0890625
access_error_taxonomy,symmetric_random,0.1,17,1000,3200,conserved_quotient,0.0538546809035136,0.1857598092877199,0.91625,0.4248927038626609,0.8436760454415897,0.0476843910806175,0.41626794258373206,0.025161558069316445,0.03673586109020756,0.591202936132905,0.08806086109020755,0.0640625,0.0890625
access_error_taxonomy,symmetric_random,0.1,17,1000,3200,caq_strong_shrinkage,0.052767340221602906,0.18380608814665636,0.91625,0.4248927038626609,0.8436760454415897,0.0476843910806175,0.41626794258373206,0.023413637081357613,0.035942041011732484,0.6140205979103172,0.08726704101173251,0.0640625,0.0890625
access_error_taxonomy,symmetric_random,0.15,17,1000,3200,conserved_quotient,0.059596517507335245,0.20887031768303305,0.895625,0.36259541984732824,0.8094401237835417,0.06929674099485421,0.44019138755980863,0.023650210632479705,0.04664307025013213,0.5186130877422712,0.09279307025013211,0.0640625,0.0890625
access_error_taxonomy,symmetric_random,0.15,17,1000,3200,caq_strong_shrinkage,0.058525910379088636,0.20726240037212598,0.895625,0.36259541984732824,0.8094401237835417,0.06929674099485421,0.44019138755980863,0.022082123081310273,0.04578711289999325,0.5370873165948903,0.09193711289999325,0.0640625,0.0890625
access_error_taxonomy,symmetric_random,0.2,17,1000,3200,conserved_quotient,0.06326369478602874,0.2302510054061611,0.9359375,0.0,0.7533954965593062,0.0,1.0,0.022470561451333554,0.054568440932367686,0.45370443898245477,0.09367469093236772,0.0640625,0.0890625
access_error_taxonomy,symmetric_random,0.2,17,1000,3200,caq_strong_shrinkage,0.06251254585605558,0.2293850383461539,0.9359375,0.0,0.7533954965593062,0.0,1.0,0.021390561253995622,0.054331205010798356,0.4658082167526068,0.09343745501079835,0.0640625,0.0890625
access_error_taxonomy,symmetric_random,0.3,17,1000,3200,conserved_quotient,0.06589479909875179,0.2556421910634914,0.9359375,0.0,0.6796009609511788,0.0,1.0,0.014732052803464636,0.05742401042045285,0.3648381765655083,0.09436639824096568,0.0640625,0.0890625
access_error_taxonomy,symmetric_random,0.3,17,1000,3200,caq_strong_shrinkage,0.06527285748125909,0.25488935847725414,0.9359375,0.0,0.6796009609511788,0.0,1.0,0.014058692897513714,0.06347984265582282,0.36824717702681214,0.09392984265582285,0.0640625,0.0890625
access_error_taxonomy,false_access_only,0.0,17,1000,3200,conserved_quotient,0.0269665211863533,0.10745644763230412,0.968125,0.7536231884057971,0.9242151553402012,0.0,0.0,9.437056727497456e-33,0.006284042852426766,0.959126746078021,0.06382540415218153,0.0640625,0.0890625
access_error_taxonomy,false_access_only,0.0,17,1000,3200,caq_strong_shrinkage,0.026785323526415356,0.10648817927078642,0.968125,0.7536231884057971,0.9242151553402012,0.0,0.0,1.617781153285278e-32,0.006873878634464178,1.0032625923390928,0.06306184310551805,0.0640625,0.0890625
access_error_taxonomy,false_access_only,0.02,17,1000,3200,conserved_quotient,0.034156552765019645,0.12540708467625575,0.955,0.6855895196506551,0.9179038234455801,0.01509433962264151,0.0,1.0977800683007244e-32,0.010594829348106866,0.8218233969585451,0.07241487990889911,0.0640625,0.0890625
access_error_taxonomy,false_access_only,0.02,17,1000,3200,caq_strong_shrinkage,0.03337539472440574,0.12239861208521399,0.955,0.6855895196506551,0.9179038234455801,0.01509433962264151,0.0,6.162975822039155e-33,0.009304500251433336,0.8631668114518665,0.07127325025143333,0.0640625,0.0890625
access_error_taxonomy,false_access_only,0.05,17,1000,3200,conserved_quotient,0.04211730202691788,0.1442944769267593,0.9365625,0.6088631984585742,0.9072046907447372,0.036020583190394515,0.0,9.244463733058732e-33,0.019891216750809022,0.7206347185531506,0.08195371675080905,0.0640625,0.0890625
access_error_taxonomy,false_access_only,0.05,17,1000,3200,caq_strong_shrinkage,0.04120333686786571,0.14187478335386025,0.9365625,0.6088631984585742,0.9072046907447372,0.036020583190394515,0.0,1.3096323621833204e-32,0.019077446585318267,0.7495118659962727,0.08113994658531828,0.0640625,0.0890625
access_error_taxonomy,false_access_only,0.1,17,1000,3200,conserved_quotient,0.051914516019144444,0.1677845793107405,0.9053125,0.5152,0.892650352213038,0.07238421955403088,0.0,6.355568816477878e-33,0.03300240909810831,0.6071357337543944,0.09664615909810831,0.0640625,0.0890625
access_error_taxonomy,false_access_only,0.1,17,1000,3200,caq_strong_shrinkage,0.05063942806161731,0.1651027037286363,0.9053125,0.5152,0.892650352213038,0.07238421955403088,0.0,1.617781153285278e-32,0.03223955975872066,0.6303644598221254,0.09588330975872067,0.0640625,0.0890625
access_error_taxonomy,false_access_only,0.15,17,1000,3200,conserved_quotient,0.05809419099921676,0.1863508177459974,0.89875,0.4065934065934066,0.8751610407589886,0.06929674099485421,0.3349282296650718,6.355568816477878e-33,0.04318169976066695,0.5449894635818611,0.10596294976066697,0.0640625,0.0890625
access_error_taxonomy,false_access_only,0.15,17,1000,3200,caq_strong_shrinkage,0.05682654941962346,0.184192696103573,0.89875,0.4065934065934066,0.8751610407589886,0.06929674099485421,0.3349282296650718,4.044452883213195e-33,0.04242607502295908,0.565587159107249,0.10520732502295907,0.0640625,0.0890625
access_error_taxonomy,false_access_only,0.2,17,1000,3200,conserved_quotient,0.061223401483882035,0.19891337318066654,0.8759375,0.35864297253634897,0.8558182336414349,0.09433962264150944,0.3349282296650718,9.244463733058732e-33,0.04923583337582758,0.5155952315982139,0.11172333337582757,0.0640625,0.0890625
access_error_taxonomy,false_access_only,0.2,17,1000,3200,caq_strong_shrinkage,0.060298749545261855,0.19765259534725074,0.90625,0.25,0.8558182336414349,0.04425385934819897,0.6842105263157895,6.933347799794049e-33,0.048914464372280184,0.5285446171576613,0.11140196437228017,0.0640625,0.0890625
access_error_taxonomy,false_access_only,0.3,17,1000,3200,conserved_quotient,0.06706991643396272,0.22176707241919458,0.9359375,0.0,0.8174844252616149,0.0,1.0,1.5888922041194696e-33,0.06374478689417729,0.45033263137000556,0.1268260368941773,0.0640625,0.0890625
access_error_taxonomy,false_access_only,0.3,17,1000,3200,caq_strong_shrinkage,0.06611931645631941,0.22050485612192328,0.9359375,0.0,0.8174844252616149,0.0,1.0,4.8148248609680896e-33,0.06325640724479924,0.4623618562050501,0.12633765724479923,0.0640625,0.0890625
access_error_taxonomy,false_blocked_only,0.0,17,1000,3200,conserved_quotient,0.0269665211863533,0.10745644763230412,0.968125,0.7536231884057971,0.9242151553402012,0.0,0.0,9.437056727497456e-33,0.006284042852426766,0.959126746078021,0.06382540415218153,0.0640625,0.0890625
access_error_taxonomy,false_blocked_only,0.0,17,1000,3200,caq_strong_shrinkage,0.026785323526415356,0.10648817927078642,0.968125,0.7536231884057971,0.9242151553402012,0.0,0.0,1.617781153285278e-32,0.006873878634464178,1.0032625923390928,0.06306184310551805,0.0640625,0.0890625
access_error_taxonomy,false_blocked_only,0.02,17,1000,3200,conserved_quotient,0.027770354597217762,0.11128275509082548,0.9671875,0.7445255474452555,0.9147962050572092,0.0,0.014354066985645933,0.005451388062658482,0.007001008392550849,0.957694315998018,0.0629090473535898,0.0640625,0.0890625
access_error_taxonomy,false_blocked_only,0.02,17,1000,3200,caq_strong_shrinkage,0.02759155191600844,0.1103833299723986,0.9671875,0.7445255474452555,0.9147962050572092,0.0,0.014354066985645933,0.004952709690151241,0.007547681831459543,1.003899320195027,0.06206396147572832,0.0640625,0.0890625
access_error_taxonomy,false_blocked_only,0.05,17,1000,3200,conserved_quotient,0.029340592557959556,0.11947196032260585,0.965625,0.7277227722772277,0.8983427663992833,0.0,0.04784688995215311,0.018809416959431217,0.008949722519529494,0.9623590439721086,0.06051597773395593,0.0640625,0.0890625
access_error_taxonomy,false_blocked_only,0.05,17,1000,3200,caq_strong_shrinkage,0.029223775086502125,0.11884310647001001,0.965625,0.7277227722772277,0.8983427663992833,0.0,0.04784688995215311,0.01718924767594695,0.0074205190853717535,1.0147518734601066,0.05950689430710818,0.0640625,0.0890625
access_error_taxonomy,false_blocked_only,0.1,17,1000,3200,conserved_quotient,0.030913158691239544,0.12956897450553448,0.964375,0.7076923076923077,0.8721022842949632,0.0,0.11483253588516747,0.041747402496119586,0.010621864349432611,0.9716530922900422,0.05688273739086189,0.0640625,0.0890625
access_error_taxonomy,false_blocked_only,0.1,17,1000,3200,caq_strong_shrinkage,0.03092249204522,0.1294465831386742,0.964375,0.7076923076923077,0.8721022842949632,0.0,0.11483253588516747,0.03778303416927406,0.01096739892718935,1.0223846883969485,0.05606690765397401,0.0640625,0.0890625
access_error_taxonomy,false_blocked_only,0.15,17,1000,3200,conserved_quotient,0.03246041068488068,0.13786181381544743,0.963125,0.6910994764397905,0.8548996294637404,0.0,0.15311004784688995,0.05095230985145443,0.013428318080963727,0.9748490089298156,0.054464048865814976,0.0640625,0.0890625
access_error_taxonomy,false_blocked_only,0.15,17,1000,3200,caq_strong_shrinkage,0.032501755166225346,0.13782393650101693,0.963125,0.6910994764397905,0.8548996294637404,0.0,0.15311004784688995,0.04594134246632442,0.013786495354190057,1.0298715734597026,0.05356250674665027,0.0640625,0.0890625
access_error_taxonomy,false_blocked_only,0.2,17,1000,3200,conserved_quotient,0.03470434641587802,0.15028507587238776,0.9609375,0.6612466124661247,0.8243006637078057,0.0,0.215311004784689,0.06867436332210981,0.01597010278569028,0.9639258222977812,0.05122351217558162,0.0640625,0.0890625
access_error_taxonomy,false_blocked_only,0.2,17,1000,3200,caq_strong_shrinkage,0.034725513952727535,0.15021719617315538,0.9609375,0.6612466124661247,0.8243006637078057,0.0,0.215311004784689,0.062081559014293033,0.016233455701967436,1.017876960961749,0.05045803324369947,0.0640625,0.0890625
access_error_taxonomy,false_blocked_only,0.3,17,1000,3200,conserved_quotient,0.038268434244345444,0.16860888127569196,0.9571875,0.6140845070422535,0.7839472291217069,0.0,0.2822966507177033,0.08076306615919986,0.019422821075123713,0.9412268003983926,0.047298698268106155,0.0640625,0.0890625
access_error_taxonomy,false_blocked_only,0.3,17,1000,3200,caq_strong_shrinkage,0.038314200251624235,0.16864826469041372,0.9571875,0.6140845070422535,0.7839472291217069,0.0,0.2822966507177033,0.07121220545729337,0.020428837719298258,1.0062819364727684,0.04620274122807017,0.0640625,0.0890625
access_error_taxonomy,structured_margin,0.0,17,1000,3200,conserved_quotient,0.0269665211863533,0.10745644763230412,0.968125,0.7536231884057971,0.9242151553402012,0.0,0.0,9.437056727497456e-33,0.006284042852426766,0.959126746078021,0.06382540415218153,0.0640625,0.0890625
access_error_taxonomy,structured_margin,0.0,17,1000,3200,caq_strong_shrinkage,0.026785323526415356,0.10648817927078642,0.968125,0.7536231884057971,0.9242151553402012,0.0,0.0,1.617781153285278e-32,0.006873878634464178,1.0032625923390928,0.06306184310551805,0.0640625,0.0890625
access_error_taxonomy,structured_margin,0.02,17,1000,3200,conserved_quotient,0.03388992150568403,0.12526412470535586,0.955,0.6828193832599119,0.9122993607231564,0.014408233276157804,0.009569377990430622,0.0037636133390336135,0.010689836516360903,0.8402636566143536,0.0714023365163609,0.0640625,0.0890625
access_error_taxonomy,structured_margin,0.02,17,1000,3200,caq_strong_shrinkage,0.033449795589080386,0.12391050003477759,0.955,0.6828193832599119,0.9122993607231564,0.014408233276157804,0.009569377990430622,0.00338044002869999,0.00984503821446026,0.8758101034651813,0.07055753821446027,0.0640625,0.0890625
access_error_taxonomy,structured_margin,0.05,17,1000,3200,conserved_quotient,0.04425260858745785,0.15382448555048378,0.9309375,0.579047619047619,0.8837102487886315,0.04013722126929674,0.028708133971291867,0.009278887194197243,0.02365661359622443,0.7030280327679513,0.08130661359622443,0.0640625,0.0890625
access_error_taxonomy,structured_margin,0.05,17,1000,3200,caq_strong_shrinkage,0.04347148783665203,0.15217264405523862,0.9309375,0.579047619047619,0.8837102487886315,0.04013722126929674,0.028708133971291867,0.008753107859334325,0.02283525264745566,0.7292149076477364,0.08048525264745568,0.0640625,0.0890625
access_error_taxonomy,structured_margin,0.1,17,1000,3200,conserved_quotient,0.05839926863172312,0.1984635028898167,0.911875,0.4100418410041841,0.8356333726943279,0.05111492281303602,0.40669856459330145,0.027200092392831034,0.044580954071117083,0.52990522590888,0.09395595407111708,0.0640625,0.0890625
access_error_taxonomy,structured_margin,0.1,17,1000,3200,caq_strong_shrinkage,0.056604289337655246,0.19487782317641425,0.911875,0.4100418410041841,0.8356333726943279,0.05111492281303602,0.40669856459330145,0.024983071180085883,0.0431624658018471,0.5553713019543243,0.09253746580184709,0.0640625,0.0890625
access_error_taxonomy,structured_margin,0.15,17,1000,3200,conserved_quotient,0.06654979612546445,0.2264442331028164,0.88875,0.34074074074074073,0.7983826703041654,0.07478559176672384,0.44019138755980863,0.029415741513439942,0.060450149531960866,0.43864026000825707,0.10462514953196088,0.0640625,0.0890625
access_error_taxonomy,structured_margin,0.15,17,1000,3200,caq_strong_shrinkage,0.06456177949245542,0.22306637430729614,0.88875,0.34074074074074073,0.7983826703041654,0.07478559176672384,0.44019138755980863,0.02710102069807133,0.05886620370370371,0.4579608666047675,0.10304120370370372,0.0640625,0.0890625
access_error_taxonomy,structured_margin,0.2,17,1000,3200,conserved_quotient,0.0726694762599388,0.2515182218080411,0.865625,0.29508196721311475,0.7518824056354086,0.10120068610634649,0.47368421052631576,0.031006044376921935,0.07454202395580722,0.36444016547267777,0.11286702395580721,0.0640625,0.0890625
access_error_taxonomy,structured_margin,0.2,17,1000,3200,caq_strong_shrinkage,0.07027550152186941,0.24771792335817644,0.865625,0.29508196721311475,0.750151064782768,0.10120068610634649,0.47368421052631576,0.028479172926013385,0.07248937371544237,0.3817853978402041,0.11081437371544237,0.0640625,0.0890625
access_error_taxonomy,structured_margin,0.3,17,1000,3200,conserved_quotient,0.07787518219411946,0.28003775935376984,0.8784375,0.1740976645435244,0.6834903701290769,0.0751286449399657,0.7751196172248804,0.028790101471988364,0.08971443398090342,0.2773817743233759,0.11997693398090342,0.0640625,0.0890625
access_error_taxonomy,structured_margin,0.3,17,1000,3200,caq_strong_shrinkage,0.0757482831037008,0.27725619993352857,0.9359375,0.0,0.6834903701290769,0.0,1.0,0.026810931702059126,0.0888427953992772,0.28938724313116937,0.1191052953992772,0.0640625,0.0890625
access_error_taxonomy,symmetric_random,0.0,18,1000,3200,conserved_quotient,0.02852626671105905,0.11726517641552256,0.965625,0.7555555555555555,0.9033824115788158,0.0,0.0,6.471124613141112e-32,0.006440583613522531,0.9717303315791819,0.06745131547099951,0.070625,0.095
access_error_taxonomy,symmetric_random,0.0,18,1000,3200,caq_strong_shrinkage,0.02858736846900748,0.11690463787215313,0.965625,0.7555555555555555,0.9033824115788158,0.0,0.0,1.8488927466117464e-32,0.007281519849318271,0.9975364390764576,0.06793404252956656,0.070625,0.095
access_error_taxonomy,symmetric_random,0.02,18,1000,3200,conserved_quotient,0.037427740802157806,0.1423862060843089,0.9503125,0.6761710794297352,0.882158649296856,0.0162292817679558,0.026785714285714284,0.00970518413956082,0.014587813137212878,0.83471317881539,0.0753886584333036,0.070625,0.095
access_error_taxonomy,symmetric_random,0.02,18,1000,3200,caq_strong_shrinkage,0.037180849927528896,0.14108976254236086,0.9503125,0.6761710794297352,0.882158649296856,0.0162292817679558,0.026785714285714284,0.009376612179899027,0.015059251000615212,0.8568417554442829,0.07591550100061521,0.070625,0.095
access_error_taxonomy,symmetric_random,0.05,18,1000,3200,conserved_quotient,0.04853501433255519,0.17612671325481885,0.9290625,0.58195211786372,0.8523650397843255,0.03798342541436464,0.07589285714285714,0.0289199243269131,0.027640939003294455,0.6955040954492625,0.08311593900329449,0.070625,0.095
access_error_taxonomy,symmetric_random,0.05,18,1000,3200,caq_strong_shrinkage,0.047728229214695134,0.17297995555250914,0.9290625,0.58195211786372,0.8523650397843255,0.03798342541436464,0.07589285714285714,0.026784696986411997,0.02780771634858934,0.7179614613752562,0.08328271634858934,0.070625,0.095
access_error_taxonomy,symmetric_random,0.1,18,1000,3200,conserved_quotient,0.05956045345963837,0.20630485032001225,0.8975,0.4810126582278481,0.8273413834351995,0.07216850828729282,0.12053571428571429,0.031136879385605557,0.04096773997479718,0.5773607297605802,0.09263648997479716,0.070625,0.095
access_error_taxonomy,symmetric_random,0.1,18,1000,3200,caq_strong_shrinkage,0.05834112411678017,0.20351822968436026,0.8975,0.4810126582278481,0.8273413834351995,0.07216850828729282,0.12053571428571429,0.029264836886999566,0.04067957306473842,0.5971224884400514,0.0923483230647384,0.070625,0.095
access_error_taxonomy,symmetric_random,0.15,18,1000,3200,conserved_quotient,0.06587070617243515,0.2286355975562194,0.8903125,0.38095238095238093,0.7938445882009867,0.07493093922651933,0.44642857142857145,0.026552724042290296,0.05155185926403011,0.5078247567450312,0.09927685926403011,0.070625,0.095
access_error_taxonomy,symmetric_random,0.15,18,1000,3200,caq_strong_shrinkage,0.06490583929545987,0.2270198620548118,0.8903125,0.38095238095238093,0.7938445882009867,0.07493093922651933,0.44642857142857145,0.025470534905674014,0.051601401646603415,0.5212227923121987,0.09932640164660342,0.070625,0.095
access_error_taxonomy,symmetric_random,0.2,18,1000,3200,conserved_quotient,0.07186708008926805,0.2508227324145538,0.9009375,0.26107226107226106,0.7544634620992555,0.04903314917127072,0.7276785714285714,0.02563089003231559,0.06420807685766952,0.43187448027010955,0.10853307685766955,0.070625,0.095
access_error_taxonomy,symmetric_random,0.2,18,1000,3200,caq_strong_shrinkage,0.07082245386977168,0.24927771805986576,0.9009375,0.26107226107226106,0.7544634620992555,0.04903314917127072,0.7276785714285714,0.02472575533470463,0.06419422721852946,0.4434801598139587,0.10851922721852947,0.070625,0.095
access_error_taxonomy,symmetric_random,0.3,18,1000,3200,conserved_quotient,0.07837822006064529,0.2859380956633318,0.929375,0.0,0.688453321113366,0.0,1.0,0.022872530739847744,0.07618019203992502,0.32525610499928875,0.11827386776043604,0.070625,0.095
access_error_taxonomy,symmetric_random,0.3,18,1000,3200,caq_strong_shrinkage,0.07730956882799024,0.28461132144260437,0.929375,0.0,0.688453321113366,0.0,1.0,0.022017188333222918,0.08299623951276545,0.33080101798961503,0.11808998951276545,0.070625,0.095
access_error_taxonomy,false_access_only,0.0,18,1000,3200,conserved_quotient,0.02852626671105905,0.11726517641552256,0.965625,0.7555555555555555,0.9033824115788158,0.0,0.0,6.471124613141112e-32,0.006440583613522531,0.9717303315791819,0.06745131547099951,0.070625,0.095
access_error_taxonomy,false_access_only,0.0,18,1000,3200,caq_strong_shrinkage,0.02858736846900748,0.11690463787215313,0.965625,0.7555555555555555,0.9033824115788158,0.0,0.0,1.8488927466117464e-32,0.007281519849318271,0.9975364390764576,0.06793404252956656,0.070625,0.095
access_error_taxonomy,false_access_only,0.02,18,1000,3200,conserved_quotient,0.03612620757673916,0.1360541230163248,0.9515625,0.6881287726358148,0.8953169355654611,0.0162292817679558,0.0,2.7733391199176196e-32,0.012680643692154544,0.8460918954350362,0.07637367221056085,0.070625,0.095
access_error_taxonomy,false_access_only,0.02,18,1000,3200,caq_strong_shrinkage,0.03586032752000119,0.13469584336915089,0.9515625,0.6881287726358148,0.8953169355654611,0.0162292817679558,0.0,3.158525108795067e-32,0.012872947510442023,0.870172215571635,0.07680419751044201,0.070625,0.095
access_error_taxonomy,false_access_only,0.05,18,1000,3200,conserved_quotient,0.04553676749291128,0.1603156020964078,0.931875,0.6107142857142858,0.8834143699674465,0.03798342541436464,0.0,9.437056727497456e-33,0.02305691714501592,0.7216430821054949,0.0865256671450159,0.070625,0.095
access_error_taxonomy,false_access_only,0.05,18,1000,3200,caq_strong_shrinkage,0.04474362514051933,0.15734674651293198,0.931875,0.6107142857142858,0.8834143699674465,0.03798342541436464,0.0,9.244463733058732e-33,0.0231540750881378,0.7453418942118016,0.08662282508813778,0.070625,0.095
access_error_taxonomy,false_access_only,0.1,18,1000,3200,conserved_quotient,0.05656943464795227,0.18595254136210143,0.9015625,0.5220030349013657,0.8655367164392285,0.07216850828729282,0.0,1.5407439555097887e-32,0.036752351295233264,0.6048362571729913,0.10070860129523325,0.070625,0.095
access_error_taxonomy,false_access_only,0.1,18,1000,3200,caq_strong_shrinkage,0.0554189124896757,0.18327619395246217,0.9015625,0.5220030349013657,0.8655367164392285,0.07216850828729282,0.0,1.2518544638517033e-32,0.03664599981248261,0.6238231655948097,0.10060224981248261,0.070625,0.095
access_error_taxonomy,false_access_only,0.15,18,1000,3200,conserved_quotient,0.0626979001086987,0.20341248321348254,0.8940625,0.42248722316865417,0.8443025394123703,0.07493093922651933,0.35714285714285715,1.8488927466117464e-32,0.04590731496261359,0.5515327612545372,0.10960731496261358,0.070625,0.095
access_error_taxonomy,false_access_only,0.15,18,1000,3200,caq_strong_shrinkage,0.061784679311525786,0.20190186946798427,0.8940625,0.42248722316865417,0.8443025394123703,0.07493093922651933,0.35714285714285715,3.0814879110195774e-33,0.04611813070780052,0.5652916472406015,0.10981813070780053,0.070625,0.095
access_error_taxonomy,false_access_only,0.2,18,1000,3200,conserved_quotient,0.06975262153329138,0.22424313368220367,0.8703125,0.3740573152337858,0.8230832405925097,0.10117403314917127,0.35714285714285715,9.62964972193618e-34,0.05936537991515106,0.4838253123411586,0.12270287991515108,0.070625,0.095
access_error_taxonomy,false_access_only,0.2,18,1000,3200,caq_strong_shrinkage,0.06872425238913094,0.22279007211797924,0.8703125,0.3740573152337858,0.8230832405925097,0.10117403314917127,0.35714285714285715,2.7733391199176196e-32,0.05966238168773544,0.4957671059144464,0.12299988168773543,0.070625,0.095
access_error_taxonomy,false_access_only,0.3,18,1000,3200,conserved_quotient,0.07929408523586128,0.25671186374293614,0.876875,0.2423076923076923,0.7842094613493938,0.07700276243093923,0.6830357142857143,1.391484384819778e-32,0.07345152496636323,0.39445742606225664,0.14259069710601063,0.070625,0.095
access_error_taxonomy,false_access_only,0.3,18,1000,3200,caq_strong_shrinkage,0.07800049379305209,0.25501586320066616,0.876875,0.2423076923076923,0.7842094613493938,0.07700276243093923,0.6830357142857143,1.3288916616271927e-32,0.08061358695643345,0.4069602226776164,0.14267608695643344,0.070625,0.095
access_error_taxonomy,false_blocked_only,0.0,18,1000,3200,conserved_quotient,0.02852626671105905,0.11726517641552256,0.965625,0.7555555555555555,0.9033824115788158,0.0,0.0,6.471124613141112e-32,0.006440583613522531,0.9717303315791819,0.06745131547099951,0.070625,0.095
access_error_taxonomy,false_blocked_only,0.0,18,1000,3200,caq_strong_shrinkage,0.02858736846900748,0.11690463787215313,0.965625,0.7555555555555555,0.9033824115788158,0.0,0.0,1.8488927466117464e-32,0.007281519849318271,0.9975364390764576,0.06793404252956656,0.070625,0.095
access_error_taxonomy,false_blocked_only,0.02,18,1000,3200,conserved_quotient,0.029790893011459558,0.12354538419192611,0.964375,0.7432432432432432,0.888578595616285,0.0,0.026785714285714284,0.01050730206593034,0.007950509402864523,0.9626937844814693,0.06638860410479705,0.070625,0.095
access_error_taxonomy,false_blocked_only,0.02,18,1000,3200,caq_strong_shrinkage,0.029862960703508735,0.12320471976870573,0.964375,0.7432432432432432,0.888578595616285,0.0,0.026785714285714284,0.010215182566855347,0.009009462487682168,0.9861599865465883,0.06695638805402522,0.070625,0.095
access_error_taxonomy,false_blocked_only,0.05,18,1000,3200,conserved_quotient,0.03136677671876289,0.13241535633661208,0.9628125,0.7251732101616628,0.8715475120662258,0.0,0.07589285714285714,0.03525208719274,0.010380268448095824,0.9620415663220473,0.06376307343652243,0.070625,0.095
access_error_taxonomy,false_blocked_only,0.05,18,1000,3200,caq_strong_shrinkage,0.03145809766757675,0.13211356626402307,0.9628125,0.7251732101616628,0.8715475120662258,0.0,0.07589285714285714,0.032828802421480174,0.011347718050388042,0.9856909933154696,0.06433500253314665,0.070625,0.095
access_error_taxonomy,false_blocked_only,0.1,18,1000,3200,conserved_quotient,0.03279292368465035,0.14003751560073635,0.9615625,0.7092198581560284,0.8658238658342806,0.0,0.12053571428571429,0.049111345347057404,0.01262346715895998,0.971983435396057,0.06065888541313859,0.070625,0.095
access_error_taxonomy,false_blocked_only,0.1,18,1000,3200,caq_strong_shrinkage,0.03287482197663272,0.13993261602892354,0.9615625,0.7092198581560284,0.8658238658342806,0.0,0.12053571428571429,0.04578430123649842,0.013278651514723181,1.0014433089360455,0.06102830790426452,0.070625,0.095
access_error_taxonomy,false_blocked_only,0.15,18,1000,3200,conserved_quotient,0.034149096297181304,0.14718345097877827,0.9603125,0.6954436450839329,0.850689753676405,0.0,0.14732142857142858,0.058242308455932486,0.014363445572003409,0.9547192860733583,0.05955062261432625,0.070625,0.095
access_error_taxonomy,false_blocked_only,0.15,18,1000,3200,caq_strong_shrinkage,0.03420446748580349,0.14699926536799812,0.9603125,0.6954436450839329,0.850689753676405,0.0,0.14732142857142858,0.054716102215669846,0.014900172959490608,0.9843067774422171,0.05991304543131398,0.070625,0.095
access_error_taxonomy,false_blocked_only,0.2,18,1000,3200,conserved_quotient,0.03493957859907373,0.15212306545117657,0.96,0.6862745098039216,0.8439514137272289,0.0,0.1875,0.0677450216106964,0.016476879703017047,0.9554144675967491,0.05772362505521342,0.070625,0.095
access_error_taxonomy,false_blocked_only,0.2,18,1000,3200,caq_strong_shrinkage,0.034952931873465716,0.15186940049429468,0.96,0.6862745098039216,0.8439514137272289,0.0,0.1875,0.06406501613464438,0.016471552903990733,0.9888039376576923,0.05784973843420154,0.070625,0.095
access_error_taxonomy,false_blocked_only,0.3,18,1000,3200,conserved_quotient,0.036447868897274666,0.16394501066062744,0.96,0.6683937823834197,0.8193354202498349,0.0,0.2857142857142857,0.09128804230802191,0.019057120892974545,0.9795762734025132,0.05287784256527456,0.070625,0.095
access_error_taxonomy,false_blocked_only,0.3,18,1000,3200,caq_strong_shrinkage,0.03666355976596754,0.16441353459014907,0.96,0.6683937823834197,0.8193354202498349,0.0,0.2857142857142857,0.0861677412370462,0.02098474848127945,1.0106723965437232,0.05307108774485494,0.070625,0.095
access_error_taxonomy,structured_margin,0.0,18,1000,3200,conserved_quotient,0.02852626671105905,0.11726517641552256,0.965625,0.7555555555555555,0.9033824115788158,0.0,0.0,6.471124613141112e-32,0.006440583613522531,0.9717303315791819,0.06745131547099951,0.070625,0.095
access_error_taxonomy,structured_margin,0.0,18,1000,3200,caq_strong_shrinkage,0.02858736846900748,0.11690463787215313,0.965625,0.7555555555555555,0.9033824115788158,0.0,0.0,1.8488927466117464e-32,0.007281519849318271,0.9975364390764576,0.06793404252956656,0.070625,0.095
access_error_taxonomy,structured_margin,0.02,18,1000,3200,conserved_quotient,0.0398321130662679,0.15122705748516277,0.9471875,0.6599597585513078,0.8770405460897096,0.018646408839779006,0.03125,0.010671867379916438,0.018067666976097983,0.7957797663750547,0.07707391697609799,0.070625,0.095
access_error_taxonomy,structured_margin,0.02,18,1000,3200,caq_strong_shrinkage,0.03946308358388632,0.14872760263747142,0.9471875,0.6599597585513078,0.8770405460897096,0.018646408839779006,0.03125,0.010448700974941463,0.018563906529628155,0.8161635093971354,0.07757015652962815,0.070625,0.095
access_error_taxonomy,structured_margin,0.05,18,1000,3200,conserved_quotient,0.050253108918399556,0.18137391756362503,0.926875,0.572992700729927,0.848069701424142,0.03970994475138122,0.07589285714285714,0.02715401432623281,0.030775904302988648,0.6732920337269295,0.08498840430298867,0.070625,0.095
access_error_taxonomy,structured_margin,0.05,18,1000,3200,caq_strong_shrinkage,0.04955860519273075,0.17868492130822425,0.926875,0.572992700729927,0.848069701424142,0.03970994475138122,0.07589285714285714,0.02547972835015643,0.03128345364578909,0.6914236785072505,0.08549595364578909,0.070625,0.095
access_error_taxonomy,structured_margin,0.1,18,1000,3200,conserved_quotient,0.06680057251489738,0.22616379038195675,0.8896875,0.464339908952959,0.8191777112556612,0.08149171270718232,0.12053571428571429,0.0370741362600039,0.05340938017245488,0.5000412990622026,0.10479688017245488,0.070625,0.095
access_error_taxonomy,structured_margin,0.1,18,1000,3200,caq_strong_shrinkage,0.06514829094894646,0.22116476041145858,0.8896875,0.464339908952959,0.8191777112556612,0.08149171270718232,0.12053571428571429,0.03457753575165255,0.053938475731592946,0.5167739501064235,0.10532597573159293,0.070625,0.095
access_error_taxonomy,structured_margin,0.15,18,1000,3200,conserved_quotient,0.0751385536243805,0.2504676293709948,0.855,0.3910761154855643,0.7839669465753343,0.11912983425414364,0.14732142857142858,0.0353951429104295,0.06827153072116393,0.42655014700532906,0.11631528072116393,0.070625,0.095
access_error_taxonomy,structured_margin,0.15,18,1000,3200,caq_strong_shrinkage,0.0735048352050918,0.2471758937783992,0.855,0.3910761154855643,0.7839669465753343,0.11912983425414364,0.14732142857142858,0.03323995385006954,0.06890882219345379,0.4396539530800089,0.11695257219345379,0.070625,0.095
access_error_taxonomy,structured_margin,0.2,18,1000,3200,conserved_quotient,0.08333822970623342,0.2789769714951021,0.8978125,0.2482758620689655,0.7473665573614393,0.05179558011049724,0.7366071428571429,0.03778521658610355,0.08320467680152256,0.3508483972256133,0.12497967680152254,0.070625,0.095
access_error_taxonomy,structured_margin,0.2,18,1000,3200,caq_strong_shrinkage,0.08109648805224395,0.27483808811128474,0.8978125,0.2482758620689655,0.7473665573614393,0.05179558011049724,0.7366071428571429,0.035942927334954695,0.08374432934909815,0.3642279327627627,0.12551932934909818,0.070625,0.095
access_error_taxonomy,structured_margin,0.3,18,1000,3200,conserved_quotient,0.08875954459594651,0.30767652915559884,0.8796875,0.21267893660531698,0.6880873172212271,0.07251381215469613,0.7633928571428571,0.03613577868793131,0.09675595654359301,0.27053003066933584,0.129812206543593,0.070625,0.095
access_error_taxonomy,structured_margin,0.3,18,1000,3200,caq_strong_shrinkage,0.08509738598956035,0.3014190626808492,0.8796875,0.21267893660531698,0.6880873172212271,0.07251381215469613,0.7633928571428571,0.03317665905240702,0.09601083981811484,0.2874985533512279,0.12906708981811482,0.070625,0.095
access_error_taxonomy,symmetric_random,0.0,19,1000,3200,conserved_quotient,0.03354152909971162,0.1391999237540075,0.9603125,0.735966735966736,0.8606495007478842,0.0,0.0,3.0814879110195774e-33,0.011059397074965229,0.9614260908607808,0.07134689707496522,0.0771875,0.095
access_error_taxonomy,symmetric_random,0.0,19,1000,3200,caq_strong_shrinkage,0.03395717872623303,0.14020846343086224,0.9603125,0.735966735966736,0.8606495007478842,0.0,0.0,3.851859888774472e-33,0.013362760135429719,0.9692026956615005,0.07190706285651814,0.0771875,0.095
access_error_taxonomy,symmetric_random,0.02,19,1000,3200,conserved_quotient,0.041622065159923366,0.16198279042922892,0.946875,0.669260700389105,0.84168025105876,0.013466850828729282,0.02564102564102564,0.011236732284330269,0.019258357933378475,0.8453486923799343,0.07738335793337849,0.0771875,0.095
access_error_taxonomy,symmetric_random,0.02,19,1000,3200,caq_strong_shrinkage,0.04168391163129584,0.1618193716436368,0.946875,0.669260700389105,0.84168025105876,0.013466850828729282,0.02564102564102564,0.010657678988058014,0.01977096169005586,0.8566294960846154,0.07789596169005586,0.0771875,0.095
access_error_taxonomy,symmetric_random,0.05,19,1000,3200,conserved_quotient,0.048685129983977775,0.18036881495640028,0.9290625,0.599647266313933,0.8340451143488198,0.03383977900552486,0.05128205128205128,0.017305494386085522,0.024246209154941627,0.78839012264558,0.08132745915494162,0.0771875,0.095
access_error_taxonomy,symmetric_random,0.05,19,1000,3200,caq_strong_shrinkage,0.048644323512422975,0.18029466970840102,0.9290625,0.599647266313933,0.8340451143488198,0.03383977900552486,0.05128205128205128,0.016670916333395968,0.024633905919048984,0.798907635465775,0.081715155919049,0.0771875,0.095
access_error_taxonomy,symmetric_random,0.1,19,1000,3200,conserved_quotient,0.06453908915220109,0.2279376230297612,0.9071875,0.4406779661016949,0.7902949172665964,0.04834254143646409,0.38461538461538464,0.028052200316497657,0.04713700146442791,0.5854258809994806,0.09711200146442792,0.0771875,0.095
access_error_taxonomy,symmetric_random,0.1,19,1000,3200,caq_strong_shrinkage,0.06399746059769745,0.22691406777836307,0.9071875,0.4406779661016949,0.7902949172665964,0.04834254143646409,0.38461538461538464,0.026852506748277917,0.04734830271302745,0.5951648434019099,0.09732330271302747,0.0771875,0.095
access_error_taxonomy,symmetric_random,0.15,19,1000,3200,conserved_quotient,0.07438290942529793,0.26116152371566864,0.881875,0.37209302325581395,0.7543704268355381,0.07596685082872928,0.4230769230769231,0.0334427476454792,0.06303461563434545,0.47220368263177875,0.10660961563434546,0.0771875,0.095
access_error_taxonomy,symmetric_random,0.15,19,1000,3200,caq_strong_shrinkage,0.0735753434350631,0.2598426639038021,0.881875,0.37209302325581395,0.7543704268355381,0.07596685082872928,0.4230769230769231,0.03212930487240727,0.06336681440035327,0.48151136056719623,0.10694181440035326,0.0771875,0.095
access_error_taxonomy,symmetric_random,0.2,19,1000,3200,conserved_quotient,0.08010865145505329,0.2827005275858287,0.8603125,0.33183856502242154,0.7273698194795384,0.10048342541436464,0.44017094017094016,0.03117524558321861,0.07522929055341676,0.40634439674366213,0.11544804055341677,0.0771875,0.095
access_error_taxonomy,symmetric_random,0.2,19,1000,3200,caq_strong_shrinkage,0.07916427230242498,0.2813134710398652,0.8928125,0.24282560706401765,0.7273698194795384,0.050759668508287295,0.7478632478632479,0.029885521009123697,0.0753373604519404,0.4087997944944915,0.11555611045194034,0.0771875,0.095
access_error_taxonomy,symmetric_random,0.3,19,1000,3200,conserved_quotient,0.08430500962708103,0.31392474533953574,0.9228125,0.0,0.6640155965730314,0.0,1.0,0.025075341700877902,0.08930328872934498,0.30130875651574224,0.11927828872934498,0.0771875,0.095
access_error_taxonomy,symmetric_random,0.3,19,1000,3200,caq_strong_shrinkage,0.08362897519017569,0.3132474967567625,0.9228125,0.0,0.6640155965730314,0.0,1.0,0.02437829083719321,0.08948915729620988,0.305817501142462,0.11946415729620988,0.0771875,0.095
access_error_taxonomy,false_access_only,0.0,19,1000,3200,conserved_quotient,0.03354152909971162,0.1391999237540075,0.9603125,0.735966735966736,0.8606495007478842,0.0,0.0,3.0814879110195774e-33,0.011059397074965229,0.9614260908607808,0.07134689707496522,0.0771875,0.095
access_error_taxonomy,false_access_only,0.0,19,1000,3200,caq_strong_shrinkage,0.03395717872623303,0.14020846343086224,0.9603125,0.735966735966736,0.8606495007478842,0.0,0.0,3.851859888774472e-33,0.013362760135429719,0.9692026956615005,0.07190706285651814,0.0771875,0.095
access_error_taxonomy,false_access_only,0.02,19,1000,3200,conserved_quotient,0.040337544400063284,0.15562368648050262,0.948125,0.6807692307692308,0.8549406285517644,0.013466850828729282,0.0,3.0814879110195774e-32,0.01802918703976382,0.8489126807430933,0.07923543703976382,0.0771875,0.095
access_error_taxonomy,false_access_only,0.02,19,1000,3200,caq_strong_shrinkage,0.04041414346782855,0.15550663633544246,0.948125,0.6807692307692308,0.8549406285517644,0.013466850828729282,0.0,2.1570415377137042e-32,0.018504152252151164,0.8605597155203495,0.07971040225215116,0.0771875,0.095
access_error_taxonomy,false_access_only,0.05,19,1000,3200,conserved_quotient,0.047019189515430666,0.17061065177893894,0.9309375,0.6183074265975821,0.8571109322708945,0.03383977900552486,0.0,3.274080905458301e-33,0.023041249923429197,0.7852174935449913,0.08564749992342921,0.0771875,0.095
access_error_taxonomy,false_access_only,0.05,19,1000,3200,caq_strong_shrinkage,0.04697590760629896,0.17049993244641065,0.9309375,0.6183074265975821,0.8571109322708945,0.03383977900552486,0.0,2.1570415377137042e-32,0.02355388470052115,0.7953833395532369,0.08616013470052115,0.0771875,0.095
access_error_taxonomy,false_access_only,0.1,19,1000,3200,conserved_quotient,0.06154550292722206,0.20820175713134056,0.8925,0.50997150997151,0.8333966281459464,0.0763121546961326,0.0,1.71407765050464e-32,0.043406026916294776,0.6099951524531217,0.10505602691629477,0.0771875,0.095
access_error_taxonomy,false_access_only,0.1,19,1000,3200,caq_strong_shrinkage,0.06099402780606193,0.20712645101068475,0.8925,0.50997150997151,0.8333966281459464,0.0763121546961326,0.0,2.0222264416065976e-32,0.04370523508757204,0.6204619352506269,0.10535523508757205,0.0771875,0.095
access_error_taxonomy,false_access_only,0.15,19,1000,3200,conserved_quotient,0.06893588541891747,0.22585769921608428,0.8884375,0.43423137876386686,0.8282827728886153,0.07596685082872928,0.29914529914529914,6.162975822039155e-33,0.05427990429956764,0.5409195236057921,0.11817365429956761,0.0771875,0.095
access_error_taxonomy,false_access_only,0.15,19,1000,3200,caq_strong_shrinkage,0.06820189509117539,0.224686192409498,0.8884375,0.43423137876386686,0.8282827728886153,0.07596685082872928,0.29914529914529914,6.933347799794049e-33,0.05449903835613715,0.5519897944145349,0.11839278835613713,0.0771875,0.095
access_error_taxonomy,false_access_only,0.2,19,1000,3200,conserved_quotient,0.07585941567668353,0.24539485815419057,0.866875,0.39316239316239315,0.8132044404167312,0.10048342541436464,0.29914529914529914,6.355568816477878e-33,0.06662456165484425,0.48146926781857396,0.13086206165484426,0.0771875,0.095
access_error_taxonomy,false_access_only,0.2,19,1000,3200,caq_strong_shrinkage,0.07491287970866994,0.24395139259572518,0.866875,0.39316239316239315,0.8132044404167312,0.10048342541436464,0.29914529914529914,6.355568816477878e-33,0.06675717696293906,0.4912859395145643,0.13099467696293904,0.0771875,0.095
access_error_taxonomy,false_access_only,0.3,19,1000,3200,conserved_quotient,0.08166571337354527,0.26717944333865234,0.8753125,0.27056672760511885,0.7910338899163823,0.07596685082872928,0.6581196581196581,3.851859888774472e-33,0.08051453080274104,0.4292036584908364,0.14555828080274102,0.0771875,0.095
access_error_taxonomy,false_access_only,0.3,19,1000,3200,caq_strong_shrinkage,0.08090767989210342,0.2663885736812228,0.8753125,0.27056672760511885,0.7910338899163823,0.07596685082872928,0.6581196581196581,1.0977800683007244e-32,0.08090773932861042,0.4367724417966694,0.14595148932861043,0.0771875,0.095
access_error_taxonomy,false_blocked_only,0.0,19,1000,3200,conserved_quotient,0.03354152909971162,0.1391999237540075,0.9603125,0.735966735966736,0.8606495007478842,0.0,0.0,3.0814879110195774e-33,0.011059397074965229,0.9614260908607808,0.07134689707496522,0.0771875,0.095
access_error_taxonomy,false_blocked_only,0.0,19,1000,3200,caq_strong_shrinkage,0.03395717872623303,0.14020846343086224,0.9603125,0.735966735966736,0.8606495007478842,0.0,0.0,3.851859888774472e-33,0.013362760135429719,0.9692026956615005,0.07190706285651814,0.0771875,0.095
access_error_taxonomy,false_blocked_only,0.02,19,1000,3200,conserved_quotient,0.034887912195630616,0.14572981227590728,0.9590625,0.7242105263157895,0.8474905777559636,0.0,0.02564102564102564,0.011813939450536482,0.012326479231811691,0.9611768208141483,0.06952840397229614,0.0771875,0.095
access_error_taxonomy,false_blocked_only,0.02,19,1000,3200,caq_strong_shrinkage,0.03528628790743777,0.14667956868380436,0.9590625,0.7242105263157895,0.8474905777559636,0.0,0.02564102564102564,0.011289362034494979,0.014462285348714752,0.9683068749328151,0.07012287933615811,0.0771875,0.095
access_error_taxonomy,false_blocked_only,0.05,19,1000,3200,conserved_quotient,0.035634398206312416,0.15000208938270324,0.9584375,0.7164179104477612,0.8399335884319933,0.0,0.05128205128205128,0.022777333372394636,0.01338555717742718,0.9741600389078593,0.06741363640859596,0.0771875,0.095
access_error_taxonomy,false_blocked_only,0.05,19,1000,3200,caq_strong_shrinkage,0.03604704039773028,0.15102572532895212,0.9584375,0.7164179104477612,0.8399335884319933,0.0,0.05128205128205128,0.022073289757423984,0.015554863063293303,0.9824222236566785,0.06785170372263397,0.0771875,0.095
access_error_taxonomy,false_blocked_only,0.1,19,1000,3200,conserved_quotient,0.03800513636608912,0.16216264003729786,0.95625,0.6929824561403509,0.8193232436375003,0.0,0.10683760683760683,0.04449405352182284,0.01654790926532523,0.9678420244144786,0.06438052516875295,0.0771875,0.095
access_error_taxonomy,false_blocked_only,0.1,19,1000,3200,caq_strong_shrinkage,0.038427096113400505,0.16317033960497151,0.95625,0.6929824561403509,0.8193232436375003,0.0,0.10683760683760683,0.04294097021506958,0.018573786752427057,0.9735263651431587,0.06488577547139372,0.0771875,0.095
access_error_taxonomy,false_blocked_only,0.15,19,1000,3200,conserved_quotient,0.04154609420498176,0.17988582469292233,0.9525,0.6545454545454545,0.7910201798486682,0.0,0.1752136752136752,0.06602963310618773,0.02104482485230059,0.9382776438490292,0.06101357485230058,0.0771875,0.095
access_error_taxonomy,false_blocked_only,0.15,19,1000,3200,caq_strong_shrinkage,0.0419462941276936,0.1807840960127966,0.9525,0.6545454545454545,0.7910201798486682,0.0,0.1752136752136752,0.0637611071084286,0.02289903334896951,0.941999596953244,0.06176548764164346,0.0771875,0.095
access_error_taxonomy,false_blocked_only,0.2,19,1000,3200,conserved_quotient,0.04274649971818514,0.18677359935755308,0.9515625,0.6420323325635104,0.7800548676909915,0.0,0.20512820512820512,0.07424433783585954,0.023377154682170928,0.9329767830506266,0.05964590468217093,0.0771875,0.095
access_error_taxonomy,false_blocked_only,0.2,19,1000,3200,caq_strong_shrinkage,0.04327423072357797,0.18792543318165233,0.9515625,0.6420323325635104,0.7800548676909915,0.0,0.20512820512820512,0.071634474243334,0.025591500921921327,0.9351649248154689,0.06031349078651371,0.0771875,0.095
access_error_taxonomy,false_blocked_only,0.3,19,1000,3200,conserved_quotient,0.04669520938733427,0.20788989291851612,0.9484375,0.6004842615012107,0.7545993849663624,0.0,0.2905982905982906,0.0965942034042218,0.02886956804868305,0.9188777043069183,0.05408831804868305,0.0771875,0.095
access_error_taxonomy,false_blocked_only,0.3,19,1000,3200,caq_strong_shrinkage,0.04720249912909663,0.20894134683471094,0.9484375,0.6004842615012107,0.7545993849663624,0.0,0.2905982905982906,0.09437232223421167,0.030347604916142946,0.9202729887658488,0.05458038824389293,0.0771875,0.095
access_error_taxonomy,structured_margin,0.0,19,1000,3200,conserved_quotient,0.03354152909971162,0.1391999237540075,0.9603125,0.735966735966736,0.8606495007478842,0.0,0.0,3.0814879110195774e-33,0.011059397074965229,0.9614260908607808,0.07134689707496522,0.0771875,0.095
access_error_taxonomy,structured_margin,0.0,19,1000,3200,caq_strong_shrinkage,0.03395717872623303,0.14020846343086224,0.9603125,0.735966735966736,0.8606495007478842,0.0,0.0,3.851859888774472e-33,0.013362760135429719,0.9692026956615005,0.07190706285651814,0.0771875,0.095
access_error_taxonomy,structured_margin,0.02,19,1000,3200,conserved_quotient,0.04015298096207272,0.15956975219595043,0.95,0.6825396825396826,0.8419640494604402,0.010013812154696133,0.02564102564102564,0.011315778597394648,0.018746725744491682,0.8702038286326006,0.07569047574449167,0.0771875,0.095
access_error_taxonomy,structured_margin,0.02,19,1000,3200,caq_strong_shrinkage,0.04046464791474716,0.16012865256035316,0.95,0.6825396825396826,0.8419640494604402,0.010013812154696133,0.02564102564102564,0.01074424232699256,0.01931386242614828,0.8783947836189961,0.07625761242614829,0.0771875,0.095
access_error_taxonomy,structured_margin,0.05,19,1000,3200,conserved_quotient,0.049835653276138495,0.18496361523523366,0.9309375,0.6074600355239786,0.8327015277128453,0.031767955801104975,0.042735042735042736,0.016971065457045534,0.030431445282862915,0.7386496840677621,0.08628769528286291,0.0771875,0.095
access_error_taxonomy,structured_margin,0.05,19,1000,3200,caq_strong_shrinkage,0.04994087504427222,0.18487142159027128,0.9309375,0.6074600355239786,0.8327015277128453,0.031767955801104975,0.042735042735042736,0.01649192846566723,0.03099612003401668,0.7441168984939537,0.08685237003401668,0.0771875,0.095
access_error_taxonomy,structured_margin,0.1,19,1000,3200,conserved_quotient,0.06450033482911262,0.2305091966771451,0.9109375,0.45297504798464494,0.7837086007367791,0.04523480662983426,0.3888888888888889,0.03254022221465099,0.050297693411452446,0.58106222698437,0.09790394341145248,0.0771875,0.095
access_error_taxonomy,structured_margin,0.1,19,1000,3200,caq_strong_shrinkage,0.06461360756862346,0.23075685489543118,0.9109375,0.45297504798464494,0.7837086007367791,0.04523480662983426,0.3888888888888889,0.03151862499988273,0.05148868303348596,0.5821284291961842,0.09909493303348593,0.0771875,0.095
access_error_taxonomy,structured_margin,0.15,19,1000,3200,conserved_quotient,0.07639565589023992,0.2670484676119761,0.8875,0.3898305084745763,0.7509196027919182,0.07113259668508287,0.41452991452991456,0.03810752759366155,0.07019941277320801,0.4581461312218492,0.112624412773208,0.0771875,0.095
access_error_taxonomy,structured_margin,0.15,19,1000,3200,caq_strong_shrinkage,0.07599135244022977,0.26633618841234735,0.8875,0.3898305084745763,0.7509196027919182,0.07113259668508287,0.41452991452991456,0.03672732792213432,0.07105472964180301,0.4618039385880972,0.113479729641803,0.0771875,0.095
access_error_taxonomy,structured_margin,0.2,19,1000,3200,conserved_quotient,0.08463439325759654,0.29318542353319893,0.8646875,0.3409436834094368,0.7339520229890415,0.09668508287292818,0.4444444444444444,0.03919611316367184,0.08667294919547415,0.38277646103971735,0.12632294919547413,0.0771875,0.095
access_error_taxonomy,structured_margin,0.2,19,1000,3200,caq_strong_shrinkage,0.08412103315932529,0.29267738504305535,0.8646875,0.3409436834094368,0.7339520229890415,0.09668508287292818,0.4444444444444444,0.03772636781085134,0.08769867312380618,0.3849210435258868,0.12734867312380616,0.0771875,0.095
access_error_taxonomy,structured_margin,0.3,19,1000,3200,conserved_quotient,0.09284850162224792,0.3275181062126983,0.825,0.27648578811369506,0.6826105614135628,0.1412292817679558,0.49572649572649574,0.03731121440308242,0.10688180786211451,0.2920767099166333,0.1396318078621145,0.0771875,0.095
access_error_taxonomy,structured_margin,0.3,19,1000,3200,caq_strong_shrinkage,0.09203133556805795,0.3267246180264236,0.8746875,0.1996007984031936,0.6826105614135628,0.0694060773480663,0.7735042735042735,0.03632092672912413,0.10742746798783577,0.2905983231277254,0.1401774679878358,0.0771875,0.095
