suite,seed,reach_scale,clutter_multiplier,model,brier,log_loss,accuracy,f1,auc,blocked_false_positive_rate,affordance_loss_rate,accessible_prediction_variance,ece,reliability_slope,mean_prediction,positive_rate,access_rate
geometry_sensitivity,0,0.72,0.65,conserved_quotient,0.031885599055695976,0.12715593792703478,0.9633333333333334,0.8166666666666667,0.9118137733101469,0.0,0.0,3.4666738998970245e-32,0.013854115126464896,1.0813061180022194,0.08794632993900116,0.09666666666666666,0.13166666666666665
geometry_sensitivity,0,0.72,0.65,access_only,0.04278258258716857,0.15172342096857594,0.9405555555555556,0.7396593673965937,0.8977251841483932,0.0,0.0,1.232595164407831e-32,0.011080678466076717,1.0926783229473112,0.08558598820058999,0.09666666666666666,0.13166666666666665
geometry_sensitivity,0,0.72,0.65,oracle_intrinsic,0.031088166666666663,0.1251437794806836,0.9633333333333334,0.8166666666666667,0.9118137733101469,0.0,0.0,4.3140830754274083e-32,0.006827777777777786,1.009706680235068,0.09335,0.09666666666666666,0.13166666666666665
geometry_sensitivity,0,0.72,0.65,interaction_logistic,0.04495741786872068,0.16786495456594291,0.9388888888888889,0.6451612903225806,0.9213640412266192,0.0,0.3709677419354839,0.009094931387735813,0.028453392669501667,0.9914068698925974,0.09889858200913011,0.09666666666666666,0.13166666666666665
geometry_sensitivity,1,0.72,0.65,conserved_quotient,0.04094210846186655,0.16099187908259296,0.95,0.7471910112359551,0.8904931868131868,0.0,0.0,4.08297148210094e-32,0.016119971792286858,0.9291426726631207,0.09331440439493766,0.09722222222222222,0.135
geometry_sensitivity,1,0.72,0.65,access_only,0.05068885251094654,0.18287854424654554,0.9266666666666666,0.6842105263157895,0.8753934065934066,0.0,0.0,4.0059342843254506e-32,0.017235634588563472,0.8894179952742761,0.09620230125523013,0.09722222222222222,0.135
geometry_sensitivity,1,0.72,0.65,oracle_intrinsic,0.04042183333333333,0.1593357870971362,0.95,0.7471910112359551,0.8904931868131868,0.0,0.0,1.560003254953661e-32,0.0169388888888889,0.9418144495294806,0.09192777777777777,0.09722222222222222,0.135
geometry_sensitivity,1,0.72,0.65,interaction_logistic,0.04205133510178728,0.17457468912904056,0.9505555555555556,0.7492957746478873,0.9045696703296703,0.0,0.0055248618784530384,0.004066187429955464,0.03009450750694011,0.8553550534015819,0.11467964406207937,0.09722222222222222,0.135
geometry_sensitivity,2,0.72,0.65,conserved_quotient,0.035357342054433805,0.1418136968889876,0.9594444444444444,0.7943661971830986,0.9083393406593406,0.0,0.0,3.158525108795067e-32,0.012377512343995178,0.9539114887511723,0.0979775123439952,0.09722222222222222,0.13666666666666666
geometry_sensitivity,2,0.72,0.65,access_only,0.04743698788789473,0.1679231006341076,0.9316666666666666,0.7078384798099763,0.8959261538461538,0.0,0.0,8.628166150854817e-32,0.014520936639118423,0.8931465705191863,0.10012093663911846,0.09722222222222222,0.13666666666666666
geometry_sensitivity,2,0.72,0.65,oracle_intrinsic,0.03476544444444444,0.1398348632193856,0.9594444444444444,0.7943661971830986,0.9083393406593406,0.0,0.0,6.162975822039155e-33,0.009988888888888891,0.978483526865454,0.09336666666666667,0.09722222222222222,0.13666666666666666
geometry_sensitivity,2,0.72,0.65,interaction_logistic,0.041104949061214785,0.16617670066870902,0.9444444444444444,0.6598639455782312,0.9092782417582418,0.0,0.3388888888888889,0.01213335702234294,0.0258138495597466,1.0193250247422943,0.07908548386800007,0.09722222222222222,0.13666666666666666
geometry_sensitivity,3,0.72,0.65,conserved_quotient,0.03489144385017749,0.13536478291452356,0.9561111111111111,0.7969151670951157,0.9313799949367764,0.0,0.0,1.2759285881565438e-32,0.012478309596727476,1.0109149707952085,0.09755493004098276,0.10333333333333333,0.14222222222222222
geometry_sensitivity,3,0.72,0.65,access_only,0.045070983878835874,0.15821976615644417,0.9366666666666666,0.7420814479638009,0.9166300249163902,0.0,0.0,3.0814879110195774e-32,0.00977630244352238,1.0661535925995187,0.09355703088981096,0.10333333333333333,0.14222222222222222
geometry_sensitivity,3,0.72,0.65,oracle_intrinsic,0.034758444444444446,0.1348348543466324,0.9561111111111111,0.7969151670951157,0.9313799949367764,0.0,0.0,1.5407439555097887e-32,0.01034444444444444,0.9966618520110716,0.09985555555555554,0.10333333333333333,0.14222222222222222
geometry_sensitivity,3,0.72,0.65,interaction_logistic,0.03766211250495486,0.1645523670835843,0.9533333333333334,0.7613636363636364,0.9003844052710823,0.0,0.18226600985221675,0.008999775277828144,0.016653715167638642,1.003440822999988,0.09827446971879962,0.10333333333333333,0.14222222222222222
geometry_sensitivity,4,0.72,0.65,conserved_quotient,0.03392321766781731,0.12952799067137621,0.9561111111111111,0.7749287749287749,0.9301507061157797,0.0,0.0,1.2518544638517033e-32,0.013634865131022168,0.9844576089339617,0.08957083121759066,0.09333333333333334,0.13055555555555556
geometry_sensitivity,4,0.72,0.65,access_only,0.041432259663374604,0.14587573808675758,0.9405555555555556,0.7344913151364765,0.915218691643324,0.0,0.0,2.7733391199176196e-32,0.0038936858545292425,1.014024900339236,0.08943964747880412,0.09333333333333334,0.13055555555555556
geometry_sensitivity,4,0.72,0.65,oracle_intrinsic,0.03373827777777778,0.12868276583323734,0.9561111111111111,0.7749287749287749,0.9301507061157797,0.0,0.0,3.0814879110195774e-32,0.011694444444444431,0.9626289696217873,0.09254999999999998,0.09333333333333334,0.13055555555555556
geometry_sensitivity,4,0.72,0.65,interaction_logistic,0.0353650633616387,0.14391631062016041,0.9516666666666667,0.7355623100303952,0.9133804563492064,0.0,0.12021857923497267,0.005630728403151488,0.01599828534533288,0.9702727345421692,0.09146197305886071,0.09333333333333334,0.13055555555555556
geometry_sensitivity,5,0.72,0.65,conserved_quotient,0.03219631557470245,0.13033229276916083,0.9627777777777777,0.7912772585669782,0.9004617155971483,0.0,0.0,2.792598419361492e-32,0.013682391521226791,1.00713859145025,0.08264905818789345,0.08722222222222223,0.1238888888888889
geometry_sensitivity,5,0.72,0.65,access_only,0.042976499999999994,0.15363234992986255,0.9366666666666666,0.7,0.8843074847548565,0.0,0.0,2.1570415377137042e-32,0.005016666666666632,0.9850742139622125,0.08309444444444444,0.08722222222222223,0.1238888888888889
geometry_sensitivity,5,0.72,0.65,oracle_intrinsic,0.03179694444444444,0.1294398472182312,0.9627777777777777,0.7912772585669782,0.9004617155971483,0.0,0.0,1.560003254953661e-32,0.012638888888888884,0.9719942021724478,0.08553888888888889,0.08722222222222223,0.1238888888888889
geometry_sensitivity,5,0.72,0.65,interaction_logistic,0.04096070369437582,0.1815412839616851,0.945,0.6373626373626373,0.9104752452985256,0.0,0.2926829268292683,0.012491579883331076,0.03002060736802781,0.9536750334279362,0.06855725873502408,0.08722222222222223,0.1238888888888889
geometry_sensitivity,6,0.72,0.65,conserved_quotient,0.03388639475358311,0.13198735073400866,0.9594444444444444,0.8010899182561307,0.9326498594112933,0.0,0.0,3.4088960015654075e-32,0.005849030089635832,1.0140930139715576,0.09727239513305522,0.10111111111111111,0.14055555555555554
geometry_sensitivity,6,0.72,0.65,access_only,0.04406986420247625,0.15443438734416665,0.9372222222222222,0.7402298850574712,0.9168726823238567,0.0,0.0,4.0059342843254506e-32,0.004959235818096573,0.9734286569151622,0.09992590248476323,0.10111111111111111,0.14055555555555554
geometry_sensitivity,6,0.72,0.65,oracle_intrinsic,0.03349994444444444,0.1303811727915979,0.9594444444444444,0.8010899182561307,0.9338757657669895,0.0,0.0,4.3140830754274083e-32,0.007372222222222228,1.030651638795026,0.09373888888888889,0.10111111111111111,0.14055555555555554
geometry_sensitivity,6,0.72,0.65,interaction_logistic,0.04936775083940126,0.19762822478843728,0.9405555555555556,0.7505827505827506,0.9341508306279629,0.0,0.0,0.0043270980270389125,0.08167671167812778,0.8535828590837932,0.1816953160182856,0.10111111111111111,0.14055555555555554
geometry_sensitivity,7,0.72,0.65,conserved_quotient,0.033147388488303314,0.13117314595588228,0.9594444444444444,0.7682539682539683,0.9159573159358866,0.0,0.0,1.560003254953661e-32,0.00754604353450199,0.9468341187819416,0.08456826575672421,0.085,0.12111111111111111
geometry_sensitivity,7,0.72,0.65,access_only,0.04207263311704642,0.14989699375591387,0.9383333333333334,0.7008086253369272,0.9043061061704585,0.0,0.0,1.5407439555097887e-32,0.010102364066193864,0.9136054351093061,0.08712458628841607,0.085,0.12111111111111111
geometry_sensitivity,7,0.72,0.65,oracle_intrinsic,0.03301144444444445,0.13005664382188753,0.9594444444444444,0.7682539682539683,0.9159573159358866,0.0,0.0,1.8488927466117464e-32,0.00652222222222222,0.9584022400588005,0.0835,0.085,0.12111111111111111
geometry_sensitivity,7,0.72,0.65,interaction_logistic,0.04231134496560413,0.17113129038665642,0.9505555555555556,0.6898954703832753,0.9024369917973261,0.0,0.19753086419753085,0.015007758307526115,0.03689621273611283,0.8700649422446489,0.11129644127571679,0.085,0.12111111111111111
geometry_sensitivity,8,0.72,0.65,conserved_quotient,0.032236719632644156,0.12824538505220828,0.9611111111111111,0.8195876288659794,0.9289509793370642,0.0,0.0,1.8488927466117464e-32,0.016727808826416616,1.0794025760298476,0.0965130698475329,0.10222222222222223,0.1438888888888889
geometry_sensitivity,8,0.72,0.65,access_only,0.045511959097140404,0.15796787912138283,0.935,0.7358916478555305,0.9131006510977184,0.0,0.0,6.162975822039155e-33,0.010953324584426945,1.09014284918898,0.09126889763779528,0.10222222222222223,0.1438888888888889
geometry_sensitivity,8,0.72,0.65,oracle_intrinsic,0.03119094444444444,0.12467468144440016,0.9611111111111111,0.8195876288659794,0.9289509793370642,0.0,0.0,3.0814879110195774e-33,0.011327777777777775,0.9984884044764136,0.10205,0.10222222222222223,0.1438888888888889
geometry_sensitivity,8,0.72,0.65,interaction_logistic,0.0355775272890018,0.1482286475290669,0.9572222222222222,0.7946666666666666,0.9191811504520018,0.0,0.06372549019607843,0.005235941353523797,0.022873903232948915,1.1769355871311973,0.09789591717835018,0.10222222222222223,0.1438888888888889
geometry_sensitivity,9,0.72,0.65,conserved_quotient,0.03640700815332603,0.1435474811219011,0.9566666666666667,0.7796610169491526,0.8971403803589002,0.0,0.0,9.437056727497456e-33,0.01016158825434668,0.9585297994929651,0.09240458201611691,0.0961111111111111,0.1338888888888889
geometry_sensitivity,9,0.72,0.65,access_only,0.04609820460276421,0.16462466720103983,0.9333333333333333,0.7101449275362319,0.8811245208209727,0.0,0.0,0.0,0.006378907721280615,0.9815924786225951,0.09092335216572504,0.0961111111111111,0.1338888888888889
geometry_sensitivity,9,0.72,0.65,oracle_intrinsic,0.0360895,0.14254006774093866,0.9566666666666667,0.7796610169491526,0.8971403803589002,0.0,0.0,3.4088960015654075e-32,0.008372222222222243,0.9699166992343724,0.09209444444444444,0.0961111111111111,0.1338888888888889
geometry_sensitivity,9,0.72,0.65,interaction_logistic,0.036771936920256765,0.1483224984316809,0.9566666666666667,0.7796610169491526,0.8961917924049014,0.0,0.0,0.0006573372503756545,0.014558335966190092,0.9743564312998267,0.08907409687439194,0.0961111111111111,0.1338888888888889
geometry_sensitivity,10,0.72,0.65,conserved_quotient,0.030309848637525543,0.12597962533202706,0.9672222222222222,0.834733893557423,0.9269503961621042,0.0,0.0,2.484449628259534e-32,0.01477302738278101,1.0841080138822565,0.08946231819902127,0.09944444444444445,0.12555555555555556
geometry_sensitivity,10,0.72,0.65,access_only,0.04059932711265423,0.14906321026689845,0.9472222222222222,0.7654320987654321,0.9162665986579772,0.0,0.0,4.0059342843254506e-32,0.011609886264216985,1.0817388836914672,0.08783455818022748,0.09944444444444445,0.12555555555555556
geometry_sensitivity,10,0.72,0.65,oracle_intrinsic,0.02991188888888889,0.1246024111517217,0.9672222222222222,0.834733893557423,0.9269503961621042,0.0,0.0,4.3140830754274083e-32,0.01103333333333334,1.0531949118243527,0.09027777777777778,0.09944444444444445,0.12555555555555556
geometry_sensitivity,10,0.72,0.65,interaction_logistic,0.043361692788150635,0.19208167919607305,0.9555555555555556,0.7837837837837838,0.9117897428651188,0.010800508259212199,0.02247191011235955,0.005819953107899341,0.037490757517302624,0.8659328457019608,0.13382959302602782,0.09944444444444445,0.12555555555555556
geometry_sensitivity,11,0.72,0.65,conserved_quotient,0.03192135673056515,0.1306008142764786,0.9627777777777777,0.8213333333333334,0.9273710173772247,0.0,0.0,5.931864228712686e-32,0.012254066043884711,1.059845392841477,0.0952220877241015,0.105,0.13777777777777778
geometry_sensitivity,11,0.72,0.65,access_only,0.04463093399725324,0.1608492062636681,0.9394444444444444,0.7505720823798627,0.9132452484407791,0.0,0.0,2.1570415377137042e-32,0.008446431797651295,1.0270143036680426,0.09655356820234869,0.105,0.13777777777777778
geometry_sensitivity,11,0.72,0.65,oracle_intrinsic,0.03171377777777777,0.13035694785767094,0.9627777777777777,0.8213333333333334,0.9273710173772247,0.0,0.0,4.3333423748712807e-32,0.010133333333333336,1.0564597355159604,0.09486666666666665,0.105,0.13777777777777778
geometry_sensitivity,11,0.72,0.65,interaction_logistic,0.05670124233461435,0.2290990848196189,0.9477777777777778,0.7684729064039408,0.9212359473067108,0.01997422680412371,0.0,0.003979470526061384,0.10483119258269327,0.8181450196956234,0.20983119258269325,0.105,0.13777777777777778
geometry_sensitivity,12,0.72,0.65,conserved_quotient,0.030789675259574354,0.12372318101656751,0.9627777777777777,0.8011869436201781,0.9146341463414634,0.0,0.0,1.8488927466117464e-32,0.005742294493688309,0.9793566826928105,0.08976451671591053,0.09111111111111111,0.1322222222222222
geometry_sensitivity,12,0.72,0.65,access_only,0.044178433107319316,0.15467608584356002,0.9344444444444444,0.7064676616915423,0.8986038225296679,0.0,0.0,6.162975822039155e-33,0.009770265407107525,0.9192542941271515,0.09379248762932973,0.09111111111111111,0.1322222222222222
geometry_sensitivity,12,0.72,0.65,oracle_intrinsic,0.030907444444444442,0.12433037633808904,0.9627777777777777,0.8011869436201781,0.9146341463414634,0.0,0.0,1.8488927466117464e-32,0.007577777777777789,1.006496744881699,0.08855555555555554,0.09111111111111111,0.1322222222222222
geometry_sensitivity,12,0.72,0.65,interaction_logistic,0.03732114142974507,0.14388323543414122,0.95,0.6691176470588235,0.9164753414037808,0.0,0.37572254335260113,0.008007898605879905,0.015519321182566279,1.1417523257398619,0.07616521613924558,0.09111111111111111,0.1322222222222222
geometry_sensitivity,13,0.72,0.65,conserved_quotient,0.045606000222797434,0.18077309442100922,0.9444444444444444,0.7093023255813954,0.8841692394598378,0.0,0.0,1.2518544638517033e-32,0.018201167419274085,0.923389767623199,0.08787289658947603,0.0961111111111111,0.13055555555555556
geometry_sensitivity,13,0.72,0.65,access_only,0.053526837170189,0.1979411565627457,0.9222222222222223,0.6568627450980392,0.873311993065005,0.0,0.0,0.0,0.018224341811691223,0.9081524105566047,0.08839100847835789,0.0961111111111111,0.13055555555555556
geometry_sensitivity,13,0.72,0.65,oracle_intrinsic,0.04593427777777778,0.18171969388026576,0.9444444444444444,0.7093023255813954,0.8841692394598378,0.0,0.0,5.238529448733282e-32,0.019738888888888906,0.9063211994237915,0.08748333333333333,0.0961111111111111,0.13055555555555556
geometry_sensitivity,13,0.72,0.65,interaction_logistic,0.04971512853933405,0.22065707285630393,0.945,0.7113702623906706,0.8670200482465333,0.0,0.005847953216374269,0.002295847553753677,0.03587045199708121,0.7759785678570394,0.09450809925736953,0.0961111111111111,0.13055555555555556
geometry_sensitivity,14,0.72,0.65,conserved_quotient,0.030986443122657917,0.11699314489352458,0.9605555555555556,0.7953890489913544,0.9324534855984257,0.0,0.0,1.2518544638517033e-32,0.007750349546836223,0.9756343173932148,0.09414639041529087,0.09111111111111111,0.13166666666666665
geometry_sensitivity,14,0.72,0.65,access_only,0.0396984927335183,0.13676513222885983,0.9416666666666667,0.7381546134663342,0.9147757767308724,0.0,0.0,5.546678239835239e-32,0.0019775862068965714,0.9781899856206057,0.09267758620689656,0.09111111111111111,0.13166666666666665
geometry_sensitivity,14,0.72,0.65,oracle_intrinsic,0.030781722222222217,0.11631121767100357,0.9605555555555556,0.7953890489913544,0.9324534855984257,0.0,0.0,6.162975822039155e-33,0.005416666666666672,0.9768285760827481,0.09238333333333333,0.09111111111111111,0.13166666666666665
geometry_sensitivity,14,0.72,0.65,interaction_logistic,0.03475724258762766,0.14473163178197015,0.9611111111111111,0.7976878612716763,0.9158603673445047,0.0,0.00546448087431694,0.00421566168185313,0.03532917768485796,0.9854860191880617,0.11983588975761755,0.09111111111111111,0.13166666666666665
geometry_sensitivity,15,0.72,0.65,conserved_quotient,0.03283638405475344,0.1309739348117147,0.9616666666666667,0.8088642659279779,0.9237866135463659,0.0,0.0,6.162975822039155e-33,0.010261273244453816,1.0358347175441003,0.09184083366707013,0.09944444444444445,0.13277777777777777
geometry_sensitivity,15,0.72,0.65,access_only,0.042762007378882416,0.15329230209858466,0.9411111111111111,0.7464114832535885,0.911627762709411,0.0,0.0,1.5407439555097887e-32,0.00681856003986046,1.0252271461406224,0.09262588440458397,0.09944444444444445,0.13277777777777777
geometry_sensitivity,15,0.72,0.65,oracle_intrinsic,0.032549833333333326,0.13017466344979162,0.9616666666666667,0.8088642659279779,0.9237866135463659,0.0,0.0,1.8681520460556188e-32,0.007038888888888889,1.023760958473096,0.09240555555555555,0.09944444444444445,0.13277777777777777
geometry_sensitivity,15,0.72,0.65,interaction_logistic,0.04114341080135181,0.16553649671092502,0.9494444444444444,0.6915254237288135,0.9366347416416516,0.0,0.3626373626373626,0.012244537125045656,0.03621110529048379,1.1268589043596873,0.06669116066113306,0.09944444444444445,0.13277777777777777
geometry_sensitivity,16,0.72,0.65,conserved_quotient,0.02600406642775963,0.10817775490763375,0.9694444444444444,0.8231511254019293,0.9215532341291758,0.0,0.0,8.016683393511869e-32,0.008074258312240633,1.069370213005768,0.07748129724331491,0.08555555555555555,0.11555555555555555
geometry_sensitivity,16,0.72,0.65,access_only,0.03862482238678516,0.13755421713178645,0.9477777777777778,0.7403314917127072,0.9078640071957205,0.0,0.0,2.7733391199176196e-32,0.013856624825662517,1.1830471066792558,0.07169893072989307,0.08555555555555555,0.11555555555555555
geometry_sensitivity,16,0.72,0.65,oracle_intrinsic,0.025863777777777774,0.10797733828241851,0.9694444444444444,0.8231511254019293,0.9215532341291758,0.0,0.0,1.5407439555097887e-32,0.0066111111111111075,1.0451944111484024,0.08134444444444444,0.08555555555555555,0.11555555555555555
geometry_sensitivity,16,0.72,0.65,interaction_logistic,0.03133674340147105,0.1427486416641206,0.9694444444444444,0.8220064724919094,0.9203342222783292,0.0,0.012738853503184714,0.0061568495711694145,0.046708033937244924,0.899670133373042,0.12942468828549963,0.08555555555555555,0.11555555555555555
geometry_sensitivity,17,0.72,0.65,conserved_quotient,0.03426792385188685,0.1344183848048934,0.9588888888888889,0.7897727272727273,0.9175367977518111,0.0,0.0,6.162975822039155e-33,0.013716033243811022,1.071456641370979,0.08239507786730008,0.0961111111111111,0.13055555555555556
geometry_sensitivity,17,0.72,0.65,access_only,0.04293082803338297,0.151834362032337,0.9411111111111111,0.7401960784313726,0.9049777774619765,0.0,0.0,9.244463733058732e-33,0.014248168498168519,1.1418068915690727,0.0818629426129426,0.0961111111111111,0.13055555555555556
geometry_sensitivity,17,0.72,0.65,oracle_intrinsic,0.03321738888888889,0.12980730668522744,0.9588888888888889,0.7897727272727273,0.9175367977518111,0.0,0.0,9.244463733058732e-33,0.006983333333333332,0.9978139197505944,0.09110555555555555,0.0961111111111111,0.13055555555555556
geometry_sensitivity,17,0.72,0.65,interaction_logistic,0.034812248423944245,0.13794095083622812,0.9561111111111111,0.7710144927536232,0.929349737628388,0.0,0.03910614525139665,0.007642733764114964,0.01216596183772401,0.9612340487710463,0.09958669855211814,0.0961111111111111,0.13055555555555556
geometry_sensitivity,18,0.72,0.65,conserved_quotient,0.03033699264308656,0.1228269698343802,0.9633333333333334,0.8092485549132948,0.9261058590102708,0.0,0.0,9.437056727497456e-33,0.010098925095833903,0.9870552161054811,0.0934490548581094,0.09333333333333334,0.13111111111111112
geometry_sensitivity,18,0.72,0.65,access_only,0.04299695170293636,0.15204807916357993,0.9377777777777778,0.7227722772277227,0.9061588176937442,0.0,0.0,3.697785493223493e-32,0.0036367971210076407,0.9920325529351828,0.08990346378767432,0.09333333333333334,0.13111111111111112
geometry_sensitivity,18,0.72,0.65,oracle_intrinsic,0.03014333333333333,0.12220695367207554,0.9633333333333334,0.8092485549132948,0.9261058590102708,0.0,0.0,6.355568816477878e-33,0.008711111111111117,0.9941305568488948,0.09197777777777778,0.09333333333333334,0.13111111111111112
geometry_sensitivity,18,0.72,0.65,interaction_logistic,0.03324085354885937,0.14034859992324666,0.9633333333333334,0.8092485549132948,0.9087155695611578,0.0,0.0,0.0041793247903298214,0.017054287905151653,0.9240040270210654,0.09515035051876948,0.09333333333333334,0.13111111111111112
geometry_sensitivity,19,0.72,0.65,conserved_quotient,0.03792904926933608,0.14965974901819368,0.955,0.7938931297709924,0.9077212928585606,0.0,0.0,1.8681520460556188e-32,0.010090814909751823,1.0000691712594307,0.10031240800054937,0.10611111111111111,0.1622222222222222
geometry_sensitivity,19,0.72,0.65,access_only,0.054358341944969545,0.18637823582330465,0.915,0.6832298136645962,0.8832808905404482,0.0,0.0,6.162975822039155e-33,0.012438647342995155,0.92172813594205,0.10641642512077293,0.10611111111111111,0.1622222222222222
geometry_sensitivity,19,0.72,0.65,oracle_intrinsic,0.038022,0.15013735397007336,0.955,0.7938931297709924,0.9077212928585606,0.0,0.0,3.4088960015654075e-32,0.011600000000000022,0.9778426287437952,0.10357777777777778,0.10611111111111111,0.1622222222222222
geometry_sensitivity,19,0.72,0.65,interaction_logistic,0.046044499062060075,0.19675953630390533,0.9372222222222222,0.6606606606606606,0.8902931481620076,0.0,0.297029702970297,0.00919802261844113,0.02759592916749389,0.9886487882263763,0.08846746470086052,0.10611111111111111,0.1622222222222222
geometry_sensitivity,0,0.72,1.0,conserved_quotient,0.03121425330554593,0.13034289810075575,0.9638888888888889,0.7410358565737052,0.8682341507177034,0.0,0.0,1.925929944387236e-34,0.012580705833937694,1.00893801120678,0.061859901340281756,0.07111111111111111,0.08888888888888889
geometry_sensitivity,0,0.72,1.0,access_only,0.037106956810980196,0.1428028593609216,0.95,0.6875,0.8583797473086124,0.0,0.0,9.244463733058732e-33,0.011790794979079491,1.0832895746007454,0.05932031613203162,0.07111111111111111,0.08888888888888889
geometry_sensitivity,0,0.72,1.0,oracle_intrinsic,0.030961555555555558,0.12969431751706811,0.9638888888888889,0.7410358565737052,0.8682341507177034,0.0,0.0,3.274080905458301e-33,0.009677777777777776,0.9580489010643104,0.06556666666666666,0.07111111111111111,0.08888888888888889
geometry_sensitivity,1,0.72,1.0,conserved_quotient,0.02738321187089065,0.11457491160447052,0.9677777777777777,0.7698412698412699,0.8766190695532012,0.0,0.0,2.3303752327085554e-32,0.006756485378916221,1.0026650545931544,0.06704402965282412,0.07222222222222222,0.09388888888888888
geometry_sensitivity,1,0.72,1.0,access_only,0.035110933417571655,0.13238313238212635,0.9516666666666667,0.7090301003344481,0.8651819438046983,0.0,0.0,2.465190328815662e-32,0.004577548209366399,0.9976172885343496,0.06764467401285584,0.07222222222222222,0.09388888888888888
geometry_sensitivity,1,0.72,1.0,oracle_intrinsic,0.02693994444444444,0.11314010601923556,0.9677777777777777,0.7698412698412699,0.8766190695532012,0.0,0.0,6.355568816477878e-33,0.009005555555555562,1.018820516547638,0.06637222222222224,0.07222222222222222,0.09388888888888888
geometry_sensitivity,2,0.72,1.0,conserved_quotient,0.02814759706155221,0.12123121204813025,0.9683333333333334,0.7832699619771863,0.9052999505090498,0.0,0.0,6.355568816477878e-33,0.009632929373121693,1.0331652556012072,0.06610965348257755,0.07555555555555556,0.08777777777777777
geometry_sensitivity,2,0.72,1.0,access_only,0.03461822815846955,0.13608123610657083,0.9566666666666667,0.7346938775510204,0.8987556561085973,0.0,0.0,4.0059342843254506e-32,0.011523886441507581,1.0827572303904942,0.06403166911404798,0.07555555555555556,0.08777777777777777
geometry_sensitivity,2,0.72,1.0,oracle_intrinsic,0.02839233333333333,0.12175289183370047,0.9683333333333334,0.7832699619771863,0.9044692095588235,0.0,0.0,1.560003254953661e-32,0.010800000000000013,1.01126594245803,0.06757777777777776,0.07555555555555556,0.08777777777777777
geometry_sensitivity,3,0.72,1.0,conserved_quotient,0.027981532095528814,0.11540809174225608,0.9672222222222222,0.728110599078341,0.8502313071543841,0.0,0.0,3.0814879110195774e-33,0.009194402899955215,0.924488284878027,0.060794605710327514,0.06111111111111111,0.07722222222222222
geometry_sensitivity,3,0.72,1.0,access_only,0.03148831778863034,0.12211596661208962,0.9572222222222222,0.6907630522088354,0.8441850457235073,0.0,0.0,3.0814879110195774e-33,0.0070457627118644,0.934253108684999,0.05994576271186441,0.06111111111111111,0.07722222222222222
geometry_sensitivity,3,0.72,1.0,oracle_intrinsic,0.027921388888888888,0.11531502231304253,0.9672222222222222,0.728110599078341,0.8502313071543841,0.0,0.0,3.0814879110195774e-33,0.008161111111111116,0.9251820412987238,0.058972222222222224,0.06111111111111111,0.07722222222222222
geometry_sensitivity,4,0.72,1.0,conserved_quotient,0.023516830645310408,0.09895806429337549,0.9727777777777777,0.7655502392344498,0.8979397525551371,0.0,0.0,3.129636159629258e-33,0.004529898081222014,1.0116756269713114,0.05678467829773206,0.06111111111111111,0.085
geometry_sensitivity,4,0.72,1.0,access_only,0.031126640943223607,0.11551840791815436,0.955,0.6920152091254753,0.8868423883808499,0.0,0.0,6.162975822039155e-33,0.005571030042918458,0.9202531449907421,0.06387103004291847,0.06111111111111111,0.085
geometry_sensitivity,4,0.72,1.0,oracle_intrinsic,0.02323927777777778,0.09801159279283231,0.9727777777777777,0.7655502392344498,0.8979397525551371,0.0,0.0,6.162975822039155e-33,0.005905555555555556,1.051397972969707,0.05645,0.06111111111111111,0.085
geometry_sensitivity,5,0.72,1.0,conserved_quotient,0.03062365467681526,0.12377444542797411,0.9638888888888889,0.7302904564315352,0.8942410712121432,0.0,0.0,7.703719777548943e-34,0.010228223815401519,0.9117072339886588,0.06764479913511584,0.06833333333333333,0.09
geometry_sensitivity,5,0.72,1.0,access_only,0.035521550249016334,0.13403123959040675,0.9505555555555556,0.6877192982456141,0.8860140300866336,0.0,0.0,0.0,0.010075386148480333,0.9020902357437078,0.06883094170403588,0.06833333333333333,0.09
geometry_sensitivity,5,0.72,1.0,oracle_intrinsic,0.030339888888888885,0.12277794193387642,0.9638888888888889,0.7302904564315352,0.8942410712121432,0.0,0.0,6.355568816477878e-33,0.01210000000000001,0.9415120800532685,0.0646111111111111,0.06833333333333333,0.09
geometry_sensitivity,6,0.72,1.0,conserved_quotient,0.02656838758456594,0.10942203704263165,0.9694444444444444,0.7808764940239044,0.9062546725478469,0.0,0.0,6.355568816477878e-33,0.008151889304270259,1.036699337026452,0.06605377894901704,0.07111111111111111,0.09111111111111111
geometry_sensitivity,6,0.72,1.0,access_only,0.032519409412744685,0.12230055655453738,0.9566666666666667,0.7328767123287672,0.9013625149521531,0.0,0.0,3.0814879110195774e-33,0.00809931972789115,1.0992823251486312,0.06301179138321995,0.07111111111111111,0.09111111111111111
geometry_sensitivity,6,0.72,1.0,oracle_intrinsic,0.02633644444444444,0.10889707079873379,0.9694444444444444,0.7808764940239044,0.9062546725478469,0.0,0.0,1.5407439555097887e-32,0.006611111111111104,1.0072682221470506,0.06649999999999999,0.07111111111111111,0.09111111111111111
geometry_sensitivity,7,0.72,1.0,conserved_quotient,0.02378188926113995,0.10501557312432591,0.9738888888888889,0.8171206225680934,0.9165896144079455,0.0,0.0,1.5407439555097887e-32,0.010369605728297248,1.0849160861997726,0.06626965308257173,0.07388888888888889,0.095
geometry_sensitivity,7,0.72,1.0,access_only,0.0344181979795078,0.1297166249420981,0.9533333333333334,0.7236842105263158,0.9049844166505044,0.0,0.0,3.0814879110195774e-33,0.004457532956685502,1.0056946620890463,0.06943135593220338,0.07388888888888889,0.095
geometry_sensitivity,7,0.72,1.0,oracle_intrinsic,0.02379672222222222,0.10520619565137372,0.9738888888888889,0.8171206225680934,0.9165896144079455,0.0,0.0,1.2518544638517033e-32,0.010127777777777786,1.0835462559908504,0.06656111111111111,0.07388888888888889,0.095
geometry_sensitivity,8,0.72,1.0,conserved_quotient,0.0276547503056369,0.11778642242610866,0.9677777777777777,0.768,0.8803534328358209,0.0,0.0,1.5407439555097887e-32,0.012165634595430203,0.9755999992973474,0.06760174570654129,0.06944444444444445,0.09277777777777778
geometry_sensitivity,8,0.72,1.0,access_only,0.036787450333195346,0.1385023942050652,0.9477777777777778,0.678082191780822,0.8700035820895522,0.0,0.0,1.8488927466117464e-32,0.009052184235517548,0.9267671603504037,0.06775218423551757,0.06944444444444445,0.09277777777777778
geometry_sensitivity,8,0.72,1.0,oracle_intrinsic,0.02729894444444444,0.11661337711019153,0.9677777777777777,0.768,0.8803534328358209,0.0,0.0,1.8488927466117464e-32,0.00958333333333334,0.9908283949786612,0.06617222222222222,0.06944444444444445,0.09277777777777778
geometry_sensitivity,9,0.72,1.0,conserved_quotient,0.02514924977998879,0.10837266932691228,0.9722222222222222,0.7967479674796748,0.9021239125413811,0.0,0.0,6.162975822039155e-33,0.010455168060769725,1.053410652991183,0.06432076554918878,0.06888888888888889,0.09111111111111111
geometry_sensitivity,9,0.72,1.0,access_only,0.03416851553673126,0.12853641435961685,0.9522222222222222,0.7013888888888888,0.891355185156671,0.0,0.0,1.232595164407831e-32,0.003907883817427389,0.9893757411694256,0.0654189949285385,0.06888888888888889,0.09111111111111111
geometry_sensitivity,9,0.72,1.0,oracle_intrinsic,0.024749555555555556,0.10712184929154275,0.9722222222222222,0.7967479674796748,0.9021239125413811,0.0,0.0,1.5407439555097887e-32,0.007799999999999999,1.0259569707145788,0.06522222222222222,0.06888888888888889,0.09111111111111111
geometry_sensitivity,10,0.72,1.0,conserved_quotient,0.0248188343461327,0.10309462415397652,0.9694444444444444,0.7150259067357513,0.8738793275662717,0.0,0.0,3.0814879110195774e-33,0.004649257538193294,0.9752644737129886,0.05273650796892199,0.05388888888888889,0.07611111111111112
geometry_sensitivity,10,0.72,1.0,access_only,0.030695804207220855,0.11596770690843725,0.9544444444444444,0.6495726495726496,0.8649744840820626,0.0,0.0,6.162975822039155e-33,0.007737395696091349,0.8821993718436555,0.05677072902942468,0.05388888888888889,0.07611111111111112
geometry_sensitivity,10,0.72,1.0,oracle_intrinsic,0.02490261111111111,0.10327883883429763,0.9694444444444444,0.7150259067357513,0.8738793275662717,0.0,0.0,3.0814879110195774e-33,0.005338888888888892,0.937796928652184,0.05388333333333334,0.05388888888888889,0.07611111111111112
geometry_sensitivity,11,0.72,1.0,conserved_quotient,0.02447540799085728,0.10516348914318233,0.9733333333333334,0.8110236220472441,0.9198541888684086,0.0,0.0,3.851859888774472e-33,0.009227100118007288,1.0545415481336142,0.06708407450532992,0.07277777777777777,0.08833333333333333
geometry_sensitivity,11,0.72,1.0,access_only,0.031161788680973242,0.12043737665831852,0.96,0.7517241379310344,0.9139357571156107,0.0,0.0,2.1570415377137042e-32,0.005211691542288536,1.0313592982328945,0.06756608623548922,0.07277777777777777,0.08833333333333333
geometry_sensitivity,11,0.72,1.0,oracle_intrinsic,0.0243505,0.10517749607730803,0.9733333333333334,0.8110236220472441,0.9198541888684086,0.0,0.0,1.560003254953661e-32,0.008649999999999991,1.0660518621757489,0.06535,0.07277777777777777,0.08833333333333333
geometry_sensitivity,12,0.72,1.0,conserved_quotient,0.025092826810524486,0.10907440441181304,0.9711111111111111,0.7936507936507936,0.9050839909259182,0.0,0.0,2.465190328815662e-32,0.00805389020250907,1.0468818403788271,0.06542163427301542,0.07166666666666667,0.09555555555555556
geometry_sensitivity,12,0.72,1.0,access_only,0.03589628391521897,0.13427492577761352,0.9494444444444444,0.6976744186046512,0.8944975621523573,0.0,0.0,3.389636702121535e-32,0.005537085137085139,1.0141649086525146,0.06612958152958152,0.07166666666666667,0.09555555555555556
geometry_sensitivity,12,0.72,1.0,oracle_intrinsic,0.025107111111111108,0.10931943248441339,0.9711111111111111,0.7936507936507936,0.9050839909259182,0.0,0.0,6.162975822039155e-33,0.008988888888888893,1.0308568368138031,0.06703333333333333,0.07166666666666667,0.09555555555555556
geometry_sensitivity,13,0.72,1.0,conserved_quotient,0.028639258064446727,0.11301206820021237,0.9638888888888889,0.7111111111111111,0.8971674108474981,0.0,0.0,9.437056727497456e-33,0.010206582378670512,0.8667224533467812,0.06475403498903641,0.06055555555555556,0.08888888888888889
geometry_sensitivity,13,0.72,1.0,access_only,0.0335158902007376,0.12251684926760793,0.9494444444444444,0.6617100371747212,0.8881395840906255,0.0,0.0,6.162975822039155e-33,0.009271973466003308,0.8662470729388854,0.06582752902155888,0.06055555555555556,0.08888888888888889
geometry_sensitivity,13,0.72,1.0,oracle_intrinsic,0.02830088888888889,0.11172500004606936,0.9638888888888889,0.7111111111111111,0.8971674108474981,0.0,0.0,6.355568816477878e-33,0.007911111111111115,0.9081937910070732,0.062288888888888894,0.06055555555555556,0.08888888888888889
geometry_sensitivity,14,0.72,1.0,conserved_quotient,0.027244448969890003,0.1112198373004569,0.9672222222222222,0.7739463601532567,0.911555536999151,0.0,0.0,3.851859888774472e-33,0.0064363461388091976,1.0071806639852046,0.06758449228202922,0.07166666666666667,0.09444444444444444
geometry_sensitivity,14,0.72,1.0,access_only,0.03342119657374235,0.1247057450021173,0.9538888888888889,0.7224080267558528,0.9017716727206936,0.0,0.0,3.697785493223493e-32,0.0037995522995523073,1.0158313875981144,0.06786711436711437,0.07166666666666667,0.09444444444444444
geometry_sensitivity,14,0.72,1.0,oracle_intrinsic,0.02728388888888889,0.11137364498076073,0.9672222222222222,0.7739463601532567,0.911555536999151,0.0,0.0,1.560003254953661e-32,0.007011111111111105,0.9889801556766953,0.06896666666666666,0.07166666666666667,0.09444444444444444
geometry_sensitivity,15,0.72,1.0,conserved_quotient,0.02840851672260398,0.1195521358980983,0.9694444444444444,0.7773279352226721,0.9110542949793953,0.0,0.0,1.925929944387236e-34,0.016094052973251064,1.0628740755134707,0.060037384950774174,0.07277777777777777,0.0811111111111111
geometry_sensitivity,15,0.72,1.0,access_only,0.03144512502612797,0.1255733168961931,0.9627777777777777,0.7581227436823105,0.9072946729540475,0.0,0.0,2.465190328815662e-32,0.013393078324225868,1.1553843690994618,0.059384699453551903,0.07277777777777777,0.0811111111111111
geometry_sensitivity,15,0.72,1.0,oracle_intrinsic,0.02750611111111111,0.11713543565400272,0.9694444444444444,0.7773279352226721,0.9110542949793953,0.0,0.0,1.925929944387236e-34,0.012611111111111111,1.0437461705698632,0.062388888888888897,0.07277777777777777,0.0811111111111111
geometry_sensitivity,16,0.72,1.0,conserved_quotient,0.025354143409361072,0.1035070044648654,0.9705555555555555,0.7888446215139442,0.9195376857340827,0.0,0.0,6.162975822039155e-33,0.006546208028711398,1.0647911155169654,0.06234268086017749,0.06888888888888889,0.08777777777777777
geometry_sensitivity,16,0.72,1.0,access_only,0.031011527397055746,0.11576710565581297,0.96,0.7446808510638298,0.912570251751482,0.0,0.0,3.0814879110195774e-33,0.010841347905282338,1.1929358536963366,0.05804754098360655,0.06888888888888889,0.08777777777777777
geometry_sensitivity,16,0.72,1.0,oracle_intrinsic,0.02500788888888889,0.10257486410162638,0.9705555555555555,0.7888446215139442,0.9195376857340827,0.0,0.0,6.355568816477878e-33,0.004333333333333337,0.9981130594201766,0.06664444444444445,0.06888888888888889,0.08777777777777777
geometry_sensitivity,17,0.72,1.0,conserved_quotient,0.026585551570683104,0.10836600268506232,0.9694444444444444,0.7843137254901961,0.9023824660742137,0.0,0.0,6.162975822039155e-33,0.006307284254698047,1.0375254798096611,0.06647049352307972,0.07277777777777777,0.09222222222222222
geometry_sensitivity,17,0.72,1.0,access_only,0.03165029492455418,0.11926755815655396,0.9583333333333334,0.7474747474747475,0.8949958607567726,0.0,0.0,6.162975822039155e-33,0.006727160493827183,1.0800572523637257,0.06605061728395062,0.07277777777777777,0.09222222222222222
geometry_sensitivity,17,0.72,1.0,oracle_intrinsic,0.02594144444444444,0.1065760696717719,0.9694444444444444,0.7843137254901961,0.9029816272485696,0.0,0.0,1.5407439555097887e-32,0.006188888888888883,1.031050977900491,0.06681111111111111,0.07277777777777777,0.09222222222222222
geometry_sensitivity,18,0.72,1.0,conserved_quotient,0.027002605883857424,0.11016763641845975,0.9661111111111111,0.7109004739336493,0.8807845388653665,0.0,0.0,6.355568816477878e-33,0.005905452644004263,0.9859885755443977,0.05604667939111337,0.059444444444444446,0.08277777777777778
geometry_sensitivity,18,0.72,1.0,access_only,0.032494029027297186,0.12222698800048494,0.9522222222222222,0.6640625,0.8727580857958278,0.0,0.0,3.0814879110195774e-32,0.006468300653594771,0.9258511437972172,0.05981274509803923,0.059444444444444446,0.08277777777777778
geometry_sensitivity,18,0.72,1.0,oracle_intrinsic,0.027239277777777775,0.1107580637948968,0.9661111111111111,0.7109004739336493,0.8807845388653665,0.0,0.0,6.355568816477878e-33,0.007872222222222223,0.935665826727892,0.058105555555555556,0.059444444444444446,0.08277777777777778
geometry_sensitivity,19,0.72,1.0,conserved_quotient,0.024297961609360215,0.10467160488822287,0.9716666666666667,0.7713004484304933,0.9204555111753208,0.0,0.0,1.5407439555097887e-32,0.006738241357168113,1.0142303522264826,0.060514828787678554,0.0661111111111111,0.08166666666666667
geometry_sensitivity,19,0.72,1.0,access_only,0.03111758652136361,0.120663629853246,0.9588888888888889,0.7218045112781954,0.9124920640475107,0.0,0.0,4.0059342843254506e-32,0.003697325102880683,0.9919700601913527,0.06261954732510289,0.0661111111111111,0.08166666666666667
geometry_sensitivity,19,0.72,1.0,oracle_intrinsic,0.024493166666666667,0.10543848564033709,0.9716666666666667,0.7713004484304933,0.9204555111753208,0.0,0.0,1.560003254953661e-32,0.00877222222222222,1.052142391092588,0.058605555555555564,0.0661111111111111,0.08166666666666667
geometry_sensitivity,0,0.72,1.35,conserved_quotient,0.022664323962929063,0.09969976259921477,0.9727777777777777,0.6666666666666666,0.8316436900302251,0.0,0.0,3.0814879110195774e-33,0.005604299700469945,1.000750058782362,0.03973542169815655,0.042777777777777776,0.05722222222222222
geometry_sensitivity,0,0.72,1.35,access_only,0.027601188090737236,0.11067923888453374,0.9588888888888889,0.5888888888888889,0.8252594764492617,0.0,0.0,0.0,0.0068041062801932495,0.9013055247137591,0.041770772946859894,0.042777777777777776,0.05722222222222222
geometry_sensitivity,0,0.72,1.35,oracle_intrinsic,0.022746277777777775,0.09981616580078419,0.9727777777777777,0.6666666666666666,0.8316436900302251,0.0,0.0,1.232595164407831e-32,0.0075055555555555604,0.9083826557652667,0.04236111111111111,0.042777777777777776,0.05722222222222222
geometry_sensitivity,0,0.72,1.35,interaction_logistic,0.024382383810905194,0.12465932958258001,0.9727777777777777,0.6666666666666666,0.7791680171250688,0.0,0.0,0.003662844670762867,0.02054506361470806,0.8849582011647316,0.06332284139248584,0.042777777777777776,0.05722222222222222
geometry_sensitivity,1,0.72,1.35,conserved_quotient,0.020954164570211008,0.09490390733858148,0.9766666666666667,0.75,0.882063944608492,0.0,0.0,6.933347799794049e-33,0.007336566065513436,1.0779722885654015,0.043774545045597676,0.051111111111111114,0.05444444444444444
geometry_sensitivity,1,0.72,1.35,access_only,0.025096783642122016,0.1051128502044341,0.97,0.7157894736842105,0.8787738010385908,0.0,0.0,0.0,0.008371704903283853,1.1304436402070233,0.04273940620782726,0.051111111111111114,0.05444444444444444
geometry_sensitivity,1,0.72,1.35,oracle_intrinsic,0.02092833333333333,0.09521607130112121,0.9766666666666667,0.75,0.882063944608492,0.0,0.0,3.1007472104634497e-32,0.006455555555555563,1.051394904263907,0.04474444444444444,0.051111111111111114,0.05444444444444444
geometry_sensitivity,1,0.72,1.35,interaction_logistic,0.02264212323282675,0.10843205656574478,0.9738888888888889,0.7080745341614907,0.866752367376031,0.0,0.09210526315789473,0.007526504713521402,0.012057052286428246,1.1201435690266077,0.03958757212850564,0.051111111111111114,0.05444444444444444
geometry_sensitivity,2,0.72,1.35,conserved_quotient,0.028436115042445684,0.12661568651078783,0.9683333333333334,0.6627218934911243,0.816847920979771,0.0,0.0,3.0814879110195774e-33,0.013550023585504365,0.9236061166269542,0.04354359200189727,0.052222222222222225,0.051111111111111114
geometry_sensitivity,2,0.72,1.35,access_only,0.030261546913717415,0.12948726100019722,0.9633333333333334,0.6451612903225806,0.8128445286972138,0.0,0.0,3.0814879110195774e-33,0.011170694997786628,1.0407185064887867,0.0410515272244356,0.052222222222222225,0.051111111111111114
geometry_sensitivity,2,0.72,1.35,oracle_intrinsic,0.028307999999999996,0.12565105095033705,0.9683333333333334,0.6627218934911243,0.8170100521314011,0.0,0.0,3.0814879110195774e-33,0.013077777777777777,0.9212650076775144,0.04416666666666667,0.052222222222222225,0.051111111111111114
geometry_sensitivity,2,0.72,1.35,interaction_logistic,0.029979977085804542,0.1434562309429981,0.9633333333333334,0.5217391304347826,0.8221733057294655,0.0,0.41333333333333333,0.009232255789247575,0.02074638993388012,0.9743764420373878,0.0371047612808126,0.052222222222222225,0.051111111111111114
geometry_sensitivity,3,0.72,1.35,conserved_quotient,0.023705223527292665,0.1020800100054778,0.9716666666666667,0.6946107784431138,0.843002903584706,0.0,0.0,1.617781153285278e-32,0.007714792896648855,0.9493257050234374,0.04520582603505041,0.04777777777777778,0.05722222222222222
geometry_sensitivity,3,0.72,1.35,access_only,0.026876111730500668,0.10921809206410128,0.9638888888888889,0.656084656084656,0.8395294564597976,0.0,0.0,4.0059342843254506e-32,0.004399973418394459,1.007710777475859,0.04337780435938331,0.04777777777777778,0.05722222222222222
geometry_sensitivity,3,0.72,1.35,oracle_intrinsic,0.023459833333333333,0.10151996800944055,0.9716666666666667,0.6946107784431138,0.8436270386149629,0.0,0.0,2.792598419361492e-32,0.006338888888888896,0.9458262537172795,0.04555000000000001,0.04777777777777778,0.05722222222222222
geometry_sensitivity,3,0.72,1.35,interaction_logistic,0.02689205977238712,0.120690522735102,0.9683333333333334,0.632258064516129,0.8567203060975279,0.0,0.14814814814814814,0.01066201587645082,0.012364293687893317,0.8406381997275907,0.04986469214309239,0.04777777777777778,0.05722222222222222
geometry_sensitivity,4,0.72,1.35,conserved_quotient,0.028480837858708762,0.12135284272332825,0.9655555555555555,0.6025641025641025,0.8038689761618933,0.0,0.0,1.8681520460556188e-32,0.011548105770556013,0.9027037500181989,0.041806012947512516,0.04722222222222222,0.059444444444444446
geometry_sensitivity,4,0.72,1.35,access_only,0.03193557570695228,0.12857837428597949,0.9544444444444444,0.5729166666666666,0.7986486022980621,0.0,0.0,1.232595164407831e-32,0.013518866328257197,0.8145533415690337,0.04621886632825719,0.04722222222222222,0.059444444444444446
geometry_sensitivity,4,0.72,1.35,oracle_intrinsic,0.02858538888888889,0.12171237836891265,0.9655555555555555,0.6025641025641025,0.8038689761618933,0.0,0.0,3.274080905458301e-33,0.012427777777777782,0.8727856128785929,0.042638888888888886,0.04722222222222222,0.059444444444444446
geometry_sensitivity,4,0.72,1.35,interaction_logistic,0.03190599067350177,0.15345370116133064,0.9583333333333334,0.4094488188976378,0.7797564740181787,0.0,0.4084507042253521,0.020298365070541863,0.024643292531037968,1.0392239194261965,0.025740057036333606,0.04722222222222222,0.059444444444444446
geometry_sensitivity,5,0.72,1.35,conserved_quotient,0.025841140413400913,0.11049142012852356,0.9694444444444444,0.6783625730994152,0.8710262084726063,0.0,0.0,2.465190328815662e-32,0.009276935885306994,0.8981320058387887,0.04805960375798649,0.049444444444444444,0.058888888888888886
geometry_sensitivity,5,0.72,1.35,access_only,0.02867140913129272,0.11607981172585481,0.9616666666666667,0.6461538461538462,0.8647022898758201,0.0,0.0,1.232595164407831e-32,0.008662283384301726,0.8963223330164523,0.04804006116207951,0.049444444444444444,0.058888888888888886
geometry_sensitivity,5,0.72,1.35,oracle_intrinsic,0.025543444444444445,0.10938065548356601,0.9694444444444444,0.6783625730994152,0.8710262084726063,0.0,0.0,3.0814879110195774e-32,0.008322222222222222,0.9227237161677286,0.04641111111111111,0.049444444444444444,0.058888888888888886
geometry_sensitivity,5,0.72,1.35,interaction_logistic,0.02743213844017206,0.1146234810001144,0.9644444444444444,0.5897435897435898,0.8786372382272014,0.0,0.2804878048780488,0.01177055228606806,0.011832261930529591,0.9146378795943064,0.05140637207715325,0.049444444444444444,0.058888888888888886
geometry_sensitivity,6,0.72,1.35,conserved_quotient,0.0226562278077241,0.10062870465659492,0.9755555555555555,0.7659574468085106,0.865204739139472,0.0,0.0,0.0,0.00908997596817509,1.1189490870036278,0.047576690698491575,0.056666666666666664,0.06166666666666667
geometry_sensitivity,6,0.72,1.35,access_only,0.026738051007877593,0.10972525967026817,0.9683333333333334,0.7323943661971831,0.8600891475553708,0.0,0.0,3.0814879110195774e-33,0.010495064377682412,1.1737681635781856,0.04617160228898426,0.056666666666666664,0.06166666666666667
geometry_sensitivity,6,0.72,1.35,oracle_intrinsic,0.022600055555555554,0.10045183158815138,0.9755555555555555,0.7659574468085106,0.865204739139472,0.0,0.0,3.0814879110195774e-33,0.008327777777777776,1.0770263670782545,0.04833888888888888,0.056666666666666664,0.06166666666666667
geometry_sensitivity,6,0.72,1.35,interaction_logistic,0.02914378371141959,0.13088989825103015,0.9605555555555556,0.5170068027210885,0.8476581445298967,0.0,0.47674418604651164,0.01934558394071557,0.023423133596361372,1.4392906902290654,0.033243533070305295,0.056666666666666664,0.06166666666666667
geometry_sensitivity,7,0.72,1.35,conserved_quotient,0.019791006590209055,0.08783999236910496,0.9766666666666667,0.7375,0.8665436487476595,0.0,0.0,1.5407439555097887e-32,0.004337145058331502,0.9991618633170458,0.04448889817947643,0.04777777777777778,0.055
geometry_sensitivity,7,0.72,1.35,access_only,0.02328381271313491,0.0957328394407829,0.9705555555555555,0.7135135135135136,0.8617608748744946,0.0,0.0,3.0814879110195774e-33,0.0037350175967823095,1.0580807211490093,0.044042760180995476,0.04777777777777778,0.055
geometry_sensitivity,7,0.72,1.35,oracle_intrinsic,0.01993583333333333,0.08809159252243877,0.9766666666666667,0.7375,0.8665436487476595,0.0,0.0,6.162975822039155e-33,0.0057722222222222255,1.0236991976539438,0.04407222222222222,0.04777777777777778,0.055
geometry_sensitivity,7,0.72,1.35,interaction_logistic,0.02030713419620978,0.10110796971817658,0.9761111111111112,0.7189542483660131,0.8649358226371062,0.0,0.0945945945945946,0.005529653048345551,0.015524007316227934,1.0312502282000442,0.055770365478095385,0.04777777777777778,0.055
geometry_sensitivity,8,0.72,1.35,conserved_quotient,0.018511098600267728,0.0806894297045556,0.9783333333333334,0.7821229050279329,0.8980030076372973,0.0,0.0,2.5422275265911513e-32,0.0030498307984135943,1.0196675039293335,0.050315277472951184,0.049444444444444444,0.06444444444444444
geometry_sensitivity,8,0.72,1.35,access_only,0.023862571029604835,0.09279083977450853,0.9672222222222222,0.7121951219512195,0.8911471706538656,0.0,0.0,9.244463733058732e-33,0.0017201101928374545,0.9703313238281116,0.0511645546372819,0.049444444444444444,0.06444444444444444
geometry_sensitivity,8,0.72,1.35,oracle_intrinsic,0.018384666666666664,0.08020688285741086,0.9783333333333334,0.7821229050279329,0.8980030076372973,0.0,0.0,1.5407439555097887e-32,0.0020222222222222256,1.0052603837647451,0.05033333333333333,0.049444444444444444,0.06444444444444444
geometry_sensitivity,8,0.72,1.35,interaction_logistic,0.021345996555254553,0.0928514217465667,0.9727777777777777,0.6878980891719745,0.90239625949737,0.0,0.24444444444444444,0.0127180314219436,0.012780285188229523,1.1772459148438228,0.03767767922251159,0.049444444444444444,0.06444444444444444
geometry_sensitivity,9,0.72,1.35,conserved_quotient,0.03084727401526773,0.13725571518746946,0.9661111111111111,0.6629834254143646,0.810379252936364,0.0,0.0,3.0814879110195774e-33,0.014945854700854702,1.004232467267558,0.045257706552706556,0.05722222222222222,0.058333333333333334
geometry_sensitivity,9,0.72,1.35,access_only,0.03459555555555555,0.14535758227930884,0.9566666666666667,0.625,0.8051673141065615,0.0,0.0,1.232595164407831e-32,0.013500000000000009,0.932232406236831,0.04733333333333334,0.05722222222222222,0.058333333333333334
geometry_sensitivity,9,0.72,1.35,oracle_intrinsic,0.030641277777777778,0.1368090057627056,0.9661111111111111,0.6629834254143646,0.810379252936364,0.0,0.0,1.232595164407831e-32,0.013472222222222222,0.9902730313518063,0.044750000000000005,0.05722222222222222,0.058333333333333334
geometry_sensitivity,9,0.72,1.35,interaction_logistic,0.03143412449651977,0.15022425080313476,0.9655555555555555,0.6436781609195402,0.8212837045385633,0.0,0.08974358974358974,0.005836458186751582,0.02132155867648028,1.044758119299381,0.0393365833066648,0.05722222222222222,0.058333333333333334
geometry_sensitivity,10,0.72,1.35,conserved_quotient,0.02481599920947316,0.1082819323839715,0.9711111111111111,0.7078651685393258,0.8568989836008015,0.0,0.0,3.0814879110195774e-33,0.008772278100639595,1.0912860917445708,0.0451166107882493,0.05388888888888889,0.06388888888888888
geometry_sensitivity,10,0.72,1.35,access_only,0.029350697475068452,0.11830963599949589,0.9611111111111111,0.6698113207547169,0.8509180282218765,0.0,0.0,1.232595164407831e-32,0.005872315592903838,1.0116277847334545,0.04801657329598506,0.05388888888888889,0.06388888888888888
geometry_sensitivity,10,0.72,1.35,oracle_intrinsic,0.02481294444444444,0.10824452058202007,0.9711111111111111,0.7078651685393258,0.8568989836008015,0.0,0.0,3.0814879110195774e-32,0.009250000000000005,1.0156258077510723,0.047016666666666665,0.05388888888888889,0.06388888888888888
geometry_sensitivity,10,0.72,1.35,interaction_logistic,0.026784246443887855,0.1195065110882899,0.9683333333333334,0.6174496644295302,0.8519653007730446,0.0,0.35802469135802467,0.008626551308831828,0.015754357970319058,1.211992264817877,0.03836690600186245,0.05388888888888889,0.06388888888888888
geometry_sensitivity,11,0.72,1.35,conserved_quotient,0.027652534090941004,0.12159938323753373,0.9688888888888889,0.711340206185567,0.8626433762367568,0.0,0.0,1.2518544638517033e-32,0.011383905536502951,1.0127123625941818,0.05052542587282847,0.06,0.06666666666666667
geometry_sensitivity,11,0.72,1.35,access_only,0.03230943560527976,0.13203650673607986,0.9588888888888889,0.6754385964912281,0.8568043516329569,0.0,0.0,3.0814879110195774e-33,0.008689754689754687,0.968205662788352,0.05291197691197691,0.06,0.06666666666666667
geometry_sensitivity,11,0.72,1.35,oracle_intrinsic,0.027566222222222218,0.12121214197362752,0.9688888888888889,0.711340206185567,0.8626433762367568,0.0,0.0,6.162975822039155e-33,0.011000000000000008,1.0125428004654966,0.050088888888888884,0.06,0.06666666666666667
geometry_sensitivity,11,0.72,1.35,interaction_logistic,0.03320734945116655,0.14503955014284253,0.9672222222222222,0.694300518134715,0.8588072410471937,0.0011904761904761906,0.03488372093023256,0.008338649851633155,0.026867680767276653,0.8837875613815891,0.08364318568067017,0.06,0.06666666666666667
geometry_sensitivity,12,0.72,1.35,conserved_quotient,0.025294987051723596,0.11206781811065501,0.9705555555555555,0.6580645161290323,0.8324760895650161,0.0,0.0,1.8681520460556188e-32,0.008656994892121742,0.9777993327112435,0.04047409596599795,0.04611111111111111,0.05388888888888889
geometry_sensitivity,12,0.72,1.35,access_only,0.02919638373608019,0.12057524582800545,0.96,0.6,0.8266589947442654,0.0,0.0,0.0,0.0075159363588940984,0.9589571284811433,0.04032704747000523,0.04611111111111111,0.05388888888888889
geometry_sensitivity,12,0.72,1.35,oracle_intrinsic,0.025404388888888883,0.11246677376215512,0.9705555555555555,0.6580645161290323,0.8324760895650161,0.0,0.0,6.162975822039155e-33,0.00931666666666667,0.9241741985172902,0.041949999999999994,0.04611111111111111,0.05388888888888889
geometry_sensitivity,12,0.72,1.35,interaction_logistic,0.033090261610746144,0.15426324262307078,0.9644444444444444,0.5844155844155844,0.8008715116727831,0.0005871990604815032,0.125,0.014669186997209167,0.02217913846939368,0.7055416557376035,0.06810572537307712,0.04611111111111111,0.05388888888888889
geometry_sensitivity,13,0.72,1.35,conserved_quotient,0.025363838101356423,0.11478613366831239,0.9727777777777777,0.7167630057803468,0.8538154392191659,0.0,0.0,1.232595164407831e-32,0.012489318451952057,1.121267019948563,0.0437310044350375,0.05444444444444444,0.06277777777777778
geometry_sensitivity,13,0.72,1.35,access_only,0.031471721096705214,0.12821031458657756,0.9583333333333334,0.6445497630331753,0.8459495431545121,0.0,0.0,6.162975822039155e-33,0.007456387764282498,0.991168525904669,0.04698805668016195,0.05444444444444444,0.06277777777777778
geometry_sensitivity,13,0.72,1.35,oracle_intrinsic,0.024932611111111107,0.11344323136008908,0.9727777777777777,0.7167630057803468,0.8538154392191659,0.0,0.0,6.355568816477878e-33,0.008816666666666665,1.0325155392128171,0.045716666666666676,0.05444444444444444,0.06277777777777778
geometry_sensitivity,13,0.72,1.35,interaction_logistic,0.02892765498987693,0.1311618482340299,0.9622222222222222,0.5342465753424658,0.8280654212331231,0.0,0.36,0.009056999144037172,0.020988547345291538,1.345360478871501,0.033509800941699044,0.05444444444444444,0.06277777777777778
geometry_sensitivity,14,0.72,1.35,conserved_quotient,0.022036931288608202,0.09963974361130694,0.9761111111111112,0.7425149700598802,0.8683300844704354,0.0,0.0,3.1007472104634497e-32,0.007388617756892925,1.009893517557632,0.04725789158430668,0.05,0.06555555555555556
geometry_sensitivity,14,0.72,1.35,access_only,0.029973465502388594,0.11704018505230968,0.9577777777777777,0.6346153846153846,0.8604028589993502,0.0,0.0,1.5407439555097887e-32,0.010542477876106172,0.8394578656103413,0.05256470009832842,0.05,0.06555555555555556
geometry_sensitivity,14,0.72,1.35,oracle_intrinsic,0.021938111111111106,0.09926318229471588,0.9761111111111112,0.7425149700598802,0.8683300844704354,0.0,0.0,3.0814879110195774e-33,0.0070888888888888885,1.0109310923037962,0.046422222222222226,0.05,0.06555555555555556
geometry_sensitivity,14,0.72,1.35,interaction_logistic,0.033729691349030706,0.14078338371625163,0.9583333333333334,0.5989304812834224,0.8304223521767381,0.0,0.16883116883116883,0.02382694956666423,0.03454417251941657,0.7702150722867969,0.07866628957361618,0.05,0.06555555555555556
geometry_sensitivity,15,0.72,1.35,conserved_quotient,0.023717390171647132,0.10181866474089245,0.9716666666666667,0.7052023121387283,0.8472347599830077,0.0,0.0,1.560003254953661e-32,0.007210727593086515,0.9273915069711464,0.04922183870419762,0.04888888888888889,0.0661111111111111
geometry_sensitivity,15,0.72,1.35,access_only,0.029447782776864103,0.1145739834192292,0.9572222222222222,0.6280193236714976,0.8415662170773152,0.0,0.0,3.0814879110195774e-33,0.008866617502458221,0.8612650002263441,0.050877728613569324,0.04888888888888889,0.0661111111111111
geometry_sensitivity,15,0.72,1.35,oracle_intrinsic,0.023647833333333333,0.10160046576972194,0.9716666666666667,0.7052023121387283,0.8472347599830077,0.0,0.0,3.0814879110195774e-33,0.006494444444444445,0.9437366811029245,0.04806111111111112,0.04888888888888889,0.0661111111111111
geometry_sensitivity,15,0.72,1.35,interaction_logistic,0.027131142835991173,0.13388366212348374,0.965,0.5333333333333333,0.8412940739167375,0.0,0.4470588235294118,0.013275491689459984,0.02150500318401522,1.0441851119651229,0.030522741243876838,0.04888888888888889,0.0661111111111111
geometry_sensitivity,16,0.72,1.35,conserved_quotient,0.02321012526625078,0.10660030478597776,0.9755555555555555,0.7608695652173914,0.8506411764705882,0.0,0.0,1.560003254953661e-32,0.010162794801632655,1.0540740085682683,0.04760992918941493,0.05555555555555555,0.058888888888888886
geometry_sensitivity,16,0.72,1.35,access_only,0.02853091369126582,0.11866293761199043,0.9655555555555555,0.6990291262135923,0.8450411764705882,0.0,0.0,9.244463733058732e-33,0.010762642889803387,1.1216833241482556,0.044792912665752166,0.05555555555555555,0.058888888888888886
geometry_sensitivity,16,0.72,1.35,oracle_intrinsic,0.02294122222222222,0.10565686974170052,0.9755555555555555,0.7608695652173914,0.8506411764705882,0.0,0.0,3.274080905458301e-33,0.010500000000000004,1.0590274636737906,0.04743333333333334,0.05555555555555555,0.058888888888888886
geometry_sensitivity,16,0.72,1.35,interaction_logistic,0.030303727302140655,0.14519291887786412,0.9705555555555555,0.7225130890052356,0.8262941176470588,0.0,0.011904761904761904,0.013162242737671892,0.04661023667859174,0.890373876216933,0.10026786015081898,0.05555555555555555,0.058888888888888886
geometry_sensitivity,17,0.72,1.35,conserved_quotient,0.026244258719525678,0.1136753730675248,0.9705555555555555,0.7488151658767772,0.874133797755874,0.0,0.0,1.925929944387236e-34,0.010896771028910101,1.0785984199102399,0.05188100674886768,0.06277777777777778,0.07611111111111112
geometry_sensitivity,17,0.72,1.35,access_only,0.03217070774272214,0.1261922452336181,0.9577777777777777,0.696,0.866469776688996,0.0,0.0,2.465190328815662e-32,0.00984547325102881,1.0980864555717025,0.05293230452674897,0.06277777777777778,0.07611111111111112
geometry_sensitivity,17,0.72,1.35,oracle_intrinsic,0.025784388888888888,0.11178183206853809,0.9705555555555555,0.7488151658767772,0.874133797755874,0.0,0.0,2.484449628259534e-32,0.007605555555555555,1.030491517348005,0.05517222222222223,0.06277777777777778,0.07611111111111112
geometry_sensitivity,17,0.72,1.35,interaction_logistic,0.02790624916140546,0.13040724086052166,0.9705555555555555,0.7464114832535885,0.8639465774192026,0.0,0.02040816326530612,0.010311413645009315,0.01290849081160871,0.9881390396888896,0.05812139567213433,0.06277777777777778,0.07611111111111112
geometry_sensitivity,18,0.72,1.35,conserved_quotient,0.02090640196822023,0.08882465886876323,0.9766666666666667,0.7407407407407407,0.8798639209292026,0.0,0.0,3.274080905458301e-33,0.007615139550760157,1.087003048917618,0.04120730547722319,0.04833333333333333,0.052222222222222225
geometry_sensitivity,18,0.72,1.35,access_only,0.022018908774617763,0.09125465706960893,0.975,0.7513812154696132,0.877361085948561,0.0,0.0,3.0814879110195774e-33,0.008761393596986817,1.257819768019375,0.03957193973634651,0.04833333333333333,0.052222222222222225
geometry_sensitivity,18,0.72,1.35,oracle_intrinsic,0.020319,0.08761552564388041,0.9766666666666667,0.7407407407407407,0.8798639209292026,0.0,0.0,1.925929944387236e-34,0.006288888888888891,1.0413205348409469,0.043333333333333335,0.04833333333333333,0.052222222222222225
geometry_sensitivity,18,0.72,1.35,interaction_logistic,0.023895506856901446,0.11229466573725358,0.9694444444444444,0.60431654676259,0.8743549999664499,0.0,0.30666666666666664,0.012982098884392999,0.018708222653086606,1.182714355397749,0.02962511068024672,0.04833333333333333,0.052222222222222225
geometry_sensitivity,19,0.72,1.35,conserved_quotient,0.026541907309146386,0.11865941905415278,0.9711111111111111,0.717391304347826,0.8409439528023599,0.0,0.0,9.437056727497456e-33,0.012956560857462203,1.1208076080681342,0.046395119208503595,0.058333333333333334,0.06388888888888888
geometry_sensitivity,19,0.72,1.35,access_only,0.031654209675605775,0.1302184171910369,0.96,0.6727272727272727,0.8334990869504144,0.0,0.0,3.697785493223493e-32,0.009145382395382382,1.019081280463138,0.04918795093795094,0.058333333333333334,0.06388888888888888
geometry_sensitivity,19,0.72,1.35,oracle_intrinsic,0.02637561111111111,0.11812835205698949,0.9711111111111111,0.717391304347826,0.8409439528023599,0.0,0.0,1.560003254953661e-32,0.012072222222222224,1.0801511787533826,0.046261111111111114,0.058333333333333334,0.06388888888888888
geometry_sensitivity,19,0.72,1.35,interaction_logistic,0.026248377907638665,0.11859292798101997,0.9711111111111111,0.717391304347826,0.8281837336704594,0.0,0.0,0.0008506699514484972,0.0061930585624126325,1.03553710764941,0.05567341241866988,0.058333333333333334,0.06388888888888888
geometry_sensitivity,0,0.72,1.7,conserved_quotient,0.021305283949743195,0.10494319662363182,0.9788888888888889,0.703125,0.84912301859487,0.0,0.0,3.0814879110195774e-33,0.01275896559196279,1.0829584455877301,0.0335670302151651,0.042777777777777776,0.03888888888888889
geometry_sensitivity,0,0.72,1.7,access_only,0.026448752094661604,0.11670059814101909,0.9683333333333334,0.6122448979591837,0.8466130503275019,0.0,0.0,9.244463733058732e-33,0.008434697855750501,0.9974361514221285,0.034343079922027286,0.042777777777777776,0.03888888888888889
geometry_sensitivity,0,0.72,1.7,oracle_intrinsic,0.021010555555555553,0.1040632901429953,0.9788888888888889,0.703125,0.84912301859487,0.0,0.0,1.560003254953661e-32,0.012155555555555562,1.067546363687922,0.034,0.042777777777777776,0.03888888888888889
geometry_sensitivity,1,0.72,1.7,conserved_quotient,0.01923444317436658,0.08904267021451508,0.9777777777777777,0.6923076923076923,0.8275856294845068,0.0,0.0,3.0814879110195774e-33,0.006914640291722372,0.9950738615879425,0.03593380389032522,0.03833333333333333,0.041666666666666664
geometry_sensitivity,1,0.72,1.7,access_only,0.022499595428033498,0.09614851807426114,0.9711111111111111,0.6388888888888888,0.8237845259923475,0.0,0.0,1.8488927466117464e-32,0.00324376947040498,0.9964302343628743,0.03508956386292835,0.03833333333333333,0.041666666666666664
geometry_sensitivity,1,0.72,1.7,oracle_intrinsic,0.01930094444444444,0.08909830043131366,0.9777777777777777,0.6923076923076923,0.8275856294845068,0.0,0.0,1.925929944387236e-34,0.007338888888888891,0.9519456492441929,0.03699444444444445,0.03833333333333333,0.041666666666666664
geometry_sensitivity,2,0.72,1.7,conserved_quotient,0.019535790882863405,0.08696796986661073,0.9783333333333334,0.7483870967741936,0.862797965116279,0.0,0.0,1.560003254953661e-32,0.005621756987143555,0.9803447484765409,0.04313735029556305,0.044444444444444446,0.049444444444444444
geometry_sensitivity,2,0.72,1.7,access_only,0.02193603044707303,0.09201764342105753,0.9727777777777777,0.7100591715976331,0.8610319767441861,0.0,0.0,9.244463733058732e-33,0.003722811059907836,1.0661989652559833,0.04072163338453662,0.044444444444444446,0.049444444444444444
geometry_sensitivity,2,0.72,1.7,oracle_intrinsic,0.0194735,0.08679821465334334,0.9783333333333334,0.7483870967741936,0.862797965116279,0.0,0.0,2.792598419361492e-32,0.0051055555555555516,0.9891245569071997,0.04278333333333333,0.044444444444444446,0.049444444444444444
geometry_sensitivity,3,0.72,1.7,conserved_quotient,0.02215723804826869,0.10368585718600802,0.9761111111111112,0.6861313868613139,0.7807367188790497,0.0,0.0,3.0814879110195774e-33,0.008860103215965571,1.0768627288814192,0.03613989678403443,0.045,0.04666666666666667
geometry_sensitivity,3,0.72,1.7,access_only,0.026913422711094127,0.11467512036836768,0.9661111111111111,0.6303030303030303,0.7754221159301632,0.0,0.0,0.0,0.007634080717488784,1.0268331500265426,0.03736591928251121,0.045,0.04666666666666667
geometry_sensitivity,3,0.72,1.7,oracle_intrinsic,0.02225311111111111,0.1039708284670233,0.9761111111111112,0.6861313868613139,0.7807367188790497,0.0,0.0,3.0814879110195774e-33,0.0092,1.0687274411495038,0.03622222222222222,0.045,0.04666666666666667
geometry_sensitivity,4,0.72,1.7,conserved_quotient,0.02128907805855591,0.09478372970772372,0.9761111111111112,0.6861313868613139,0.8524958158497989,0.0,0.0,6.933347799794049e-33,0.006532544217629343,0.8955527560898451,0.04061032199540711,0.04055555555555555,0.04611111111111111
geometry_sensitivity,4,0.72,1.7,access_only,0.023930397044605055,0.099884159329086,0.9688888888888889,0.6410256410256411,0.8484028840891243,0.0,0.0,2.1570415377137042e-32,0.006758245349421821,0.8807912178149941,0.040836023127199604,0.04055555555555555,0.04611111111111111
geometry_sensitivity,4,0.72,1.7,oracle_intrinsic,0.02119627777777778,0.09432658808680272,0.9761111111111112,0.6861313868613139,0.8524958158497989,0.0,0.0,3.274080905458301e-33,0.005861111111111116,0.9483000010411883,0.03829444444444445,0.04055555555555555,0.04611111111111111
geometry_sensitivity,5,0.72,1.7,conserved_quotient,0.022144088746749502,0.10454470721086637,0.9761111111111112,0.6717557251908397,0.8165838804260163,0.0,0.0,6.162975822039155e-33,0.010015937917954009,1.1105741317802127,0.033278089276710734,0.042777777777777776,0.041666666666666664
geometry_sensitivity,5,0.72,1.7,access_only,0.026276074427891403,0.11395123598689819,0.9677777777777777,0.618421052631579,0.812905608610774,0.0,0.0,6.162975822039155e-33,0.009111875637104996,1.0727025438984592,0.033665902140672783,0.042777777777777776,0.041666666666666664
geometry_sensitivity,5,0.72,1.7,oracle_intrinsic,0.02195494444444444,0.10389068579820579,0.9761111111111112,0.6717557251908397,0.8165838804260163,0.0,0.0,3.274080905458301e-33,0.008461111111111114,1.04434736000648,0.034716666666666667,0.042777777777777776,0.041666666666666664
geometry_sensitivity,6,0.72,1.7,conserved_quotient,0.01881497490207345,0.08833127210813346,0.98,0.7313432835820896,0.8325843224452726,0.0,0.0,1.925929944387236e-34,0.006087386375679716,1.0314421129785067,0.03718264723958812,0.04111111111111111,0.043333333333333335
geometry_sensitivity,6,0.72,1.7,access_only,0.022461638888888885,0.09635944989759673,0.9722222222222222,0.6710526315789473,0.8288183896526886,0.0,0.0,0.0,0.004461111111111113,1.0414464905839087,0.03665,0.04111111111111111,0.043333333333333335
geometry_sensitivity,6,0.72,1.7,oracle_intrinsic,0.018670333333333334,0.08801282674918165,0.98,0.7313432835820896,0.8329992796968463,0.0,0.0,1.925929944387236e-34,0.006122222222222223,1.0117154094759457,0.03763333333333334,0.04111111111111111,0.043333333333333335
geometry_sensitivity,7,0.72,1.7,conserved_quotient,0.019578490836552442,0.09111952800920221,0.9788888888888889,0.7246376811594203,0.8254441934302112,0.0,0.0,6.162975822039155e-33,0.0070739008580816476,1.0772725711463846,0.0367628850803992,0.042222222222222223,0.043333333333333335
geometry_sensitivity,7,0.72,1.7,access_only,0.02313434979423868,0.09918488639422224,0.9722222222222222,0.6753246753246753,0.8243146293808767,0.0,0.0,0.0,0.0076185185185185305,1.1496212250352866,0.034603703703703706,0.042222222222222223,0.043333333333333335
geometry_sensitivity,7,0.72,1.7,oracle_intrinsic,0.019380555555555554,0.09060687632317484,0.9788888888888889,0.7246376811594203,0.8254441934302112,0.0,0.0,3.0814879110195774e-33,0.005255555555555558,1.0315322497352537,0.03765555555555555,0.042222222222222223,0.043333333333333335
geometry_sensitivity,8,0.72,1.7,conserved_quotient,0.023951910011943103,0.10770636991392502,0.9711111111111111,0.6060606060606061,0.8186323635338699,0.0,0.0,6.355568816477878e-33,0.011004324830165772,0.9070106814801836,0.03650960959606374,0.04111111111111111,0.044444444444444446
geometry_sensitivity,8,0.72,1.7,access_only,0.027044938271604937,0.11456375291359175,0.9644444444444444,0.5844155844155844,0.8138799285960352,0.0,0.0,9.244463733058732e-33,0.009703703703703702,0.875357542594205,0.037703703703703705,0.04111111111111111,0.044444444444444446
geometry_sensitivity,8,0.72,1.7,oracle_intrinsic,0.024195111111111108,0.10809460133790623,0.9711111111111111,0.6060606060606061,0.8186323635338699,0.0,0.0,1.925929944387236e-34,0.010844444444444448,0.9252311329312874,0.03597777777777778,0.04111111111111111,0.044444444444444446
geometry_sensitivity,9,0.72,1.7,conserved_quotient,0.028309262842730838,0.12896631297781677,0.9683333333333334,0.5581395348837209,0.7716504362845826,0.0,0.0,9.244463733058732e-33,0.013129645191677605,0.9152877680753598,0.03309494271669077,0.043333333333333335,0.03833333333333333
geometry_sensitivity,9,0.72,1.7,access_only,0.030143697794299318,0.13279373680698567,0.9627777777777777,0.54421768707483,0.772000357366211,0.0,0.0,1.8488927466117464e-32,0.012344892048446557,0.9423239327256313,0.032689336492891,0.043333333333333335,0.03833333333333333
geometry_sensitivity,9,0.72,1.7,oracle_intrinsic,0.0283395,0.12909764365752768,0.9683333333333334,0.5581395348837209,0.7716504362845826,0.0,0.0,3.274080905458301e-33,0.013816666666666668,0.9101234761461934,0.032916666666666664,0.043333333333333335,0.03833333333333333
geometry_sensitivity,10,0.72,1.7,conserved_quotient,0.01874797414002111,0.0887059184306272,0.98,0.7096774193548387,0.8076877315163677,0.0,0.0,6.162975822039155e-33,0.007148365582080481,1.0908289085070122,0.033407189973475075,0.04055555555555555,0.03722222222222222
geometry_sensitivity,10,0.72,1.7,access_only,0.020779184915129638,0.09329309282096789,0.9766666666666667,0.7,0.806006139397641,0.0,0.0,1.5407439555097887e-32,0.00706281233386497,1.1368080016594142,0.03349274322169059,0.04055555555555555,0.03722222222222222
geometry_sensitivity,10,0.72,1.7,oracle_intrinsic,0.0188765,0.08898435356379968,0.98,0.7096774193548387,0.8076877315163677,0.0,0.0,3.0814879110195774e-33,0.007805555555555556,1.122634067873414,0.03275,0.04055555555555555,0.03722222222222222
geometry_sensitivity,11,0.72,1.7,conserved_quotient,0.018499774234569756,0.08737882680925085,0.9805555555555555,0.7368421052631579,0.8483710144927537,0.0,0.0,1.8681520460556188e-32,0.006981430481710007,1.1063335494449689,0.03597437162485078,0.041666666666666664,0.042777777777777776
geometry_sensitivity,11,0.72,1.7,access_only,0.022191755092601576,0.09571807539070466,0.9733333333333334,0.6842105263157895,0.8460599033816425,0.0,0.0,2.1570415377137042e-32,0.006088570729319625,1.1071135443892648,0.03557809593734704,0.041666666666666664,0.042777777777777776
geometry_sensitivity,11,0.72,1.7,oracle_intrinsic,0.01823705555555555,0.08666369885081501,0.9805555555555555,0.7368421052631579,0.8483710144927537,0.0,0.0,4.025193583769323e-32,0.005116666666666672,1.0630596439787214,0.03659444444444445,0.041666666666666664,0.042777777777777776
geometry_sensitivity,12,0.72,1.7,conserved_quotient,0.01673884629373776,0.07648118071802917,0.98,0.7142857142857143,0.8616410159244171,0.0,0.0,3.0814879110195774e-33,0.0029644313423525213,0.9356621685984526,0.03842683028952303,0.03722222222222222,0.041666666666666664
geometry_sensitivity,12,0.72,1.7,access_only,0.019367834386926283,0.08254807803805825,0.9755555555555555,0.6901408450704225,0.8567491452144931,0.0,0.0,0.0,0.0016236604624929568,1.0464431503986917,0.035598561759729266,0.03722222222222222,0.041666666666666664
geometry_sensitivity,12,0.72,1.7,oracle_intrinsic,0.016819166666666666,0.0765813806423819,0.98,0.7142857142857143,0.8616410159244171,0.0,0.0,3.0814879110195774e-33,0.0031166666666666717,0.9694615362375998,0.03723888888888889,0.03722222222222222,0.041666666666666664
geometry_sensitivity,13,0.72,1.7,conserved_quotient,0.02270390662220854,0.10145528586713355,0.9738888888888889,0.656934306569343,0.8278106280193237,0.0,0.0,1.560003254953661e-32,0.007437294047559281,0.9181829843339953,0.03844832357929366,0.041666666666666664,0.04666666666666667
geometry_sensitivity,13,0.72,1.7,access_only,0.025660203169304875,0.10779105772174587,0.9661111111111111,0.6163522012578616,0.8243169082125604,0.0,0.0,0.0,0.0066756730298580605,0.9296999403681446,0.0385201174743025,0.041666666666666664,0.04666666666666667
geometry_sensitivity,13,0.72,1.7,oracle_intrinsic,0.02249222222222222,0.10110029612433408,0.9738888888888889,0.656934306569343,0.8278106280193237,0.0,0.0,1.2518544638517033e-32,0.009222222222222222,0.927430771070286,0.03848888888888889,0.041666666666666664,0.04666666666666667
geometry_sensitivity,14,0.72,1.7,conserved_quotient,0.01941751386640034,0.08579826133747012,0.9766666666666667,0.6612903225806451,0.8481422811059908,0.0,0.0,3.274080905458301e-33,0.004776461546770982,0.8804458248178022,0.03722090599121542,0.035555555555555556,0.044444444444444446
geometry_sensitivity,14,0.72,1.7,access_only,0.022087927935944943,0.09145732524713916,0.9688888888888889,0.6111111111111112,0.8438760080645161,0.0,0.0,1.232595164407831e-32,0.003700145560407573,0.9152045824536084,0.03614459000485202,0.035555555555555556,0.044444444444444446
geometry_sensitivity,14,0.72,1.7,oracle_intrinsic,0.019446666666666664,0.08581025517988901,0.9766666666666667,0.6612903225806451,0.8481422811059908,0.0,0.0,1.560003254953661e-32,0.00488888888888889,0.8790381749831705,0.037333333333333336,0.035555555555555556,0.044444444444444446
geometry_sensitivity,15,0.72,1.7,conserved_quotient,0.021187933218904394,0.09443653085739355,0.9744444444444444,0.6101694915254238,0.8178852427557091,0.0,0.0,1.5407439555097887e-32,0.006567713494564549,0.8885836298623918,0.034101046827897885,0.035,0.04
geometry_sensitivity,15,0.72,1.7,access_only,0.02316142661223833,0.09864255414521333,0.9683333333333334,0.5777777777777777,0.8154270727673145,0.0,0.0,3.0814879110195774e-33,0.005385052316890885,0.9211430260972406,0.032918385650224216,0.035,0.04
geometry_sensitivity,15,0.72,1.7,oracle_intrinsic,0.021437111111111108,0.095138427119353,0.9744444444444444,0.6101694915254238,0.8178852427557091,0.0,0.0,3.0814879110195774e-33,0.007655555555555556,0.8448785210466958,0.03487777777777778,0.035,0.04
geometry_sensitivity,16,0.72,1.7,conserved_quotient,0.02330685044599085,0.10699382395901703,0.9727777777777777,0.608,0.7891907514450867,0.0,0.0,6.355568816477878e-33,0.010478833573775012,0.9393520166530636,0.033595378988237085,0.03888888888888889,0.04111111111111111
geometry_sensitivity,16,0.72,1.7,access_only,0.026731886640755976,0.11477219851476275,0.9644444444444444,0.5555555555555556,0.7847976878612717,0.0,0.0,9.244463733058732e-33,0.009027366255144031,0.9051779193342553,0.03376069958847736,0.03888888888888889,0.04111111111111111
geometry_sensitivity,16,0.72,1.7,oracle_intrinsic,0.023460111111111112,0.10720926065796185,0.9727777777777777,0.608,0.7891907514450867,0.0,0.0,3.274080905458301e-33,0.01137777777777778,0.8863775353321741,0.035111111111111114,0.03888888888888889,0.04111111111111111
geometry_sensitivity,17,0.72,1.7,conserved_quotient,0.027778542930750758,0.12743936758358118,0.97,0.64,0.7329265234472958,0.0,0.0,3.0814879110195774e-33,0.013817029379292424,1.073624921379138,0.036841722643095966,0.050555555555555555,0.04666666666666667
geometry_sensitivity,17,0.72,1.7,access_only,0.03096477668459486,0.13447492082505702,0.9627777777777777,0.6171428571428571,0.7300265562407166,0.0,0.0,3.0814879110195774e-33,0.01172929292929293,1.005811414739861,0.03882626262626262,0.050555555555555555,0.04666666666666667
geometry_sensitivity,17,0.72,1.7,oracle_intrinsic,0.02787066666666667,0.12760763126623223,0.97,0.64,0.7329265234472958,0.0,0.0,0.0,0.0145,1.056698100605625,0.036588888888888886,0.050555555555555555,0.04666666666666667
geometry_sensitivity,18,0.72,1.7,conserved_quotient,0.02604874260987049,0.11616195979740893,0.9694444444444444,0.5669291338582677,0.7751279480820978,0.0,0.0,3.0814879110195774e-33,0.011673270844732464,0.9580153998102411,0.03435969669508439,0.042777777777777776,0.042222222222222223
geometry_sensitivity,18,0.72,1.7,access_only,0.027762654800543962,0.11996257075241105,0.965,0.5882352941176471,0.7732209751942776,0.0,0.0,1.8488927466117464e-32,0.00961298833079655,0.9317267816509397,0.03599076610857433,0.042777777777777776,0.042222222222222223
geometry_sensitivity,18,0.72,1.7,oracle_intrinsic,0.026433111111111112,0.117313139718342,0.9694444444444444,0.5669291338582677,0.7751279480820978,0.0,0.0,3.0814879110195774e-33,0.012822222222222221,0.9463489645134819,0.03348888888888889,0.042777777777777776,0.042222222222222223
geometry_sensitivity,19,0.72,1.7,conserved_quotient,0.022632871477267266,0.10125960915271495,0.9738888888888889,0.6618705035971223,0.8095288344853058,0.0,0.0,1.925929944387236e-34,0.008677754465378945,0.9492954889870372,0.038561501299820215,0.042777777777777776,0.04666666666666667
geometry_sensitivity,19,0.72,1.7,access_only,0.02543046852399737,0.10732654324278375,0.9672222222222222,0.6335403726708074,0.8039586646667319,0.0,0.0,9.244463733058732e-33,0.00641752136752137,0.9405300881011237,0.039373076923076934,0.042777777777777776,0.04666666666666667
geometry_sensitivity,19,0.72,1.7,oracle_intrinsic,0.02248955555555555,0.1008797466375644,0.9738888888888889,0.6618705035971223,0.8095288344853058,0.0,0.0,1.925929944387236e-34,0.007888888888888891,0.968807703214843,0.03802222222222222,0.042777777777777776,0.04666666666666667
geometry_sensitivity,0,0.9,0.65,conserved_quotient,0.03236337448078831,0.12885250823872066,0.9627777777777777,0.8194070080862533,0.9153601990632722,0.0,0.0,9.244463733058732e-33,0.014452683561368732,1.079335709395838,0.09096391841554997,0.09944444444444445,0.13722222222222222
geometry_sensitivity,0,0.9,0.65,access_only,0.04421018202504329,0.15559806714074595,0.9377777777777778,0.7370892018779343,0.8966876781350914,0.0,0.0,6.162975822039155e-33,0.010669174041297934,1.082551845740253,0.08877527040314653,0.09944444444444445,0.13722222222222222
geometry_sensitivity,0,0.9,0.65,oracle_intrinsic,0.031552944444444446,0.12676824736304157,0.9627777777777777,0.8194070080862533,0.9153601990632722,0.0,0.0,3.0814879110195774e-32,0.007394444444444464,1.0088181373397962,0.09645,0.09944444444444445,0.13722222222222222
geometry_sensitivity,1,0.9,0.65,conserved_quotient,0.04118954477957569,0.16198101462230008,0.95,0.7527472527472527,0.8932033815942294,0.0,0.0,5.623715437610729e-32,0.016602323466708667,0.9365751793350123,0.09511145655969745,0.09944444444444445,0.13833333333333334
geometry_sensitivity,1,0.9,0.65,access_only,0.05143035570786381,0.18496918048604802,0.9255555555555556,0.6869158878504673,0.8748892848403806,0.0,0.0,4.3140830754274083e-32,0.0172085309158531,0.8922441078042557,0.09833075313807531,0.09944444444444445,0.13833333333333334
geometry_sensitivity,1,0.9,0.65,oracle_intrinsic,0.04063216666666667,0.16023376396696334,0.95,0.7527472527472527,0.8932033815942294,0.0,0.0,1.8488927466117464e-32,0.016438888888888902,0.9493069507821387,0.09367222222222223,0.09944444444444445,0.13833333333333334
geometry_sensitivity,2,0.9,0.65,conserved_quotient,0.035667738803153576,0.14306261772107426,0.9594444444444444,0.8021680216802168,0.9105835450087614,0.0,0.0,3.158525108795067e-32,0.013486167475856053,0.9667529002478672,0.10073291082642716,0.10111111111111111,0.14055555555555554
geometry_sensitivity,2,0.9,0.65,access_only,0.04786158514901077,0.169444788070494,0.9316666666666666,0.7172413793103448,0.8915667151143047,0.0,0.0,1.3866695599588098e-31,0.013274242424242425,0.9095761650181193,0.10268535353535352,0.10111111111111111,0.14055555555555554
geometry_sensitivity,2,0.9,0.65,oracle_intrinsic,0.035139944444444446,0.14122605632351384,0.9594444444444444,0.8021680216802168,0.9105835450087614,0.0,0.0,4.3140830754274083e-32,0.010727777777777796,0.9910916446551641,0.09602777777777778,0.10111111111111111,0.14055555555555554
geometry_sensitivity,3,0.9,0.65,conserved_quotient,0.03653755758800064,0.14002157707816787,0.9538888888888889,0.7930174563591023,0.928875207845919,0.0,0.0,1.3096323621833204e-32,0.012617377716152987,0.9989129254971603,0.10074902174447752,0.10611111111111111,0.14722222222222223
geometry_sensitivity,3,0.9,0.65,access_only,0.0463138528137907,0.1616224378046891,0.9344444444444444,0.7412280701754386,0.9173920258753934,0.0,0.0,1.8488927466117464e-32,0.009616528354080237,1.0610937775365756,0.09649458275703089,0.10611111111111111,0.14722222222222223
geometry_sensitivity,3,0.9,0.65,oracle_intrinsic,0.036408388888888886,0.1395432762967143,0.9538888888888889,0.7930174563591023,0.928875207845919,0.0,0.0,1.8488927466117464e-32,0.011738888888888877,0.9848401807394882,0.10314999999999999,0.10611111111111111,0.14722222222222223
geometry_sensitivity,4,0.9,0.65,conserved_quotient,0.03508414024964615,0.13287834595572443,0.9544444444444444,0.7759562841530054,0.9328668131868132,0.0,0.0,6.933347799794049e-33,0.013573558602224993,0.9846952520721479,0.09311572727692377,0.09722222222222222,0.13666666666666666
geometry_sensitivity,4,0.9,0.65,access_only,0.04284774578367014,0.14982421163310522,0.9383333333333334,0.7363420427553444,0.9152773626373626,0.0,0.0,1.5407439555097887e-32,0.004064123159303899,1.014359518829159,0.09315809906291836,0.09722222222222222,0.13666666666666666
geometry_sensitivity,4,0.9,0.65,oracle_intrinsic,0.03491011111111111,0.13204901346204087,0.9544444444444444,0.7759562841530054,0.9328668131868132,0.0,0.0,1.5407439555097887e-32,0.011555555555555553,0.9629142077118328,0.09622222222222221,0.09722222222222222,0.13666666666666666
geometry_sensitivity,5,0.9,0.65,conserved_quotient,0.033620872575129794,0.13435528243554337,0.9605555555555556,0.7905604719764012,0.9002288448923609,0.0,0.0,1.617781153285278e-32,0.012831542882683901,0.9996786608291318,0.0871471027021772,0.09111111111111111,0.13111111111111112
geometry_sensitivity,5,0.9,0.65,access_only,0.044798,0.1586006107029244,0.9333333333333333,0.7,0.8876498300435327,0.0,0.0,9.244463733058732e-33,0.0055333333333333215,0.9794492719336464,0.08735555555555556,0.09111111111111111,0.13111111111111112
geometry_sensitivity,5,0.9,0.65,oracle_intrinsic,0.03333822222222222,0.13376953352337173,0.9605555555555556,0.7905604719764012,0.9002288448923609,0.0,0.0,3.274080905458301e-33,0.011522222222222222,0.963134324675372,0.09027777777777778,0.09111111111111111,0.13111111111111112
geometry_sensitivity,6,0.9,0.65,conserved_quotient,0.034678411530871145,0.1344911331967033,0.9583333333333334,0.804177545691906,0.9339396148831283,0.0,0.0,6.162975822039155e-33,0.0063306780032596635,1.0152963499027652,0.10119627933382427,0.105,0.14666666666666667
geometry_sensitivity,6,0.9,0.65,access_only,0.045484495979395516,0.15838109690528673,0.935,0.7417218543046358,0.9222869229076553,0.0,0.0,4.3140830754274083e-32,0.005102390998593526,0.9732767093792906,0.10383572433192685,0.105,0.14666666666666667
geometry_sensitivity,6,0.9,0.65,oracle_intrinsic,0.03426933333333333,0.1327978186162882,0.9583333333333334,0.804177545691906,0.9351646583179792,0.0,0.0,1.8488927466117464e-32,0.007444444444444437,1.03160845820799,0.09755555555555555,0.105,0.14666666666666667
geometry_sensitivity,7,0.9,0.65,conserved_quotient,0.03368914433316507,0.1329140006605821,0.9588888888888889,0.774390243902439,0.9182545731707317,0.0,0.0,4.025193583769323e-32,0.007183325621162421,0.9561045465437717,0.08762023882616073,0.08888888888888889,0.12611111111111112
geometry_sensitivity,7,0.9,0.65,access_only,0.043022095392585884,0.15269753361319097,0.9372222222222222,0.7080103359173127,0.9054077743902439,0.0,0.0,4.0059342843254506e-32,0.009497517730496459,0.9247716972094809,0.09030862884160756,0.08888888888888889,0.12611111111111112
geometry_sensitivity,7,0.9,0.65,oracle_intrinsic,0.03356605555555555,0.13190072989127002,0.9588888888888889,0.774390243902439,0.9182545731707317,0.0,0.0,2.792598419361492e-32,0.006261111111111111,0.9683101580665013,0.08644999999999999,0.08888888888888889,0.12611111111111112
geometry_sensitivity,8,0.9,0.65,conserved_quotient,0.033187821303726925,0.13132602787593176,0.9594444444444444,0.8206388206388207,0.9340828410033167,0.0,0.0,5.315566646508771e-32,0.01748856141480815,1.079489801837128,0.10104020357064974,0.10666666666666667,0.15166666666666667
geometry_sensitivity,8,0.9,0.65,access_only,0.04741603179573026,0.16320139839910425,0.9316666666666666,0.7354838709677419,0.9124300373134329,0.0,0.0,3.0814879110195774e-32,0.011004855643044622,1.0846631627408263,0.09566181102362203,0.10666666666666667,0.15166666666666667
geometry_sensitivity,8,0.9,0.65,oracle_intrinsic,0.03216327777777778,0.1276570037292628,0.9594444444444444,0.8206388206388207,0.9340828410033167,0.0,0.0,1.560003254953661e-32,0.0128611111111111,0.9972735051649136,0.10693888888888889,0.10666666666666667,0.15166666666666667
geometry_sensitivity,9,0.9,0.65,conserved_quotient,0.03687405859752339,0.14499929572889053,0.9561111111111111,0.7835616438356164,0.8999639784424833,0.0,0.0,6.355568816477878e-33,0.010284156640240207,0.9638271028036148,0.09474126292555093,0.09888888888888889,0.13722222222222222
geometry_sensitivity,9,0.9,0.65,access_only,0.04672059701873663,0.16647364531015812,0.9327777777777778,0.7152941176470589,0.887851729727483,0.0,0.0,0.0,0.0059508474576271345,0.9904634518439001,0.09293804143126178,0.09888888888888889,0.13722222222222222
geometry_sensitivity,9,0.9,0.65,oracle_intrinsic,0.03655627777777778,0.14399499877043434,0.9561111111111111,0.7835616438356164,0.8999639784424833,0.0,0.0,3.274080905458301e-33,0.008427777777777786,0.9747726961063056,0.0944611111111111,0.09888888888888889,0.13722222222222222
geometry_sensitivity,10,0.9,0.65,conserved_quotient,0.030926456795951046,0.12809942249363185,0.9666666666666667,0.839572192513369,0.9304017160039917,0.0,0.0,2.484449628259534e-32,0.01539475656705782,1.0842773280094422,0.0935237327884394,0.10388888888888889,0.13111111111111112
geometry_sensitivity,10,0.9,0.65,access_only,0.0416483647673962,0.15216590983647607,0.9461111111111111,0.7706855791962175,0.9193683673097262,0.0,0.0,3.0814879110195774e-32,0.012610323709536332,1.0893846385120785,0.09127856517935258,0.10388888888888889,0.13111111111111112
geometry_sensitivity,10,0.9,0.65,oracle_intrinsic,0.030542666666666666,0.12680173154399518,0.9666666666666667,0.839572192513369,0.9304017160039917,0.0,0.0,3.0814879110195774e-32,0.011677777777777785,1.052127619060482,0.09447777777777779,0.10388888888888889,0.13111111111111112
geometry_sensitivity,11,0.9,0.65,conserved_quotient,0.03212206365078539,0.13149158548754294,0.9627777777777777,0.825974025974026,0.9290226085170302,0.0,0.0,6.471124613141112e-32,0.012398226653928838,1.064290175800637,0.09757109379399263,0.10777777777777778,0.14166666666666666
geometry_sensitivity,11,0.9,0.65,access_only,0.04544670208429726,0.1631872432827494,0.9383333333333334,0.7527839643652561,0.914107534888498,0.0,0.0,2.465190328815662e-32,0.0087811653116531,1.0292138707996326,0.09899661246612464,0.10777777777777778,0.14166666666666666
geometry_sensitivity,11,0.9,0.65,oracle_intrinsic,0.03190827777777777,0.1312283743587001,0.9627777777777777,0.825974025974026,0.9290226085170302,0.0,0.0,6.471124613141112e-32,0.010872222222222222,1.0612301270894133,0.09717222222222223,0.10777777777777778,0.14166666666666666
geometry_sensitivity,12,0.9,0.65,conserved_quotient,0.03158870987824274,0.12600351720160963,0.9616666666666667,0.8034188034188035,0.9179177192349333,0.0,0.0,1.5407439555097887e-32,0.00587607692769719,0.9787185339780518,0.09314274359436385,0.09444444444444444,0.13666666666666666
geometry_sensitivity,12,0.9,0.65,access_only,0.045061519508050714,0.15724642204573672,0.9333333333333333,0.7115384615384616,0.9004294478527607,0.0,0.0,1.232595164407831e-32,0.009342375168690948,0.9270097969684897,0.09660904183535761,0.09444444444444444,0.13666666666666666
geometry_sensitivity,12,0.9,0.65,oracle_intrinsic,0.031717666666666665,0.1266738560212406,0.9616666666666667,0.8034188034188035,0.9179177192349333,0.0,0.0,3.389636702121535e-32,0.008244444444444462,1.0058316367360547,0.09184444444444444,0.09444444444444444,0.13666666666666666
geometry_sensitivity,13,0.9,0.65,conserved_quotient,0.04617316765281551,0.1826388240718623,0.9438888888888889,0.7154929577464789,0.8873737513681265,0.0,0.0,3.274080905458301e-33,0.018512794013586364,0.9285849088457346,0.09049518555156927,0.09888888888888889,0.135
geometry_sensitivity,13,0.9,0.65,access_only,0.05456900135750498,0.2008387593100502,0.9205555555555556,0.6603325415676959,0.8747003976225772,0.0,0.0,0.0,0.01820408299866134,0.9109431111348996,0.09105963855421685,0.09888888888888889,0.135
geometry_sensitivity,13,0.9,0.65,oracle_intrinsic,0.04647205555555555,0.1834929120476252,0.9438888888888889,0.7154929577464789,0.8873737513681265,0.0,0.0,3.0814879110195774e-33,0.019738888888888893,0.9110600377661461,0.09015,0.09888888888888889,0.135
geometry_sensitivity,14,0.9,0.65,conserved_quotient,0.03154312931734239,0.118775432741013,0.96,0.797752808988764,0.9329919467787114,0.0,0.0,4.025193583769323e-32,0.007080384847848524,0.9750529743156995,0.09645147893043685,0.09333333333333334,0.135
geometry_sensitivity,14,0.9,0.65,access_only,0.04044165259611573,0.13885937640782303,0.9405555555555556,0.7396593673965937,0.914952439309057,0.0,0.0,9.55261252416069e-32,0.001915134099616876,0.9797863099298537,0.09477068965517241,0.09333333333333334,0.135
geometry_sensitivity,14,0.9,0.65,oracle_intrinsic,0.03133183333333333,0.11812642937020974,0.96,0.797752808988764,0.9329919467787114,0.0,0.0,9.244463733058732e-33,0.0045500000000000046,0.9754403813468255,0.09473888888888887,0.09333333333333334,0.135
geometry_sensitivity,15,0.9,0.65,conserved_quotient,0.03305313009763405,0.13182208704764214,0.9616666666666667,0.8140161725067385,0.9250430477830391,0.0,0.0,3.0814879110195774e-33,0.010885997999360183,1.041350490368597,0.09406061741810723,0.10222222222222223,0.1361111111111111
geometry_sensitivity,15,0.9,0.65,access_only,0.043359369108344994,0.15508797427329835,0.9405555555555556,0.7505827505827506,0.9139414281102023,0.0,0.0,1.5407439555097887e-32,0.007522047832585914,1.0322437476392512,0.0947001743896363,0.10222222222222223,0.1361111111111111
geometry_sensitivity,15,0.9,0.65,oracle_intrinsic,0.032730166666666664,0.1309548104778812,0.9616666666666667,0.8140161725067385,0.9250430477830391,0.0,0.0,2.484449628259534e-32,0.007594444444444438,1.0296977360721549,0.09462777777777777,0.10222222222222223,0.1361111111111111
geometry_sensitivity,16,0.9,0.65,conserved_quotient,0.02679108681193537,0.11051103930733418,0.9683333333333334,0.822429906542056,0.924316594458749,0.0,0.0,6.596310059526283e-33,0.007788211340117443,1.0646382469429978,0.07998956643766034,0.08777777777777777,0.12111111111111111
geometry_sensitivity,16,0.9,0.65,access_only,0.04007269307649065,0.14146860994599916,0.9444444444444444,0.7340425531914894,0.9070560754868253,0.0,0.0,1.232595164407831e-32,0.01311255230125526,1.1619158858952883,0.07466522547652255,0.08777777777777777,0.12111111111111111
geometry_sensitivity,16,0.9,0.65,oracle_intrinsic,0.026661,0.11040772736404376,0.9683333333333334,0.822429906542056,0.924316594458749,0.0,0.0,1.8488927466117464e-32,0.006777777777777778,1.0396773295634243,0.08411111111111111,0.08777777777777777,0.12111111111111111
geometry_sensitivity,17,0.9,0.65,conserved_quotient,0.03494541065458192,0.1364029103071878,0.9577777777777777,0.7900552486187845,0.9189998294293542,0.0,0.0,1.5407439555097887e-32,0.01364705446429984,1.0689899112196564,0.08468627886903349,0.09833333333333333,0.135
geometry_sensitivity,17,0.9,0.65,access_only,0.04405772999101021,0.1549030581534224,0.9388888888888889,0.7380952380952381,0.9049225295974881,0.0,0.0,3.0814879110195774e-33,0.014023992673992687,1.1331495598415016,0.08430934065934066,0.09833333333333333,0.135
geometry_sensitivity,17,0.9,0.65,oracle_intrinsic,0.033890277777777776,0.13181329344805248,0.9577777777777777,0.7900552486187845,0.9189998294293542,0.0,0.0,3.4088960015654075e-32,0.007138888888888877,0.9960395299057686,0.0936388888888889,0.09833333333333333,0.135
geometry_sensitivity,18,0.9,0.65,conserved_quotient,0.030803064716850636,0.12434237608138782,0.9627777777777777,0.8112676056338028,0.9270898805782527,0.0,0.0,3.4088960015654075e-32,0.01047680950205553,0.9869087593446214,0.09586151831550928,0.09555555555555556,0.135
geometry_sensitivity,18,0.9,0.65,access_only,0.04395790549390709,0.15468348470415857,0.9361111111111111,0.7228915662650602,0.9075052854122622,0.0,0.0,8.936314941956774e-32,0.0038623706702654074,0.9896970095277755,0.09227348178137652,0.09555555555555556,0.135
geometry_sensitivity,18,0.9,0.65,oracle_intrinsic,0.030595611111111108,0.1236754129773523,0.9627777777777777,0.8112676056338028,0.9270898805782527,0.0,0.0,1.560003254953661e-32,0.009050000000000008,0.993936422397549,0.09434999999999999,0.09555555555555556,0.135
geometry_sensitivity,19,0.9,0.65,conserved_quotient,0.0390741873044051,0.15293054663522418,0.9527777777777777,0.7931873479318735,0.9089931777197695,0.0,0.0,9.437056727497456e-33,0.009298428833050564,0.9956647026585617,0.10477901093848996,0.11,0.1688888888888889
geometry_sensitivity,19,0.9,0.65,access_only,0.05598098970804453,0.19084530949682535,0.9122222222222223,0.6852589641434262,0.8857268061387912,0.0,0.0,1.232595164407831e-32,0.012645410628019337,0.9227085058095089,0.11037874396135264,0.11,0.1688888888888889
geometry_sensitivity,19,0.9,0.65,oracle_intrinsic,0.03920244444444445,0.15347792239000907,0.9527777777777777,0.7931873479318735,0.9089931777197695,0.0,0.0,2.484449628259534e-32,0.010433333333333336,0.9734608840755893,0.10816666666666666,0.11,0.1688888888888889
geometry_sensitivity,0,0.9,1.0,conserved_quotient,0.032611796422514536,0.13421374819179233,0.9622222222222222,0.7364341085271318,0.8689600425779506,0.0,0.0,6.162975822039155e-33,0.014369278186213504,1.017796763160412,0.06284910676578373,0.07388888888888889,0.09222222222222222
geometry_sensitivity,0,0.9,1.0,access_only,0.037809857742530956,0.14481825630821857,0.9494444444444444,0.6956521739130435,0.8615630257407165,0.0,0.0,9.244463733058732e-33,0.012719060901906096,1.0971510571822691,0.061169827986982804,0.07388888888888889,0.09222222222222222
geometry_sensitivity,0,0.9,1.0,oracle_intrinsic,0.03224255555555555,0.1331808578318064,0.9622222222222222,0.7364341085271318,0.8689600425779506,0.0,0.0,3.0814879110195774e-33,0.010955555555555559,0.9666497955923254,0.06668888888888888,0.07388888888888889,0.09222222222222222
geometry_sensitivity,1,0.9,1.0,conserved_quotient,0.02796047746903433,0.116402611248378,0.9672222222222222,0.7739463601532567,0.879584669688771,0.0,0.0,1.617781153285278e-32,0.007520199025831454,1.0076367653376732,0.06905789415898111,0.07444444444444444,0.09833333333333333
geometry_sensitivity,1,0.9,1.0,access_only,0.036289901429774826,0.13556010002051436,0.9494444444444444,0.707395498392283,0.8654835068355701,0.0,0.0,3.0814879110195774e-33,0.004562304866850299,0.988133813437074,0.07037341597796144,0.07444444444444444,0.09833333333333333
geometry_sensitivity,1,0.9,1.0,oracle_intrinsic,0.027422388888888885,0.11473642489896949,0.9672222222222222,0.7739463601532567,0.879584669688771,0.0,0.0,6.162975822039155e-33,0.008638888888888894,1.021401835427104,0.06856111111111111,0.07444444444444444,0.09833333333333333
geometry_sensitivity,2,0.9,1.0,conserved_quotient,0.02846067919282395,0.12211591685589121,0.9677777777777777,0.7819548872180451,0.9058424885112211,0.0,0.0,6.162975822039155e-33,0.009407378938938123,1.0299821434945295,0.06689075947231668,0.07611111111111112,0.08944444444444444
geometry_sensitivity,2,0.9,1.0,access_only,0.035130750139619325,0.13741655248118292,0.9555555555555556,0.7315436241610739,0.8994781219412635,0.0,0.0,3.697785493223493e-32,0.011053524229074891,1.072105170250096,0.06505758688203622,0.07611111111111112,0.08944444444444444
geometry_sensitivity,2,0.9,1.0,oracle_intrinsic,0.028771277777777774,0.12281222042898521,0.9677777777777777,0.7819548872180451,0.9047627408034903,0.0,0.0,1.5407439555097887e-32,0.011172222222222234,1.0053318095343902,0.06851666666666666,0.07611111111111112,0.08944444444444444
geometry_sensitivity,3,0.9,1.0,conserved_quotient,0.028328697648923422,0.11640335089741577,0.9666666666666667,0.7321428571428571,0.8546648352791826,0.0,0.0,3.0814879110195774e-33,0.008532219624650951,0.9348507410750294,0.06231020021280102,0.06333333333333334,0.07944444444444444
geometry_sensitivity,3,0.9,1.0,access_only,0.031749873791056205,0.12302786961709598,0.9572222222222222,0.7003891050583657,0.8486347838754656,0.0,0.0,6.162975822039155e-33,0.006305273069679844,0.9506894838990808,0.061383050847457626,0.06333333333333334,0.07944444444444444
geometry_sensitivity,3,0.9,1.0,oracle_intrinsic,0.0283885,0.11665869819949343,0.9666666666666667,0.7321428571428571,0.8546648352791826,0.0,0.0,6.162975822039155e-33,0.008594444444444443,0.9342344464900313,0.06040555555555556,0.06333333333333334,0.07944444444444444
geometry_sensitivity,4,0.9,1.0,conserved_quotient,0.023539252371263125,0.09907724476833778,0.9727777777777777,0.7677725118483413,0.8993327252652297,0.0,0.0,6.211124070648836e-33,0.0044437353090077325,1.0139068174309305,0.057222931357658935,0.06166666666666667,0.08555555555555555
geometry_sensitivity,4,0.9,1.0,access_only,0.031197082582720866,0.11575749282016325,0.955,0.6943396226415094,0.8904357288016258,0.0,0.0,9.244463733058732e-33,0.005378683834048648,0.9243939511717466,0.0642231282784931,0.06166666666666667,0.08555555555555555
geometry_sensitivity,4,0.9,1.0,oracle_intrinsic,0.02326611111111111,0.09814404336141286,0.9727777777777777,0.7677725118483413,0.8993327252652297,0.0,0.0,6.162975822039155e-33,0.006033333333333336,1.0536769038328293,0.05687777777777778,0.06166666666666667,0.08555555555555555
geometry_sensitivity,5,0.9,1.0,conserved_quotient,0.030767649469551756,0.12448881821558994,0.9638888888888889,0.7389558232931727,0.8984096653190318,0.0,0.0,4.8148248609680896e-33,0.010448906128334405,0.9203878313438829,0.06968753758490306,0.07055555555555555,0.09333333333333334
geometry_sensitivity,5,0.9,1.0,access_only,0.03626198744752112,0.13611951919680154,0.9494444444444444,0.6915254237288135,0.8896837686084219,0.0,0.0,6.162975822039155e-33,0.010098754359740926,0.9053769858083862,0.07100986547085203,0.07055555555555555,0.09333333333333334
geometry_sensitivity,5,0.9,1.0,oracle_intrinsic,0.030470222222222215,0.12342411004151219,0.9638888888888889,0.7389558232931727,0.8984096653190318,0.0,0.0,6.355568816477878e-33,0.012133333333333336,0.950214379284381,0.06655555555555556,0.07055555555555555,0.09333333333333334
geometry_sensitivity,6,0.9,1.0,conserved_quotient,0.027258498940348437,0.11143999202019653,0.9683333333333334,0.7816091954022989,0.9079838167704805,0.0,0.0,3.158525108795067e-32,0.007762719862719869,1.0374055008274272,0.0685878143449572,0.07388888888888889,0.09555555555555556
geometry_sensitivity,6,0.9,1.0,access_only,0.03356551964459253,0.12520638084757216,0.955,0.7344262295081967,0.8985841929358489,0.0,0.0,6.162975822039155e-33,0.00829115646258503,1.096980458159318,0.06559773242630385,0.07388888888888889,0.09555555555555556
geometry_sensitivity,6,0.9,1.0,oracle_intrinsic,0.027079333333333327,0.11107001091179876,0.9683333333333334,0.7816091954022989,0.9079838167704805,0.0,0.0,2.484449628259534e-32,0.006599999999999987,1.0081173840242494,0.06895555555555556,0.07388888888888889,0.09555555555555556
geometry_sensitivity,7,0.9,1.0,conserved_quotient,0.024799395578403195,0.10805920103569244,0.9722222222222222,0.8134328358208955,0.9182990901150414,0.0,0.0,3.0814879110195774e-33,0.00993945471362122,1.0676591841705911,0.06945219177548288,0.07611111111111112,0.10055555555555555
geometry_sensitivity,7,0.9,1.0,access_only,0.03605933223211721,0.13403284146310643,0.95,0.7169811320754716,0.9046486211270635,0.0,0.0,0.0,0.004362429378531066,0.9840706931330929,0.0729068738229755,0.07611111111111112,0.10055555555555555
geometry_sensitivity,7,0.9,1.0,oracle_intrinsic,0.024875055555555553,0.10840478401426988,0.9722222222222222,0.8134328358208955,0.9182990901150414,0.0,0.0,6.162975822039155e-33,0.00963888888888889,1.064272784672558,0.06980555555555555,0.07611111111111112,0.10055555555555555
geometry_sensitivity,8,0.9,1.0,conserved_quotient,0.027990035145562916,0.11872130829930419,0.9672222222222222,0.7686274509803922,0.880054219164027,0.0,0.0,2.465190328815662e-32,0.012518469650545129,0.9729881747741793,0.0688916890237645,0.07055555555555555,0.09444444444444444
geometry_sensitivity,8,0.9,1.0,access_only,0.03715960207303512,0.13955075003547124,0.9472222222222222,0.6801346801346801,0.8721472577434097,0.0,0.0,6.162975822039155e-33,0.009011870845204169,0.9288137723077126,0.06878964862298197,0.07055555555555555,0.09444444444444444
geometry_sensitivity,8,0.9,1.0,oracle_intrinsic,0.02757322222222222,0.11739253295950694,0.9672222222222222,0.7686274509803922,0.880054219164027,0.0,0.0,6.162975822039155e-33,0.009900000000000004,0.9887401880101614,0.06745555555555556,0.07055555555555555,0.09444444444444444
geometry_sensitivity,9,0.9,1.0,conserved_quotient,0.025335375401772563,0.10920126446098184,0.9722222222222222,0.8015873015873016,0.9041516253982896,0.0,0.0,1.5407439555097887e-32,0.011234277005715462,1.0581691900628911,0.06586692170336707,0.07055555555555555,0.09444444444444444
geometry_sensitivity,9,0.9,1.0,access_only,0.03504813146965253,0.1309093448800832,0.9505555555555556,0.7003367003367004,0.891688748111507,0.0,0.0,2.1570415377137042e-32,0.0043354080221300025,0.9825682558204144,0.06744651913324114,0.07055555555555555,0.09444444444444444
geometry_sensitivity,9,0.9,1.0,oracle_intrinsic,0.024888555555555556,0.10780634677222682,0.9722222222222222,0.8015873015873016,0.9041516253982896,0.0,0.0,1.560003254953661e-32,0.008466666666666667,1.0309282932546284,0.06675555555555557,0.07055555555555555,0.09444444444444444
geometry_sensitivity,10,0.9,1.0,conserved_quotient,0.025255912852484106,0.10437915848634238,0.9688888888888889,0.7171717171717171,0.8775352941176471,0.0,0.0,6.355568816477878e-33,0.004486821021408949,0.9830626369958916,0.053807449828994276,0.05555555555555555,0.07833333333333334
geometry_sensitivity,10,0.9,1.0,access_only,0.031147245900316096,0.11727420392000092,0.9538888888888889,0.6556016597510373,0.8655882352941177,0.0,0.0,9.244463733058732e-33,0.007480742204655251,0.8911638348496541,0.0581362977602108,0.05555555555555555,0.07833333333333334
geometry_sensitivity,10,0.9,1.0,oracle_intrinsic,0.02534105555555555,0.10456803626898398,0.9688888888888889,0.7171717171717171,0.8775352941176471,0.0,0.0,1.560003254953661e-32,0.005561111111111109,0.9449356911453874,0.054972222222222214,0.05555555555555555,0.07833333333333334
geometry_sensitivity,11,0.9,1.0,conserved_quotient,0.024691287583780065,0.10575681805601543,0.9727777777777777,0.8093385214007782,0.9205181309497856,0.0,0.0,1.3096323621833204e-32,0.00898057085953773,1.0506942460482818,0.06788615931935504,0.07333333333333333,0.08944444444444444
geometry_sensitivity,11,0.9,1.0,access_only,0.03146850440858174,0.12125773905332592,0.9594444444444444,0.7508532423208191,0.9114390305937069,0.0,0.0,2.1570415377137042e-32,0.005043145384190151,1.0277975873685214,0.06829018794914317,0.07333333333333333,0.08944444444444444
geometry_sensitivity,11,0.9,1.0,oracle_intrinsic,0.024619277777777778,0.10590370182673214,0.9727777777777777,0.8093385214007782,0.9205181309497856,0.0,0.0,1.560003254953661e-32,0.00841666666666666,1.0616908516853545,0.0661388888888889,0.07333333333333333,0.08944444444444444
geometry_sensitivity,12,0.9,1.0,conserved_quotient,0.025859603486951696,0.1112731444664362,0.97,0.7890625,0.9055642561031783,0.0,0.0,1.232595164407831e-32,0.007568090097937298,1.03238654070518,0.0666146523297031,0.07222222222222222,0.09722222222222222
geometry_sensitivity,12,0.9,1.0,access_only,0.03638270857929948,0.13555528658458083,0.9483333333333334,0.6950819672131148,0.895366190695532,0.0,0.0,6.162975822039155e-33,0.00511363636363636,1.006030714808075,0.06710858585858585,0.07222222222222222,0.09722222222222222
geometry_sensitivity,12,0.9,1.0,oracle_intrinsic,0.025863166666666663,0.11141207647928404,0.97,0.7890625,0.9055642561031783,0.0,0.0,6.162975822039155e-33,0.008683333333333333,1.0170038564638295,0.06824999999999999,0.07222222222222222,0.09722222222222222
geometry_sensitivity,13,0.9,1.0,conserved_quotient,0.028976805437959025,0.11404679419789365,0.9633333333333334,0.7203389830508474,0.9004235083557054,0.0,0.0,9.437056727497456e-33,0.010235696907038771,0.8746006006504997,0.06749426062851578,0.06333333333333334,0.09222222222222222
geometry_sensitivity,13,0.9,1.0,access_only,0.03410562580134155,0.1242960665492343,0.9488888888888889,0.6714285714285714,0.8909804166406526,0.0,0.0,9.244463733058732e-33,0.00865439469320065,0.882121806005991,0.06792106135986732,0.06333333333333334,0.09222222222222222
geometry_sensitivity,13,0.9,1.0,oracle_intrinsic,0.028650333333333333,0.11283531448856078,0.9633333333333334,0.7203389830508474,0.9004235083557054,0.0,0.0,1.560003254953661e-32,0.007833333333333336,0.91611991839772,0.06492222222222223,0.06333333333333334,0.09222222222222222
geometry_sensitivity,14,0.9,1.0,conserved_quotient,0.027317098428490016,0.11146371941164956,0.9672222222222222,0.7756653992395437,0.9123629663749424,0.0,0.0,3.851859888774472e-33,0.006240924893387954,1.0100473644344798,0.06793351548105242,0.07222222222222222,0.095
geometry_sensitivity,14,0.9,1.0,access_only,0.03350022283719536,0.12496331334782909,0.9538888888888889,0.7242524916943521,0.9029571625978812,0.0,0.0,3.697785493223493e-32,0.00401471306471308,1.019299377312576,0.06820750915750916,0.07222222222222222,0.095
geometry_sensitivity,14,0.9,1.0,oracle_intrinsic,0.027348055555555556,0.11159890337415417,0.9672222222222222,0.7756653992395437,0.9123629663749424,0.0,0.0,1.560003254953661e-32,0.006827777777777773,0.9917666917952166,0.06932777777777778,0.07222222222222222,0.095
geometry_sensitivity,15,0.9,1.0,conserved_quotient,0.02868854202034024,0.12031586979575741,0.9688888888888889,0.776,0.9114435724147955,0.0,0.0,3.274080905458301e-33,0.01605397129982725,1.0614697515142693,0.06063302217975355,0.07333333333333333,0.08222222222222222
geometry_sensitivity,15,0.9,1.0,access_only,0.03173848714503269,0.12636462603447712,0.9622222222222222,0.7571428571428571,0.9069562531792748,0.0,0.0,2.465190328815662e-32,0.013272131147540993,1.150488442731262,0.06006120218579235,0.07333333333333333,0.08222222222222222
geometry_sensitivity,15,0.9,1.0,oracle_intrinsic,0.02781222222222222,0.11795444922823971,0.9688888888888889,0.776,0.9114435724147955,0.0,0.0,1.925929944387236e-34,0.012444444444444449,1.040218521717286,0.0631111111111111,0.07333333333333333,0.08222222222222222
geometry_sensitivity,16,0.9,1.0,conserved_quotient,0.025849123141097198,0.1050254012027194,0.97,0.7938931297709924,0.9220538228512843,0.0,0.0,9.244463733058732e-33,0.007091532861741142,1.0708085564348468,0.06457513380492552,0.07166666666666667,0.09111111111111111
geometry_sensitivity,16,0.9,1.0,access_only,0.03172799659589716,0.11781005103405393,0.9594444444444444,0.7508532423208191,0.9156240286882014,0.0,0.0,6.162975822039155e-33,0.01179453551912569,1.2041389319711744,0.05987213114754098,0.07166666666666667,0.09111111111111111
geometry_sensitivity,16,0.9,1.0,oracle_intrinsic,0.025453333333333335,0.1039502946624328,0.97,0.7938931297709924,0.9220538228512843,0.0,0.0,6.355568816477878e-33,0.004455555555555555,1.0031583541163611,0.06907777777777778,0.07166666666666667,0.09111111111111111
geometry_sensitivity,17,0.9,1.0,conserved_quotient,0.027058908195661268,0.10988938000905644,0.9688888888888889,0.7894736842105263,0.9046768947963801,0.0,0.0,1.5407439555097887e-32,0.0063772393521052545,1.037832314292611,0.0691783162034503,0.07555555555555556,0.0961111111111111
geometry_sensitivity,17,0.9,1.0,access_only,0.03247977709190671,0.12163493938227395,0.9572222222222222,0.7508090614886731,0.8973504666289592,0.0,0.0,3.0814879110195774e-33,0.007141358024691383,1.083007132345592,0.0684141975308642,0.07555555555555556,0.0961111111111111
geometry_sensitivity,17,0.9,1.0,oracle_intrinsic,0.02626772222222222,0.10768485576239005,0.9688888888888889,0.7894736842105263,0.9057550904977375,0.0,0.0,6.355568816477878e-33,0.006805555555555556,1.0312836032758828,0.06959444444444444,0.07555555555555556,0.0961111111111111
geometry_sensitivity,18,0.9,1.0,conserved_quotient,0.02787685381089436,0.11274433109497504,0.965,0.7149321266968326,0.8856423493568043,0.0,0.0,6.355568816477878e-33,0.006186043721014777,0.991848001720299,0.05829606842208808,0.06222222222222222,0.08722222222222223
geometry_sensitivity,18,0.9,1.0,access_only,0.03353602979623221,0.12512424693814492,0.9505555555555556,0.6691449814126395,0.8764916215301286,0.0,0.0,2.465190328815662e-32,0.006453921568627447,0.9303607575897602,0.0624872549019608,0.06222222222222222,0.08722222222222223
geometry_sensitivity,18,0.9,1.0,oracle_intrinsic,0.028104833333333332,0.11331854086213772,0.965,0.7149321266968326,0.8856423493568043,0.0,0.0,3.0814879110195774e-33,0.00815,0.9402207236772337,0.060494444444444455,0.06222222222222222,0.08722222222222223
geometry_sensitivity,19,0.9,1.0,conserved_quotient,0.02435564213969446,0.10505539589145897,0.9716666666666667,0.7792207792207793,0.9226599958307276,0.0,0.0,1.8488927466117464e-32,0.00666162567118692,1.0167339300830653,0.06270764730549346,0.06833333333333333,0.085
geometry_sensitivity,19,0.9,1.0,access_only,0.031858501981405274,0.12275297220788751,0.9577777777777777,0.7246376811594203,0.9133663966335549,0.0,0.0,4.3140830754274083e-32,0.003689506172839528,0.9927194659820773,0.06476728395061729,0.06833333333333333,0.085
geometry_sensitivity,19,0.9,1.0,oracle_intrinsic,0.02456483333333333,0.1059123454544707,0.9716666666666667,0.7792207792207793,0.9226599958307276,0.0,0.0,1.2518544638517033e-32,0.008916666666666661,1.055441875438679,0.06068333333333333,0.06833333333333333,0.085
geometry_sensitivity,0,0.9,1.35,conserved_quotient,0.023164786439736764,0.10108499954897229,0.9722222222222222,0.6666666666666666,0.8349340361535483,0.0,0.0,3.0814879110195774e-33,0.005347567963462537,0.9858011578220842,0.040550374119583024,0.043333333333333335,0.058333333333333334
geometry_sensitivity,0,0.9,1.35,access_only,0.027883580655324505,0.11144776850103136,0.9583333333333334,0.5901639344262295,0.830146817951696,0.0,0.0,0.0,0.0068876811594202935,0.9007758583991597,0.042387681159420286,0.043333333333333335,0.058333333333333334
geometry_sensitivity,0,0.9,1.35,oracle_intrinsic,0.023223055555555552,0.10122224678999837,0.9722222222222222,0.6666666666666666,0.8349340361535483,0.0,0.0,3.0814879110195774e-32,0.007783333333333332,0.896461260134278,0.04328333333333333,0.043333333333333335,0.058333333333333334
geometry_sensitivity,1,0.9,1.35,conserved_quotient,0.021176241028139073,0.09445996486834513,0.9761111111111112,0.7570621468926554,0.8904416079812206,0.0,0.0,1.0014835710813626e-32,0.007430598675490318,1.0801037964736788,0.04590273465784302,0.05333333333333334,0.057777777777777775
geometry_sensitivity,1,0.9,1.35,access_only,0.025179244832729594,0.10441849508163954,0.97,0.73,0.8847686815336463,0.0,0.0,0.0,0.008589473684210525,1.1447206205721736,0.044743859649122815,0.05333333333333334,0.057777777777777775
geometry_sensitivity,1,0.9,1.35,oracle_intrinsic,0.021157111111111106,0.09482591640062323,0.9761111111111112,0.7570621468926554,0.8904416079812206,0.0,0.0,3.851859888774472e-33,0.006522222222222224,1.0546350538825282,0.046900000000000004,0.05333333333333334,0.057777777777777775
geometry_sensitivity,2,0.9,1.35,conserved_quotient,0.029009814861940847,0.12842565326819075,0.9677777777777777,0.6627906976744186,0.8178793023614755,0.0,0.0,3.0814879110195774e-33,0.014299487256525096,0.9117352429355596,0.0443920153896068,0.05277777777777778,0.052222222222222225
geometry_sensitivity,2,0.9,1.35,access_only,0.030554561661278738,0.13027783427695805,0.9627777777777777,0.6455026455026455,0.8149467510418275,0.0,0.0,6.162975822039155e-33,0.011051217352810975,1.0353507381304947,0.0417265604249668,0.05277777777777778,0.052222222222222225
geometry_sensitivity,2,0.9,1.35,oracle_intrinsic,0.02878477777777777,0.12705713193955123,0.9677777777777777,0.6627906976744186,0.8177866954776972,0.0,0.0,6.162975822039155e-33,0.013466666666666668,0.9100847702532373,0.04508888888888889,0.05277777777777778,0.052222222222222225
geometry_sensitivity,3,0.9,1.35,conserved_quotient,0.024074816839419068,0.1031629863081059,0.9711111111111111,0.6941176470588235,0.8447235809999262,0.0,0.0,3.0814879110195774e-33,0.008140008368754276,0.9434755525353595,0.04612298164215817,0.04833333333333333,0.059444444444444446
geometry_sensitivity,3,0.9,1.35,access_only,0.027554458120616892,0.11098525891375088,0.9622222222222222,0.6494845360824743,0.8428380672477538,0.0,0.0,1.5407439555097887e-32,0.0041962519936204245,0.9850979149862292,0.0446740297713982,0.04833333333333333,0.059444444444444446
geometry_sensitivity,3,0.9,1.35,oracle_intrinsic,0.023756944444444445,0.10242873270474388,0.9711111111111111,0.6941176470588235,0.8459649334702176,0.0,0.0,3.0814879110195774e-32,0.006427777777777783,0.9406662610330444,0.04650555555555556,0.04833333333333333,0.059444444444444446
geometry_sensitivity,4,0.9,1.35,conserved_quotient,0.028512573484807745,0.12154777017658464,0.9655555555555555,0.6125,0.8091403801893565,0.0,0.0,1.560003254953661e-32,0.011747326593183487,0.9125976767572144,0.042717903235996155,0.04833333333333333,0.06055555555555556
geometry_sensitivity,4,0.9,1.35,access_only,0.03209650971424154,0.12909963245059197,0.9544444444444444,0.5816326530612245,0.8031416282518402,0.0,0.0,1.232595164407831e-32,0.013106965595036655,0.8291541717514431,0.04689585448392555,0.04833333333333333,0.06055555555555556
geometry_sensitivity,4,0.9,1.35,oracle_intrinsic,0.02859638888888889,0.12181827856869525,0.9655555555555555,0.6125,0.8091403801893565,0.0,0.0,1.2518544638517033e-32,0.01232777777777778,0.8812707339163588,0.04362777777777778,0.04833333333333333,0.06055555555555556
geometry_sensitivity,5,0.9,1.35,conserved_quotient,0.025940483966990655,0.11079133176979745,0.9694444444444444,0.6820809248554913,0.8724236517218973,0.0,0.0,2.465190328815662e-32,0.009517484477574155,0.9033568991768853,0.0483746107212749,0.05,0.059444444444444446
geometry_sensitivity,5,0.9,1.35,access_only,0.02873710982521112,0.1163084784462302,0.9616666666666667,0.649746192893401,0.8655750487329434,0.0,0.0,1.232595164407831e-32,0.008476707441386342,0.9021773912366743,0.048398929663608564,0.05,0.059444444444444446
geometry_sensitivity,5,0.9,1.35,oracle_intrinsic,0.02560761111111111,0.10960591387695945,0.9694444444444444,0.6820809248554913,0.8724236517218973,0.0,0.0,3.0814879110195774e-32,0.008138888888888888,0.9278268412111323,0.04677222222222223,0.05,0.059444444444444446
geometry_sensitivity,6,0.9,1.35,conserved_quotient,0.023574734967575586,0.10346883117189494,0.9744444444444444,0.7722772277227723,0.8753302698039811,0.0,0.0,6.355568816477878e-33,0.009777150628717717,1.123463882680703,0.05077840492683783,0.06055555555555556,0.06777777777777778
geometry_sensitivity,6,0.9,1.35,access_only,0.028161260150920683,0.11368991113351225,0.9661111111111111,0.7359307359307359,0.8720696184332597,0.0,0.0,1.8488927466117464e-32,0.010799380066762046,1.1634120643680346,0.04975617548879351,0.06055555555555556,0.06777777777777778
geometry_sensitivity,6,0.9,1.35,oracle_intrinsic,0.023506777777777776,0.10324606842963205,0.9744444444444444,0.7722772277227723,0.8753302698039811,0.0,0.0,1.560003254953661e-32,0.009022222222222221,1.08217160164227,0.05153333333333333,0.06055555555555556,0.06777777777777778
geometry_sensitivity,7,0.9,1.35,conserved_quotient,0.020321676063952344,0.08937447787579351,0.9761111111111112,0.7393939393939394,0.8679463353449918,0.0,0.0,1.560003254953661e-32,0.0048792981613405,1.0058091827432685,0.04556825955997288,0.049444444444444444,0.057777777777777775
geometry_sensitivity,7,0.9,1.35,access_only,0.02395253115665572,0.09757934029322772,0.9694444444444444,0.7150259067357513,0.863415178718011,0.0,0.0,6.162975822039155e-33,0.0036823529411764847,1.0528464648331628,0.045762091503267974,0.049444444444444444,0.057777777777777775
geometry_sensitivity,7,0.9,1.35,oracle_intrinsic,0.020425777777777775,0.08956487725487755,0.9761111111111112,0.7393939393939394,0.8679463353449918,0.0,0.0,6.162975822039155e-33,0.005955555555555556,1.0307508641340075,0.045177777777777775,0.049444444444444444,0.057777777777777775
geometry_sensitivity,8,0.9,1.35,conserved_quotient,0.018398878090991857,0.07941001570062516,0.9783333333333334,0.7868852459016393,0.904526135070313,0.0,0.0,4.179267979320302e-32,0.0031589404535795522,1.0284398058707627,0.05137766054785851,0.050555555555555555,0.06666666666666667
geometry_sensitivity,8,0.9,1.35,access_only,0.023757347631081664,0.09151808479592126,0.9672222222222222,0.7203791469194313,0.8974466142400607,0.0,0.0,1.8488927466117464e-32,0.0020284664830119204,0.9775258919714868,0.052584022038567484,0.050555555555555555,0.06666666666666667
geometry_sensitivity,8,0.9,1.35,oracle_intrinsic,0.0183,0.07902273639960057,0.9783333333333334,0.7868852459016393,0.904526135070313,0.0,0.0,2.465190328815662e-32,0.0019333333333333396,1.0135238345403808,0.05135555555555556,0.050555555555555555,0.06666666666666667
geometry_sensitivity,9,0.9,1.35,conserved_quotient,0.03220247262051444,0.14094224190529459,0.9644444444444444,0.6631578947368421,0.8142110890824441,0.0,0.0,6.933347799794049e-33,0.01685267331433999,0.9703915969328756,0.04789267331433999,0.058888888888888886,0.06222222222222222
geometry_sensitivity,9,0.9,1.35,access_only,0.03573822222222222,0.1483694072211408,0.9544444444444444,0.6238532110091743,0.8084025751264173,0.0,0.0,1.8488927466117464e-32,0.014400000000000015,0.9134859512525387,0.049822222222222226,0.058888888888888886,0.06222222222222222
geometry_sensitivity,9,0.9,1.35,oracle_intrinsic,0.03191511111111111,0.14034857965048617,0.9644444444444444,0.6631578947368421,0.8142110890824441,0.0,0.0,2.7733391199176196e-32,0.015044444444444444,0.9588587735159342,0.0474,0.058888888888888886,0.06222222222222222
geometry_sensitivity,10,0.9,1.35,conserved_quotient,0.024920295036390684,0.10879965151273938,0.9711111111111111,0.7111111111111111,0.8584138708362311,0.0,0.0,3.274080905458301e-33,0.008605353957244861,1.0919014658085218,0.045839090487199585,0.05444444444444444,0.0661111111111111
geometry_sensitivity,10,0.9,1.35,access_only,0.030047263772175536,0.12011473805776582,0.9594444444444444,0.663594470046083,0.8519868581980383,0.0,0.0,3.0814879110195774e-32,0.005105555555555571,0.9908124404937486,0.04933888888888889,0.05444444444444444,0.0661111111111111
geometry_sensitivity,10,0.9,1.35,oracle_intrinsic,0.024882277777777777,0.10865080956941942,0.9711111111111111,0.7111111111111111,0.8584138708362311,0.0,0.0,4.025193583769323e-32,0.009127777777777778,1.017534007573049,0.04769444444444444,0.05444444444444444,0.0661111111111111
geometry_sensitivity,11,0.9,1.35,conserved_quotient,0.027742836762671537,0.12206397677148478,0.9688888888888889,0.7227722772277227,0.8661613490182803,0.0,0.0,3.1007472104634497e-32,0.01129137478682935,1.0225589198051699,0.052291838296383744,0.06222222222222222,0.06888888888888889
geometry_sensitivity,11,0.9,1.35,access_only,0.03257574178811408,0.1329589234868651,0.9588888888888889,0.6864406779661016,0.8608084377115776,0.0,0.0,3.0814879110195774e-33,0.007942376142376157,0.9860951527291433,0.054342376142376136,0.06222222222222222,0.06888888888888889
geometry_sensitivity,11,0.9,1.35,oracle_intrinsic,0.02770555555555555,0.12176855896019695,0.9688888888888889,0.7227722772277227,0.8661613490182803,0.0,0.0,1.5407439555097887e-32,0.011511111111111118,1.0224278639509032,0.051800000000000006,0.06222222222222222,0.06888888888888889
geometry_sensitivity,12,0.9,1.35,conserved_quotient,0.025536179966880342,0.11272755256021974,0.97,0.6582278481012658,0.8338050838050838,0.0,0.0,6.355568816477878e-33,0.008947734713445068,0.9718749547347469,0.04126399582692397,0.04666666666666667,0.055
geometry_sensitivity,12,0.9,1.35,access_only,0.029479934253932562,0.12134613644381753,0.9594444444444444,0.6010928961748634,0.8271936396936397,0.0,0.0,3.0814879110195774e-33,0.007607902973395922,0.9568861269314541,0.04095234741784039,0.04666666666666667,0.055
geometry_sensitivity,12,0.9,1.35,oracle_intrinsic,0.025651833333333332,0.11311347904288999,0.97,0.6582278481012658,0.8338050838050838,0.0,0.0,3.0814879110195774e-33,0.00963888888888889,0.918156800681315,0.04280555555555556,0.04666666666666667,0.055
geometry_sensitivity,13,0.9,1.35,conserved_quotient,0.025972780163258515,0.11660118420944002,0.9716666666666667,0.7213114754098361,0.8549273655280722,0.0,0.0,1.5407439555097887e-32,0.01236552909798082,1.1052714481756958,0.04629918825094707,0.056666666666666664,0.06666666666666667
geometry_sensitivity,13,0.9,1.35,access_only,0.032426710376064725,0.13083317978655593,0.9566666666666667,0.6486486486486487,0.8465149310607635,0.0,0.0,2.465190328815662e-32,0.007387314439946011,0.9880387941612431,0.04927935222672064,0.056666666666666664,0.06666666666666667
geometry_sensitivity,13,0.9,1.35,oracle_intrinsic,0.02557,0.11525516543589126,0.9716666666666667,0.7213114754098361,0.8549273655280722,0.0,0.0,1.560003254953661e-32,0.008433333333333336,1.0172941862294231,0.04850000000000001,0.056666666666666664,0.06666666666666667
geometry_sensitivity,14,0.9,1.35,conserved_quotient,0.022375040589780314,0.10059941283569278,0.9755555555555555,0.7411764705882353,0.8710768459159332,0.0,0.0,2.850376317693109e-32,0.007309660038112194,1.0037598231167146,0.048114135438780625,0.050555555555555555,0.06722222222222222
geometry_sensitivity,14,0.9,1.35,access_only,0.03052075099851202,0.11845123885264497,0.9566666666666667,0.6320754716981132,0.8620875905837871,0.0,0.0,3.0814879110195774e-33,0.011102409046214347,0.8307891612777595,0.0536468534906588,0.050555555555555555,0.06722222222222222
geometry_sensitivity,14,0.9,1.35,oracle_intrinsic,0.02225838888888889,0.10017347534189247,0.9755555555555555,0.7411764705882353,0.8710768459159332,0.0,0.0,3.0814879110195774e-33,0.007016666666666665,1.0059376561463875,0.04722777777777778,0.050555555555555555,0.06722222222222222
geometry_sensitivity,15,0.9,1.35,conserved_quotient,0.024456040196240824,0.10425402331497019,0.9711111111111111,0.7204301075268817,0.8574430670225237,0.0,0.0,1.2518544638517033e-32,0.006866702935345044,0.9371392136668818,0.05213336960201171,0.052222222222222225,0.07
geometry_sensitivity,15,0.9,1.35,access_only,0.030127208717292745,0.11663376869671845,0.9566666666666667,0.6454545454545455,0.8513070265146792,0.0,0.0,1.8488927466117464e-32,0.008015634218289096,0.8891088375107082,0.053282300884955745,0.052222222222222225,0.07
geometry_sensitivity,15,0.9,1.35,oracle_intrinsic,0.024386777777777778,0.10396053043240112,0.9711111111111111,0.7204301075268817,0.8574430670225237,0.0,0.0,6.162975822039155e-33,0.00598888888888889,0.9537157277810957,0.05092222222222222,0.052222222222222225,0.07
geometry_sensitivity,16,0.9,1.35,conserved_quotient,0.02373259934296742,0.10809643567608457,0.975,0.7643979057591623,0.8563078283744557,0.0,0.0,3.274080905458301e-33,0.010202591173030377,1.0653139192347203,0.04888303441356988,0.057777777777777775,0.06111111111111111
geometry_sensitivity,16,0.9,1.35,access_only,0.02888478533835364,0.11977272535816534,0.9655555555555555,0.7102803738317757,0.8504229408563135,0.0,0.0,9.244463733058732e-33,0.01167192501143119,1.1413587350278644,0.04610585276634659,0.057777777777777775,0.06111111111111111
geometry_sensitivity,16,0.9,1.35,oracle_intrinsic,0.023467000000000002,0.10717285392165354,0.975,0.7643979057591623,0.8563078283744557,0.0,0.0,6.933347799794049e-33,0.010488888888888897,1.0689256439343482,0.04873333333333333,0.057777777777777775,0.06111111111111111
geometry_sensitivity,17,0.9,1.35,conserved_quotient,0.026964409733627785,0.11568374086699243,0.9694444444444444,0.7488584474885844,0.8770169547055451,0.0,0.0,0.0,0.01061000867816308,1.0684450999738886,0.05383443576628137,0.06444444444444444,0.07944444444444444
geometry_sensitivity,17,0.9,1.35,access_only,0.03302199763755524,0.1285062219019635,0.9561111111111111,0.694980694980695,0.86865734294373,0.0,0.0,0.0,0.009631893004115221,1.0879415483373858,0.054812551440329225,0.06444444444444444,0.07944444444444444
geometry_sensitivity,17,0.9,1.35,oracle_intrinsic,0.02653361111111111,0.11388543263145326,0.9694444444444444,0.7488584474885844,0.8770169547055451,0.0,0.0,1.232595164407831e-32,0.007250000000000006,1.0218326459866658,0.057194444444444444,0.06444444444444444,0.07944444444444444
geometry_sensitivity,18,0.9,1.35,conserved_quotient,0.020960331898336133,0.08911436798577625,0.9766666666666667,0.7469879518072289,0.8826758778295103,0.0,0.0,1.925929944387236e-34,0.007357243234492478,1.0896870181682483,0.042202494349833315,0.049444444444444444,0.05388888888888889
geometry_sensitivity,18,0.9,1.35,access_only,0.022402731383063614,0.09232735954186233,0.9744444444444444,0.7526881720430108,0.8790509525279258,0.0,0.0,3.0814879110195774e-33,0.008928719397363461,1.2546863047240076,0.04051572504708099,0.049444444444444444,0.05388888888888889
geometry_sensitivity,18,0.9,1.35,oracle_intrinsic,0.020365499999999998,0.08789220578529185,0.9766666666666667,0.7469879518072289,0.8826758778295103,0.0,0.0,1.925929944387236e-34,0.0061500000000000036,1.0450854402732594,0.04433888888888889,0.049444444444444444,0.05388888888888889
geometry_sensitivity,19,0.9,1.35,conserved_quotient,0.026864913069772983,0.11964491662166739,0.9705555555555555,0.7225130890052356,0.8457009018474739,0.0,0.0,1.560003254953661e-32,0.01300524056611477,1.1169675595708677,0.04801310616651768,0.06,0.0661111111111111
geometry_sensitivity,19,0.9,1.35,access_only,0.03210628407451134,0.13152626245842056,0.9594444444444444,0.6784140969162996,0.8376017861833465,0.0,0.0,5.546678239835239e-32,0.009448989898989874,1.0248473705154486,0.0505510101010101,0.06,0.0661111111111111
geometry_sensitivity,19,0.9,1.35,oracle_intrinsic,0.02667672222222222,0.11903995847488545,0.9705555555555555,0.7225130890052356,0.8457009018474739,0.0,0.0,4.025193583769323e-32,0.012027777777777776,1.0756665280525033,0.04797222222222222,0.06,0.0661111111111111
geometry_sensitivity,0,0.9,1.7,conserved_quotient,0.02133996738138466,0.10514819446971366,0.9788888888888889,0.7076923076923077,0.8515962357425773,0.0,0.0,6.355568816477878e-33,0.01296646332711497,1.0849985293492472,0.03410183635290269,0.043333333333333335,0.04
geometry_sensitivity,0,0.9,1.7,access_only,0.026746959269518825,0.11750227382767725,0.9677777777777777,0.6133333333333333,0.8475758658685488,0.0,0.0,1.232595164407831e-32,0.008294736842105263,0.9910625311410065,0.03503859649122807,0.043333333333333335,0.04
geometry_sensitivity,0,0.9,1.7,oracle_intrinsic,0.021051555555555553,0.10428702018451544,0.9788888888888889,0.7076923076923077,0.8515962357425773,0.0,0.0,1.560003254953661e-32,0.012377777777777783,1.070542749311777,0.03451111111111111,0.043333333333333335,0.04
geometry_sensitivity,1,0.9,1.7,conserved_quotient,0.019719736932442184,0.09050797666433924,0.9772222222222222,0.6870229007633588,0.8284061320004353,0.0,0.0,6.162975822039155e-33,0.007645686934159198,0.9699020451095525,0.03663151719942872,0.03833333333333333,0.043333333333333335
geometry_sensitivity,1,0.9,1.7,access_only,0.023123973845362526,0.0977103265265474,0.9694444444444444,0.6258503401360545,0.8227882015087199,0.0,0.0,6.162975822039155e-33,0.004182035306334382,0.9572157683361747,0.03609314641744548,0.03833333333333333,0.043333333333333335
geometry_sensitivity,1,0.9,1.7,oracle_intrinsic,0.01977922222222222,0.0905544897978265,0.9772222222222222,0.6870229007633588,0.8284061320004353,0.0,0.0,3.0814879110195774e-33,0.008033333333333333,0.9301113745231673,0.03765555555555555,0.03833333333333333,0.043333333333333335
geometry_sensitivity,2,0.9,1.7,conserved_quotient,0.020004806769362324,0.08835787110993171,0.9777777777777777,0.7530864197530864,0.8692418692418692,0.0,0.0,2.7733391199176196e-32,0.005507253433135916,0.9912398862436667,0.04467105973329271,0.04666666666666667,0.052222222222222225
geometry_sensitivity,2,0.9,1.7,access_only,0.02245921769179402,0.09356613494908443,0.9722222222222222,0.7191011235955056,0.8667651792651793,0.0,0.0,3.0814879110195774e-33,0.004219098822324623,1.0769169944798485,0.042447567844342046,0.04666666666666667,0.052222222222222225
geometry_sensitivity,2,0.9,1.7,oracle_intrinsic,0.019954777777777776,0.08823317001273384,0.9777777777777777,0.7530864197530864,0.8692418692418692,0.0,0.0,0.0,0.005322222222222226,0.999834382373215,0.044300000000000006,0.04666666666666667,0.052222222222222225
geometry_sensitivity,3,0.9,1.7,conserved_quotient,0.022175992629736612,0.10382438201692237,0.9761111111111112,0.6906474820143885,0.7808001362900707,0.0,0.0,6.162975822039155e-33,0.008831523932565125,1.076521512315845,0.036724031622990434,0.04555555555555556,0.04777777777777778
geometry_sensitivity,3,0.9,1.7,access_only,0.027201417578832824,0.11545516707540167,0.9655555555555555,0.6309523809523809,0.7765552684630456,0.0,0.0,3.0814879110195774e-33,0.007538066766317879,1.0220783593374236,0.03801748878923766,0.04555555555555556,0.04777777777777778
geometry_sensitivity,3,0.9,1.7,oracle_intrinsic,0.022272777777777773,0.10411505803985417,0.9761111111111112,0.6906474820143885,0.7808001362900707,0.0,0.0,6.355568816477878e-33,0.009177777777777778,1.0688684303868863,0.036800000000000006,0.04555555555555556,0.04777777777777778
geometry_sensitivity,4,0.9,1.7,conserved_quotient,0.021814833679971363,0.0965118299129457,0.9755555555555555,0.6944444444444444,0.8579954817438027,0.0,0.0,1.9259299443872359e-32,0.007000107333118257,0.889613298692393,0.04268899622200714,0.042222222222222223,0.04888888888888889
geometry_sensitivity,4,0.9,1.7,access_only,0.024614005073151198,0.10176376832461369,0.9677777777777777,0.6463414634146342,0.8562935034802784,0.0,0.0,3.0814879110195774e-32,0.007004725992961295,0.8805279834305293,0.04269361488185018,0.042222222222222223,0.04888888888888889
geometry_sensitivity,4,0.9,1.7,oracle_intrinsic,0.02169822222222222,0.0959298487487391,0.9755555555555555,0.6944444444444444,0.8579954817438027,0.0,0.0,1.560003254953661e-32,0.006244444444444452,0.9398513273558576,0.04028888888888889,0.042222222222222223,0.04888888888888889
geometry_sensitivity,5,0.9,1.7,conserved_quotient,0.02161085580535771,0.10207162907860463,0.9766666666666667,0.6818181818181818,0.8263976302281584,0.0,0.0,6.162975822039155e-33,0.0095450547745938,1.112598518265201,0.03374897242007093,0.042777777777777776,0.042222222222222223
geometry_sensitivity,5,0.9,1.7,access_only,0.02583051858709985,0.11169737097014792,0.9683333333333334,0.6274509803921569,0.823299741465731,0.0,0.0,6.162975822039155e-33,0.008796330275229353,1.0823546855277546,0.03398144750254842,0.042777777777777776,0.042222222222222223
geometry_sensitivity,5,0.9,1.7,oracle_intrinsic,0.021416,0.1013907915369112,0.9766666666666667,0.6818181818181818,0.8263976302281584,0.0,0.0,3.274080905458301e-33,0.007966666666666669,1.046551728021953,0.03521111111111111,0.042777777777777776,0.042222222222222223
geometry_sensitivity,6,0.9,1.7,conserved_quotient,0.01887229588568662,0.08858880302689115,0.98,0.7391304347826086,0.8364727072902675,0.0,0.0,3.274080905458301e-33,0.00619532322009904,1.0386135755913166,0.038049327253406345,0.042222222222222223,0.044444444444444446
geometry_sensitivity,6,0.9,1.7,access_only,0.022617777777777775,0.09687050911247698,0.9722222222222222,0.6794871794871795,0.833572475271706,0.0,0.0,0.0,0.0048888888888888905,1.0554925316695027,0.037333333333333336,0.042222222222222223,0.044444444444444446
geometry_sensitivity,6,0.9,1.7,oracle_intrinsic,0.018702666666666666,0.0881982274176535,0.98,0.7391304347826086,0.8366711442178533,0.0,0.0,6.355568816477878e-33,0.006200000000000002,1.017740023404159,0.03855555555555556,0.042222222222222223,0.044444444444444446
geometry_sensitivity,7,0.9,1.7,conserved_quotient,0.01996728158290283,0.09227674586647373,0.9783333333333334,0.7272727272727273,0.8293948598826648,0.0,0.0,1.5407439555097887e-32,0.007215532732984081,1.0729108280704494,0.03797216343776293,0.043333333333333335,0.04555555555555556
geometry_sensitivity,7,0.9,1.7,access_only,0.023703126200274347,0.10073009616160637,0.9711111111111111,0.675,0.8272134369695345,0.0,0.0,0.0,0.007467901234567916,1.1352449467850292,0.035865432098765436,0.043333333333333335,0.04555555555555556
geometry_sensitivity,7,0.9,1.7,oracle_intrinsic,0.019727666666666664,0.09164961993893198,0.9783333333333334,0.7272727272727273,0.8293948598826648,0.0,0.0,3.0814879110195774e-33,0.005244444444444442,1.0286027051308904,0.03888888888888889,0.043333333333333335,0.04555555555555556
geometry_sensitivity,8,0.9,1.7,conserved_quotient,0.023961650210217168,0.10777993668584476,0.9711111111111111,0.6119402985074627,0.8208231884057972,0.0,0.0,9.437056727497456e-33,0.010936109893918043,0.9118786389598462,0.03698583910426047,0.041666666666666664,0.045
geometry_sensitivity,8,0.9,1.7,access_only,0.02711957407407407,0.11481192406172633,0.9644444444444444,0.5897435897435898,0.8151342995169082,0.0,0.0,9.244463733058732e-33,0.009505555555555552,0.8840068895504686,0.03805000000000001,0.041666666666666664,0.045
geometry_sensitivity,8,0.9,1.7,oracle_intrinsic,0.02422194444444444,0.10822705190648678,0.9711111111111111,0.6119402985074627,0.8208231884057972,0.0,0.0,3.274080905458301e-33,0.010727777777777779,0.9313433841335982,0.03640555555555556,0.041666666666666664,0.045
geometry_sensitivity,9,0.9,1.7,conserved_quotient,0.028376001194500157,0.1293610107575747,0.9683333333333334,0.5714285714285714,0.7720494186046511,0.0,0.0,1.8681520460556188e-32,0.012845624362001163,0.9234057943723059,0.034256735473112275,0.044444444444444446,0.04055555555555555
geometry_sensitivity,9,0.9,1.7,access_only,0.03072210388480841,0.13435886092914479,0.9616666666666667,0.5490196078431373,0.7694985465116279,0.0,0.0,1.8488927466117464e-32,0.012593549236440233,0.9348588935131505,0.03400466034755134,0.044444444444444446,0.04055555555555555
geometry_sensitivity,9,0.9,1.7,oracle_intrinsic,0.028378833333333332,0.12938610280318946,0.9683333333333334,0.5714285714285714,0.7720494186046511,0.0,0.0,6.355568816477878e-33,0.01355,0.9182375000557105,0.034072222222222226,0.044444444444444446,0.04055555555555555
geometry_sensitivity,10,0.9,1.7,conserved_quotient,0.01874797414002111,0.0887059184306272,0.98,0.7096774193548387,0.8076877315163677,0.0,0.0,6.162975822039155e-33,0.007148365582080481,1.0908289085070122,0.033407189973475075,0.04055555555555555,0.03722222222222222
geometry_sensitivity,10,0.9,1.7,access_only,0.020779184915129638,0.09329309282096789,0.9766666666666667,0.7,0.806006139397641,0.0,0.0,1.5407439555097887e-32,0.00706281233386497,1.1368080016594142,0.03349274322169059,0.04055555555555555,0.03722222222222222
geometry_sensitivity,10,0.9,1.7,oracle_intrinsic,0.0188765,0.08898435356379968,0.98,0.7096774193548387,0.8076877315163677,0.0,0.0,3.0814879110195774e-33,0.007805555555555556,1.122634067873414,0.03275,0.04055555555555555,0.03722222222222222
geometry_sensitivity,11,0.9,1.7,conserved_quotient,0.01852635371475314,0.08751053645271738,0.9805555555555555,0.7368421052631579,0.8481236714975845,0.0,0.0,1.8681520460556188e-32,0.007108629952350497,1.104923220244306,0.036090459984380166,0.041666666666666664,0.043333333333333335
geometry_sensitivity,11,0.9,1.7,access_only,0.022397020812444338,0.09623266611953565,0.9727777777777777,0.6797385620915033,0.845487922705314,0.0,0.0,2.1570415377137042e-32,0.00575638766519823,1.0926205977176968,0.035910279001468426,0.041666666666666664,0.043333333333333335
geometry_sensitivity,11,0.9,1.7,oracle_intrinsic,0.01825122222222222,0.08675497832375462,0.9805555555555555,0.7368421052631579,0.8481236714975845,0.0,0.0,4.025193583769323e-32,0.005211111111111118,1.0624355825895837,0.036677777777777774,0.041666666666666664,0.043333333333333335
geometry_sensitivity,12,0.9,1.7,conserved_quotient,0.016761384564410658,0.07661526973531005,0.98,0.71875,0.863427183806548,0.0,0.0,1.232595164407831e-32,0.002843311788740871,0.9372100929549508,0.0390589162256651,0.03777777777777778,0.042777777777777776
geometry_sensitivity,12,0.9,1.7,access_only,0.019662686357116474,0.08334255433649845,0.975,0.6896551724137931,0.8606507268034235,0.0,0.0,0.0,0.0014965877044557361,1.0399408379475874,0.036281190073322055,0.03777777777777778,0.042777777777777776
geometry_sensitivity,12,0.9,1.7,oracle_intrinsic,0.016838833333333334,0.0767256102152128,0.98,0.71875,0.863427183806548,0.0,0.0,3.0814879110195774e-33,0.0030944444444444487,0.9718599331840583,0.037816666666666665,0.03777777777777778,0.042777777777777776
geometry_sensitivity,13,0.9,1.7,conserved_quotient,0.023088677061920203,0.1025857314761421,0.9733333333333334,0.6666666666666666,0.8337055898031508,0.0,0.0,1.560003254953661e-32,0.0074665201338200635,0.9225763905527659,0.04009977188777666,0.043333333333333335,0.04888888888888889
geometry_sensitivity,13,0.9,1.7,access_only,0.026113544312695545,0.10910159758792565,0.9655555555555555,0.6265060240963856,0.8305414098097025,0.0,0.0,0.0,0.006411551639745475,0.942038014343124,0.03987821830641214,0.043333333333333335,0.04888888888888889
geometry_sensitivity,13,0.9,1.7,oracle_intrinsic,0.022868,0.1021975181918558,0.9733333333333334,0.6666666666666666,0.8337055898031508,0.0,0.0,2.792598419361492e-32,0.009177777777777776,0.933269332436548,0.04006666666666667,0.043333333333333335,0.04888888888888889
geometry_sensitivity,14,0.9,1.7,conserved_quotient,0.019881048377239086,0.08697702142003065,0.9755555555555555,0.65625,0.8505253823985812,0.0,0.0,3.274080905458301e-33,0.00545893923702224,0.8662859404420373,0.0384256059036889,0.03611111111111111,0.04611111111111111
geometry_sensitivity,14,0.9,1.7,access_only,0.0225751025988995,0.09273924576001472,0.9677777777777777,0.6081081081081081,0.8463311904234094,0.0,0.0,1.232595164407831e-32,0.004158345463367303,0.9018571991026229,0.03712501213003396,0.03611111111111111,0.04611111111111111
geometry_sensitivity,14,0.9,1.7,oracle_intrinsic,0.019936055555555558,0.08705071564146745,0.9755555555555555,0.65625,0.8505253823985812,0.0,0.0,1.560003254953661e-32,0.0055833333333333325,0.8641371503831712,0.03855,0.03611111111111111,0.04611111111111111
geometry_sensitivity,15,0.9,1.7,conserved_quotient,0.022023124018920606,0.09663245454123334,0.9727777777777777,0.6016260162601627,0.8190164170506913,0.0,0.0,1.5407439555097887e-32,0.007591390761502,0.8598170057549936,0.03562472409483534,0.035555555555555556,0.042777777777777776
geometry_sensitivity,15,0.9,1.7,access_only,0.024012976853434502,0.10085792900908248,0.9661111111111111,0.5673758865248227,0.8160912298387096,0.0,0.0,6.162975822039155e-33,0.006476606875934239,0.882350675005797,0.03450994020926757,0.035555555555555556,0.042777777777777776
geometry_sensitivity,15,0.9,1.7,oracle_intrinsic,0.022337277777777775,0.09747807390113776,0.9727777777777777,0.6016260162601627,0.8190164170506913,0.0,0.0,3.274080905458301e-33,0.008572222222222224,0.8170814262529386,0.036472222222222225,0.035555555555555556,0.042777777777777776
geometry_sensitivity,16,0.9,1.7,conserved_quotient,0.02342375748070386,0.10732937227730673,0.9727777777777777,0.6141732283464567,0.7921130018980278,0.0,0.0,6.355568816477878e-33,0.01042588744582888,0.9477707662713685,0.03389046877499354,0.03944444444444444,0.041666666666666664
geometry_sensitivity,16,0.9,1.7,access_only,0.026826150262917233,0.11506166572885834,0.9644444444444444,0.5616438356164384,0.7873231290577473,0.0,0.0,9.244463733058732e-33,0.008804012345679013,0.9157599988855301,0.034081790123456794,0.03944444444444444,0.041666666666666664
geometry_sensitivity,16,0.9,1.7,oracle_intrinsic,0.023524277777777776,0.10743451905135527,0.9727777777777777,0.6141732283464567,0.7921130018980278,0.0,0.0,3.274080905458301e-33,0.011194444444444446,0.8941092081330794,0.03547222222222222,0.03944444444444444,0.041666666666666664
geometry_sensitivity,17,0.9,1.7,conserved_quotient,0.027811615872466305,0.12758932413895935,0.97,0.6447368421052632,0.7368521535485185,0.0,0.0,3.0814879110195774e-33,0.013855052467315512,1.0775276475154214,0.03725605864379561,0.051111111111111114,0.04722222222222222
geometry_sensitivity,17,0.9,1.7,access_only,0.031041722851062676,0.1347280506207502,0.9627777777777777,0.6214689265536724,0.7333265451583342,0.0,0.0,3.0814879110195774e-33,0.01194167869167869,1.012593137332023,0.039169432419432416,0.051111111111111114,0.04722222222222222
geometry_sensitivity,17,0.9,1.7,oracle_intrinsic,0.0278975,0.12774008183481278,0.97,0.6447368421052632,0.7368521535485185,0.0,0.0,0.0,0.014383333333333335,1.060324534432823,0.03701666666666666,0.051111111111111114,0.04722222222222222
geometry_sensitivity,18,0.9,1.7,conserved_quotient,0.026056695651842526,0.11622743551576796,0.9694444444444444,0.5736434108527132,0.7811504213943238,0.0,0.0,3.0814879110195774e-33,0.011745528880366809,0.9621266023929299,0.0348429942150056,0.043333333333333335,0.042777777777777776
geometry_sensitivity,18,0.9,1.7,access_only,0.027840486602540487,0.1202175932347082,0.965,0.5935483870967742,0.7792072426218768,0.0,0.0,1.8488927466117464e-32,0.009410527650938607,0.9403148460577281,0.03633274987316083,0.043333333333333335,0.042777777777777776
geometry_sensitivity,18,0.9,1.7,oracle_intrinsic,0.026438611111111107,0.11736608981823328,0.9694444444444444,0.5736434108527132,0.7811504213943238,0.0,0.0,3.0814879110195774e-33,0.012883333333333333,0.9502682105550943,0.03398333333333334,0.043333333333333335,0.042777777777777776
geometry_sensitivity,19,0.9,1.7,conserved_quotient,0.022678514555809548,0.10149732459439696,0.9738888888888889,0.6666666666666666,0.8114297626492748,0.0,0.0,3.851859888774472e-33,0.008727500231444156,0.9539295172938357,0.039067311089310566,0.043333333333333335,0.04777777777777778
geometry_sensitivity,19,0.9,1.7,access_only,0.02572973385108481,0.10813050893497128,0.9666666666666667,0.6341463414634146,0.806419190565532,0.0,0.0,6.162975822039155e-33,0.006583547008547014,0.9365433037608955,0.04007243589743591,0.043333333333333335,0.04777777777777778
geometry_sensitivity,19,0.9,1.7,oracle_intrinsic,0.02253055555555555,0.10110347667908454,0.9738888888888889,0.6666666666666666,0.8114297626492748,0.0,0.0,3.851859888774472e-33,0.007933333333333337,0.9731446869913619,0.038533333333333336,0.043333333333333335,0.04777777777777778
geometry_sensitivity,0,1.08,0.65,conserved_quotient,0.03236337448078831,0.12885250823872066,0.9627777777777777,0.8194070080862533,0.9153601990632722,0.0,0.0,9.244463733058732e-33,0.014452683561368732,1.079335709395838,0.09096391841554997,0.09944444444444445,0.13722222222222222
geometry_sensitivity,0,1.08,0.65,access_only,0.04421018202504329,0.15559806714074595,0.9377777777777778,0.7370892018779343,0.8966876781350914,0.0,0.0,6.162975822039155e-33,0.010669174041297934,1.082551845740253,0.08877527040314653,0.09944444444444445,0.13722222222222222
geometry_sensitivity,0,1.08,0.65,oracle_intrinsic,0.031552944444444446,0.12676824736304157,0.9627777777777777,0.8194070080862533,0.9153601990632722,0.0,0.0,3.0814879110195774e-32,0.007394444444444464,1.0088181373397962,0.09645,0.09944444444444445,0.13722222222222222
geometry_sensitivity,0,1.08,0.65,interaction_logistic,0.045751171062644654,0.17005929302582362,0.9377777777777778,0.6521739130434783,0.922411505415996,0.0,0.359375,0.009085470103529223,0.02871236376803297,0.9867883516032171,0.10225729062177284,0.09944444444444445,0.13722222222222222
geometry_sensitivity,1,1.08,0.65,conserved_quotient,0.04118954477957569,0.16198101462230008,0.95,0.7527472527472527,0.8932033815942294,0.0,0.0,5.623715437610729e-32,0.016602323466708667,0.9365751793350123,0.09511145655969745,0.09944444444444445,0.13833333333333334
geometry_sensitivity,1,1.08,0.65,access_only,0.05143035570786381,0.18496918048604802,0.9255555555555556,0.6869158878504673,0.8748892848403806,0.0,0.0,4.3140830754274083e-32,0.0172085309158531,0.8922441078042557,0.09833075313807531,0.09944444444444445,0.13833333333333334
geometry_sensitivity,1,1.08,0.65,oracle_intrinsic,0.04063216666666667,0.16023376396696334,0.95,0.7527472527472527,0.8932033815942294,0.0,0.0,1.8488927466117464e-32,0.016438888888888902,0.9493069507821387,0.09367222222222223,0.09944444444444445,0.13833333333333334
geometry_sensitivity,1,1.08,0.65,interaction_logistic,0.04212913699234178,0.1749696349835239,0.9505555555555556,0.7548209366391184,0.90649953990743,0.0,0.005405405405405406,0.004083912373644583,0.02971659396687615,0.8624272419427179,0.11642189462156302,0.09944444444444445,0.13833333333333334
geometry_sensitivity,2,1.08,0.65,conserved_quotient,0.035667738803153576,0.14306261772107426,0.9594444444444444,0.8021680216802168,0.9105835450087614,0.0,0.0,3.158525108795067e-32,0.013486167475856053,0.9667529002478672,0.10073291082642716,0.10111111111111111,0.14055555555555554
geometry_sensitivity,2,1.08,0.65,access_only,0.04786158514901077,0.169444788070494,0.9316666666666666,0.7172413793103448,0.8915667151143047,0.0,0.0,1.3866695599588098e-31,0.013274242424242425,0.9095761650181193,0.10268535353535352,0.10111111111111111,0.14055555555555554
geometry_sensitivity,2,1.08,0.65,oracle_intrinsic,0.035139944444444446,0.14122605632351384,0.9594444444444444,0.8021680216802168,0.9105835450087614,0.0,0.0,4.3140830754274083e-32,0.010727777777777796,0.9910916446551641,0.09602777777777778,0.10111111111111111,0.14055555555555554
geometry_sensitivity,2,1.08,0.65,interaction_logistic,0.04251258496298629,0.16989033658202402,0.9416666666666667,0.6534653465346535,0.9121048914003178,0.0,0.35294117647058826,0.01202987052105645,0.027065039007716,1.0307591549231252,0.08071445573571889,0.10111111111111111,0.14055555555555554
geometry_sensitivity,3,1.08,0.65,conserved_quotient,0.03653755758800064,0.14002157707816787,0.9538888888888889,0.7930174563591023,0.928875207845919,0.0,0.0,1.3096323621833204e-32,0.012617377716152987,0.9989129254971603,0.10074902174447752,0.10611111111111111,0.14722222222222223
geometry_sensitivity,3,1.08,0.65,access_only,0.0463138528137907,0.1616224378046891,0.9344444444444444,0.7412280701754386,0.9173920258753934,0.0,0.0,1.8488927466117464e-32,0.009616528354080237,1.0610937775365756,0.09649458275703089,0.10611111111111111,0.14722222222222223
geometry_sensitivity,3,1.08,0.65,oracle_intrinsic,0.036408388888888886,0.1395432762967143,0.9538888888888889,0.7930174563591023,0.928875207845919,0.0,0.0,1.8488927466117464e-32,0.011738888888888877,0.9848401807394882,0.10314999999999999,0.10611111111111111,0.14722222222222223
geometry_sensitivity,3,1.08,0.65,interaction_logistic,0.03932508397057667,0.16916357859061368,0.9511111111111111,0.7582417582417582,0.9016266485313307,0.0,0.1761904761904762,0.00927755545945571,0.015587228493652504,0.9911034235460482,0.10127385826996795,0.10611111111111111,0.14722222222222223
geometry_sensitivity,4,1.08,0.65,conserved_quotient,0.03508414024964615,0.13287834595572443,0.9544444444444444,0.7759562841530054,0.9328668131868132,0.0,0.0,6.933347799794049e-33,0.013573558602224993,0.9846952520721479,0.09311572727692377,0.09722222222222222,0.13666666666666666
geometry_sensitivity,4,1.08,0.65,access_only,0.04284774578367014,0.14982421163310522,0.9383333333333334,0.7363420427553444,0.9152773626373626,0.0,0.0,1.5407439555097887e-32,0.004064123159303899,1.014359518829159,0.09315809906291836,0.09722222222222222,0.13666666666666666
geometry_sensitivity,4,1.08,0.65,oracle_intrinsic,0.03491011111111111,0.13204901346204087,0.9544444444444444,0.7759562841530054,0.9328668131868132,0.0,0.0,1.5407439555097887e-32,0.011555555555555553,0.9629142077118328,0.09622222222222221,0.09722222222222222,0.13666666666666666
geometry_sensitivity,4,1.08,0.65,interaction_logistic,0.036888266383495946,0.1488866957097788,0.9488888888888889,0.7309941520467836,0.914981978021978,0.0,0.1256544502617801,0.005543229943865876,0.01824892378992508,0.9686665588091766,0.0946636345660669,0.09722222222222222,0.13666666666666666
geometry_sensitivity,5,1.08,0.65,conserved_quotient,0.033620872575129794,0.13435528243554337,0.9605555555555556,0.7905604719764012,0.9002288448923609,0.0,0.0,1.617781153285278e-32,0.012831542882683901,0.9996786608291318,0.0871471027021772,0.09111111111111111,0.13111111111111112
geometry_sensitivity,5,1.08,0.65,access_only,0.044798,0.1586006107029244,0.9333333333333333,0.7,0.8876498300435327,0.0,0.0,9.244463733058732e-33,0.0055333333333333215,0.9794492719336464,0.08735555555555556,0.09111111111111111,0.13111111111111112
geometry_sensitivity,5,1.08,0.65,oracle_intrinsic,0.03333822222222222,0.13376953352337173,0.9605555555555556,0.7905604719764012,0.9002288448923609,0.0,0.0,3.274080905458301e-33,0.011522222222222222,0.963134324675372,0.09027777777777778,0.09111111111111111,0.13111111111111112
geometry_sensitivity,5,1.08,0.65,interaction_logistic,0.04270096315831695,0.18640561111306622,0.9422222222222222,0.6363636363636364,0.912382968572962,0.0,0.3028571428571429,0.013492287524923376,0.03046542649965659,0.9535380402382364,0.07203904347776932,0.09111111111111111,0.13111111111111112
geometry_sensitivity,6,1.08,0.65,conserved_quotient,0.034678411530871145,0.1344911331967033,0.9583333333333334,0.804177545691906,0.9339396148831283,0.0,0.0,6.162975822039155e-33,0.0063306780032596635,1.0152963499027652,0.10119627933382427,0.105,0.14666666666666667
geometry_sensitivity,6,1.08,0.65,access_only,0.045484495979395516,0.15838109690528673,0.935,0.7417218543046358,0.9222869229076553,0.0,0.0,4.3140830754274083e-32,0.005102390998593526,0.9732767093792906,0.10383572433192685,0.105,0.14666666666666667
geometry_sensitivity,6,1.08,0.65,oracle_intrinsic,0.03426933333333333,0.1327978186162882,0.9583333333333334,0.804177545691906,0.9351646583179792,0.0,0.0,1.8488927466117464e-32,0.007444444444444437,1.03160845820799,0.09755555555555555,0.105,0.14666666666666667
geometry_sensitivity,6,1.08,0.65,interaction_logistic,0.050862497340347104,0.2016553553778175,0.9383333333333334,0.7516778523489933,0.9350398549653671,0.0,0.0,0.0045281347008379194,0.08294288289150129,0.8530624422210591,0.18657210358238804,0.105,0.14666666666666667
geometry_sensitivity,7,1.08,0.65,conserved_quotient,0.03368914433316507,0.1329140006605821,0.9588888888888889,0.774390243902439,0.9182545731707317,0.0,0.0,4.025193583769323e-32,0.007183325621162421,0.9561045465437717,0.08762023882616073,0.08888888888888889,0.12611111111111112
geometry_sensitivity,7,1.08,0.65,access_only,0.043022095392585884,0.15269753361319097,0.9372222222222222,0.7080103359173127,0.9054077743902439,0.0,0.0,4.0059342843254506e-32,0.009497517730496459,0.9247716972094809,0.09030862884160756,0.08888888888888889,0.12611111111111112
geometry_sensitivity,7,1.08,0.65,oracle_intrinsic,0.03356605555555555,0.13190072989127002,0.9588888888888889,0.774390243902439,0.9182545731707317,0.0,0.0,2.792598419361492e-32,0.006261111111111111,0.9683101580665013,0.08644999999999999,0.08888888888888889,0.12611111111111112
geometry_sensitivity,7,1.08,0.65,interaction_logistic,0.04321866753462898,0.1737007290143645,0.9494444444444444,0.6956521739130435,0.905,0.0,0.19642857142857142,0.01634208957943345,0.036907765120203474,0.8783028046975654,0.11435975176804017,0.08888888888888889,0.12611111111111112
geometry_sensitivity,8,1.08,0.65,conserved_quotient,0.033187821303726925,0.13132602787593176,0.9594444444444444,0.8206388206388207,0.9340828410033167,0.0,0.0,5.315566646508771e-32,0.01748856141480815,1.079489801837128,0.10104020357064974,0.10666666666666667,0.15166666666666667
geometry_sensitivity,8,1.08,0.65,access_only,0.04741603179573026,0.16320139839910425,0.9316666666666666,0.7354838709677419,0.9124300373134329,0.0,0.0,3.0814879110195774e-32,0.011004855643044622,1.0846631627408263,0.09566181102362203,0.10666666666666667,0.15166666666666667
geometry_sensitivity,8,1.08,0.65,oracle_intrinsic,0.03216327777777778,0.1276570037292628,0.9594444444444444,0.8206388206388207,0.9340828410033167,0.0,0.0,1.560003254953661e-32,0.0128611111111111,0.9972735051649136,0.10693888888888889,0.10666666666666667,0.15166666666666667
geometry_sensitivity,8,1.08,0.65,interaction_logistic,0.03690920015765575,0.152001889673203,0.9544444444444444,0.7908163265306123,0.9209227300995025,0.0,0.06976744186046512,0.005389270274435411,0.023375861892070256,1.1752237086443917,0.10171173377267448,0.10666666666666667,0.15166666666666667
geometry_sensitivity,9,1.08,0.65,conserved_quotient,0.03687405859752339,0.14499929572889053,0.9561111111111111,0.7835616438356164,0.8999639784424833,0.0,0.0,6.355568816477878e-33,0.010284156640240207,0.9638271028036148,0.09474126292555093,0.09888888888888889,0.13722222222222222
geometry_sensitivity,9,1.08,0.65,access_only,0.04672059701873663,0.16647364531015812,0.9327777777777778,0.7152941176470589,0.887851729727483,0.0,0.0,0.0,0.0059508474576271345,0.9904634518439001,0.09293804143126178,0.09888888888888889,0.13722222222222222
geometry_sensitivity,9,1.08,0.65,oracle_intrinsic,0.03655627777777778,0.14399499877043434,0.9561111111111111,0.7835616438356164,0.8999639784424833,0.0,0.0,3.274080905458301e-33,0.008427777777777786,0.9747726961063056,0.0944611111111111,0.09888888888888889,0.13722222222222222
geometry_sensitivity,9,1.08,0.65,interaction_logistic,0.03724689137566512,0.14980606330587154,0.9561111111111111,0.7835616438356164,0.8985265797531138,0.0,0.0,0.00067307104682854,0.015013305832840057,0.9805291723226105,0.09128361435352773,0.09888888888888889,0.13722222222222222
geometry_sensitivity,10,1.08,0.65,conserved_quotient,0.030926456795951046,0.12809942249363185,0.9666666666666667,0.839572192513369,0.9304017160039917,0.0,0.0,2.484449628259534e-32,0.01539475656705782,1.0842773280094422,0.0935237327884394,0.10388888888888889,0.13111111111111112
geometry_sensitivity,10,1.08,0.65,access_only,0.0416483647673962,0.15216590983647607,0.9461111111111111,0.7706855791962175,0.9193683673097262,0.0,0.0,3.0814879110195774e-32,0.012610323709536332,1.0893846385120785,0.09127856517935258,0.10388888888888889,0.13111111111111112
geometry_sensitivity,10,1.08,0.65,oracle_intrinsic,0.030542666666666666,0.12680173154399518,0.9666666666666667,0.839572192513369,0.9304017160039917,0.0,0.0,3.0814879110195774e-32,0.011677777777777785,1.052127619060482,0.09447777777777779,0.10388888888888889,0.13111111111111112
geometry_sensitivity,10,1.08,0.65,interaction_logistic,0.04399823491505325,0.19404148846639013,0.955,0.7906976744186046,0.9147866101295954,0.010869565217391304,0.0213903743315508,0.0057895711421581866,0.03788718982759661,0.8712838141253412,0.1381576984558493,0.10388888888888889,0.13111111111111112
geometry_sensitivity,11,1.08,0.65,conserved_quotient,0.03212206365078539,0.13149158548754294,0.9627777777777777,0.825974025974026,0.9290226085170302,0.0,0.0,6.471124613141112e-32,0.012398226653928838,1.064290175800637,0.09757109379399263,0.10777777777777778,0.14166666666666666
geometry_sensitivity,11,1.08,0.65,access_only,0.04544670208429726,0.1631872432827494,0.9383333333333334,0.7527839643652561,0.914107534888498,0.0,0.0,2.465190328815662e-32,0.0087811653116531,1.0292138707996326,0.09899661246612464,0.10777777777777778,0.14166666666666666
geometry_sensitivity,11,1.08,0.65,oracle_intrinsic,0.03190827777777777,0.1312283743587001,0.9627777777777777,0.825974025974026,0.9290226085170302,0.0,0.0,6.471124613141112e-32,0.010872222222222222,1.0612301270894133,0.09717222222222223,0.10777777777777778,0.14166666666666666
geometry_sensitivity,11,1.08,0.65,interaction_logistic,0.05665427578529758,0.2289015649239692,0.9477777777777778,0.7740384615384616,0.9230398890757597,0.020064724919093852,0.0,0.0038682437204192667,0.10442607203095246,0.8257435708177778,0.21220384980873025,0.10777777777777778,0.14166666666666666
geometry_sensitivity,12,1.08,0.65,conserved_quotient,0.03158870987824274,0.12600351720160963,0.9616666666666667,0.8034188034188035,0.9179177192349333,0.0,0.0,1.5407439555097887e-32,0.00587607692769719,0.9787185339780518,0.09314274359436385,0.09444444444444444,0.13666666666666666
geometry_sensitivity,12,1.08,0.65,access_only,0.045061519508050714,0.15724642204573672,0.9333333333333333,0.7115384615384616,0.9004294478527607,0.0,0.0,1.232595164407831e-32,0.009342375168690948,0.9270097969684897,0.09660904183535761,0.09444444444444444,0.13666666666666666
geometry_sensitivity,12,1.08,0.65,oracle_intrinsic,0.031717666666666665,0.1266738560212406,0.9616666666666667,0.8034188034188035,0.9179177192349333,0.0,0.0,3.389636702121535e-32,0.008244444444444462,1.0058316367360547,0.09184444444444444,0.09444444444444444,0.13666666666666666
geometry_sensitivity,12,1.08,0.65,interaction_logistic,0.03835472629887047,0.14660113345066583,0.9483333333333334,0.6690391459074733,0.9187585709130278,0.0,0.3867403314917127,0.008067258690588552,0.01660111528467371,1.1470297496685657,0.07821953412525298,0.09444444444444444,0.13666666666666666
geometry_sensitivity,13,1.08,0.65,conserved_quotient,0.04617316765281551,0.1826388240718623,0.9438888888888889,0.7154929577464789,0.8873737513681265,0.0,0.0,3.274080905458301e-33,0.018512794013586364,0.9285849088457346,0.09049518555156927,0.09888888888888889,0.135
geometry_sensitivity,13,1.08,0.65,access_only,0.05456900135750498,0.2008387593100502,0.9205555555555556,0.6603325415676959,0.8747003976225772,0.0,0.0,0.0,0.01820408299866134,0.9109431111348996,0.09105963855421685,0.09888888888888889,0.135
geometry_sensitivity,13,1.08,0.65,oracle_intrinsic,0.04647205555555555,0.1834929120476252,0.9438888888888889,0.7154929577464789,0.8873737513681265,0.0,0.0,3.0814879110195774e-33,0.019738888888888893,0.9110600377661461,0.09015,0.09888888888888889,0.135
geometry_sensitivity,13,1.08,0.65,interaction_logistic,0.050145600225283526,0.22190901795043894,0.9444444444444444,0.7175141242937854,0.8708246165782291,0.0,0.005649717514124294,0.0022522336552036693,0.03617457094991459,0.7806041417298131,0.09733128171286475,0.09888888888888889,0.135
geometry_sensitivity,14,1.08,0.65,conserved_quotient,0.03154312931734239,0.118775432741013,0.96,0.797752808988764,0.9329919467787114,0.0,0.0,4.025193583769323e-32,0.007080384847848524,0.9750529743156995,0.09645147893043685,0.09333333333333334,0.135
geometry_sensitivity,14,1.08,0.65,access_only,0.04044165259611573,0.13885937640782303,0.9405555555555556,0.7396593673965937,0.914952439309057,0.0,0.0,9.55261252416069e-32,0.001915134099616876,0.9797863099298537,0.09477068965517241,0.09333333333333334,0.135
geometry_sensitivity,14,1.08,0.65,oracle_intrinsic,0.03133183333333333,0.11812642937020974,0.96,0.797752808988764,0.9329919467787114,0.0,0.0,9.244463733058732e-33,0.0045500000000000046,0.9754403813468255,0.09473888888888887,0.09333333333333334,0.135
geometry_sensitivity,14,1.08,0.65,interaction_logistic,0.03535864073119892,0.14639139728073536,0.9605555555555556,0.8,0.9169511554621849,0.0,0.005319148936170213,0.004159870182347357,0.036312986459313364,0.9869354516365866,0.12179236050611583,0.09333333333333334,0.135
geometry_sensitivity,15,1.08,0.65,conserved_quotient,0.03305313009763405,0.13182208704764214,0.9616666666666667,0.8140161725067385,0.9250430477830391,0.0,0.0,3.0814879110195774e-33,0.010885997999360183,1.041350490368597,0.09406061741810723,0.10222222222222223,0.1361111111111111
geometry_sensitivity,15,1.08,0.65,access_only,0.043359369108344994,0.15508797427329835,0.9405555555555556,0.7505827505827506,0.9139414281102023,0.0,0.0,1.5407439555097887e-32,0.007522047832585914,1.0322437476392512,0.0947001743896363,0.10222222222222223,0.1361111111111111
geometry_sensitivity,15,1.08,0.65,oracle_intrinsic,0.032730166666666664,0.1309548104778812,0.9616666666666667,0.8140161725067385,0.9250430477830391,0.0,0.0,2.484449628259534e-32,0.007594444444444438,1.0296977360721549,0.09462777777777777,0.10222222222222223,0.1361111111111111
geometry_sensitivity,15,1.08,0.65,interaction_logistic,0.04196643834960319,0.16775098139207348,0.9483333333333334,0.693069306930693,0.938330687688334,0.0,0.36363636363636365,0.012053416161074856,0.03752858610754993,1.1297466027779315,0.06812379746539371,0.10222222222222223,0.1361111111111111
geometry_sensitivity,16,1.08,0.65,conserved_quotient,0.02679108681193537,0.11051103930733418,0.9683333333333334,0.822429906542056,0.924316594458749,0.0,0.0,6.596310059526283e-33,0.007788211340117443,1.0646382469429978,0.07998956643766034,0.08777777777777777,0.12111111111111111
geometry_sensitivity,16,1.08,0.65,access_only,0.04007269307649065,0.14146860994599916,0.9444444444444444,0.7340425531914894,0.9070560754868253,0.0,0.0,1.232595164407831e-32,0.01311255230125526,1.1619158858952883,0.07466522547652255,0.08777777777777777,0.12111111111111111
geometry_sensitivity,16,1.08,0.65,oracle_intrinsic,0.026661,0.11040772736404376,0.9683333333333334,0.822429906542056,0.924316594458749,0.0,0.0,1.8488927466117464e-32,0.006777777777777778,1.0396773295634243,0.08411111111111111,0.08777777777777777,0.12111111111111111
geometry_sensitivity,16,1.08,0.65,interaction_logistic,0.03242877562621521,0.14592348803975244,0.9683333333333334,0.8213166144200627,0.9216145793182133,0.0,0.012269938650306749,0.006498300508405639,0.04795764482721911,0.8944084259642288,0.1324163323842079,0.08777777777777777,0.12111111111111111
geometry_sensitivity,17,1.08,0.65,conserved_quotient,0.03494541065458192,0.1364029103071878,0.9577777777777777,0.7900552486187845,0.9189998294293542,0.0,0.0,1.5407439555097887e-32,0.01364705446429984,1.0689899112196564,0.08468627886903349,0.09833333333333333,0.135
geometry_sensitivity,17,1.08,0.65,access_only,0.04405772999101021,0.1549030581534224,0.9388888888888889,0.7380952380952381,0.9049225295974881,0.0,0.0,3.0814879110195774e-33,0.014023992673992687,1.1331495598415016,0.08430934065934066,0.09833333333333333,0.135
geometry_sensitivity,17,1.08,0.65,oracle_intrinsic,0.033890277777777776,0.13181329344805248,0.9577777777777777,0.7900552486187845,0.9189998294293542,0.0,0.0,3.4088960015654075e-32,0.007138888888888877,0.9960395299057686,0.0936388888888889,0.09833333333333333,0.135
geometry_sensitivity,17,1.08,0.65,interaction_logistic,0.03566141326507605,0.14026068278757098,0.9544444444444444,0.768361581920904,0.9299929335018153,0.0,0.043243243243243246,0.00777423999415789,0.01279015126506502,0.9603337312327674,0.1018472059560146,0.09833333333333333,0.135
geometry_sensitivity,18,1.08,0.65,conserved_quotient,0.030803064716850636,0.12434237608138782,0.9627777777777777,0.8112676056338028,0.9270898805782527,0.0,0.0,3.4088960015654075e-32,0.01047680950205553,0.9869087593446214,0.09586151831550928,0.09555555555555556,0.135
geometry_sensitivity,18,1.08,0.65,access_only,0.04395790549390709,0.15468348470415857,0.9361111111111111,0.7228915662650602,0.9075052854122622,0.0,0.0,8.936314941956774e-32,0.0038623706702654074,0.9896970095277755,0.09227348178137652,0.09555555555555556,0.135
geometry_sensitivity,18,1.08,0.65,oracle_intrinsic,0.030595611111111108,0.1236754129773523,0.9627777777777777,0.8112676056338028,0.9270898805782527,0.0,0.0,1.560003254953661e-32,0.009050000000000008,0.993936422397549,0.09434999999999999,0.09555555555555556,0.135
geometry_sensitivity,18,1.08,0.65,interaction_logistic,0.033771806196993624,0.14214259982851887,0.9627777777777777,0.8112676056338028,0.9100729958288097,0.0,0.0,0.00410991107460623,0.017773091026927302,0.9221468176750629,0.09774640366581325,0.09555555555555556,0.135
geometry_sensitivity,19,1.08,0.65,conserved_quotient,0.0390741873044051,0.15293054663522418,0.9527777777777777,0.7931873479318735,0.9089931777197695,0.0,0.0,9.437056727497456e-33,0.009298428833050564,0.9956647026585617,0.10477901093848996,0.11,0.1688888888888889
geometry_sensitivity,19,1.08,0.65,access_only,0.05598098970804453,0.19084530949682535,0.9122222222222223,0.6852589641434262,0.8857268061387912,0.0,0.0,1.232595164407831e-32,0.012645410628019337,0.9227085058095089,0.11037874396135264,0.11,0.1688888888888889
geometry_sensitivity,19,1.08,0.65,oracle_intrinsic,0.03920244444444445,0.15347792239000907,0.9527777777777777,0.7931873479318735,0.9089931777197695,0.0,0.0,2.484449628259534e-32,0.010433333333333336,0.9734608840755893,0.10816666666666666,0.11,0.1688888888888889
geometry_sensitivity,19,1.08,0.65,interaction_logistic,0.0475408024400717,0.2007208471733812,0.9344444444444444,0.6609195402298851,0.8929746907274997,0.0,0.29577464788732394,0.009579401143504338,0.028613928764468013,0.982109712777064,0.0922903972930479,0.11,0.1688888888888889
geometry_sensitivity,0,1.08,1.0,conserved_quotient,0.032611796422514536,0.13421374819179233,0.9622222222222222,0.7364341085271318,0.8689600425779506,0.0,0.0,6.162975822039155e-33,0.014369278186213504,1.017796763160412,0.06284910676578373,0.07388888888888889,0.09222222222222222
geometry_sensitivity,0,1.08,1.0,access_only,0.037809857742530956,0.14481825630821857,0.9494444444444444,0.6956521739130435,0.8615630257407165,0.0,0.0,9.244463733058732e-33,0.012719060901906096,1.0971510571822691,0.061169827986982804,0.07388888888888889,0.09222222222222222
geometry_sensitivity,0,1.08,1.0,oracle_intrinsic,0.03224255555555555,0.1331808578318064,0.9622222222222222,0.7364341085271318,0.8689600425779506,0.0,0.0,3.0814879110195774e-33,0.010955555555555559,0.9666497955923254,0.06668888888888888,0.07388888888888889,0.09222222222222222
geometry_sensitivity,1,1.08,1.0,conserved_quotient,0.02796047746903433,0.116402611248378,0.9672222222222222,0.7739463601532567,0.879584669688771,0.0,0.0,1.617781153285278e-32,0.007520199025831454,1.0076367653376732,0.06905789415898111,0.07444444444444444,0.09833333333333333
geometry_sensitivity,1,1.08,1.0,access_only,0.036289901429774826,0.13556010002051436,0.9494444444444444,0.707395498392283,0.8654835068355701,0.0,0.0,3.0814879110195774e-33,0.004562304866850299,0.988133813437074,0.07037341597796144,0.07444444444444444,0.09833333333333333
geometry_sensitivity,1,1.08,1.0,oracle_intrinsic,0.027422388888888885,0.11473642489896949,0.9672222222222222,0.7739463601532567,0.879584669688771,0.0,0.0,6.162975822039155e-33,0.008638888888888894,1.021401835427104,0.06856111111111111,0.07444444444444444,0.09833333333333333
geometry_sensitivity,2,1.08,1.0,conserved_quotient,0.02846067919282395,0.12211591685589121,0.9677777777777777,0.7819548872180451,0.9058424885112211,0.0,0.0,6.162975822039155e-33,0.009407378938938123,1.0299821434945295,0.06689075947231668,0.07611111111111112,0.08944444444444444
geometry_sensitivity,2,1.08,1.0,access_only,0.035130750139619325,0.13741655248118292,0.9555555555555556,0.7315436241610739,0.8994781219412635,0.0,0.0,3.697785493223493e-32,0.011053524229074891,1.072105170250096,0.06505758688203622,0.07611111111111112,0.08944444444444444
geometry_sensitivity,2,1.08,1.0,oracle_intrinsic,0.028771277777777774,0.12281222042898521,0.9677777777777777,0.7819548872180451,0.9047627408034903,0.0,0.0,1.5407439555097887e-32,0.011172222222222234,1.0053318095343902,0.06851666666666666,0.07611111111111112,0.08944444444444444
geometry_sensitivity,3,1.08,1.0,conserved_quotient,0.028328697648923422,0.11640335089741577,0.9666666666666667,0.7321428571428571,0.8546648352791826,0.0,0.0,3.0814879110195774e-33,0.008532219624650951,0.9348507410750294,0.06231020021280102,0.06333333333333334,0.07944444444444444
geometry_sensitivity,3,1.08,1.0,access_only,0.031749873791056205,0.12302786961709598,0.9572222222222222,0.7003891050583657,0.8486347838754656,0.0,0.0,6.162975822039155e-33,0.006305273069679844,0.9506894838990808,0.061383050847457626,0.06333333333333334,0.07944444444444444
geometry_sensitivity,3,1.08,1.0,oracle_intrinsic,0.0283885,0.11665869819949343,0.9666666666666667,0.7321428571428571,0.8546648352791826,0.0,0.0,6.162975822039155e-33,0.008594444444444443,0.9342344464900313,0.06040555555555556,0.06333333333333334,0.07944444444444444
geometry_sensitivity,4,1.08,1.0,conserved_quotient,0.023539252371263125,0.09907724476833778,0.9727777777777777,0.7677725118483413,0.8993327252652297,0.0,0.0,6.211124070648836e-33,0.0044437353090077325,1.0139068174309305,0.057222931357658935,0.06166666666666667,0.08555555555555555
geometry_sensitivity,4,1.08,1.0,access_only,0.031197082582720866,0.11575749282016325,0.955,0.6943396226415094,0.8904357288016258,0.0,0.0,9.244463733058732e-33,0.005378683834048648,0.9243939511717466,0.0642231282784931,0.06166666666666667,0.08555555555555555
geometry_sensitivity,4,1.08,1.0,oracle_intrinsic,0.02326611111111111,0.09814404336141286,0.9727777777777777,0.7677725118483413,0.8993327252652297,0.0,0.0,6.162975822039155e-33,0.006033333333333336,1.0536769038328293,0.05687777777777778,0.06166666666666667,0.08555555555555555
geometry_sensitivity,5,1.08,1.0,conserved_quotient,0.030767649469551756,0.12448881821558994,0.9638888888888889,0.7389558232931727,0.8984096653190318,0.0,0.0,4.8148248609680896e-33,0.010448906128334405,0.9203878313438829,0.06968753758490306,0.07055555555555555,0.09333333333333334
geometry_sensitivity,5,1.08,1.0,access_only,0.03626198744752112,0.13611951919680154,0.9494444444444444,0.6915254237288135,0.8896837686084219,0.0,0.0,6.162975822039155e-33,0.010098754359740926,0.9053769858083862,0.07100986547085203,0.07055555555555555,0.09333333333333334
geometry_sensitivity,5,1.08,1.0,oracle_intrinsic,0.030470222222222215,0.12342411004151219,0.9638888888888889,0.7389558232931727,0.8984096653190318,0.0,0.0,6.355568816477878e-33,0.012133333333333336,0.950214379284381,0.06655555555555556,0.07055555555555555,0.09333333333333334
geometry_sensitivity,6,1.08,1.0,conserved_quotient,0.027258498940348437,0.11143999202019653,0.9683333333333334,0.7816091954022989,0.9079838167704805,0.0,0.0,3.158525108795067e-32,0.007762719862719869,1.0374055008274272,0.0685878143449572,0.07388888888888889,0.09555555555555556
geometry_sensitivity,6,1.08,1.0,access_only,0.03356551964459253,0.12520638084757216,0.955,0.7344262295081967,0.8985841929358489,0.0,0.0,6.162975822039155e-33,0.00829115646258503,1.096980458159318,0.06559773242630385,0.07388888888888889,0.09555555555555556
geometry_sensitivity,6,1.08,1.0,oracle_intrinsic,0.027079333333333327,0.11107001091179876,0.9683333333333334,0.7816091954022989,0.9079838167704805,0.0,0.0,2.484449628259534e-32,0.006599999999999987,1.0081173840242494,0.06895555555555556,0.07388888888888889,0.09555555555555556
geometry_sensitivity,7,1.08,1.0,conserved_quotient,0.024799395578403195,0.10805920103569244,0.9722222222222222,0.8134328358208955,0.9182990901150414,0.0,0.0,3.0814879110195774e-33,0.00993945471362122,1.0676591841705911,0.06945219177548288,0.07611111111111112,0.10055555555555555
geometry_sensitivity,7,1.08,1.0,access_only,0.03605933223211721,0.13403284146310643,0.95,0.7169811320754716,0.9046486211270635,0.0,0.0,0.0,0.004362429378531066,0.9840706931330929,0.0729068738229755,0.07611111111111112,0.10055555555555555
geometry_sensitivity,7,1.08,1.0,oracle_intrinsic,0.024875055555555553,0.10840478401426988,0.9722222222222222,0.8134328358208955,0.9182990901150414,0.0,0.0,6.162975822039155e-33,0.00963888888888889,1.064272784672558,0.06980555555555555,0.07611111111111112,0.10055555555555555
geometry_sensitivity,8,1.08,1.0,conserved_quotient,0.027990035145562916,0.11872130829930419,0.9672222222222222,0.7686274509803922,0.880054219164027,0.0,0.0,2.465190328815662e-32,0.012518469650545129,0.9729881747741793,0.0688916890237645,0.07055555555555555,0.09444444444444444
geometry_sensitivity,8,1.08,1.0,access_only,0.03715960207303512,0.13955075003547124,0.9472222222222222,0.6801346801346801,0.8721472577434097,0.0,0.0,6.162975822039155e-33,0.009011870845204169,0.9288137723077126,0.06878964862298197,0.07055555555555555,0.09444444444444444
geometry_sensitivity,8,1.08,1.0,oracle_intrinsic,0.02757322222222222,0.11739253295950694,0.9672222222222222,0.7686274509803922,0.880054219164027,0.0,0.0,6.162975822039155e-33,0.009900000000000004,0.9887401880101614,0.06745555555555556,0.07055555555555555,0.09444444444444444
geometry_sensitivity,9,1.08,1.0,conserved_quotient,0.025335375401772563,0.10920126446098184,0.9722222222222222,0.8015873015873016,0.9041516253982896,0.0,0.0,1.5407439555097887e-32,0.011234277005715462,1.0581691900628911,0.06586692170336707,0.07055555555555555,0.09444444444444444
geometry_sensitivity,9,1.08,1.0,access_only,0.03504813146965253,0.1309093448800832,0.9505555555555556,0.7003367003367004,0.891688748111507,0.0,0.0,2.1570415377137042e-32,0.0043354080221300025,0.9825682558204144,0.06744651913324114,0.07055555555555555,0.09444444444444444
geometry_sensitivity,9,1.08,1.0,oracle_intrinsic,0.024888555555555556,0.10780634677222682,0.9722222222222222,0.8015873015873016,0.9041516253982896,0.0,0.0,1.560003254953661e-32,0.008466666666666667,1.0309282932546284,0.06675555555555557,0.07055555555555555,0.09444444444444444
geometry_sensitivity,10,1.08,1.0,conserved_quotient,0.025255912852484106,0.10437915848634238,0.9688888888888889,0.7171717171717171,0.8775352941176471,0.0,0.0,6.355568816477878e-33,0.004486821021408949,0.9830626369958916,0.053807449828994276,0.05555555555555555,0.07833333333333334
geometry_sensitivity,10,1.08,1.0,access_only,0.031147245900316096,0.11727420392000092,0.9538888888888889,0.6556016597510373,0.8655882352941177,0.0,0.0,9.244463733058732e-33,0.007480742204655251,0.8911638348496541,0.0581362977602108,0.05555555555555555,0.07833333333333334
geometry_sensitivity,10,1.08,1.0,oracle_intrinsic,0.02534105555555555,0.10456803626898398,0.9688888888888889,0.7171717171717171,0.8775352941176471,0.0,0.0,1.560003254953661e-32,0.005561111111111109,0.9449356911453874,0.054972222222222214,0.05555555555555555,0.07833333333333334
geometry_sensitivity,11,1.08,1.0,conserved_quotient,0.024691287583780065,0.10575681805601543,0.9727777777777777,0.8093385214007782,0.9205181309497856,0.0,0.0,1.3096323621833204e-32,0.00898057085953773,1.0506942460482818,0.06788615931935504,0.07333333333333333,0.08944444444444444
geometry_sensitivity,11,1.08,1.0,access_only,0.03146850440858174,0.12125773905332592,0.9594444444444444,0.7508532423208191,0.9114390305937069,0.0,0.0,2.1570415377137042e-32,0.005043145384190151,1.0277975873685214,0.06829018794914317,0.07333333333333333,0.08944444444444444
geometry_sensitivity,11,1.08,1.0,oracle_intrinsic,0.024619277777777778,0.10590370182673214,0.9727777777777777,0.8093385214007782,0.9205181309497856,0.0,0.0,1.560003254953661e-32,0.00841666666666666,1.0616908516853545,0.0661388888888889,0.07333333333333333,0.08944444444444444
geometry_sensitivity,12,1.08,1.0,conserved_quotient,0.025859603486951696,0.1112731444664362,0.97,0.7890625,0.9055642561031783,0.0,0.0,1.232595164407831e-32,0.007568090097937298,1.03238654070518,0.0666146523297031,0.07222222222222222,0.09722222222222222
geometry_sensitivity,12,1.08,1.0,access_only,0.03638270857929948,0.13555528658458083,0.9483333333333334,0.6950819672131148,0.895366190695532,0.0,0.0,6.162975822039155e-33,0.00511363636363636,1.006030714808075,0.06710858585858585,0.07222222222222222,0.09722222222222222
geometry_sensitivity,12,1.08,1.0,oracle_intrinsic,0.025863166666666663,0.11141207647928404,0.97,0.7890625,0.9055642561031783,0.0,0.0,6.162975822039155e-33,0.008683333333333333,1.0170038564638295,0.06824999999999999,0.07222222222222222,0.09722222222222222
geometry_sensitivity,13,1.08,1.0,conserved_quotient,0.028976805437959025,0.11404679419789365,0.9633333333333334,0.7203389830508474,0.9004235083557054,0.0,0.0,9.437056727497456e-33,0.010235696907038771,0.8746006006504997,0.06749426062851578,0.06333333333333334,0.09222222222222222
geometry_sensitivity,13,1.08,1.0,access_only,0.03410562580134155,0.1242960665492343,0.9488888888888889,0.6714285714285714,0.8909804166406526,0.0,0.0,9.244463733058732e-33,0.00865439469320065,0.882121806005991,0.06792106135986732,0.06333333333333334,0.09222222222222222
geometry_sensitivity,13,1.08,1.0,oracle_intrinsic,0.028650333333333333,0.11283531448856078,0.9633333333333334,0.7203389830508474,0.9004235083557054,0.0,0.0,1.560003254953661e-32,0.007833333333333336,0.91611991839772,0.06492222222222223,0.06333333333333334,0.09222222222222222
geometry_sensitivity,14,1.08,1.0,conserved_quotient,0.027317098428490016,0.11146371941164956,0.9672222222222222,0.7756653992395437,0.9123629663749424,0.0,0.0,3.851859888774472e-33,0.006240924893387954,1.0100473644344798,0.06793351548105242,0.07222222222222222,0.095
geometry_sensitivity,14,1.08,1.0,access_only,0.03350022283719536,0.12496331334782909,0.9538888888888889,0.7242524916943521,0.9029571625978812,0.0,0.0,3.697785493223493e-32,0.00401471306471308,1.019299377312576,0.06820750915750916,0.07222222222222222,0.095
geometry_sensitivity,14,1.08,1.0,oracle_intrinsic,0.027348055555555556,0.11159890337415417,0.9672222222222222,0.7756653992395437,0.9123629663749424,0.0,0.0,1.560003254953661e-32,0.006827777777777773,0.9917666917952166,0.06932777777777778,0.07222222222222222,0.095
geometry_sensitivity,15,1.08,1.0,conserved_quotient,0.02868854202034024,0.12031586979575741,0.9688888888888889,0.776,0.9114435724147955,0.0,0.0,3.274080905458301e-33,0.01605397129982725,1.0614697515142693,0.06063302217975355,0.07333333333333333,0.08222222222222222
geometry_sensitivity,15,1.08,1.0,access_only,0.03173848714503269,0.12636462603447712,0.9622222222222222,0.7571428571428571,0.9069562531792748,0.0,0.0,2.465190328815662e-32,0.013272131147540993,1.150488442731262,0.06006120218579235,0.07333333333333333,0.08222222222222222
geometry_sensitivity,15,1.08,1.0,oracle_intrinsic,0.02781222222222222,0.11795444922823971,0.9688888888888889,0.776,0.9114435724147955,0.0,0.0,1.925929944387236e-34,0.012444444444444449,1.040218521717286,0.0631111111111111,0.07333333333333333,0.08222222222222222
geometry_sensitivity,16,1.08,1.0,conserved_quotient,0.025849123141097198,0.1050254012027194,0.97,0.7938931297709924,0.9220538228512843,0.0,0.0,9.244463733058732e-33,0.007091532861741142,1.0708085564348468,0.06457513380492552,0.07166666666666667,0.09111111111111111
geometry_sensitivity,16,1.08,1.0,access_only,0.03172799659589716,0.11781005103405393,0.9594444444444444,0.7508532423208191,0.9156240286882014,0.0,0.0,6.162975822039155e-33,0.01179453551912569,1.2041389319711744,0.05987213114754098,0.07166666666666667,0.09111111111111111
geometry_sensitivity,16,1.08,1.0,oracle_intrinsic,0.025453333333333335,0.1039502946624328,0.97,0.7938931297709924,0.9220538228512843,0.0,0.0,6.355568816477878e-33,0.004455555555555555,1.0031583541163611,0.06907777777777778,0.07166666666666667,0.09111111111111111
geometry_sensitivity,17,1.08,1.0,conserved_quotient,0.027058908195661268,0.10988938000905644,0.9688888888888889,0.7894736842105263,0.9046768947963801,0.0,0.0,1.5407439555097887e-32,0.0063772393521052545,1.037832314292611,0.0691783162034503,0.07555555555555556,0.0961111111111111
geometry_sensitivity,17,1.08,1.0,access_only,0.03247977709190671,0.12163493938227395,0.9572222222222222,0.7508090614886731,0.8973504666289592,0.0,0.0,3.0814879110195774e-33,0.007141358024691383,1.083007132345592,0.0684141975308642,0.07555555555555556,0.0961111111111111
geometry_sensitivity,17,1.08,1.0,oracle_intrinsic,0.02626772222222222,0.10768485576239005,0.9688888888888889,0.7894736842105263,0.9057550904977375,0.0,0.0,6.355568816477878e-33,0.006805555555555556,1.0312836032758828,0.06959444444444444,0.07555555555555556,0.0961111111111111
geometry_sensitivity,18,1.08,1.0,conserved_quotient,0.02787685381089436,0.11274433109497504,0.965,0.7149321266968326,0.8856423493568043,0.0,0.0,6.355568816477878e-33,0.006186043721014777,0.991848001720299,0.05829606842208808,0.06222222222222222,0.08722222222222223
geometry_sensitivity,18,1.08,1.0,access_only,0.03353602979623221,0.12512424693814492,0.9505555555555556,0.6691449814126395,0.8764916215301286,0.0,0.0,2.465190328815662e-32,0.006453921568627447,0.9303607575897602,0.0624872549019608,0.06222222222222222,0.08722222222222223
geometry_sensitivity,18,1.08,1.0,oracle_intrinsic,0.028104833333333332,0.11331854086213772,0.965,0.7149321266968326,0.8856423493568043,0.0,0.0,3.0814879110195774e-33,0.00815,0.9402207236772337,0.060494444444444455,0.06222222222222222,0.08722222222222223
geometry_sensitivity,19,1.08,1.0,conserved_quotient,0.02435564213969446,0.10505539589145897,0.9716666666666667,0.7792207792207793,0.9226599958307276,0.0,0.0,1.8488927466117464e-32,0.00666162567118692,1.0167339300830653,0.06270764730549346,0.06833333333333333,0.085
geometry_sensitivity,19,1.08,1.0,access_only,0.031858501981405274,0.12275297220788751,0.9577777777777777,0.7246376811594203,0.9133663966335549,0.0,0.0,4.3140830754274083e-32,0.003689506172839528,0.9927194659820773,0.06476728395061729,0.06833333333333333,0.085
geometry_sensitivity,19,1.08,1.0,oracle_intrinsic,0.02456483333333333,0.1059123454544707,0.9716666666666667,0.7792207792207793,0.9226599958307276,0.0,0.0,1.2518544638517033e-32,0.008916666666666661,1.055441875438679,0.06068333333333333,0.06833333333333333,0.085
geometry_sensitivity,0,1.08,1.35,conserved_quotient,0.023164786439736764,0.10108499954897229,0.9722222222222222,0.6666666666666666,0.8349340361535483,0.0,0.0,3.0814879110195774e-33,0.005347567963462537,0.9858011578220842,0.040550374119583024,0.043333333333333335,0.058333333333333334
geometry_sensitivity,0,1.08,1.35,access_only,0.027883580655324505,0.11144776850103136,0.9583333333333334,0.5901639344262295,0.830146817951696,0.0,0.0,0.0,0.0068876811594202935,0.9007758583991597,0.042387681159420286,0.043333333333333335,0.058333333333333334
geometry_sensitivity,0,1.08,1.35,oracle_intrinsic,0.023223055555555552,0.10122224678999837,0.9722222222222222,0.6666666666666666,0.8349340361535483,0.0,0.0,3.0814879110195774e-32,0.007783333333333332,0.896461260134278,0.04328333333333333,0.043333333333333335,0.058333333333333334
geometry_sensitivity,0,1.08,1.35,interaction_logistic,0.024897812019783586,0.1264263124782066,0.9722222222222222,0.6666666666666666,0.7816939158402573,0.0,0.0,0.0036185323361268224,0.02096023860497774,0.872300007731289,0.06429357193831108,0.043333333333333335,0.058333333333333334
geometry_sensitivity,1,1.08,1.35,conserved_quotient,0.021176241028139073,0.09445996486834513,0.9761111111111112,0.7570621468926554,0.8904416079812206,0.0,0.0,1.0014835710813626e-32,0.007430598675490318,1.0801037964736788,0.04590273465784302,0.05333333333333334,0.057777777777777775
geometry_sensitivity,1,1.08,1.35,access_only,0.025179244832729594,0.10441849508163954,0.97,0.73,0.8847686815336463,0.0,0.0,0.0,0.008589473684210525,1.1447206205721736,0.044743859649122815,0.05333333333333334,0.057777777777777775
geometry_sensitivity,1,1.08,1.35,oracle_intrinsic,0.021157111111111106,0.09482591640062323,0.9761111111111112,0.7570621468926554,0.8904416079812206,0.0,0.0,3.851859888774472e-33,0.006522222222222224,1.0546350538825282,0.046900000000000004,0.05333333333333334,0.057777777777777775
geometry_sensitivity,1,1.08,1.35,interaction_logistic,0.02320528614929396,0.10944311427540575,0.9727777777777777,0.7100591715976331,0.8732210974178404,0.0,0.09876543209876543,0.007786865030986026,0.012440546853130889,1.113614416816416,0.04142629978402523,0.05333333333333334,0.057777777777777775
geometry_sensitivity,2,1.08,1.35,conserved_quotient,0.029009814861940847,0.12842565326819075,0.9677777777777777,0.6627906976744186,0.8178793023614755,0.0,0.0,3.0814879110195774e-33,0.014299487256525096,0.9117352429355596,0.0443920153896068,0.05277777777777778,0.052222222222222225
geometry_sensitivity,2,1.08,1.35,access_only,0.030554561661278738,0.13027783427695805,0.9627777777777777,0.6455026455026455,0.8149467510418275,0.0,0.0,6.162975822039155e-33,0.011051217352810975,1.0353507381304947,0.0417265604249668,0.05277777777777778,0.052222222222222225
geometry_sensitivity,2,1.08,1.35,oracle_intrinsic,0.02878477777777777,0.12705713193955123,0.9677777777777777,0.6627906976744186,0.8177866954776972,0.0,0.0,6.162975822039155e-33,0.013466666666666668,0.9100847702532373,0.04508888888888889,0.05277777777777778,0.052222222222222225
geometry_sensitivity,2,1.08,1.35,interaction_logistic,0.030823301362668976,0.14664223709956717,0.9622222222222222,0.5142857142857142,0.8236517981169934,0.0,0.4155844155844156,0.009179737024110516,0.021741903029246012,0.9545607123516316,0.037763131348264804,0.05277777777777778,0.052222222222222225
geometry_sensitivity,3,1.08,1.35,conserved_quotient,0.024074816839419068,0.1031629863081059,0.9711111111111111,0.6941176470588235,0.8447235809999262,0.0,0.0,3.0814879110195774e-33,0.008140008368754276,0.9434755525353595,0.04612298164215817,0.04833333333333333,0.059444444444444446
geometry_sensitivity,3,1.08,1.35,access_only,0.027554458120616892,0.11098525891375088,0.9622222222222222,0.6494845360824743,0.8428380672477538,0.0,0.0,1.5407439555097887e-32,0.0041962519936204245,0.9850979149862292,0.0446740297713982,0.04833333333333333,0.059444444444444446
geometry_sensitivity,3,1.08,1.35,oracle_intrinsic,0.023756944444444445,0.10242873270474388,0.9711111111111111,0.6941176470588235,0.8459649334702176,0.0,0.0,3.0814879110195774e-32,0.006427777777777783,0.9406662610330444,0.04650555555555556,0.04833333333333333,0.059444444444444446
geometry_sensitivity,3,1.08,1.35,interaction_logistic,0.027546808484437423,0.12260967144680722,0.9672222222222222,0.6242038216560509,0.8578550771316035,0.0,0.1566265060240964,0.010400830374813746,0.01325989842069873,0.8312681508398937,0.05066231434990496,0.04833333333333333,0.059444444444444446
geometry_sensitivity,4,1.08,1.35,conserved_quotient,0.028512573484807745,0.12154777017658464,0.9655555555555555,0.6125,0.8091403801893565,0.0,0.0,1.560003254953661e-32,0.011747326593183487,0.9125976767572144,0.042717903235996155,0.04833333333333333,0.06055555555555556
geometry_sensitivity,4,1.08,1.35,access_only,0.03209650971424154,0.12909963245059197,0.9544444444444444,0.5816326530612245,0.8031416282518402,0.0,0.0,1.232595164407831e-32,0.013106965595036655,0.8291541717514431,0.04689585448392555,0.04833333333333333,0.06055555555555556
geometry_sensitivity,4,1.08,1.35,oracle_intrinsic,0.02859638888888889,0.12181827856869525,0.9655555555555555,0.6125,0.8091403801893565,0.0,0.0,1.2518544638517033e-32,0.01232777777777778,0.8812707339163588,0.04362777777777778,0.04833333333333333,0.06055555555555556
geometry_sensitivity,4,1.08,1.35,interaction_logistic,0.03209668739795208,0.1540360192318655,0.9577777777777777,0.4153846153846154,0.7847360616247626,0.0,0.410958904109589,0.020110872053731806,0.02475874048253192,1.0542193884504165,0.026399388197497438,0.04833333333333333,0.06055555555555556
geometry_sensitivity,5,1.08,1.35,conserved_quotient,0.025940483966990655,0.11079133176979745,0.9694444444444444,0.6820809248554913,0.8724236517218973,0.0,0.0,2.465190328815662e-32,0.009517484477574155,0.9033568991768853,0.0483746107212749,0.05,0.059444444444444446
geometry_sensitivity,5,1.08,1.35,access_only,0.02873710982521112,0.1163084784462302,0.9616666666666667,0.649746192893401,0.8655750487329434,0.0,0.0,1.232595164407831e-32,0.008476707441386342,0.9021773912366743,0.048398929663608564,0.05,0.059444444444444446
geometry_sensitivity,5,1.08,1.35,oracle_intrinsic,0.02560761111111111,0.10960591387695945,0.9694444444444444,0.6820809248554913,0.8724236517218973,0.0,0.0,3.0814879110195774e-32,0.008138888888888888,0.9278268412111323,0.04677222222222223,0.05,0.059444444444444446
geometry_sensitivity,5,1.08,1.35,interaction_logistic,0.02774429468780506,0.11539191282301588,0.9638888888888889,0.5859872611464968,0.8796621182586095,0.0,0.2891566265060241,0.011827781621823335,0.012247882021466972,0.9181991028974027,0.05154467124555302,0.05,0.059444444444444446
geometry_sensitivity,6,1.08,1.35,conserved_quotient,0.023574734967575586,0.10346883117189494,0.9744444444444444,0.7722772277227723,0.8753302698039811,0.0,0.0,6.355568816477878e-33,0.009777150628717717,1.123463882680703,0.05077840492683783,0.06055555555555556,0.06777777777777778
geometry_sensitivity,6,1.08,1.35,access_only,0.028161260150920683,0.11368991113351225,0.9661111111111111,0.7359307359307359,0.8720696184332597,0.0,0.0,1.8488927466117464e-32,0.010799380066762046,1.1634120643680346,0.04975617548879351,0.06055555555555556,0.06777777777777778
geometry_sensitivity,6,1.08,1.35,oracle_intrinsic,0.023506777777777776,0.10324606842963205,0.9744444444444444,0.7722772277227723,0.8753302698039811,0.0,0.0,1.560003254953661e-32,0.009022222222222221,1.08217160164227,0.05153333333333333,0.06055555555555556,0.06777777777777778
geometry_sensitivity,6,1.08,1.35,interaction_logistic,0.030762078941928044,0.1366065840161676,0.9572222222222222,0.5095541401273885,0.8522832697660035,0.0,0.4838709677419355,0.01838642802424346,0.02531562444997034,1.4414244025985172,0.03523993110558522,0.06055555555555556,0.06777777777777778
geometry_sensitivity,7,1.08,1.35,conserved_quotient,0.020321676063952344,0.08937447787579351,0.9761111111111112,0.7393939393939394,0.8679463353449918,0.0,0.0,1.560003254953661e-32,0.0048792981613405,1.0058091827432685,0.04556825955997288,0.049444444444444444,0.057777777777777775
geometry_sensitivity,7,1.08,1.35,access_only,0.02395253115665572,0.09757934029322772,0.9694444444444444,0.7150259067357513,0.863415178718011,0.0,0.0,6.162975822039155e-33,0.0036823529411764847,1.0528464648331628,0.045762091503267974,0.049444444444444444,0.057777777777777775
geometry_sensitivity,7,1.08,1.35,oracle_intrinsic,0.020425777777777775,0.08956487725487755,0.9761111111111112,0.7393939393939394,0.8679463353449918,0.0,0.0,6.162975822039155e-33,0.005955555555555556,1.0307508641340075,0.045177777777777775,0.049444444444444444,0.057777777777777775
geometry_sensitivity,7,1.08,1.35,interaction_logistic,0.02098797480332248,0.10317989555459005,0.975,0.7133757961783439,0.8688854011386994,0.0,0.10526315789473684,0.005593237706517097,0.015372429113952512,1.034211064237344,0.05676128391683332,0.049444444444444444,0.057777777777777775
geometry_sensitivity,8,1.08,1.35,conserved_quotient,0.018398878090991857,0.07941001570062516,0.9783333333333334,0.7868852459016393,0.904526135070313,0.0,0.0,4.179267979320302e-32,0.0031589404535795522,1.0284398058707627,0.05137766054785851,0.050555555555555555,0.06666666666666667
geometry_sensitivity,8,1.08,1.35,access_only,0.023757347631081664,0.09151808479592126,0.9672222222222222,0.7203791469194313,0.8974466142400607,0.0,0.0,1.8488927466117464e-32,0.0020284664830119204,0.9775258919714868,0.052584022038567484,0.050555555555555555,0.06666666666666667
geometry_sensitivity,8,1.08,1.35,oracle_intrinsic,0.0183,0.07902273639960057,0.9783333333333334,0.7868852459016393,0.904526135070313,0.0,0.0,2.465190328815662e-32,0.0019333333333333396,1.0135238345403808,0.05135555555555556,0.050555555555555555,0.06666666666666667
geometry_sensitivity,8,1.08,1.35,interaction_logistic,0.021435651286491008,0.09176132951993399,0.9727777777777777,0.6956521739130435,0.909940264533594,0.0,0.2391304347826087,0.013132859321400816,0.012842424510407178,1.1799557868214041,0.03858442709646657,0.050555555555555555,0.06666666666666667
geometry_sensitivity,9,1.08,1.35,conserved_quotient,0.03220247262051444,0.14094224190529459,0.9644444444444444,0.6631578947368421,0.8142110890824441,0.0,0.0,6.933347799794049e-33,0.01685267331433999,0.9703915969328756,0.04789267331433999,0.058888888888888886,0.06222222222222222
geometry_sensitivity,9,1.08,1.35,access_only,0.03573822222222222,0.1483694072211408,0.9544444444444444,0.6238532110091743,0.8084025751264173,0.0,0.0,1.8488927466117464e-32,0.014400000000000015,0.9134859512525387,0.049822222222222226,0.058888888888888886,0.06222222222222222
geometry_sensitivity,9,1.08,1.35,oracle_intrinsic,0.03191511111111111,0.14034857965048617,0.9644444444444444,0.6631578947368421,0.8142110890824441,0.0,0.0,2.7733391199176196e-32,0.015044444444444444,0.9588587735159342,0.0474,0.058888888888888886,0.06222222222222222
geometry_sensitivity,9,1.08,1.35,interaction_logistic,0.0327497468439208,0.1536910450991452,0.9627777777777777,0.6298342541436464,0.8251709696821189,0.0,0.10714285714285714,0.005659035711986789,0.021563992088324713,1.0106874906914842,0.04163997261848054,0.058888888888888886,0.06222222222222222
geometry_sensitivity,10,1.08,1.35,conserved_quotient,0.024920295036390684,0.10879965151273938,0.9711111111111111,0.7111111111111111,0.8584138708362311,0.0,0.0,3.274080905458301e-33,0.008605353957244861,1.0919014658085218,0.045839090487199585,0.05444444444444444,0.0661111111111111
geometry_sensitivity,10,1.08,1.35,access_only,0.030047263772175536,0.12011473805776582,0.9594444444444444,0.663594470046083,0.8519868581980383,0.0,0.0,3.0814879110195774e-32,0.005105555555555571,0.9908124404937486,0.04933888888888889,0.05444444444444444,0.0661111111111111
geometry_sensitivity,10,1.08,1.35,oracle_intrinsic,0.024882277777777777,0.10865080956941942,0.9711111111111111,0.7111111111111111,0.8584138708362311,0.0,0.0,4.025193583769323e-32,0.009127777777777778,1.017534007573049,0.04769444444444444,0.05444444444444444,0.0661111111111111
geometry_sensitivity,10,1.08,1.35,interaction_logistic,0.026900357525482917,0.11999872663830166,0.9683333333333334,0.6225165562913907,0.8533657881483968,0.0,0.35365853658536583,0.008455298277488133,0.016174405352092004,1.2113767542598917,0.03900200776791795,0.05444444444444444,0.0661111111111111
geometry_sensitivity,11,1.08,1.35,conserved_quotient,0.027742836762671537,0.12206397677148478,0.9688888888888889,0.7227722772277227,0.8661613490182803,0.0,0.0,3.1007472104634497e-32,0.01129137478682935,1.0225589198051699,0.052291838296383744,0.06222222222222222,0.06888888888888889
geometry_sensitivity,11,1.08,1.35,access_only,0.03257574178811408,0.1329589234868651,0.9588888888888889,0.6864406779661016,0.8608084377115776,0.0,0.0,3.0814879110195774e-33,0.007942376142376157,0.9860951527291433,0.054342376142376136,0.06222222222222222,0.06888888888888889
geometry_sensitivity,11,1.08,1.35,oracle_intrinsic,0.02770555555555555,0.12176855896019695,0.9688888888888889,0.7227722772277227,0.8661613490182803,0.0,0.0,1.5407439555097887e-32,0.011511111111111118,1.0224278639509032,0.051800000000000006,0.06222222222222222,0.06888888888888889
geometry_sensitivity,11,1.08,1.35,interaction_logistic,0.03317725683700319,0.14493614349141515,0.9672222222222222,0.7064676616915423,0.8640349949221394,0.0011933174224343676,0.03333333333333333,0.008362355230588665,0.02639729699362594,0.8958309280356948,0.08539502412924167,0.06222222222222222,0.06888888888888889
geometry_sensitivity,12,1.08,1.35,conserved_quotient,0.025536179966880342,0.11272755256021974,0.97,0.6582278481012658,0.8338050838050838,0.0,0.0,6.355568816477878e-33,0.008947734713445068,0.9718749547347469,0.04126399582692397,0.04666666666666667,0.055
geometry_sensitivity,12,1.08,1.35,access_only,0.029479934253932562,0.12134613644381753,0.9594444444444444,0.6010928961748634,0.8271936396936397,0.0,0.0,3.0814879110195774e-33,0.007607902973395922,0.9568861269314541,0.04095234741784039,0.04666666666666667,0.055
geometry_sensitivity,12,1.08,1.35,oracle_intrinsic,0.025651833333333332,0.11311347904288999,0.97,0.6582278481012658,0.8338050838050838,0.0,0.0,3.0814879110195774e-33,0.00963888888888889,0.918156800681315,0.04280555555555556,0.04666666666666667,0.055
geometry_sensitivity,12,1.08,1.35,interaction_logistic,0.03359265917244432,0.15601411907340523,0.9638888888888889,0.5859872611464968,0.802960927960928,0.0005878894767783657,0.12162162162162163,0.014640119409248937,0.02258563718641532,0.6997233627888756,0.0690677796456543,0.04666666666666667,0.055
geometry_sensitivity,13,1.08,1.35,conserved_quotient,0.025972780163258515,0.11660118420944002,0.9716666666666667,0.7213114754098361,0.8549273655280722,0.0,0.0,1.5407439555097887e-32,0.01236552909798082,1.1052714481756958,0.04629918825094707,0.056666666666666664,0.06666666666666667
geometry_sensitivity,13,1.08,1.35,access_only,0.032426710376064725,0.13083317978655593,0.9566666666666667,0.6486486486486487,0.8465149310607635,0.0,0.0,2.465190328815662e-32,0.007387314439946011,0.9880387941612431,0.04927935222672064,0.056666666666666664,0.06666666666666667
geometry_sensitivity,13,1.08,1.35,oracle_intrinsic,0.02557,0.11525516543589126,0.9716666666666667,0.7213114754098361,0.8549273655280722,0.0,0.0,1.560003254953661e-32,0.008433333333333336,1.0172941862294231,0.04850000000000001,0.056666666666666664,0.06666666666666667
geometry_sensitivity,13,1.08,1.35,interaction_logistic,0.029882769305793436,0.13376802114871475,0.9605555555555556,0.5419354838709678,0.833460357052126,0.0,0.345679012345679,0.008976684170876412,0.021213978468859696,1.3186159968883258,0.035506592040353106,0.056666666666666664,0.06666666666666667
geometry_sensitivity,14,1.08,1.35,conserved_quotient,0.022375040589780314,0.10059941283569278,0.9755555555555555,0.7411764705882353,0.8710768459159332,0.0,0.0,2.850376317693109e-32,0.007309660038112194,1.0037598231167146,0.048114135438780625,0.050555555555555555,0.06722222222222222
geometry_sensitivity,14,1.08,1.35,access_only,0.03052075099851202,0.11845123885264497,0.9566666666666667,0.6320754716981132,0.8620875905837871,0.0,0.0,3.0814879110195774e-33,0.011102409046214347,0.8307891612777595,0.0536468534906588,0.050555555555555555,0.06722222222222222
geometry_sensitivity,14,1.08,1.35,oracle_intrinsic,0.02225838888888889,0.10017347534189247,0.9755555555555555,0.7411764705882353,0.8710768459159332,0.0,0.0,3.0814879110195774e-33,0.007016666666666665,1.0059376561463875,0.04722777777777778,0.050555555555555555,0.06722222222222222
geometry_sensitivity,14,1.08,1.35,interaction_logistic,0.034125894024707205,0.14186612893133715,0.9572222222222222,0.5925925925925926,0.8317054507809335,0.0,0.17721518987341772,0.02318370864760777,0.034198347746248935,0.7687648916436061,0.07944105018766776,0.050555555555555555,0.06722222222222222
geometry_sensitivity,15,1.08,1.35,conserved_quotient,0.024456040196240824,0.10425402331497019,0.9711111111111111,0.7204301075268817,0.8574430670225237,0.0,0.0,1.2518544638517033e-32,0.006866702935345044,0.9371392136668818,0.05213336960201171,0.052222222222222225,0.07
geometry_sensitivity,15,1.08,1.35,access_only,0.030127208717292745,0.11663376869671845,0.9566666666666667,0.6454545454545455,0.8513070265146792,0.0,0.0,1.8488927466117464e-32,0.008015634218289096,0.8891088375107082,0.053282300884955745,0.052222222222222225,0.07
geometry_sensitivity,15,1.08,1.35,oracle_intrinsic,0.024386777777777778,0.10396053043240112,0.9711111111111111,0.7204301075268817,0.8574430670225237,0.0,0.0,6.162975822039155e-33,0.00598888888888889,0.9537157277810957,0.05092222222222222,0.052222222222222225,0.07
geometry_sensitivity,15,1.08,1.35,interaction_logistic,0.02829508105356411,0.13718186022403456,0.9627777777777777,0.5379310344827586,0.850982764211419,0.0,0.44565217391304346,0.013870843187383453,0.02338187887341886,1.0451235703626471,0.032979313125239905,0.052222222222222225,0.07
geometry_sensitivity,16,1.08,1.35,conserved_quotient,0.02373259934296742,0.10809643567608457,0.975,0.7643979057591623,0.8563078283744557,0.0,0.0,3.274080905458301e-33,0.010202591173030377,1.0653139192347203,0.04888303441356988,0.057777777777777775,0.06111111111111111
geometry_sensitivity,16,1.08,1.35,access_only,0.02888478533835364,0.11977272535816534,0.9655555555555555,0.7102803738317757,0.8504229408563135,0.0,0.0,9.244463733058732e-33,0.01167192501143119,1.1413587350278644,0.04610585276634659,0.057777777777777775,0.06111111111111111
geometry_sensitivity,16,1.08,1.35,oracle_intrinsic,0.023467000000000002,0.10717285392165354,0.975,0.7643979057591623,0.8563078283744557,0.0,0.0,6.933347799794049e-33,0.010488888888888897,1.0689256439343482,0.04873333333333333,0.057777777777777775,0.06111111111111111
geometry_sensitivity,16,1.08,1.35,interaction_logistic,0.03076227873246349,0.14645260378670283,0.97,0.7272727272727273,0.8320029027576198,0.0,0.011494252873563218,0.013034321370320404,0.04613483074418827,0.9014397081033769,0.10161300792249403,0.057777777777777775,0.06111111111111111
geometry_sensitivity,17,1.08,1.35,conserved_quotient,0.026964409733627785,0.11568374086699243,0.9694444444444444,0.7488584474885844,0.8770169547055451,0.0,0.0,0.0,0.01061000867816308,1.0684450999738886,0.05383443576628137,0.06444444444444444,0.07944444444444444
geometry_sensitivity,17,1.08,1.35,access_only,0.03302199763755524,0.1285062219019635,0.9561111111111111,0.694980694980695,0.86865734294373,0.0,0.0,0.0,0.009631893004115221,1.0879415483373858,0.054812551440329225,0.06444444444444444,0.07944444444444444
geometry_sensitivity,17,1.08,1.35,oracle_intrinsic,0.02653361111111111,0.11388543263145326,0.9694444444444444,0.7488584474885844,0.8770169547055451,0.0,0.0,1.232595164407831e-32,0.007250000000000006,1.0218326459866658,0.057194444444444444,0.06444444444444444,0.07944444444444444
geometry_sensitivity,17,1.08,1.35,interaction_logistic,0.028729499762770765,0.13260198384941554,0.9688888888888889,0.7407407407407407,0.8669936112703743,0.0,0.02912621359223301,0.010774879055908642,0.012438528258808182,0.982530764107925,0.05991619049677775,0.06444444444444444,0.07944444444444444
geometry_sensitivity,18,1.08,1.35,conserved_quotient,0.020960331898336133,0.08911436798577625,0.9766666666666667,0.7469879518072289,0.8826758778295103,0.0,0.0,1.925929944387236e-34,0.007357243234492478,1.0896870181682483,0.042202494349833315,0.049444444444444444,0.05388888888888889
geometry_sensitivity,18,1.08,1.35,access_only,0.022402731383063614,0.09232735954186233,0.9744444444444444,0.7526881720430108,0.8790509525279258,0.0,0.0,3.0814879110195774e-33,0.008928719397363461,1.2546863047240076,0.04051572504708099,0.049444444444444444,0.05388888888888889
geometry_sensitivity,18,1.08,1.35,oracle_intrinsic,0.020365499999999998,0.08789220578529185,0.9766666666666667,0.7469879518072289,0.8826758778295103,0.0,0.0,1.925929944387236e-34,0.0061500000000000036,1.0450854402732594,0.04433888888888889,0.049444444444444444,0.05388888888888889
geometry_sensitivity,18,1.08,1.35,interaction_logistic,0.024106795124262923,0.1129354627367508,0.9688888888888889,0.6056338028169014,0.8770217823862778,0.0,0.3116883116883117,0.0139523057938792,0.019134132562936463,1.1913302566932495,0.030310311881507977,0.049444444444444444,0.05388888888888889
geometry_sensitivity,19,1.08,1.35,conserved_quotient,0.026864913069772983,0.11964491662166739,0.9705555555555555,0.7225130890052356,0.8457009018474739,0.0,0.0,1.560003254953661e-32,0.01300524056611477,1.1169675595708677,0.04801310616651768,0.06,0.0661111111111111
geometry_sensitivity,19,1.08,1.35,access_only,0.03210628407451134,0.13152626245842056,0.9594444444444444,0.6784140969162996,0.8376017861833465,0.0,0.0,5.546678239835239e-32,0.009448989898989874,1.0248473705154486,0.0505510101010101,0.06,0.0661111111111111
geometry_sensitivity,19,1.08,1.35,oracle_intrinsic,0.02667672222222222,0.11903995847488545,0.9705555555555555,0.7225130890052356,0.8457009018474739,0.0,0.0,4.025193583769323e-32,0.012027777777777776,1.0756665280525033,0.04797222222222222,0.06,0.0661111111111111
geometry_sensitivity,19,1.08,1.35,interaction_logistic,0.026673765006945304,0.11980509246642022,0.9705555555555555,0.7225130890052356,0.8326657035285877,0.0,0.0,0.0008422475005766199,0.006998397638997504,1.0291140107437033,0.057434676050696555,0.06,0.0661111111111111
geometry_sensitivity,0,1.08,1.7,conserved_quotient,0.02133996738138466,0.10514819446971366,0.9788888888888889,0.7076923076923077,0.8515962357425773,0.0,0.0,6.355568816477878e-33,0.01296646332711497,1.0849985293492472,0.03410183635290269,0.043333333333333335,0.04
geometry_sensitivity,0,1.08,1.7,access_only,0.026746959269518825,0.11750227382767725,0.9677777777777777,0.6133333333333333,0.8475758658685488,0.0,0.0,1.232595164407831e-32,0.008294736842105263,0.9910625311410065,0.03503859649122807,0.043333333333333335,0.04
geometry_sensitivity,0,1.08,1.7,oracle_intrinsic,0.021051555555555553,0.10428702018451544,0.9788888888888889,0.7076923076923077,0.8515962357425773,0.0,0.0,1.560003254953661e-32,0.012377777777777783,1.070542749311777,0.03451111111111111,0.043333333333333335,0.04
geometry_sensitivity,1,1.08,1.7,conserved_quotient,0.019719736932442184,0.09050797666433924,0.9772222222222222,0.6870229007633588,0.8284061320004353,0.0,0.0,6.162975822039155e-33,0.007645686934159198,0.9699020451095525,0.03663151719942872,0.03833333333333333,0.043333333333333335
geometry_sensitivity,1,1.08,1.7,access_only,0.023123973845362526,0.0977103265265474,0.9694444444444444,0.6258503401360545,0.8227882015087199,0.0,0.0,6.162975822039155e-33,0.004182035306334382,0.9572157683361747,0.03609314641744548,0.03833333333333333,0.043333333333333335
geometry_sensitivity,1,1.08,1.7,oracle_intrinsic,0.01977922222222222,0.0905544897978265,0.9772222222222222,0.6870229007633588,0.8284061320004353,0.0,0.0,3.0814879110195774e-33,0.008033333333333333,0.9301113745231673,0.03765555555555555,0.03833333333333333,0.043333333333333335
geometry_sensitivity,2,1.08,1.7,conserved_quotient,0.020004806769362324,0.08835787110993171,0.9777777777777777,0.7530864197530864,0.8692418692418692,0.0,0.0,2.7733391199176196e-32,0.005507253433135916,0.9912398862436667,0.04467105973329271,0.04666666666666667,0.052222222222222225
geometry_sensitivity,2,1.08,1.7,access_only,0.02245921769179402,0.09356613494908443,0.9722222222222222,0.7191011235955056,0.8667651792651793,0.0,0.0,3.0814879110195774e-33,0.004219098822324623,1.0769169944798485,0.042447567844342046,0.04666666666666667,0.052222222222222225
geometry_sensitivity,2,1.08,1.7,oracle_intrinsic,0.019954777777777776,0.08823317001273384,0.9777777777777777,0.7530864197530864,0.8692418692418692,0.0,0.0,0.0,0.005322222222222226,0.999834382373215,0.044300000000000006,0.04666666666666667,0.052222222222222225
geometry_sensitivity,3,1.08,1.7,conserved_quotient,0.022175992629736612,0.10382438201692237,0.9761111111111112,0.6906474820143885,0.7808001362900707,0.0,0.0,6.162975822039155e-33,0.008831523932565125,1.076521512315845,0.036724031622990434,0.04555555555555556,0.04777777777777778
geometry_sensitivity,3,1.08,1.7,access_only,0.027201417578832824,0.11545516707540167,0.9655555555555555,0.6309523809523809,0.7765552684630456,0.0,0.0,3.0814879110195774e-33,0.007538066766317879,1.0220783593374236,0.03801748878923766,0.04555555555555556,0.04777777777777778
geometry_sensitivity,3,1.08,1.7,oracle_intrinsic,0.022272777777777773,0.10411505803985417,0.9761111111111112,0.6906474820143885,0.7808001362900707,0.0,0.0,6.355568816477878e-33,0.009177777777777778,1.0688684303868863,0.036800000000000006,0.04555555555555556,0.04777777777777778
geometry_sensitivity,4,1.08,1.7,conserved_quotient,0.021814833679971363,0.0965118299129457,0.9755555555555555,0.6944444444444444,0.8579954817438027,0.0,0.0,1.9259299443872359e-32,0.007000107333118257,0.889613298692393,0.04268899622200714,0.042222222222222223,0.04888888888888889
geometry_sensitivity,4,1.08,1.7,access_only,0.024614005073151198,0.10176376832461369,0.9677777777777777,0.6463414634146342,0.8562935034802784,0.0,0.0,3.0814879110195774e-32,0.007004725992961295,0.8805279834305293,0.04269361488185018,0.042222222222222223,0.04888888888888889
geometry_sensitivity,4,1.08,1.7,oracle_intrinsic,0.02169822222222222,0.0959298487487391,0.9755555555555555,0.6944444444444444,0.8579954817438027,0.0,0.0,1.560003254953661e-32,0.006244444444444452,0.9398513273558576,0.04028888888888889,0.042222222222222223,0.04888888888888889
geometry_sensitivity,5,1.08,1.7,conserved_quotient,0.02161085580535771,0.10207162907860463,0.9766666666666667,0.6818181818181818,0.8263976302281584,0.0,0.0,6.162975822039155e-33,0.0095450547745938,1.112598518265201,0.03374897242007093,0.042777777777777776,0.042222222222222223
geometry_sensitivity,5,1.08,1.7,access_only,0.02583051858709985,0.11169737097014792,0.9683333333333334,0.6274509803921569,0.823299741465731,0.0,0.0,6.162975822039155e-33,0.008796330275229353,1.0823546855277546,0.03398144750254842,0.042777777777777776,0.042222222222222223
geometry_sensitivity,5,1.08,1.7,oracle_intrinsic,0.021416,0.1013907915369112,0.9766666666666667,0.6818181818181818,0.8263976302281584,0.0,0.0,3.274080905458301e-33,0.007966666666666669,1.046551728021953,0.03521111111111111,0.042777777777777776,0.042222222222222223
geometry_sensitivity,6,1.08,1.7,conserved_quotient,0.01887229588568662,0.08858880302689115,0.98,0.7391304347826086,0.8364727072902675,0.0,0.0,3.274080905458301e-33,0.00619532322009904,1.0386135755913166,0.038049327253406345,0.042222222222222223,0.044444444444444446
geometry_sensitivity,6,1.08,1.7,access_only,0.022617777777777775,0.09687050911247698,0.9722222222222222,0.6794871794871795,0.833572475271706,0.0,0.0,0.0,0.0048888888888888905,1.0554925316695027,0.037333333333333336,0.042222222222222223,0.044444444444444446
geometry_sensitivity,6,1.08,1.7,oracle_intrinsic,0.018702666666666666,0.0881982274176535,0.98,0.7391304347826086,0.8366711442178533,0.0,0.0,6.355568816477878e-33,0.006200000000000002,1.017740023404159,0.03855555555555556,0.042222222222222223,0.044444444444444446
geometry_sensitivity,7,1.08,1.7,conserved_quotient,0.01996728158290283,0.09227674586647373,0.9783333333333334,0.7272727272727273,0.8293948598826648,0.0,0.0,1.5407439555097887e-32,0.007215532732984081,1.0729108280704494,0.03797216343776293,0.043333333333333335,0.04555555555555556
geometry_sensitivity,7,1.08,1.7,access_only,0.023703126200274347,0.10073009616160637,0.9711111111111111,0.675,0.8272134369695345,0.0,0.0,0.0,0.007467901234567916,1.1352449467850292,0.035865432098765436,0.043333333333333335,0.04555555555555556
geometry_sensitivity,7,1.08,1.7,oracle_intrinsic,0.019727666666666664,0.09164961993893198,0.9783333333333334,0.7272727272727273,0.8293948598826648,0.0,0.0,3.0814879110195774e-33,0.005244444444444442,1.0286027051308904,0.03888888888888889,0.043333333333333335,0.04555555555555556
geometry_sensitivity,8,1.08,1.7,conserved_quotient,0.023961650210217168,0.10777993668584476,0.9711111111111111,0.6119402985074627,0.8208231884057972,0.0,0.0,9.437056727497456e-33,0.010936109893918043,0.9118786389598462,0.03698583910426047,0.041666666666666664,0.045
geometry_sensitivity,8,1.08,1.7,access_only,0.02711957407407407,0.11481192406172633,0.9644444444444444,0.5897435897435898,0.8151342995169082,0.0,0.0,9.244463733058732e-33,0.009505555555555552,0.8840068895504686,0.03805000000000001,0.041666666666666664,0.045
geometry_sensitivity,8,1.08,1.7,oracle_intrinsic,0.02422194444444444,0.10822705190648678,0.9711111111111111,0.6119402985074627,0.8208231884057972,0.0,0.0,3.274080905458301e-33,0.010727777777777779,0.9313433841335982,0.03640555555555556,0.041666666666666664,0.045
geometry_sensitivity,9,1.08,1.7,conserved_quotient,0.028376001194500157,0.1293610107575747,0.9683333333333334,0.5714285714285714,0.7720494186046511,0.0,0.0,1.8681520460556188e-32,0.012845624362001163,0.9234057943723059,0.034256735473112275,0.044444444444444446,0.04055555555555555
geometry_sensitivity,9,1.08,1.7,access_only,0.03072210388480841,0.13435886092914479,0.9616666666666667,0.5490196078431373,0.7694985465116279,0.0,0.0,1.8488927466117464e-32,0.012593549236440233,0.9348588935131505,0.03400466034755134,0.044444444444444446,0.04055555555555555
geometry_sensitivity,9,1.08,1.7,oracle_intrinsic,0.028378833333333332,0.12938610280318946,0.9683333333333334,0.5714285714285714,0.7720494186046511,0.0,0.0,6.355568816477878e-33,0.01355,0.9182375000557105,0.034072222222222226,0.044444444444444446,0.04055555555555555
geometry_sensitivity,10,1.08,1.7,conserved_quotient,0.01874797414002111,0.0887059184306272,0.98,0.7096774193548387,0.8076877315163677,0.0,0.0,6.162975822039155e-33,0.007148365582080481,1.0908289085070122,0.033407189973475075,0.04055555555555555,0.03722222222222222
geometry_sensitivity,10,1.08,1.7,access_only,0.020779184915129638,0.09329309282096789,0.9766666666666667,0.7,0.806006139397641,0.0,0.0,1.5407439555097887e-32,0.00706281233386497,1.1368080016594142,0.03349274322169059,0.04055555555555555,0.03722222222222222
geometry_sensitivity,10,1.08,1.7,oracle_intrinsic,0.0188765,0.08898435356379968,0.98,0.7096774193548387,0.8076877315163677,0.0,0.0,3.0814879110195774e-33,0.007805555555555556,1.122634067873414,0.03275,0.04055555555555555,0.03722222222222222
geometry_sensitivity,11,1.08,1.7,conserved_quotient,0.01852635371475314,0.08751053645271738,0.9805555555555555,0.7368421052631579,0.8481236714975845,0.0,0.0,1.8681520460556188e-32,0.007108629952350497,1.104923220244306,0.036090459984380166,0.041666666666666664,0.043333333333333335
geometry_sensitivity,11,1.08,1.7,access_only,0.022397020812444338,0.09623266611953565,0.9727777777777777,0.6797385620915033,0.845487922705314,0.0,0.0,2.1570415377137042e-32,0.00575638766519823,1.0926205977176968,0.035910279001468426,0.041666666666666664,0.043333333333333335
geometry_sensitivity,11,1.08,1.7,oracle_intrinsic,0.01825122222222222,0.08675497832375462,0.9805555555555555,0.7368421052631579,0.8481236714975845,0.0,0.0,4.025193583769323e-32,0.005211111111111118,1.0624355825895837,0.036677777777777774,0.041666666666666664,0.043333333333333335
geometry_sensitivity,12,1.08,1.7,conserved_quotient,0.016761384564410658,0.07661526973531005,0.98,0.71875,0.863427183806548,0.0,0.0,1.232595164407831e-32,0.002843311788740871,0.9372100929549508,0.0390589162256651,0.03777777777777778,0.042777777777777776
geometry_sensitivity,12,1.08,1.7,access_only,0.019662686357116474,0.08334255433649845,0.975,0.6896551724137931,0.8606507268034235,0.0,0.0,0.0,0.0014965877044557361,1.0399408379475874,0.036281190073322055,0.03777777777777778,0.042777777777777776
geometry_sensitivity,12,1.08,1.7,oracle_intrinsic,0.016838833333333334,0.0767256102152128,0.98,0.71875,0.863427183806548,0.0,0.0,3.0814879110195774e-33,0.0030944444444444487,0.9718599331840583,0.037816666666666665,0.03777777777777778,0.042777777777777776
geometry_sensitivity,13,1.08,1.7,conserved_quotient,0.023088677061920203,0.1025857314761421,0.9733333333333334,0.6666666666666666,0.8337055898031508,0.0,0.0,1.560003254953661e-32,0.0074665201338200635,0.9225763905527659,0.04009977188777666,0.043333333333333335,0.04888888888888889
geometry_sensitivity,13,1.08,1.7,access_only,0.026113544312695545,0.10910159758792565,0.9655555555555555,0.6265060240963856,0.8305414098097025,0.0,0.0,0.0,0.006411551639745475,0.942038014343124,0.03987821830641214,0.043333333333333335,0.04888888888888889
geometry_sensitivity,13,1.08,1.7,oracle_intrinsic,0.022868,0.1021975181918558,0.9733333333333334,0.6666666666666666,0.8337055898031508,0.0,0.0,2.792598419361492e-32,0.009177777777777776,0.933269332436548,0.04006666666666667,0.043333333333333335,0.04888888888888889
geometry_sensitivity,14,1.08,1.7,conserved_quotient,0.019881048377239086,0.08697702142003065,0.9755555555555555,0.65625,0.8505253823985812,0.0,0.0,3.274080905458301e-33,0.00545893923702224,0.8662859404420373,0.0384256059036889,0.03611111111111111,0.04611111111111111
geometry_sensitivity,14,1.08,1.7,access_only,0.0225751025988995,0.09273924576001472,0.9677777777777777,0.6081081081081081,0.8463311904234094,0.0,0.0,1.232595164407831e-32,0.004158345463367303,0.9018571991026229,0.03712501213003396,0.03611111111111111,0.04611111111111111
geometry_sensitivity,14,1.08,1.7,oracle_intrinsic,0.019936055555555558,0.08705071564146745,0.9755555555555555,0.65625,0.8505253823985812,0.0,0.0,1.560003254953661e-32,0.0055833333333333325,0.8641371503831712,0.03855,0.03611111111111111,0.04611111111111111
geometry_sensitivity,15,1.08,1.7,conserved_quotient,0.022023124018920606,0.09663245454123334,0.9727777777777777,0.6016260162601627,0.8190164170506913,0.0,0.0,1.5407439555097887e-32,0.007591390761502,0.8598170057549936,0.03562472409483534,0.035555555555555556,0.042777777777777776
geometry_sensitivity,15,1.08,1.7,access_only,0.024012976853434502,0.10085792900908248,0.9661111111111111,0.5673758865248227,0.8160912298387096,0.0,0.0,6.162975822039155e-33,0.006476606875934239,0.882350675005797,0.03450994020926757,0.035555555555555556,0.042777777777777776
geometry_sensitivity,15,1.08,1.7,oracle_intrinsic,0.022337277777777775,0.09747807390113776,0.9727777777777777,0.6016260162601627,0.8190164170506913,0.0,0.0,3.274080905458301e-33,0.008572222222222224,0.8170814262529386,0.036472222222222225,0.035555555555555556,0.042777777777777776
geometry_sensitivity,16,1.08,1.7,conserved_quotient,0.02342375748070386,0.10732937227730673,0.9727777777777777,0.6141732283464567,0.7921130018980278,0.0,0.0,6.355568816477878e-33,0.01042588744582888,0.9477707662713685,0.03389046877499354,0.03944444444444444,0.041666666666666664
geometry_sensitivity,16,1.08,1.7,access_only,0.026826150262917233,0.11506166572885834,0.9644444444444444,0.5616438356164384,0.7873231290577473,0.0,0.0,9.244463733058732e-33,0.008804012345679013,0.9157599988855301,0.034081790123456794,0.03944444444444444,0.041666666666666664
geometry_sensitivity,16,1.08,1.7,oracle_intrinsic,0.023524277777777776,0.10743451905135527,0.9727777777777777,0.6141732283464567,0.7921130018980278,0.0,0.0,3.274080905458301e-33,0.011194444444444446,0.8941092081330794,0.03547222222222222,0.03944444444444444,0.041666666666666664
geometry_sensitivity,17,1.08,1.7,conserved_quotient,0.027811615872466305,0.12758932413895935,0.97,0.6447368421052632,0.7368521535485185,0.0,0.0,3.0814879110195774e-33,0.013855052467315512,1.0775276475154214,0.03725605864379561,0.051111111111111114,0.04722222222222222
geometry_sensitivity,17,1.08,1.7,access_only,0.031041722851062676,0.1347280506207502,0.9627777777777777,0.6214689265536724,0.7333265451583342,0.0,0.0,3.0814879110195774e-33,0.01194167869167869,1.012593137332023,0.039169432419432416,0.051111111111111114,0.04722222222222222
geometry_sensitivity,17,1.08,1.7,oracle_intrinsic,0.0278975,0.12774008183481278,0.97,0.6447368421052632,0.7368521535485185,0.0,0.0,0.0,0.014383333333333335,1.060324534432823,0.03701666666666666,0.051111111111111114,0.04722222222222222
geometry_sensitivity,18,1.08,1.7,conserved_quotient,0.026056695651842526,0.11622743551576796,0.9694444444444444,0.5736434108527132,0.7811504213943238,0.0,0.0,3.0814879110195774e-33,0.011745528880366809,0.9621266023929299,0.0348429942150056,0.043333333333333335,0.042777777777777776
geometry_sensitivity,18,1.08,1.7,access_only,0.027840486602540487,0.1202175932347082,0.965,0.5935483870967742,0.7792072426218768,0.0,0.0,1.8488927466117464e-32,0.009410527650938607,0.9403148460577281,0.03633274987316083,0.043333333333333335,0.042777777777777776
geometry_sensitivity,18,1.08,1.7,oracle_intrinsic,0.026438611111111107,0.11736608981823328,0.9694444444444444,0.5736434108527132,0.7811504213943238,0.0,0.0,3.0814879110195774e-33,0.012883333333333333,0.9502682105550943,0.03398333333333334,0.043333333333333335,0.042777777777777776
geometry_sensitivity,19,1.08,1.7,conserved_quotient,0.022678514555809548,0.10149732459439696,0.9738888888888889,0.6666666666666666,0.8114297626492748,0.0,0.0,3.851859888774472e-33,0.008727500231444156,0.9539295172938357,0.039067311089310566,0.043333333333333335,0.04777777777777778
geometry_sensitivity,19,1.08,1.7,access_only,0.02572973385108481,0.10813050893497128,0.9666666666666667,0.6341463414634146,0.806419190565532,0.0,0.0,6.162975822039155e-33,0.006583547008547014,0.9365433037608955,0.04007243589743591,0.043333333333333335,0.04777777777777778
geometry_sensitivity,19,1.08,1.7,oracle_intrinsic,0.02253055555555555,0.10110347667908454,0.9738888888888889,0.6666666666666666,0.8114297626492748,0.0,0.0,3.851859888774472e-33,0.007933333333333337,0.9731446869913619,0.038533333333333336,0.043333333333333335,0.04777777777777778
geometry_sensitivity,0,1.24,0.65,conserved_quotient,0.03236337448078831,0.12885250823872066,0.9627777777777777,0.8194070080862533,0.9153601990632722,0.0,0.0,9.244463733058732e-33,0.014452683561368732,1.079335709395838,0.09096391841554997,0.09944444444444445,0.13722222222222222
geometry_sensitivity,0,1.24,0.65,access_only,0.04421018202504329,0.15559806714074595,0.9377777777777778,0.7370892018779343,0.8966876781350914,0.0,0.0,6.162975822039155e-33,0.010669174041297934,1.082551845740253,0.08877527040314653,0.09944444444444445,0.13722222222222222
geometry_sensitivity,0,1.24,0.65,oracle_intrinsic,0.031552944444444446,0.12676824736304157,0.9627777777777777,0.8194070080862533,0.9153601990632722,0.0,0.0,3.0814879110195774e-32,0.007394444444444464,1.0088181373397962,0.09645,0.09944444444444445,0.13722222222222222
geometry_sensitivity,1,1.24,0.65,conserved_quotient,0.04118954477957569,0.16198101462230008,0.95,0.7527472527472527,0.8932033815942294,0.0,0.0,5.623715437610729e-32,0.016602323466708667,0.9365751793350123,0.09511145655969745,0.09944444444444445,0.13833333333333334
geometry_sensitivity,1,1.24,0.65,access_only,0.05143035570786381,0.18496918048604802,0.9255555555555556,0.6869158878504673,0.8748892848403806,0.0,0.0,4.3140830754274083e-32,0.0172085309158531,0.8922441078042557,0.09833075313807531,0.09944444444444445,0.13833333333333334
geometry_sensitivity,1,1.24,0.65,oracle_intrinsic,0.04063216666666667,0.16023376396696334,0.95,0.7527472527472527,0.8932033815942294,0.0,0.0,1.8488927466117464e-32,0.016438888888888902,0.9493069507821387,0.09367222222222223,0.09944444444444445,0.13833333333333334
geometry_sensitivity,2,1.24,0.65,conserved_quotient,0.035667738803153576,0.14306261772107426,0.9594444444444444,0.8021680216802168,0.9105835450087614,0.0,0.0,3.158525108795067e-32,0.013486167475856053,0.9667529002478672,0.10073291082642716,0.10111111111111111,0.14055555555555554
geometry_sensitivity,2,1.24,0.65,access_only,0.04786158514901077,0.169444788070494,0.9316666666666666,0.7172413793103448,0.8915667151143047,0.0,0.0,1.3866695599588098e-31,0.013274242424242425,0.9095761650181193,0.10268535353535352,0.10111111111111111,0.14055555555555554
geometry_sensitivity,2,1.24,0.65,oracle_intrinsic,0.035139944444444446,0.14122605632351384,0.9594444444444444,0.8021680216802168,0.9105835450087614,0.0,0.0,4.3140830754274083e-32,0.010727777777777796,0.9910916446551641,0.09602777777777778,0.10111111111111111,0.14055555555555554
geometry_sensitivity,3,1.24,0.65,conserved_quotient,0.03653755758800064,0.14002157707816787,0.9538888888888889,0.7930174563591023,0.928875207845919,0.0,0.0,1.3096323621833204e-32,0.012617377716152987,0.9989129254971603,0.10074902174447752,0.10611111111111111,0.14722222222222223
geometry_sensitivity,3,1.24,0.65,access_only,0.0463138528137907,0.1616224378046891,0.9344444444444444,0.7412280701754386,0.9173920258753934,0.0,0.0,1.8488927466117464e-32,0.009616528354080237,1.0610937775365756,0.09649458275703089,0.10611111111111111,0.14722222222222223
geometry_sensitivity,3,1.24,0.65,oracle_intrinsic,0.036408388888888886,0.1395432762967143,0.9538888888888889,0.7930174563591023,0.928875207845919,0.0,0.0,1.8488927466117464e-32,0.011738888888888877,0.9848401807394882,0.10314999999999999,0.10611111111111111,0.14722222222222223
geometry_sensitivity,4,1.24,0.65,conserved_quotient,0.03508414024964615,0.13287834595572443,0.9544444444444444,0.7759562841530054,0.9328668131868132,0.0,0.0,6.933347799794049e-33,0.013573558602224993,0.9846952520721479,0.09311572727692377,0.09722222222222222,0.13666666666666666
geometry_sensitivity,4,1.24,0.65,access_only,0.04284774578367014,0.14982421163310522,0.9383333333333334,0.7363420427553444,0.9152773626373626,0.0,0.0,1.5407439555097887e-32,0.004064123159303899,1.014359518829159,0.09315809906291836,0.09722222222222222,0.13666666666666666
geometry_sensitivity,4,1.24,0.65,oracle_intrinsic,0.03491011111111111,0.13204901346204087,0.9544444444444444,0.7759562841530054,0.9328668131868132,0.0,0.0,1.5407439555097887e-32,0.011555555555555553,0.9629142077118328,0.09622222222222221,0.09722222222222222,0.13666666666666666
geometry_sensitivity,5,1.24,0.65,conserved_quotient,0.033620872575129794,0.13435528243554337,0.9605555555555556,0.7905604719764012,0.9002288448923609,0.0,0.0,1.617781153285278e-32,0.012831542882683901,0.9996786608291318,0.0871471027021772,0.09111111111111111,0.13111111111111112
geometry_sensitivity,5,1.24,0.65,access_only,0.044798,0.1586006107029244,0.9333333333333333,0.7,0.8876498300435327,0.0,0.0,9.244463733058732e-33,0.0055333333333333215,0.9794492719336464,0.08735555555555556,0.09111111111111111,0.13111111111111112
geometry_sensitivity,5,1.24,0.65,oracle_intrinsic,0.03333822222222222,0.13376953352337173,0.9605555555555556,0.7905604719764012,0.9002288448923609,0.0,0.0,3.274080905458301e-33,0.011522222222222222,0.963134324675372,0.09027777777777778,0.09111111111111111,0.13111111111111112
geometry_sensitivity,6,1.24,0.65,conserved_quotient,0.034678411530871145,0.1344911331967033,0.9583333333333334,0.804177545691906,0.9339396148831283,0.0,0.0,6.162975822039155e-33,0.0063306780032596635,1.0152963499027652,0.10119627933382427,0.105,0.14666666666666667
geometry_sensitivity,6,1.24,0.65,access_only,0.045484495979395516,0.15838109690528673,0.935,0.7417218543046358,0.9222869229076553,0.0,0.0,4.3140830754274083e-32,0.005102390998593526,0.9732767093792906,0.10383572433192685,0.105,0.14666666666666667
geometry_sensitivity,6,1.24,0.65,oracle_intrinsic,0.03426933333333333,0.1327978186162882,0.9583333333333334,0.804177545691906,0.9351646583179792,0.0,0.0,1.8488927466117464e-32,0.007444444444444437,1.03160845820799,0.09755555555555555,0.105,0.14666666666666667
geometry_sensitivity,7,1.24,0.65,conserved_quotient,0.03368914433316507,0.1329140006605821,0.9588888888888889,0.774390243902439,0.9182545731707317,0.0,0.0,4.025193583769323e-32,0.007183325621162421,0.9561045465437717,0.08762023882616073,0.08888888888888889,0.12611111111111112
geometry_sensitivity,7,1.24,0.65,access_only,0.043022095392585884,0.15269753361319097,0.9372222222222222,0.7080103359173127,0.9054077743902439,0.0,0.0,4.0059342843254506e-32,0.009497517730496459,0.9247716972094809,0.09030862884160756,0.08888888888888889,0.12611111111111112
geometry_sensitivity,7,1.24,0.65,oracle_intrinsic,0.03356605555555555,0.13190072989127002,0.9588888888888889,0.774390243902439,0.9182545731707317,0.0,0.0,2.792598419361492e-32,0.006261111111111111,0.9683101580665013,0.08644999999999999,0.08888888888888889,0.12611111111111112
geometry_sensitivity,8,1.24,0.65,conserved_quotient,0.033187821303726925,0.13132602787593176,0.9594444444444444,0.8206388206388207,0.9340828410033167,0.0,0.0,5.315566646508771e-32,0.01748856141480815,1.079489801837128,0.10104020357064974,0.10666666666666667,0.15166666666666667
geometry_sensitivity,8,1.24,0.65,access_only,0.04741603179573026,0.16320139839910425,0.9316666666666666,0.7354838709677419,0.9124300373134329,0.0,0.0,3.0814879110195774e-32,0.011004855643044622,1.0846631627408263,0.09566181102362203,0.10666666666666667,0.15166666666666667
geometry_sensitivity,8,1.24,0.65,oracle_intrinsic,0.03216327777777778,0.1276570037292628,0.9594444444444444,0.8206388206388207,0.9340828410033167,0.0,0.0,1.560003254953661e-32,0.0128611111111111,0.9972735051649136,0.10693888888888889,0.10666666666666667,0.15166666666666667
geometry_sensitivity,9,1.24,0.65,conserved_quotient,0.03687405859752339,0.14499929572889053,0.9561111111111111,0.7835616438356164,0.8999639784424833,0.0,0.0,6.355568816477878e-33,0.010284156640240207,0.9638271028036148,0.09474126292555093,0.09888888888888889,0.13722222222222222
geometry_sensitivity,9,1.24,0.65,access_only,0.04672059701873663,0.16647364531015812,0.9327777777777778,0.7152941176470589,0.887851729727483,0.0,0.0,0.0,0.0059508474576271345,0.9904634518439001,0.09293804143126178,0.09888888888888889,0.13722222222222222
geometry_sensitivity,9,1.24,0.65,oracle_intrinsic,0.03655627777777778,0.14399499877043434,0.9561111111111111,0.7835616438356164,0.8999639784424833,0.0,0.0,3.274080905458301e-33,0.008427777777777786,0.9747726961063056,0.0944611111111111,0.09888888888888889,0.13722222222222222
geometry_sensitivity,10,1.24,0.65,conserved_quotient,0.030926456795951046,0.12809942249363185,0.9666666666666667,0.839572192513369,0.9304017160039917,0.0,0.0,2.484449628259534e-32,0.01539475656705782,1.0842773280094422,0.0935237327884394,0.10388888888888889,0.13111111111111112
geometry_sensitivity,10,1.24,0.65,access_only,0.0416483647673962,0.15216590983647607,0.9461111111111111,0.7706855791962175,0.9193683673097262,0.0,0.0,3.0814879110195774e-32,0.012610323709536332,1.0893846385120785,0.09127856517935258,0.10388888888888889,0.13111111111111112
geometry_sensitivity,10,1.24,0.65,oracle_intrinsic,0.030542666666666666,0.12680173154399518,0.9666666666666667,0.839572192513369,0.9304017160039917,0.0,0.0,3.0814879110195774e-32,0.011677777777777785,1.052127619060482,0.09447777777777779,0.10388888888888889,0.13111111111111112
geometry_sensitivity,11,1.24,0.65,conserved_quotient,0.03212206365078539,0.13149158548754294,0.9627777777777777,0.825974025974026,0.9290226085170302,0.0,0.0,6.471124613141112e-32,0.012398226653928838,1.064290175800637,0.09757109379399263,0.10777777777777778,0.14166666666666666
geometry_sensitivity,11,1.24,0.65,access_only,0.04544670208429726,0.1631872432827494,0.9383333333333334,0.7527839643652561,0.914107534888498,0.0,0.0,2.465190328815662e-32,0.0087811653116531,1.0292138707996326,0.09899661246612464,0.10777777777777778,0.14166666666666666
geometry_sensitivity,11,1.24,0.65,oracle_intrinsic,0.03190827777777777,0.1312283743587001,0.9627777777777777,0.825974025974026,0.9290226085170302,0.0,0.0,6.471124613141112e-32,0.010872222222222222,1.0612301270894133,0.09717222222222223,0.10777777777777778,0.14166666666666666
geometry_sensitivity,12,1.24,0.65,conserved_quotient,0.03158870987824274,0.12600351720160963,0.9616666666666667,0.8034188034188035,0.9179177192349333,0.0,0.0,1.5407439555097887e-32,0.00587607692769719,0.9787185339780518,0.09314274359436385,0.09444444444444444,0.13666666666666666
geometry_sensitivity,12,1.24,0.65,access_only,0.045061519508050714,0.15724642204573672,0.9333333333333333,0.7115384615384616,0.9004294478527607,0.0,0.0,1.232595164407831e-32,0.009342375168690948,0.9270097969684897,0.09660904183535761,0.09444444444444444,0.13666666666666666
geometry_sensitivity,12,1.24,0.65,oracle_intrinsic,0.031717666666666665,0.1266738560212406,0.9616666666666667,0.8034188034188035,0.9179177192349333,0.0,0.0,3.389636702121535e-32,0.008244444444444462,1.0058316367360547,0.09184444444444444,0.09444444444444444,0.13666666666666666
geometry_sensitivity,13,1.24,0.65,conserved_quotient,0.04617316765281551,0.1826388240718623,0.9438888888888889,0.7154929577464789,0.8873737513681265,0.0,0.0,3.274080905458301e-33,0.018512794013586364,0.9285849088457346,0.09049518555156927,0.09888888888888889,0.135
geometry_sensitivity,13,1.24,0.65,access_only,0.05456900135750498,0.2008387593100502,0.9205555555555556,0.6603325415676959,0.8747003976225772,0.0,0.0,0.0,0.01820408299866134,0.9109431111348996,0.09105963855421685,0.09888888888888889,0.135
geometry_sensitivity,13,1.24,0.65,oracle_intrinsic,0.04647205555555555,0.1834929120476252,0.9438888888888889,0.7154929577464789,0.8873737513681265,0.0,0.0,3.0814879110195774e-33,0.019738888888888893,0.9110600377661461,0.09015,0.09888888888888889,0.135
geometry_sensitivity,14,1.24,0.65,conserved_quotient,0.03154312931734239,0.118775432741013,0.96,0.797752808988764,0.9329919467787114,0.0,0.0,4.025193583769323e-32,0.007080384847848524,0.9750529743156995,0.09645147893043685,0.09333333333333334,0.135
geometry_sensitivity,14,1.24,0.65,access_only,0.04044165259611573,0.13885937640782303,0.9405555555555556,0.7396593673965937,0.914952439309057,0.0,0.0,9.55261252416069e-32,0.001915134099616876,0.9797863099298537,0.09477068965517241,0.09333333333333334,0.135
geometry_sensitivity,14,1.24,0.65,oracle_intrinsic,0.03133183333333333,0.11812642937020974,0.96,0.797752808988764,0.9329919467787114,0.0,0.0,9.244463733058732e-33,0.0045500000000000046,0.9754403813468255,0.09473888888888887,0.09333333333333334,0.135
geometry_sensitivity,15,1.24,0.65,conserved_quotient,0.03305313009763405,0.13182208704764214,0.9616666666666667,0.8140161725067385,0.9250430477830391,0.0,0.0,3.0814879110195774e-33,0.010885997999360183,1.041350490368597,0.09406061741810723,0.10222222222222223,0.1361111111111111
geometry_sensitivity,15,1.24,0.65,access_only,0.043359369108344994,0.15508797427329835,0.9405555555555556,0.7505827505827506,0.9139414281102023,0.0,0.0,1.5407439555097887e-32,0.007522047832585914,1.0322437476392512,0.0947001743896363,0.10222222222222223,0.1361111111111111
geometry_sensitivity,15,1.24,0.65,oracle_intrinsic,0.032730166666666664,0.1309548104778812,0.9616666666666667,0.8140161725067385,0.9250430477830391,0.0,0.0,2.484449628259534e-32,0.007594444444444438,1.0296977360721549,0.09462777777777777,0.10222222222222223,0.1361111111111111
geometry_sensitivity,16,1.24,0.65,conserved_quotient,0.02679108681193537,0.11051103930733418,0.9683333333333334,0.822429906542056,0.924316594458749,0.0,0.0,6.596310059526283e-33,0.007788211340117443,1.0646382469429978,0.07998956643766034,0.08777777777777777,0.12111111111111111
geometry_sensitivity,16,1.24,0.65,access_only,0.04007269307649065,0.14146860994599916,0.9444444444444444,0.7340425531914894,0.9070560754868253,0.0,0.0,1.232595164407831e-32,0.01311255230125526,1.1619158858952883,0.07466522547652255,0.08777777777777777,0.12111111111111111
geometry_sensitivity,16,1.24,0.65,oracle_intrinsic,0.026661,0.11040772736404376,0.9683333333333334,0.822429906542056,0.924316594458749,0.0,0.0,1.8488927466117464e-32,0.006777777777777778,1.0396773295634243,0.08411111111111111,0.08777777777777777,0.12111111111111111
geometry_sensitivity,17,1.24,0.65,conserved_quotient,0.03494541065458192,0.1364029103071878,0.9577777777777777,0.7900552486187845,0.9189998294293542,0.0,0.0,1.5407439555097887e-32,0.01364705446429984,1.0689899112196564,0.08468627886903349,0.09833333333333333,0.135
geometry_sensitivity,17,1.24,0.65,access_only,0.04405772999101021,0.1549030581534224,0.9388888888888889,0.7380952380952381,0.9049225295974881,0.0,0.0,3.0814879110195774e-33,0.014023992673992687,1.1331495598415016,0.08430934065934066,0.09833333333333333,0.135
geometry_sensitivity,17,1.24,0.65,oracle_intrinsic,0.033890277777777776,0.13181329344805248,0.9577777777777777,0.7900552486187845,0.9189998294293542,0.0,0.0,3.4088960015654075e-32,0.007138888888888877,0.9960395299057686,0.0936388888888889,0.09833333333333333,0.135
geometry_sensitivity,18,1.24,0.65,conserved_quotient,0.030803064716850636,0.12434237608138782,0.9627777777777777,0.8112676056338028,0.9270898805782527,0.0,0.0,3.4088960015654075e-32,0.01047680950205553,0.9869087593446214,0.09586151831550928,0.09555555555555556,0.135
geometry_sensitivity,18,1.24,0.65,access_only,0.04395790549390709,0.15468348470415857,0.9361111111111111,0.7228915662650602,0.9075052854122622,0.0,0.0,8.936314941956774e-32,0.0038623706702654074,0.9896970095277755,0.09227348178137652,0.09555555555555556,0.135
geometry_sensitivity,18,1.24,0.65,oracle_intrinsic,0.030595611111111108,0.1236754129773523,0.9627777777777777,0.8112676056338028,0.9270898805782527,0.0,0.0,1.560003254953661e-32,0.009050000000000008,0.993936422397549,0.09434999999999999,0.09555555555555556,0.135
geometry_sensitivity,19,1.24,0.65,conserved_quotient,0.0390741873044051,0.15293054663522418,0.9527777777777777,0.7931873479318735,0.9089931777197695,0.0,0.0,9.437056727497456e-33,0.009298428833050564,0.9956647026585617,0.10477901093848996,0.11,0.1688888888888889
geometry_sensitivity,19,1.24,0.65,access_only,0.05598098970804453,0.19084530949682535,0.9122222222222223,0.6852589641434262,0.8857268061387912,0.0,0.0,1.232595164407831e-32,0.012645410628019337,0.9227085058095089,0.11037874396135264,0.11,0.1688888888888889
geometry_sensitivity,19,1.24,0.65,oracle_intrinsic,0.03920244444444445,0.15347792239000907,0.9527777777777777,0.7931873479318735,0.9089931777197695,0.0,0.0,2.484449628259534e-32,0.010433333333333336,0.9734608840755893,0.10816666666666666,0.11,0.1688888888888889
geometry_sensitivity,0,1.24,1.0,conserved_quotient,0.032611796422514536,0.13421374819179233,0.9622222222222222,0.7364341085271318,0.8689600425779506,0.0,0.0,6.162975822039155e-33,0.014369278186213504,1.017796763160412,0.06284910676578373,0.07388888888888889,0.09222222222222222
geometry_sensitivity,0,1.24,1.0,access_only,0.037809857742530956,0.14481825630821857,0.9494444444444444,0.6956521739130435,0.8615630257407165,0.0,0.0,9.244463733058732e-33,0.012719060901906096,1.0971510571822691,0.061169827986982804,0.07388888888888889,0.09222222222222222
geometry_sensitivity,0,1.24,1.0,oracle_intrinsic,0.03224255555555555,0.1331808578318064,0.9622222222222222,0.7364341085271318,0.8689600425779506,0.0,0.0,3.0814879110195774e-33,0.010955555555555559,0.9666497955923254,0.06668888888888888,0.07388888888888889,0.09222222222222222
geometry_sensitivity,1,1.24,1.0,conserved_quotient,0.02796047746903433,0.116402611248378,0.9672222222222222,0.7739463601532567,0.879584669688771,0.0,0.0,1.617781153285278e-32,0.007520199025831454,1.0076367653376732,0.06905789415898111,0.07444444444444444,0.09833333333333333
geometry_sensitivity,1,1.24,1.0,access_only,0.036289901429774826,0.13556010002051436,0.9494444444444444,0.707395498392283,0.8654835068355701,0.0,0.0,3.0814879110195774e-33,0.004562304866850299,0.988133813437074,0.07037341597796144,0.07444444444444444,0.09833333333333333
geometry_sensitivity,1,1.24,1.0,oracle_intrinsic,0.027422388888888885,0.11473642489896949,0.9672222222222222,0.7739463601532567,0.879584669688771,0.0,0.0,6.162975822039155e-33,0.008638888888888894,1.021401835427104,0.06856111111111111,0.07444444444444444,0.09833333333333333
geometry_sensitivity,2,1.24,1.0,conserved_quotient,0.02846067919282395,0.12211591685589121,0.9677777777777777,0.7819548872180451,0.9058424885112211,0.0,0.0,6.162975822039155e-33,0.009407378938938123,1.0299821434945295,0.06689075947231668,0.07611111111111112,0.08944444444444444
geometry_sensitivity,2,1.24,1.0,access_only,0.035130750139619325,0.13741655248118292,0.9555555555555556,0.7315436241610739,0.8994781219412635,0.0,0.0,3.697785493223493e-32,0.011053524229074891,1.072105170250096,0.06505758688203622,0.07611111111111112,0.08944444444444444
geometry_sensitivity,2,1.24,1.0,oracle_intrinsic,0.028771277777777774,0.12281222042898521,0.9677777777777777,0.7819548872180451,0.9047627408034903,0.0,0.0,1.5407439555097887e-32,0.011172222222222234,1.0053318095343902,0.06851666666666666,0.07611111111111112,0.08944444444444444
geometry_sensitivity,3,1.24,1.0,conserved_quotient,0.028328697648923422,0.11640335089741577,0.9666666666666667,0.7321428571428571,0.8546648352791826,0.0,0.0,3.0814879110195774e-33,0.008532219624650951,0.9348507410750294,0.06231020021280102,0.06333333333333334,0.07944444444444444
geometry_sensitivity,3,1.24,1.0,access_only,0.031749873791056205,0.12302786961709598,0.9572222222222222,0.7003891050583657,0.8486347838754656,0.0,0.0,6.162975822039155e-33,0.006305273069679844,0.9506894838990808,0.061383050847457626,0.06333333333333334,0.07944444444444444
geometry_sensitivity,3,1.24,1.0,oracle_intrinsic,0.0283885,0.11665869819949343,0.9666666666666667,0.7321428571428571,0.8546648352791826,0.0,0.0,6.162975822039155e-33,0.008594444444444443,0.9342344464900313,0.06040555555555556,0.06333333333333334,0.07944444444444444
geometry_sensitivity,4,1.24,1.0,conserved_quotient,0.023539252371263125,0.09907724476833778,0.9727777777777777,0.7677725118483413,0.8993327252652297,0.0,0.0,6.211124070648836e-33,0.0044437353090077325,1.0139068174309305,0.057222931357658935,0.06166666666666667,0.08555555555555555
geometry_sensitivity,4,1.24,1.0,access_only,0.031197082582720866,0.11575749282016325,0.955,0.6943396226415094,0.8904357288016258,0.0,0.0,9.244463733058732e-33,0.005378683834048648,0.9243939511717466,0.0642231282784931,0.06166666666666667,0.08555555555555555
geometry_sensitivity,4,1.24,1.0,oracle_intrinsic,0.02326611111111111,0.09814404336141286,0.9727777777777777,0.7677725118483413,0.8993327252652297,0.0,0.0,6.162975822039155e-33,0.006033333333333336,1.0536769038328293,0.05687777777777778,0.06166666666666667,0.08555555555555555
geometry_sensitivity,5,1.24,1.0,conserved_quotient,0.030767649469551756,0.12448881821558994,0.9638888888888889,0.7389558232931727,0.8984096653190318,0.0,0.0,4.8148248609680896e-33,0.010448906128334405,0.9203878313438829,0.06968753758490306,0.07055555555555555,0.09333333333333334
geometry_sensitivity,5,1.24,1.0,access_only,0.03626198744752112,0.13611951919680154,0.9494444444444444,0.6915254237288135,0.8896837686084219,0.0,0.0,6.162975822039155e-33,0.010098754359740926,0.9053769858083862,0.07100986547085203,0.07055555555555555,0.09333333333333334
geometry_sensitivity,5,1.24,1.0,oracle_intrinsic,0.030470222222222215,0.12342411004151219,0.9638888888888889,0.7389558232931727,0.8984096653190318,0.0,0.0,6.355568816477878e-33,0.012133333333333336,0.950214379284381,0.06655555555555556,0.07055555555555555,0.09333333333333334
geometry_sensitivity,6,1.24,1.0,conserved_quotient,0.027258498940348437,0.11143999202019653,0.9683333333333334,0.7816091954022989,0.9079838167704805,0.0,0.0,3.158525108795067e-32,0.007762719862719869,1.0374055008274272,0.0685878143449572,0.07388888888888889,0.09555555555555556
geometry_sensitivity,6,1.24,1.0,access_only,0.03356551964459253,0.12520638084757216,0.955,0.7344262295081967,0.8985841929358489,0.0,0.0,6.162975822039155e-33,0.00829115646258503,1.096980458159318,0.06559773242630385,0.07388888888888889,0.09555555555555556
geometry_sensitivity,6,1.24,1.0,oracle_intrinsic,0.027079333333333327,0.11107001091179876,0.9683333333333334,0.7816091954022989,0.9079838167704805,0.0,0.0,2.484449628259534e-32,0.006599999999999987,1.0081173840242494,0.06895555555555556,0.07388888888888889,0.09555555555555556
geometry_sensitivity,7,1.24,1.0,conserved_quotient,0.024799395578403195,0.10805920103569244,0.9722222222222222,0.8134328358208955,0.9182990901150414,0.0,0.0,3.0814879110195774e-33,0.00993945471362122,1.0676591841705911,0.06945219177548288,0.07611111111111112,0.10055555555555555
geometry_sensitivity,7,1.24,1.0,access_only,0.03605933223211721,0.13403284146310643,0.95,0.7169811320754716,0.9046486211270635,0.0,0.0,0.0,0.004362429378531066,0.9840706931330929,0.0729068738229755,0.07611111111111112,0.10055555555555555
geometry_sensitivity,7,1.24,1.0,oracle_intrinsic,0.024875055555555553,0.10840478401426988,0.9722222222222222,0.8134328358208955,0.9182990901150414,0.0,0.0,6.162975822039155e-33,0.00963888888888889,1.064272784672558,0.06980555555555555,0.07611111111111112,0.10055555555555555
geometry_sensitivity,8,1.24,1.0,conserved_quotient,0.027990035145562916,0.11872130829930419,0.9672222222222222,0.7686274509803922,0.880054219164027,0.0,0.0,2.465190328815662e-32,0.012518469650545129,0.9729881747741793,0.0688916890237645,0.07055555555555555,0.09444444444444444
geometry_sensitivity,8,1.24,1.0,access_only,0.03715960207303512,0.13955075003547124,0.9472222222222222,0.6801346801346801,0.8721472577434097,0.0,0.0,6.162975822039155e-33,0.009011870845204169,0.9288137723077126,0.06878964862298197,0.07055555555555555,0.09444444444444444
geometry_sensitivity,8,1.24,1.0,oracle_intrinsic,0.02757322222222222,0.11739253295950694,0.9672222222222222,0.7686274509803922,0.880054219164027,0.0,0.0,6.162975822039155e-33,0.009900000000000004,0.9887401880101614,0.06745555555555556,0.07055555555555555,0.09444444444444444
geometry_sensitivity,9,1.24,1.0,conserved_quotient,0.025335375401772563,0.10920126446098184,0.9722222222222222,0.8015873015873016,0.9041516253982896,0.0,0.0,1.5407439555097887e-32,0.011234277005715462,1.0581691900628911,0.06586692170336707,0.07055555555555555,0.09444444444444444
geometry_sensitivity,9,1.24,1.0,access_only,0.03504813146965253,0.1309093448800832,0.9505555555555556,0.7003367003367004,0.891688748111507,0.0,0.0,2.1570415377137042e-32,0.0043354080221300025,0.9825682558204144,0.06744651913324114,0.07055555555555555,0.09444444444444444
geometry_sensitivity,9,1.24,1.0,oracle_intrinsic,0.024888555555555556,0.10780634677222682,0.9722222222222222,0.8015873015873016,0.9041516253982896,0.0,0.0,1.560003254953661e-32,0.008466666666666667,1.0309282932546284,0.06675555555555557,0.07055555555555555,0.09444444444444444
geometry_sensitivity,10,1.24,1.0,conserved_quotient,0.025255912852484106,0.10437915848634238,0.9688888888888889,0.7171717171717171,0.8775352941176471,0.0,0.0,6.355568816477878e-33,0.004486821021408949,0.9830626369958916,0.053807449828994276,0.05555555555555555,0.07833333333333334
geometry_sensitivity,10,1.24,1.0,access_only,0.031147245900316096,0.11727420392000092,0.9538888888888889,0.6556016597510373,0.8655882352941177,0.0,0.0,9.244463733058732e-33,0.007480742204655251,0.8911638348496541,0.0581362977602108,0.05555555555555555,0.07833333333333334
geometry_sensitivity,10,1.24,1.0,oracle_intrinsic,0.02534105555555555,0.10456803626898398,0.9688888888888889,0.7171717171717171,0.8775352941176471,0.0,0.0,1.560003254953661e-32,0.005561111111111109,0.9449356911453874,0.054972222222222214,0.05555555555555555,0.07833333333333334
geometry_sensitivity,11,1.24,1.0,conserved_quotient,0.024691287583780065,0.10575681805601543,0.9727777777777777,0.8093385214007782,0.9205181309497856,0.0,0.0,1.3096323621833204e-32,0.00898057085953773,1.0506942460482818,0.06788615931935504,0.07333333333333333,0.08944444444444444
geometry_sensitivity,11,1.24,1.0,access_only,0.03146850440858174,0.12125773905332592,0.9594444444444444,0.7508532423208191,0.9114390305937069,0.0,0.0,2.1570415377137042e-32,0.005043145384190151,1.0277975873685214,0.06829018794914317,0.07333333333333333,0.08944444444444444
geometry_sensitivity,11,1.24,1.0,oracle_intrinsic,0.024619277777777778,0.10590370182673214,0.9727777777777777,0.8093385214007782,0.9205181309497856,0.0,0.0,1.560003254953661e-32,0.00841666666666666,1.0616908516853545,0.0661388888888889,0.07333333333333333,0.08944444444444444
geometry_sensitivity,12,1.24,1.0,conserved_quotient,0.025859603486951696,0.1112731444664362,0.97,0.7890625,0.9055642561031783,0.0,0.0,1.232595164407831e-32,0.007568090097937298,1.03238654070518,0.0666146523297031,0.07222222222222222,0.09722222222222222
geometry_sensitivity,12,1.24,1.0,access_only,0.03638270857929948,0.13555528658458083,0.9483333333333334,0.6950819672131148,0.895366190695532,0.0,0.0,6.162975822039155e-33,0.00511363636363636,1.006030714808075,0.06710858585858585,0.07222222222222222,0.09722222222222222
geometry_sensitivity,12,1.24,1.0,oracle_intrinsic,0.025863166666666663,0.11141207647928404,0.97,0.7890625,0.9055642561031783,0.0,0.0,6.162975822039155e-33,0.008683333333333333,1.0170038564638295,0.06824999999999999,0.07222222222222222,0.09722222222222222
geometry_sensitivity,13,1.24,1.0,conserved_quotient,0.028976805437959025,0.11404679419789365,0.9633333333333334,0.7203389830508474,0.9004235083557054,0.0,0.0,9.437056727497456e-33,0.010235696907038771,0.8746006006504997,0.06749426062851578,0.06333333333333334,0.09222222222222222
geometry_sensitivity,13,1.24,1.0,access_only,0.03410562580134155,0.1242960665492343,0.9488888888888889,0.6714285714285714,0.8909804166406526,0.0,0.0,9.244463733058732e-33,0.00865439469320065,0.882121806005991,0.06792106135986732,0.06333333333333334,0.09222222222222222
geometry_sensitivity,13,1.24,1.0,oracle_intrinsic,0.028650333333333333,0.11283531448856078,0.9633333333333334,0.7203389830508474,0.9004235083557054,0.0,0.0,1.560003254953661e-32,0.007833333333333336,0.91611991839772,0.06492222222222223,0.06333333333333334,0.09222222222222222
geometry_sensitivity,14,1.24,1.0,conserved_quotient,0.027317098428490016,0.11146371941164956,0.9672222222222222,0.7756653992395437,0.9123629663749424,0.0,0.0,3.851859888774472e-33,0.006240924893387954,1.0100473644344798,0.06793351548105242,0.07222222222222222,0.095
geometry_sensitivity,14,1.24,1.0,access_only,0.03350022283719536,0.12496331334782909,0.9538888888888889,0.7242524916943521,0.9029571625978812,0.0,0.0,3.697785493223493e-32,0.00401471306471308,1.019299377312576,0.06820750915750916,0.07222222222222222,0.095
geometry_sensitivity,14,1.24,1.0,oracle_intrinsic,0.027348055555555556,0.11159890337415417,0.9672222222222222,0.7756653992395437,0.9123629663749424,0.0,0.0,1.560003254953661e-32,0.006827777777777773,0.9917666917952166,0.06932777777777778,0.07222222222222222,0.095
geometry_sensitivity,15,1.24,1.0,conserved_quotient,0.02868854202034024,0.12031586979575741,0.9688888888888889,0.776,0.9114435724147955,0.0,0.0,3.274080905458301e-33,0.01605397129982725,1.0614697515142693,0.06063302217975355,0.07333333333333333,0.08222222222222222
geometry_sensitivity,15,1.24,1.0,access_only,0.03173848714503269,0.12636462603447712,0.9622222222222222,0.7571428571428571,0.9069562531792748,0.0,0.0,2.465190328815662e-32,0.013272131147540993,1.150488442731262,0.06006120218579235,0.07333333333333333,0.08222222222222222
geometry_sensitivity,15,1.24,1.0,oracle_intrinsic,0.02781222222222222,0.11795444922823971,0.9688888888888889,0.776,0.9114435724147955,0.0,0.0,1.925929944387236e-34,0.012444444444444449,1.040218521717286,0.0631111111111111,0.07333333333333333,0.08222222222222222
geometry_sensitivity,16,1.24,1.0,conserved_quotient,0.025849123141097198,0.1050254012027194,0.97,0.7938931297709924,0.9220538228512843,0.0,0.0,9.244463733058732e-33,0.007091532861741142,1.0708085564348468,0.06457513380492552,0.07166666666666667,0.09111111111111111
geometry_sensitivity,16,1.24,1.0,access_only,0.03172799659589716,0.11781005103405393,0.9594444444444444,0.7508532423208191,0.9156240286882014,0.0,0.0,6.162975822039155e-33,0.01179453551912569,1.2041389319711744,0.05987213114754098,0.07166666666666667,0.09111111111111111
geometry_sensitivity,16,1.24,1.0,oracle_intrinsic,0.025453333333333335,0.1039502946624328,0.97,0.7938931297709924,0.9220538228512843,0.0,0.0,6.355568816477878e-33,0.004455555555555555,1.0031583541163611,0.06907777777777778,0.07166666666666667,0.09111111111111111
geometry_sensitivity,17,1.24,1.0,conserved_quotient,0.027058908195661268,0.10988938000905644,0.9688888888888889,0.7894736842105263,0.9046768947963801,0.0,0.0,1.5407439555097887e-32,0.0063772393521052545,1.037832314292611,0.0691783162034503,0.07555555555555556,0.0961111111111111
geometry_sensitivity,17,1.24,1.0,access_only,0.03247977709190671,0.12163493938227395,0.9572222222222222,0.7508090614886731,0.8973504666289592,0.0,0.0,3.0814879110195774e-33,0.007141358024691383,1.083007132345592,0.0684141975308642,0.07555555555555556,0.0961111111111111
geometry_sensitivity,17,1.24,1.0,oracle_intrinsic,0.02626772222222222,0.10768485576239005,0.9688888888888889,0.7894736842105263,0.9057550904977375,0.0,0.0,6.355568816477878e-33,0.006805555555555556,1.0312836032758828,0.06959444444444444,0.07555555555555556,0.0961111111111111
geometry_sensitivity,18,1.24,1.0,conserved_quotient,0.02787685381089436,0.11274433109497504,0.965,0.7149321266968326,0.8856423493568043,0.0,0.0,6.355568816477878e-33,0.006186043721014777,0.991848001720299,0.05829606842208808,0.06222222222222222,0.08722222222222223
geometry_sensitivity,18,1.24,1.0,access_only,0.03353602979623221,0.12512424693814492,0.9505555555555556,0.6691449814126395,0.8764916215301286,0.0,0.0,2.465190328815662e-32,0.006453921568627447,0.9303607575897602,0.0624872549019608,0.06222222222222222,0.08722222222222223
geometry_sensitivity,18,1.24,1.0,oracle_intrinsic,0.028104833333333332,0.11331854086213772,0.965,0.7149321266968326,0.8856423493568043,0.0,0.0,3.0814879110195774e-33,0.00815,0.9402207236772337,0.060494444444444455,0.06222222222222222,0.08722222222222223
geometry_sensitivity,19,1.24,1.0,conserved_quotient,0.02435564213969446,0.10505539589145897,0.9716666666666667,0.7792207792207793,0.9226599958307276,0.0,0.0,1.8488927466117464e-32,0.00666162567118692,1.0167339300830653,0.06270764730549346,0.06833333333333333,0.085
geometry_sensitivity,19,1.24,1.0,access_only,0.031858501981405274,0.12275297220788751,0.9577777777777777,0.7246376811594203,0.9133663966335549,0.0,0.0,4.3140830754274083e-32,0.003689506172839528,0.9927194659820773,0.06476728395061729,0.06833333333333333,0.085
geometry_sensitivity,19,1.24,1.0,oracle_intrinsic,0.02456483333333333,0.1059123454544707,0.9716666666666667,0.7792207792207793,0.9226599958307276,0.0,0.0,1.2518544638517033e-32,0.008916666666666661,1.055441875438679,0.06068333333333333,0.06833333333333333,0.085
geometry_sensitivity,0,1.24,1.35,conserved_quotient,0.023164786439736764,0.10108499954897229,0.9722222222222222,0.6666666666666666,0.8349340361535483,0.0,0.0,3.0814879110195774e-33,0.005347567963462537,0.9858011578220842,0.040550374119583024,0.043333333333333335,0.058333333333333334
geometry_sensitivity,0,1.24,1.35,access_only,0.027883580655324505,0.11144776850103136,0.9583333333333334,0.5901639344262295,0.830146817951696,0.0,0.0,0.0,0.0068876811594202935,0.9007758583991597,0.042387681159420286,0.043333333333333335,0.058333333333333334
geometry_sensitivity,0,1.24,1.35,oracle_intrinsic,0.023223055555555552,0.10122224678999837,0.9722222222222222,0.6666666666666666,0.8349340361535483,0.0,0.0,3.0814879110195774e-32,0.007783333333333332,0.896461260134278,0.04328333333333333,0.043333333333333335,0.058333333333333334
geometry_sensitivity,1,1.24,1.35,conserved_quotient,0.021176241028139073,0.09445996486834513,0.9761111111111112,0.7570621468926554,0.8904416079812206,0.0,0.0,1.0014835710813626e-32,0.007430598675490318,1.0801037964736788,0.04590273465784302,0.05333333333333334,0.057777777777777775
geometry_sensitivity,1,1.24,1.35,access_only,0.025179244832729594,0.10441849508163954,0.97,0.73,0.8847686815336463,0.0,0.0,0.0,0.008589473684210525,1.1447206205721736,0.044743859649122815,0.05333333333333334,0.057777777777777775
geometry_sensitivity,1,1.24,1.35,oracle_intrinsic,0.021157111111111106,0.09482591640062323,0.9761111111111112,0.7570621468926554,0.8904416079812206,0.0,0.0,3.851859888774472e-33,0.006522222222222224,1.0546350538825282,0.046900000000000004,0.05333333333333334,0.057777777777777775
geometry_sensitivity,2,1.24,1.35,conserved_quotient,0.029009814861940847,0.12842565326819075,0.9677777777777777,0.6627906976744186,0.8178793023614755,0.0,0.0,3.0814879110195774e-33,0.014299487256525096,0.9117352429355596,0.0443920153896068,0.05277777777777778,0.052222222222222225
geometry_sensitivity,2,1.24,1.35,access_only,0.030554561661278738,0.13027783427695805,0.9627777777777777,0.6455026455026455,0.8149467510418275,0.0,0.0,6.162975822039155e-33,0.011051217352810975,1.0353507381304947,0.0417265604249668,0.05277777777777778,0.052222222222222225
geometry_sensitivity,2,1.24,1.35,oracle_intrinsic,0.02878477777777777,0.12705713193955123,0.9677777777777777,0.6627906976744186,0.8177866954776972,0.0,0.0,6.162975822039155e-33,0.013466666666666668,0.9100847702532373,0.04508888888888889,0.05277777777777778,0.052222222222222225
geometry_sensitivity,3,1.24,1.35,conserved_quotient,0.024074816839419068,0.1031629863081059,0.9711111111111111,0.6941176470588235,0.8447235809999262,0.0,0.0,3.0814879110195774e-33,0.008140008368754276,0.9434755525353595,0.04612298164215817,0.04833333333333333,0.059444444444444446
geometry_sensitivity,3,1.24,1.35,access_only,0.027554458120616892,0.11098525891375088,0.9622222222222222,0.6494845360824743,0.8428380672477538,0.0,0.0,1.5407439555097887e-32,0.0041962519936204245,0.9850979149862292,0.0446740297713982,0.04833333333333333,0.059444444444444446
geometry_sensitivity,3,1.24,1.35,oracle_intrinsic,0.023756944444444445,0.10242873270474388,0.9711111111111111,0.6941176470588235,0.8459649334702176,0.0,0.0,3.0814879110195774e-32,0.006427777777777783,0.9406662610330444,0.04650555555555556,0.04833333333333333,0.059444444444444446
geometry_sensitivity,4,1.24,1.35,conserved_quotient,0.028512573484807745,0.12154777017658464,0.9655555555555555,0.6125,0.8091403801893565,0.0,0.0,1.560003254953661e-32,0.011747326593183487,0.9125976767572144,0.042717903235996155,0.04833333333333333,0.06055555555555556
geometry_sensitivity,4,1.24,1.35,access_only,0.03209650971424154,0.12909963245059197,0.9544444444444444,0.5816326530612245,0.8031416282518402,0.0,0.0,1.232595164407831e-32,0.013106965595036655,0.8291541717514431,0.04689585448392555,0.04833333333333333,0.06055555555555556
geometry_sensitivity,4,1.24,1.35,oracle_intrinsic,0.02859638888888889,0.12181827856869525,0.9655555555555555,0.6125,0.8091403801893565,0.0,0.0,1.2518544638517033e-32,0.01232777777777778,0.8812707339163588,0.04362777777777778,0.04833333333333333,0.06055555555555556
geometry_sensitivity,5,1.24,1.35,conserved_quotient,0.025940483966990655,0.11079133176979745,0.9694444444444444,0.6820809248554913,0.8724236517218973,0.0,0.0,2.465190328815662e-32,0.009517484477574155,0.9033568991768853,0.0483746107212749,0.05,0.059444444444444446
geometry_sensitivity,5,1.24,1.35,access_only,0.02873710982521112,0.1163084784462302,0.9616666666666667,0.649746192893401,0.8655750487329434,0.0,0.0,1.232595164407831e-32,0.008476707441386342,0.9021773912366743,0.048398929663608564,0.05,0.059444444444444446
geometry_sensitivity,5,1.24,1.35,oracle_intrinsic,0.02560761111111111,0.10960591387695945,0.9694444444444444,0.6820809248554913,0.8724236517218973,0.0,0.0,3.0814879110195774e-32,0.008138888888888888,0.9278268412111323,0.04677222222222223,0.05,0.059444444444444446
geometry_sensitivity,6,1.24,1.35,conserved_quotient,0.023574734967575586,0.10346883117189494,0.9744444444444444,0.7722772277227723,0.8753302698039811,0.0,0.0,6.355568816477878e-33,0.009777150628717717,1.123463882680703,0.05077840492683783,0.06055555555555556,0.06777777777777778
geometry_sensitivity,6,1.24,1.35,access_only,0.028161260150920683,0.11368991113351225,0.9661111111111111,0.7359307359307359,0.8720696184332597,0.0,0.0,1.8488927466117464e-32,0.010799380066762046,1.1634120643680346,0.04975617548879351,0.06055555555555556,0.06777777777777778
geometry_sensitivity,6,1.24,1.35,oracle_intrinsic,0.023506777777777776,0.10324606842963205,0.9744444444444444,0.7722772277227723,0.8753302698039811,0.0,0.0,1.560003254953661e-32,0.009022222222222221,1.08217160164227,0.05153333333333333,0.06055555555555556,0.06777777777777778
geometry_sensitivity,7,1.24,1.35,conserved_quotient,0.020321676063952344,0.08937447787579351,0.9761111111111112,0.7393939393939394,0.8679463353449918,0.0,0.0,1.560003254953661e-32,0.0048792981613405,1.0058091827432685,0.04556825955997288,0.049444444444444444,0.057777777777777775
geometry_sensitivity,7,1.24,1.35,access_only,0.02395253115665572,0.09757934029322772,0.9694444444444444,0.7150259067357513,0.863415178718011,0.0,0.0,6.162975822039155e-33,0.0036823529411764847,1.0528464648331628,0.045762091503267974,0.049444444444444444,0.057777777777777775
geometry_sensitivity,7,1.24,1.35,oracle_intrinsic,0.020425777777777775,0.08956487725487755,0.9761111111111112,0.7393939393939394,0.8679463353449918,0.0,0.0,6.162975822039155e-33,0.005955555555555556,1.0307508641340075,0.045177777777777775,0.049444444444444444,0.057777777777777775
geometry_sensitivity,8,1.24,1.35,conserved_quotient,0.018398878090991857,0.07941001570062516,0.9783333333333334,0.7868852459016393,0.904526135070313,0.0,0.0,4.179267979320302e-32,0.0031589404535795522,1.0284398058707627,0.05137766054785851,0.050555555555555555,0.06666666666666667
geometry_sensitivity,8,1.24,1.35,access_only,0.023757347631081664,0.09151808479592126,0.9672222222222222,0.7203791469194313,0.8974466142400607,0.0,0.0,1.8488927466117464e-32,0.0020284664830119204,0.9775258919714868,0.052584022038567484,0.050555555555555555,0.06666666666666667
geometry_sensitivity,8,1.24,1.35,oracle_intrinsic,0.0183,0.07902273639960057,0.9783333333333334,0.7868852459016393,0.904526135070313,0.0,0.0,2.465190328815662e-32,0.0019333333333333396,1.0135238345403808,0.05135555555555556,0.050555555555555555,0.06666666666666667
geometry_sensitivity,9,1.24,1.35,conserved_quotient,0.03220247262051444,0.14094224190529459,0.9644444444444444,0.6631578947368421,0.8142110890824441,0.0,0.0,6.933347799794049e-33,0.01685267331433999,0.9703915969328756,0.04789267331433999,0.058888888888888886,0.06222222222222222
geometry_sensitivity,9,1.24,1.35,access_only,0.03573822222222222,0.1483694072211408,0.9544444444444444,0.6238532110091743,0.8084025751264173,0.0,0.0,1.8488927466117464e-32,0.014400000000000015,0.9134859512525387,0.049822222222222226,0.058888888888888886,0.06222222222222222
geometry_sensitivity,9,1.24,1.35,oracle_intrinsic,0.03191511111111111,0.14034857965048617,0.9644444444444444,0.6631578947368421,0.8142110890824441,0.0,0.0,2.7733391199176196e-32,0.015044444444444444,0.9588587735159342,0.0474,0.058888888888888886,0.06222222222222222
geometry_sensitivity,10,1.24,1.35,conserved_quotient,0.024920295036390684,0.10879965151273938,0.9711111111111111,0.7111111111111111,0.8584138708362311,0.0,0.0,3.274080905458301e-33,0.008605353957244861,1.0919014658085218,0.045839090487199585,0.05444444444444444,0.0661111111111111
geometry_sensitivity,10,1.24,1.35,access_only,0.030047263772175536,0.12011473805776582,0.9594444444444444,0.663594470046083,0.8519868581980383,0.0,0.0,3.0814879110195774e-32,0.005105555555555571,0.9908124404937486,0.04933888888888889,0.05444444444444444,0.0661111111111111
geometry_sensitivity,10,1.24,1.35,oracle_intrinsic,0.024882277777777777,0.10865080956941942,0.9711111111111111,0.7111111111111111,0.8584138708362311,0.0,0.0,4.025193583769323e-32,0.009127777777777778,1.017534007573049,0.04769444444444444,0.05444444444444444,0.0661111111111111
geometry_sensitivity,11,1.24,1.35,conserved_quotient,0.027742836762671537,0.12206397677148478,0.9688888888888889,0.7227722772277227,0.8661613490182803,0.0,0.0,3.1007472104634497e-32,0.01129137478682935,1.0225589198051699,0.052291838296383744,0.06222222222222222,0.06888888888888889
geometry_sensitivity,11,1.24,1.35,access_only,0.03257574178811408,0.1329589234868651,0.9588888888888889,0.6864406779661016,0.8608084377115776,0.0,0.0,3.0814879110195774e-33,0.007942376142376157,0.9860951527291433,0.054342376142376136,0.06222222222222222,0.06888888888888889
geometry_sensitivity,11,1.24,1.35,oracle_intrinsic,0.02770555555555555,0.12176855896019695,0.9688888888888889,0.7227722772277227,0.8661613490182803,0.0,0.0,1.5407439555097887e-32,0.011511111111111118,1.0224278639509032,0.051800000000000006,0.06222222222222222,0.06888888888888889
geometry_sensitivity,12,1.24,1.35,conserved_quotient,0.025536179966880342,0.11272755256021974,0.97,0.6582278481012658,0.8338050838050838,0.0,0.0,6.355568816477878e-33,0.008947734713445068,0.9718749547347469,0.04126399582692397,0.04666666666666667,0.055
geometry_sensitivity,12,1.24,1.35,access_only,0.029479934253932562,0.12134613644381753,0.9594444444444444,0.6010928961748634,0.8271936396936397,0.0,0.0,3.0814879110195774e-33,0.007607902973395922,0.9568861269314541,0.04095234741784039,0.04666666666666667,0.055
geometry_sensitivity,12,1.24,1.35,oracle_intrinsic,0.025651833333333332,0.11311347904288999,0.97,0.6582278481012658,0.8338050838050838,0.0,0.0,3.0814879110195774e-33,0.00963888888888889,0.918156800681315,0.04280555555555556,0.04666666666666667,0.055
geometry_sensitivity,13,1.24,1.35,conserved_quotient,0.025972780163258515,0.11660118420944002,0.9716666666666667,0.7213114754098361,0.8549273655280722,0.0,0.0,1.5407439555097887e-32,0.01236552909798082,1.1052714481756958,0.04629918825094707,0.056666666666666664,0.06666666666666667
geometry_sensitivity,13,1.24,1.35,access_only,0.032426710376064725,0.13083317978655593,0.9566666666666667,0.6486486486486487,0.8465149310607635,0.0,0.0,2.465190328815662e-32,0.007387314439946011,0.9880387941612431,0.04927935222672064,0.056666666666666664,0.06666666666666667
geometry_sensitivity,13,1.24,1.35,oracle_intrinsic,0.02557,0.11525516543589126,0.9716666666666667,0.7213114754098361,0.8549273655280722,0.0,0.0,1.560003254953661e-32,0.008433333333333336,1.0172941862294231,0.04850000000000001,0.056666666666666664,0.06666666666666667
geometry_sensitivity,14,1.24,1.35,conserved_quotient,0.022375040589780314,0.10059941283569278,0.9755555555555555,0.7411764705882353,0.8710768459159332,0.0,0.0,2.850376317693109e-32,0.007309660038112194,1.0037598231167146,0.048114135438780625,0.050555555555555555,0.06722222222222222
geometry_sensitivity,14,1.24,1.35,access_only,0.03052075099851202,0.11845123885264497,0.9566666666666667,0.6320754716981132,0.8620875905837871,0.0,0.0,3.0814879110195774e-33,0.011102409046214347,0.8307891612777595,0.0536468534906588,0.050555555555555555,0.06722222222222222
geometry_sensitivity,14,1.24,1.35,oracle_intrinsic,0.02225838888888889,0.10017347534189247,0.9755555555555555,0.7411764705882353,0.8710768459159332,0.0,0.0,3.0814879110195774e-33,0.007016666666666665,1.0059376561463875,0.04722777777777778,0.050555555555555555,0.06722222222222222
geometry_sensitivity,15,1.24,1.35,conserved_quotient,0.024456040196240824,0.10425402331497019,0.9711111111111111,0.7204301075268817,0.8574430670225237,0.0,0.0,1.2518544638517033e-32,0.006866702935345044,0.9371392136668818,0.05213336960201171,0.052222222222222225,0.07
geometry_sensitivity,15,1.24,1.35,access_only,0.030127208717292745,0.11663376869671845,0.9566666666666667,0.6454545454545455,0.8513070265146792,0.0,0.0,1.8488927466117464e-32,0.008015634218289096,0.8891088375107082,0.053282300884955745,0.052222222222222225,0.07
geometry_sensitivity,15,1.24,1.35,oracle_intrinsic,0.024386777777777778,0.10396053043240112,0.9711111111111111,0.7204301075268817,0.8574430670225237,0.0,0.0,6.162975822039155e-33,0.00598888888888889,0.9537157277810957,0.05092222222222222,0.052222222222222225,0.07
geometry_sensitivity,16,1.24,1.35,conserved_quotient,0.02373259934296742,0.10809643567608457,0.975,0.7643979057591623,0.8563078283744557,0.0,0.0,3.274080905458301e-33,0.010202591173030377,1.0653139192347203,0.04888303441356988,0.057777777777777775,0.06111111111111111
geometry_sensitivity,16,1.24,1.35,access_only,0.02888478533835364,0.11977272535816534,0.9655555555555555,0.7102803738317757,0.8504229408563135,0.0,0.0,9.244463733058732e-33,0.01167192501143119,1.1413587350278644,0.04610585276634659,0.057777777777777775,0.06111111111111111
geometry_sensitivity,16,1.24,1.35,oracle_intrinsic,0.023467000000000002,0.10717285392165354,0.975,0.7643979057591623,0.8563078283744557,0.0,0.0,6.933347799794049e-33,0.010488888888888897,1.0689256439343482,0.04873333333333333,0.057777777777777775,0.06111111111111111
geometry_sensitivity,17,1.24,1.35,conserved_quotient,0.026964409733627785,0.11568374086699243,0.9694444444444444,0.7488584474885844,0.8770169547055451,0.0,0.0,0.0,0.01061000867816308,1.0684450999738886,0.05383443576628137,0.06444444444444444,0.07944444444444444
geometry_sensitivity,17,1.24,1.35,access_only,0.03302199763755524,0.1285062219019635,0.9561111111111111,0.694980694980695,0.86865734294373,0.0,0.0,0.0,0.009631893004115221,1.0879415483373858,0.054812551440329225,0.06444444444444444,0.07944444444444444
geometry_sensitivity,17,1.24,1.35,oracle_intrinsic,0.02653361111111111,0.11388543263145326,0.9694444444444444,0.7488584474885844,0.8770169547055451,0.0,0.0,1.232595164407831e-32,0.007250000000000006,1.0218326459866658,0.057194444444444444,0.06444444444444444,0.07944444444444444
geometry_sensitivity,18,1.24,1.35,conserved_quotient,0.020960331898336133,0.08911436798577625,0.9766666666666667,0.7469879518072289,0.8826758778295103,0.0,0.0,1.925929944387236e-34,0.007357243234492478,1.0896870181682483,0.042202494349833315,0.049444444444444444,0.05388888888888889
geometry_sensitivity,18,1.24,1.35,access_only,0.022402731383063614,0.09232735954186233,0.9744444444444444,0.7526881720430108,0.8790509525279258,0.0,0.0,3.0814879110195774e-33,0.008928719397363461,1.2546863047240076,0.04051572504708099,0.049444444444444444,0.05388888888888889
geometry_sensitivity,18,1.24,1.35,oracle_intrinsic,0.020365499999999998,0.08789220578529185,0.9766666666666667,0.7469879518072289,0.8826758778295103,0.0,0.0,1.925929944387236e-34,0.0061500000000000036,1.0450854402732594,0.04433888888888889,0.049444444444444444,0.05388888888888889
geometry_sensitivity,19,1.24,1.35,conserved_quotient,0.026864913069772983,0.11964491662166739,0.9705555555555555,0.7225130890052356,0.8457009018474739,0.0,0.0,1.560003254953661e-32,0.01300524056611477,1.1169675595708677,0.04801310616651768,0.06,0.0661111111111111
geometry_sensitivity,19,1.24,1.35,access_only,0.03210628407451134,0.13152626245842056,0.9594444444444444,0.6784140969162996,0.8376017861833465,0.0,0.0,5.546678239835239e-32,0.009448989898989874,1.0248473705154486,0.0505510101010101,0.06,0.0661111111111111
geometry_sensitivity,19,1.24,1.35,oracle_intrinsic,0.02667672222222222,0.11903995847488545,0.9705555555555555,0.7225130890052356,0.8457009018474739,0.0,0.0,4.025193583769323e-32,0.012027777777777776,1.0756665280525033,0.04797222222222222,0.06,0.0661111111111111
geometry_sensitivity,0,1.24,1.7,conserved_quotient,0.02133996738138466,0.10514819446971366,0.9788888888888889,0.7076923076923077,0.8515962357425773,0.0,0.0,6.355568816477878e-33,0.01296646332711497,1.0849985293492472,0.03410183635290269,0.043333333333333335,0.04
geometry_sensitivity,0,1.24,1.7,access_only,0.026746959269518825,0.11750227382767725,0.9677777777777777,0.6133333333333333,0.8475758658685488,0.0,0.0,1.232595164407831e-32,0.008294736842105263,0.9910625311410065,0.03503859649122807,0.043333333333333335,0.04
geometry_sensitivity,0,1.24,1.7,oracle_intrinsic,0.021051555555555553,0.10428702018451544,0.9788888888888889,0.7076923076923077,0.8515962357425773,0.0,0.0,1.560003254953661e-32,0.012377777777777783,1.070542749311777,0.03451111111111111,0.043333333333333335,0.04
geometry_sensitivity,1,1.24,1.7,conserved_quotient,0.019719736932442184,0.09050797666433924,0.9772222222222222,0.6870229007633588,0.8284061320004353,0.0,0.0,6.162975822039155e-33,0.007645686934159198,0.9699020451095525,0.03663151719942872,0.03833333333333333,0.043333333333333335
geometry_sensitivity,1,1.24,1.7,access_only,0.023123973845362526,0.0977103265265474,0.9694444444444444,0.6258503401360545,0.8227882015087199,0.0,0.0,6.162975822039155e-33,0.004182035306334382,0.9572157683361747,0.03609314641744548,0.03833333333333333,0.043333333333333335
geometry_sensitivity,1,1.24,1.7,oracle_intrinsic,0.01977922222222222,0.0905544897978265,0.9772222222222222,0.6870229007633588,0.8284061320004353,0.0,0.0,3.0814879110195774e-33,0.008033333333333333,0.9301113745231673,0.03765555555555555,0.03833333333333333,0.043333333333333335
geometry_sensitivity,2,1.24,1.7,conserved_quotient,0.020004806769362324,0.08835787110993171,0.9777777777777777,0.7530864197530864,0.8692418692418692,0.0,0.0,2.7733391199176196e-32,0.005507253433135916,0.9912398862436667,0.04467105973329271,0.04666666666666667,0.052222222222222225
geometry_sensitivity,2,1.24,1.7,access_only,0.02245921769179402,0.09356613494908443,0.9722222222222222,0.7191011235955056,0.8667651792651793,0.0,0.0,3.0814879110195774e-33,0.004219098822324623,1.0769169944798485,0.042447567844342046,0.04666666666666667,0.052222222222222225
geometry_sensitivity,2,1.24,1.7,oracle_intrinsic,0.019954777777777776,0.08823317001273384,0.9777777777777777,0.7530864197530864,0.8692418692418692,0.0,0.0,0.0,0.005322222222222226,0.999834382373215,0.044300000000000006,0.04666666666666667,0.052222222222222225
geometry_sensitivity,3,1.24,1.7,conserved_quotient,0.022175992629736612,0.10382438201692237,0.9761111111111112,0.6906474820143885,0.7808001362900707,0.0,0.0,6.162975822039155e-33,0.008831523932565125,1.076521512315845,0.036724031622990434,0.04555555555555556,0.04777777777777778
geometry_sensitivity,3,1.24,1.7,access_only,0.027201417578832824,0.11545516707540167,0.9655555555555555,0.6309523809523809,0.7765552684630456,0.0,0.0,3.0814879110195774e-33,0.007538066766317879,1.0220783593374236,0.03801748878923766,0.04555555555555556,0.04777777777777778
geometry_sensitivity,3,1.24,1.7,oracle_intrinsic,0.022272777777777773,0.10411505803985417,0.9761111111111112,0.6906474820143885,0.7808001362900707,0.0,0.0,6.355568816477878e-33,0.009177777777777778,1.0688684303868863,0.036800000000000006,0.04555555555555556,0.04777777777777778
geometry_sensitivity,4,1.24,1.7,conserved_quotient,0.021814833679971363,0.0965118299129457,0.9755555555555555,0.6944444444444444,0.8579954817438027,0.0,0.0,1.9259299443872359e-32,0.007000107333118257,0.889613298692393,0.04268899622200714,0.042222222222222223,0.04888888888888889
geometry_sensitivity,4,1.24,1.7,access_only,0.024614005073151198,0.10176376832461369,0.9677777777777777,0.6463414634146342,0.8562935034802784,0.0,0.0,3.0814879110195774e-32,0.007004725992961295,0.8805279834305293,0.04269361488185018,0.042222222222222223,0.04888888888888889
geometry_sensitivity,4,1.24,1.7,oracle_intrinsic,0.02169822222222222,0.0959298487487391,0.9755555555555555,0.6944444444444444,0.8579954817438027,0.0,0.0,1.560003254953661e-32,0.006244444444444452,0.9398513273558576,0.04028888888888889,0.042222222222222223,0.04888888888888889
geometry_sensitivity,5,1.24,1.7,conserved_quotient,0.02161085580535771,0.10207162907860463,0.9766666666666667,0.6818181818181818,0.8263976302281584,0.0,0.0,6.162975822039155e-33,0.0095450547745938,1.112598518265201,0.03374897242007093,0.042777777777777776,0.042222222222222223
geometry_sensitivity,5,1.24,1.7,access_only,0.02583051858709985,0.11169737097014792,0.9683333333333334,0.6274509803921569,0.823299741465731,0.0,0.0,6.162975822039155e-33,0.008796330275229353,1.0823546855277546,0.03398144750254842,0.042777777777777776,0.042222222222222223
geometry_sensitivity,5,1.24,1.7,oracle_intrinsic,0.021416,0.1013907915369112,0.9766666666666667,0.6818181818181818,0.8263976302281584,0.0,0.0,3.274080905458301e-33,0.007966666666666669,1.046551728021953,0.03521111111111111,0.042777777777777776,0.042222222222222223
geometry_sensitivity,6,1.24,1.7,conserved_quotient,0.01887229588568662,0.08858880302689115,0.98,0.7391304347826086,0.8364727072902675,0.0,0.0,3.274080905458301e-33,0.00619532322009904,1.0386135755913166,0.038049327253406345,0.042222222222222223,0.044444444444444446
geometry_sensitivity,6,1.24,1.7,access_only,0.022617777777777775,0.09687050911247698,0.9722222222222222,0.6794871794871795,0.833572475271706,0.0,0.0,0.0,0.0048888888888888905,1.0554925316695027,0.037333333333333336,0.042222222222222223,0.044444444444444446
geometry_sensitivity,6,1.24,1.7,oracle_intrinsic,0.018702666666666666,0.0881982274176535,0.98,0.7391304347826086,0.8366711442178533,0.0,0.0,6.355568816477878e-33,0.006200000000000002,1.017740023404159,0.03855555555555556,0.042222222222222223,0.044444444444444446
geometry_sensitivity,7,1.24,1.7,conserved_quotient,0.01996728158290283,0.09227674586647373,0.9783333333333334,0.7272727272727273,0.8293948598826648,0.0,0.0,1.5407439555097887e-32,0.007215532732984081,1.0729108280704494,0.03797216343776293,0.043333333333333335,0.04555555555555556
geometry_sensitivity,7,1.24,1.7,access_only,0.023703126200274347,0.10073009616160637,0.9711111111111111,0.675,0.8272134369695345,0.0,0.0,0.0,0.007467901234567916,1.1352449467850292,0.035865432098765436,0.043333333333333335,0.04555555555555556
geometry_sensitivity,7,1.24,1.7,oracle_intrinsic,0.019727666666666664,0.09164961993893198,0.9783333333333334,0.7272727272727273,0.8293948598826648,0.0,0.0,3.0814879110195774e-33,0.005244444444444442,1.0286027051308904,0.03888888888888889,0.043333333333333335,0.04555555555555556
geometry_sensitivity,8,1.24,1.7,conserved_quotient,0.023961650210217168,0.10777993668584476,0.9711111111111111,0.6119402985074627,0.8208231884057972,0.0,0.0,9.437056727497456e-33,0.010936109893918043,0.9118786389598462,0.03698583910426047,0.041666666666666664,0.045
geometry_sensitivity,8,1.24,1.7,access_only,0.02711957407407407,0.11481192406172633,0.9644444444444444,0.5897435897435898,0.8151342995169082,0.0,0.0,9.244463733058732e-33,0.009505555555555552,0.8840068895504686,0.03805000000000001,0.041666666666666664,0.045
geometry_sensitivity,8,1.24,1.7,oracle_intrinsic,0.02422194444444444,0.10822705190648678,0.9711111111111111,0.6119402985074627,0.8208231884057972,0.0,0.0,3.274080905458301e-33,0.010727777777777779,0.9313433841335982,0.03640555555555556,0.041666666666666664,0.045
geometry_sensitivity,9,1.24,1.7,conserved_quotient,0.028376001194500157,0.1293610107575747,0.9683333333333334,0.5714285714285714,0.7720494186046511,0.0,0.0,1.8681520460556188e-32,0.012845624362001163,0.9234057943723059,0.034256735473112275,0.044444444444444446,0.04055555555555555
geometry_sensitivity,9,1.24,1.7,access_only,0.03072210388480841,0.13435886092914479,0.9616666666666667,0.5490196078431373,0.7694985465116279,0.0,0.0,1.8488927466117464e-32,0.012593549236440233,0.9348588935131505,0.03400466034755134,0.044444444444444446,0.04055555555555555
geometry_sensitivity,9,1.24,1.7,oracle_intrinsic,0.028378833333333332,0.12938610280318946,0.9683333333333334,0.5714285714285714,0.7720494186046511,0.0,0.0,6.355568816477878e-33,0.01355,0.9182375000557105,0.034072222222222226,0.044444444444444446,0.04055555555555555
geometry_sensitivity,10,1.24,1.7,conserved_quotient,0.01874797414002111,0.0887059184306272,0.98,0.7096774193548387,0.8076877315163677,0.0,0.0,6.162975822039155e-33,0.007148365582080481,1.0908289085070122,0.033407189973475075,0.04055555555555555,0.03722222222222222
geometry_sensitivity,10,1.24,1.7,access_only,0.020779184915129638,0.09329309282096789,0.9766666666666667,0.7,0.806006139397641,0.0,0.0,1.5407439555097887e-32,0.00706281233386497,1.1368080016594142,0.03349274322169059,0.04055555555555555,0.03722222222222222
geometry_sensitivity,10,1.24,1.7,oracle_intrinsic,0.0188765,0.08898435356379968,0.98,0.7096774193548387,0.8076877315163677,0.0,0.0,3.0814879110195774e-33,0.007805555555555556,1.122634067873414,0.03275,0.04055555555555555,0.03722222222222222
geometry_sensitivity,11,1.24,1.7,conserved_quotient,0.01852635371475314,0.08751053645271738,0.9805555555555555,0.7368421052631579,0.8481236714975845,0.0,0.0,1.8681520460556188e-32,0.007108629952350497,1.104923220244306,0.036090459984380166,0.041666666666666664,0.043333333333333335
geometry_sensitivity,11,1.24,1.7,access_only,0.022397020812444338,0.09623266611953565,0.9727777777777777,0.6797385620915033,0.845487922705314,0.0,0.0,2.1570415377137042e-32,0.00575638766519823,1.0926205977176968,0.035910279001468426,0.041666666666666664,0.043333333333333335
geometry_sensitivity,11,1.24,1.7,oracle_intrinsic,0.01825122222222222,0.08675497832375462,0.9805555555555555,0.7368421052631579,0.8481236714975845,0.0,0.0,4.025193583769323e-32,0.005211111111111118,1.0624355825895837,0.036677777777777774,0.041666666666666664,0.043333333333333335
geometry_sensitivity,12,1.24,1.7,conserved_quotient,0.016761384564410658,0.07661526973531005,0.98,0.71875,0.863427183806548,0.0,0.0,1.232595164407831e-32,0.002843311788740871,0.9372100929549508,0.0390589162256651,0.03777777777777778,0.042777777777777776
geometry_sensitivity,12,1.24,1.7,access_only,0.019662686357116474,0.08334255433649845,0.975,0.6896551724137931,0.8606507268034235,0.0,0.0,0.0,0.0014965877044557361,1.0399408379475874,0.036281190073322055,0.03777777777777778,0.042777777777777776
geometry_sensitivity,12,1.24,1.7,oracle_intrinsic,0.016838833333333334,0.0767256102152128,0.98,0.71875,0.863427183806548,0.0,0.0,3.0814879110195774e-33,0.0030944444444444487,0.9718599331840583,0.037816666666666665,0.03777777777777778,0.042777777777777776
geometry_sensitivity,13,1.24,1.7,conserved_quotient,0.023088677061920203,0.1025857314761421,0.9733333333333334,0.6666666666666666,0.8337055898031508,0.0,0.0,1.560003254953661e-32,0.0074665201338200635,0.9225763905527659,0.04009977188777666,0.043333333333333335,0.04888888888888889
geometry_sensitivity,13,1.24,1.7,access_only,0.026113544312695545,0.10910159758792565,0.9655555555555555,0.6265060240963856,0.8305414098097025,0.0,0.0,0.0,0.006411551639745475,0.942038014343124,0.03987821830641214,0.043333333333333335,0.04888888888888889
geometry_sensitivity,13,1.24,1.7,oracle_intrinsic,0.022868,0.1021975181918558,0.9733333333333334,0.6666666666666666,0.8337055898031508,0.0,0.0,2.792598419361492e-32,0.009177777777777776,0.933269332436548,0.04006666666666667,0.043333333333333335,0.04888888888888889
geometry_sensitivity,14,1.24,1.7,conserved_quotient,0.019881048377239086,0.08697702142003065,0.9755555555555555,0.65625,0.8505253823985812,0.0,0.0,3.274080905458301e-33,0.00545893923702224,0.8662859404420373,0.0384256059036889,0.03611111111111111,0.04611111111111111
geometry_sensitivity,14,1.24,1.7,access_only,0.0225751025988995,0.09273924576001472,0.9677777777777777,0.6081081081081081,0.8463311904234094,0.0,0.0,1.232595164407831e-32,0.004158345463367303,0.9018571991026229,0.03712501213003396,0.03611111111111111,0.04611111111111111
geometry_sensitivity,14,1.24,1.7,oracle_intrinsic,0.019936055555555558,0.08705071564146745,0.9755555555555555,0.65625,0.8505253823985812,0.0,0.0,1.560003254953661e-32,0.0055833333333333325,0.8641371503831712,0.03855,0.03611111111111111,0.04611111111111111
geometry_sensitivity,15,1.24,1.7,conserved_quotient,0.022023124018920606,0.09663245454123334,0.9727777777777777,0.6016260162601627,0.8190164170506913,0.0,0.0,1.5407439555097887e-32,0.007591390761502,0.8598170057549936,0.03562472409483534,0.035555555555555556,0.042777777777777776
geometry_sensitivity,15,1.24,1.7,access_only,0.024012976853434502,0.10085792900908248,0.9661111111111111,0.5673758865248227,0.8160912298387096,0.0,0.0,6.162975822039155e-33,0.006476606875934239,0.882350675005797,0.03450994020926757,0.035555555555555556,0.042777777777777776
geometry_sensitivity,15,1.24,1.7,oracle_intrinsic,0.022337277777777775,0.09747807390113776,0.9727777777777777,0.6016260162601627,0.8190164170506913,0.0,0.0,3.274080905458301e-33,0.008572222222222224,0.8170814262529386,0.036472222222222225,0.035555555555555556,0.042777777777777776
geometry_sensitivity,16,1.24,1.7,conserved_quotient,0.02342375748070386,0.10732937227730673,0.9727777777777777,0.6141732283464567,0.7921130018980278,0.0,0.0,6.355568816477878e-33,0.01042588744582888,0.9477707662713685,0.03389046877499354,0.03944444444444444,0.041666666666666664
geometry_sensitivity,16,1.24,1.7,access_only,0.026826150262917233,0.11506166572885834,0.9644444444444444,0.5616438356164384,0.7873231290577473,0.0,0.0,9.244463733058732e-33,0.008804012345679013,0.9157599988855301,0.034081790123456794,0.03944444444444444,0.041666666666666664
geometry_sensitivity,16,1.24,1.7,oracle_intrinsic,0.023524277777777776,0.10743451905135527,0.9727777777777777,0.6141732283464567,0.7921130018980278,0.0,0.0,3.274080905458301e-33,0.011194444444444446,0.8941092081330794,0.03547222222222222,0.03944444444444444,0.041666666666666664
geometry_sensitivity,17,1.24,1.7,conserved_quotient,0.027811615872466305,0.12758932413895935,0.97,0.6447368421052632,0.7368521535485185,0.0,0.0,3.0814879110195774e-33,0.013855052467315512,1.0775276475154214,0.03725605864379561,0.051111111111111114,0.04722222222222222
geometry_sensitivity,17,1.24,1.7,access_only,0.031041722851062676,0.1347280506207502,0.9627777777777777,0.6214689265536724,0.7333265451583342,0.0,0.0,3.0814879110195774e-33,0.01194167869167869,1.012593137332023,0.039169432419432416,0.051111111111111114,0.04722222222222222
geometry_sensitivity,17,1.24,1.7,oracle_intrinsic,0.0278975,0.12774008183481278,0.97,0.6447368421052632,0.7368521535485185,0.0,0.0,0.0,0.014383333333333335,1.060324534432823,0.03701666666666666,0.051111111111111114,0.04722222222222222
geometry_sensitivity,18,1.24,1.7,conserved_quotient,0.026056695651842526,0.11622743551576796,0.9694444444444444,0.5736434108527132,0.7811504213943238,0.0,0.0,3.0814879110195774e-33,0.011745528880366809,0.9621266023929299,0.0348429942150056,0.043333333333333335,0.042777777777777776
geometry_sensitivity,18,1.24,1.7,access_only,0.027840486602540487,0.1202175932347082,0.965,0.5935483870967742,0.7792072426218768,0.0,0.0,1.8488927466117464e-32,0.009410527650938607,0.9403148460577281,0.03633274987316083,0.043333333333333335,0.042777777777777776
geometry_sensitivity,18,1.24,1.7,oracle_intrinsic,0.026438611111111107,0.11736608981823328,0.9694444444444444,0.5736434108527132,0.7811504213943238,0.0,0.0,3.0814879110195774e-33,0.012883333333333333,0.9502682105550943,0.03398333333333334,0.043333333333333335,0.042777777777777776
geometry_sensitivity,19,1.24,1.7,conserved_quotient,0.022678514555809548,0.10149732459439696,0.9738888888888889,0.6666666666666666,0.8114297626492748,0.0,0.0,3.851859888774472e-33,0.008727500231444156,0.9539295172938357,0.039067311089310566,0.043333333333333335,0.04777777777777778
geometry_sensitivity,19,1.24,1.7,access_only,0.02572973385108481,0.10813050893497128,0.9666666666666667,0.6341463414634146,0.806419190565532,0.0,0.0,6.162975822039155e-33,0.006583547008547014,0.9365433037608955,0.04007243589743591,0.043333333333333335,0.04777777777777778
geometry_sensitivity,19,1.24,1.7,oracle_intrinsic,0.02253055555555555,0.10110347667908454,0.9738888888888889,0.6666666666666666,0.8114297626492748,0.0,0.0,3.851859888774472e-33,0.007933333333333337,0.9731446869913619,0.038533333333333336,0.043333333333333335,0.04777777777777778
