suite,shift,train_scenario,test_scenario,seed,n_train,n_test,model,brier,log_loss,accuracy,f1,auc,blocked_false_positive_rate,affordance_loss_rate,accessible_prediction_variance,ece,reliability_slope,mean_prediction,positive_rate,access_rate
main_shift,iid_left_light,left_light,left_light,0,1000,3000,conserved_quotient,0.05390985449007335,0.18915025020290516,0.9346666666666666,0.8377483443708609,0.9484728820390509,0.0,0.0,4.3140830754274083e-32,0.011960155571064522,1.0316425490358225,0.17891011957193265,0.19033333333333333,0.28633333333333333
main_shift,iid_left_light,left_light,left_light,0,1000,3000,caq_strong_shrinkage,0.05448319104412235,0.19132915027722125,0.9346666666666666,0.8377483443708609,0.9484728820390509,0.0,0.0,1.617781153285278e-32,0.025711566200854324,1.0760074722864528,0.17922237230107219,0.19033333333333333,0.28633333333333333
main_shift,iid_left_light,left_light,left_light,0,1000,3000,object_only,0.14860319990320325,0.46500308462989837,0.8096666666666666,0.0,0.629217590426249,0.0,1.0,4.0564899453656155e-33,0.024227924959112315,0.7999649280789132,0.19875515376894987,0.19033333333333333,0.28633333333333333
main_shift,iid_left_light,left_light,left_light,0,1000,3000,access_only,0.0760049412167798,0.23884138547385517,0.8853333333333333,0.7594405594405594,0.9095669014008345,0.0,0.0,9.244463733058732e-33,0.009811430219146527,1.039487181189238,0.1805219031141868,0.19033333333333333,0.28633333333333333
main_shift,iid_left_light,left_light,left_light,0,1000,3000,context_table,0.15842660877287104,0.5953857442753251,0.7893333333333333,0.08670520231213873,0.6125285606856439,0.03829985987856142,0.9481946624803768,0.016162648306303026,0.05356743699236476,0.40510145201451053,0.19263365874738217,0.19033333333333333,0.28633333333333333
main_shift,iid_left_light,left_light,left_light,0,1000,3000,monolithic_logistic,0.05514187514786962,0.20044339278022594,0.9336666666666666,0.8331936295054484,0.9479061745877131,0.0,0.023547880690737835,0.00323809262602139,0.024738168825829195,1.089759897301108,0.19095742829481485,0.19033333333333333,0.28633333333333333
main_shift,iid_left_light,left_light,left_light,0,1000,3000,interaction_logistic,0.054524762078559774,0.1939995143051759,0.93,0.8211243611584327,0.9499891489222104,0.0,0.05337519623233909,0.005129010909826176,0.02194058641267496,1.0384898217923206,0.1909206717339639,0.19033333333333333,0.28633333333333333
main_shift,iid_left_light,left_light,left_light,0,1000,3000,oracle_gate_class_mean,0.053993128049306185,0.18935297013863528,0.9346666666666666,0.8377483443708609,0.9484728820390509,0.0,0.0,3.274080905458301e-33,0.014741823222439665,1.0209547060054054,0.17884151011089366,0.19033333333333333,0.28633333333333333
main_shift,iid_left_light,left_light,left_light,0,1000,3000,oracle_intrinsic,0.052533366666666664,0.18535095173865807,0.9346666666666666,0.8377483443708609,0.9484728820390509,0.0,0.0,1.560003254953661e-32,0.011429999999999989,1.0125247481806552,0.18463666666666662,0.19033333333333333,0.28633333333333333
main_shift,iid_left_light,left_light,left_light,1,1000,3000,conserved_quotient,0.06392986898596212,0.2246788727868239,0.9193333333333333,0.8118195956454122,0.9348910637048038,0.0,0.0,9.437056727497456e-33,0.02371302650082385,0.9216100525736155,0.21156635983415717,0.20066666666666666,0.30733333333333335
main_shift,iid_left_light,left_light,left_light,1,1000,3000,caq_strong_shrinkage,0.06475768062533385,0.22643846188977979,0.9193333333333333,0.8118195956454122,0.9348910637048038,0.0,0.0,9.244463733058732e-33,0.025873405648500554,0.9443396864454794,0.21178191139562696,0.20066666666666666,0.30733333333333335
main_shift,iid_left_light,left_light,left_light,1,1000,3000,object_only,0.15362809149059278,0.475984193025074,0.7993333333333333,0.0,0.6295002202832372,0.0,1.0,5.007417855406813e-33,0.02011696889871497,0.9600025145638595,0.20349948255991718,0.20066666666666666,0.30733333333333335
main_shift,iid_left_light,left_light,left_light,1,1000,3000,access_only,0.08749602053111376,0.2764993900026594,0.8666666666666667,0.7375328083989501,0.8875682670220755,0.0,0.0,1.232595164407831e-32,0.025728505747126422,0.8911275648850852,0.21358183908045975,0.20066666666666666,0.30733333333333335
main_shift,iid_left_light,left_light,left_light,1,1000,3000,context_table,0.1667290757259868,0.6457267917822964,0.778,0.061971830985915494,0.6204034923898376,0.03609239653512993,0.9649122807017544,0.016718214358846763,0.058733769645428695,0.39780256675573694,0.2116620354283739,0.20066666666666666,0.30733333333333335
main_shift,iid_left_light,left_light,left_light,1,1000,3000,monolithic_logistic,0.0640629114043659,0.22778044232164787,0.919,0.8108949416342413,0.9365930634332598,0.0,0.0014619883040935672,0.0017418333946995577,0.017137030080713364,0.9544700399078857,0.21595555247744658,0.20066666666666666,0.30733333333333335
main_shift,iid_left_light,left_light,left_light,1,1000,3000,interaction_logistic,0.06555842325330294,0.234852128190532,0.9173333333333333,0.8050314465408805,0.9322310397091708,0.0,0.02046783625730994,0.006079136903909861,0.02189937117929471,0.9234190133535917,0.21481128578249448,0.20066666666666666,0.30733333333333335
main_shift,iid_left_light,left_light,left_light,1,1000,3000,oracle_gate_class_mean,0.06395126338054086,0.22507771729060413,0.9193333333333333,0.8118195956454122,0.9348910637048038,0.0,0.0,1.8488927466117464e-32,0.023676301458252665,0.9147759996882922,0.21152963479158599,0.20066666666666666,0.30733333333333335
main_shift,iid_left_light,left_light,left_light,1,1000,3000,oracle_intrinsic,0.06284313333333333,0.22147266538657542,0.9193333333333333,0.8118195956454122,0.9348910637048038,0.0,0.0,3.389636702121535e-32,0.00990000000000002,0.9778219882838983,0.19585999999999998,0.20066666666666666,0.30733333333333335
main_shift,iid_left_light,left_light,left_light,2,1000,3000,conserved_quotient,0.05621467059577349,0.20135063610564158,0.93,0.8335974643423137,0.947273166023166,0.0,0.0,9.437056727497456e-33,0.009991599400170808,0.9662724128837124,0.19625085569942713,0.19733333333333333,0.302
main_shift,iid_left_light,left_light,left_light,2,1000,3000,caq_strong_shrinkage,0.0570001828936464,0.20384746001255427,0.93,0.8335974643423137,0.947273166023166,0.0,0.0,1.232595164407831e-32,0.014387278834072084,1.002133075566371,0.1984129531125123,0.19733333333333333,0.302
main_shift,iid_left_light,left_light,left_light,2,1000,3000,object_only,0.15203015922027088,0.47130538292126617,0.8026666666666666,0.0,0.6236306904911556,0.0,1.0,2.515745989855827e-33,0.006205036386119848,0.9471089615941797,0.1911282969472135,0.19733333333333333,0.302
main_shift,iid_left_light,left_light,left_light,2,1000,3000,access_only,0.08344220403064578,0.2628331905960786,0.872,0.7436582109479306,0.9052419581125977,0.0,0.0,4.0059342843254506e-32,0.015928424908424936,0.9315610834431858,0.2038884249084249,0.19733333333333333,0.302
main_shift,iid_left_light,left_light,left_light,2,1000,3000,context_table,0.159323845244403,0.6089888890781384,0.7976666666666666,0.034976152623211444,0.6086026589296938,0.011461318051575931,0.9805970149253731,0.011147359612246265,0.06650411018953997,0.5112439258097365,0.19153140759046763,0.19733333333333333,0.302
main_shift,iid_left_light,left_light,left_light,2,1000,3000,monolithic_logistic,0.05819136637375786,0.21284730330324284,0.93,0.8335974643423137,0.9371955531112508,0.0,0.0,0.002179468974005428,0.01432511519351967,1.0011809212630687,0.20198109919109533,0.19733333333333333,0.302
main_shift,iid_left_light,left_light,left_light,2,1000,3000,interaction_logistic,0.058070196949407286,0.21192794855221928,0.9296666666666666,0.8324066719618745,0.9345376055041753,0.0,0.004477611940298508,0.004040512331363248,0.015088512525998087,0.9648184171416907,0.19924877182946768,0.19733333333333333,0.302
main_shift,iid_left_light,left_light,left_light,2,1000,3000,oracle_gate_class_mean,0.05636538067327727,0.20227028963692867,0.93,0.8335974643423137,0.947273166023166,0.0,0.0,1.5455587803707568e-32,0.013432509336453008,0.9542889433600572,0.19570996965391327,0.19733333333333333,0.302
main_shift,iid_left_light,left_light,left_light,2,1000,3000,oracle_intrinsic,0.056053799999999994,0.2009085014522703,0.93,0.8335974643423137,0.947273166023166,0.0,0.0,1.8488927466117464e-32,0.008953333333333327,1.0044534988846798,0.19288666666666665,0.19733333333333333,0.302
main_shift,iid_left_light,left_light,left_light,3,1000,3000,conserved_quotient,0.058195066953136254,0.20738838887888142,0.927,0.8268774703557312,0.9385682818766775,0.0,0.0,1.5455587803707568e-32,0.012285877690604767,0.9670293546505281,0.19484373115139572,0.198,0.29833333333333334
main_shift,iid_left_light,left_light,left_light,3,1000,3000,caq_strong_shrinkage,0.05857330672263906,0.20877762999624458,0.927,0.8268774703557312,0.9385682818766775,0.0,0.0,5.623715437610729e-32,0.015627308312724422,1.002174278875486,0.19609933759097634,0.198,0.29833333333333334
main_shift,iid_left_light,left_light,left_light,3,1000,3000,object_only,0.15077786081716885,0.4684078136876165,0.802,0.0,0.6517418574775183,0.0,1.0,1.5888922041194696e-33,0.01300660393975726,0.9954306067922927,0.19620748820116418,0.198,0.29833333333333334
main_shift,iid_left_light,left_light,left_light,3,1000,3000,access_only,0.08237766047325196,0.26171387212628006,0.875,0.748153122901276,0.896403072005732,0.0,0.0,1.232595164407831e-32,0.010863646532438532,0.9585215037043989,0.1982303131991051,0.198,0.29833333333333334
main_shift,iid_left_light,left_light,left_light,3,1000,3000,context_table,0.15866021841581074,0.6072249436491036,0.79,0.11267605633802817,0.6424161257910219,0.030878859857482184,0.9269746646795827,0.014449771522694246,0.04520700807187847,0.5079031318708109,0.19485778797499204,0.198,0.29833333333333334
main_shift,iid_left_light,left_light,left_light,3,1000,3000,monolithic_logistic,0.05925607232759898,0.21565591862056158,0.9263333333333333,0.8247422680412371,0.9401139407373821,0.0,0.005961251862891207,0.004380303720633853,0.010144586925147586,0.9863060571762559,0.19747390146246338,0.198,0.29833333333333334
main_shift,iid_left_light,left_light,left_light,3,1000,3000,interaction_logistic,0.05978547974251986,0.21662709334276056,0.9246666666666666,0.8197767145135566,0.936609794257342,0.0,0.01639344262295082,0.005896863246344864,0.01743013638039104,0.9504661142502661,0.19804923357701568,0.198,0.29833333333333334
main_shift,iid_left_light,left_light,left_light,3,1000,3000,oracle_gate_class_mean,0.05836313434689782,0.20816346337115385,0.927,0.8268774703557312,0.9385682818766775,0.0,0.0,1.8488927466117464e-32,0.014892261353104749,0.9577342240862426,0.194525594686438,0.198,0.29833333333333334
main_shift,iid_left_light,left_light,left_light,3,1000,3000,oracle_intrinsic,0.057500699999999995,0.2056087123231871,0.927,0.8268774703557312,0.9385682818766775,0.0,0.0,1.2518544638517033e-32,0.01081666666666668,0.9838114840883583,0.1951433333333333,0.198,0.29833333333333334
main_shift,iid_left_light,left_light,left_light,4,1000,3000,conserved_quotient,0.05365378462206248,0.1896408473420373,0.9316666666666666,0.8326530612244898,0.9552467713505605,0.0,0.0,2.465190328815662e-32,0.017053638246036576,1.0070775682538793,0.18942774251357397,0.19066666666666668,0.29233333333333333
main_shift,iid_left_light,left_light,left_light,4,1000,3000,caq_strong_shrinkage,0.05488533445043199,0.19375662613765443,0.9316666666666666,0.8326530612244898,0.9552467713505605,0.0,0.0,6.933347799794049e-33,0.02714354128129677,1.037691978206284,0.18944922589782245,0.19066666666666668,0.29233333333333333
main_shift,iid_left_light,left_light,left_light,4,1000,3000,object_only,0.14757679106451063,0.4609802304802583,0.8093333333333333,0.0,0.6496288925242797,0.0,1.0,2.3231529954171032e-33,0.016571747829242804,0.886209746364497,0.20618021343770845,0.19066666666666668,0.29233333333333333
main_shift,iid_left_light,left_light,left_light,4,1000,3000,access_only,0.07849119872769092,0.2458107988302097,0.879,0.7494824016563147,0.9044214640384327,0.0,0.0,1.232595164407831e-32,0.004639844236760095,0.9826801760860616,0.19012651090342675,0.19066666666666668,0.29233333333333333
main_shift,iid_left_light,left_light,left_light,4,1000,3000,context_table,0.1628922468680894,0.6487489871854832,0.7863333333333333,0.12311901504787962,0.6445166242324397,0.04898728214790391,0.9157733537519143,0.023610105442944125,0.06201406979861814,0.3631870337997839,0.2145918722591158,0.19066666666666668,0.29233333333333333
main_shift,iid_left_light,left_light,left_light,4,1000,3000,monolithic_logistic,0.05482550393364984,0.19948798294553702,0.9316666666666666,0.8326530612244898,0.9448695867559129,0.0,0.0,0.00201341235012127,0.010313622712368464,1.0146123936141755,0.18832852429834301,0.19066666666666668,0.29233333333333333
main_shift,iid_left_light,left_light,left_light,4,1000,3000,interaction_logistic,0.054041484094580816,0.19541535230917664,0.9316666666666666,0.8323793949304987,0.9460230872916211,0.0,0.0030627871362940277,0.003241199342045973,0.008947970511855934,1.0038677817421475,0.18804159463453182,0.19066666666666668,0.29233333333333333
main_shift,iid_left_light,left_light,left_light,4,1000,3000,oracle_gate_class_mean,0.053540705215948475,0.18913050930379316,0.9316666666666666,0.8326530612244898,0.9552467713505605,0.0,0.0,3.4088960015654075e-32,0.015858810668631318,0.9996974726354104,0.18942881066863132,0.19066666666666668,0.29233333333333333
main_shift,iid_left_light,left_light,left_light,4,1000,3000,oracle_intrinsic,0.052675966666666664,0.18626381798629552,0.9316666666666666,0.8326530612244898,0.9552467713505605,0.0,0.0,1.560003254953661e-32,0.009383333333333323,1.0074936065772473,0.1882033333333333,0.19066666666666668,0.29233333333333333
main_shift,iid_left_light,left_light,left_light,5,1000,3000,conserved_quotient,0.05835634681218249,0.20686036879410297,0.928,0.8226600985221675,0.9357605702310456,0.0,0.0,2.792598419361492e-32,0.01955573446036674,0.9365396577443678,0.19870906779370007,0.189,0.29233333333333333
main_shift,iid_left_light,left_light,left_light,5,1000,3000,caq_strong_shrinkage,0.05941838318173181,0.20970246615462218,0.928,0.8226600985221675,0.9357605702310456,0.0,0.0,3.0814879110195774e-32,0.02369450222993607,0.9593667739144504,0.19983929207853543,0.189,0.29233333333333333
main_shift,iid_left_light,left_light,left_light,5,1000,3000,object_only,0.1458448458505236,0.456451058346093,0.811,0.0,0.6578352764131637,0.0,1.0,3.9000081373841526e-33,0.020554545693319264,1.0380393657121243,0.2095545456933193,0.189,0.29233333333333333
main_shift,iid_left_light,left_light,left_light,5,1000,3000,access_only,0.08288047058954678,0.26100688460102434,0.8726666666666667,0.7354570637119113,0.899054810001515,0.0,0.0,9.244463733058732e-33,0.02379650953984278,0.8916455246090114,0.20294984287317613,0.189,0.29233333333333333
main_shift,iid_left_light,left_light,left_light,5,1000,3000,context_table,0.15290544488780816,0.5357790656283719,0.7936666666666666,0.11444921316165951,0.6415816909035158,0.04145077720207254,0.9324116743471582,0.009121353983436943,0.04713452977447147,0.5601566701013139,0.20597828355911782,0.189,0.29233333333333333
main_shift,iid_left_light,left_light,left_light,5,1000,3000,monolithic_logistic,0.06047870323618004,0.21632239296788336,0.9286666666666666,0.8245901639344262,0.9368856065663848,0.0,0.0,0.0035171005857238175,0.019153943086035633,0.976343899827186,0.20576052450459625,0.189,0.29233333333333333
main_shift,iid_left_light,left_light,left_light,5,1000,3000,interaction_logistic,0.06080258873034162,0.21848348629935146,0.9263333333333333,0.8198859005704972,0.9329784249636284,0.0,0.0015360983102918587,0.006428856312604373,0.02081283242139856,0.9312444171315323,0.2056395722242022,0.189,0.29233333333333333
main_shift,iid_left_light,left_light,left_light,5,1000,3000,oracle_gate_class_mean,0.0583390574524397,0.20687527730471658,0.928,0.8226600985221675,0.9357605702310456,0.0,0.0,1.5407439555097887e-32,0.019284834067305957,0.9299796161012245,0.19843816740063933,0.189,0.29233333333333333
main_shift,iid_left_light,left_light,left_light,5,1000,3000,oracle_intrinsic,0.0568701,0.20275041875835587,0.928,0.8226600985221675,0.9405455991289667,0.0,0.0,3.4088960015654075e-32,0.009676666666666674,0.9770200440230712,0.18883,0.189,0.29233333333333333
main_shift,iid_left_light,left_light,left_light,6,1000,3000,conserved_quotient,0.061591962140456,0.21286290678269557,0.9203333333333333,0.8052159739201304,0.9374533624071241,0.0,0.0,1.5407439555097887e-32,0.013953040545763757,0.9815812780198985,0.18916489239761558,0.18866666666666668,0.2886666666666667
main_shift,iid_left_light,left_light,left_light,6,1000,3000,caq_strong_shrinkage,0.06262632216192252,0.21592455829509058,0.9203333333333333,0.8052159739201304,0.9374533624071241,0.0,0.0,1.9259299443872359e-32,0.018939826143080218,1.013376358849262,0.18738315947641357,0.18866666666666668,0.2886666666666667
main_shift,iid_left_light,left_light,left_light,6,1000,3000,object_only,0.14817844606316458,0.4643724115437102,0.8113333333333334,0.0,0.5833880160622047,0.0,1.0,2.744450170751811e-33,0.011220105454975999,1.1592459860039641,0.18425665417317805,0.18866666666666668,0.2886666666666667
main_shift,iid_left_light,left_light,left_light,6,1000,3000,access_only,0.07997617585034014,0.25339317292032576,0.8766666666666667,0.7416201117318436,0.8990813301549602,0.0,0.0,1.5407439555097887e-32,0.005260476190476198,0.9934221007050625,0.1834061904761905,0.18866666666666668,0.2886666666666667
main_shift,iid_left_light,left_light,left_light,6,1000,3000,context_table,0.151989293668385,0.543548811479651,0.802,0.06309148264984227,0.634610247640174,0.01874414245548266,0.9576399394856279,0.013845712102971315,0.03643954530143388,0.546039070506984,0.18578009537158072,0.18866666666666668,0.2886666666666667
main_shift,iid_left_light,left_light,left_light,6,1000,3000,monolithic_logistic,0.06312199250186246,0.21960259347291874,0.9203333333333333,0.8052159739201304,0.935060146162579,0.0,0.0,0.0020556795884759576,0.01788934882311705,1.001414889493594,0.19565628453210912,0.18866666666666668,0.2886666666666667
main_shift,iid_left_light,left_light,left_light,6,1000,3000,interaction_logistic,0.06241166462424663,0.21523047073593005,0.9203333333333333,0.8052159739201304,0.9353512228122796,0.0,0.0,0.002011499306158021,0.017984136786416468,0.9804384851615741,0.1962867402455857,0.18866666666666668,0.2886666666666667
main_shift,iid_left_light,left_light,left_light,6,1000,3000,oracle_gate_class_mean,0.061509531352501416,0.21254889134629373,0.9203333333333333,0.8052159739201304,0.9374533624071241,0.0,0.0,1.8681520460556188e-32,0.012811861709252975,0.9732797407935825,0.18961630615369746,0.18866666666666668,0.2886666666666667
main_shift,iid_left_light,left_light,left_light,6,1000,3000,oracle_intrinsic,0.06045393333333334,0.2099740971720222,0.9203333333333333,0.8052159739201304,0.9374533624071241,0.0,0.0,3.4088960015654075e-32,0.011906666666666683,0.9613710929569445,0.18866666666666668,0.18866666666666668,0.2886666666666667
main_shift,iid_left_light,left_light,left_light,7,1000,3000,conserved_quotient,0.058738695558121584,0.2093562861297631,0.926,0.8192182410423453,0.9338228871886245,0.0,0.0,1.4059288594026822e-32,0.02456136425681034,1.0428948941091782,0.18060980591463727,0.188,0.289
main_shift,iid_left_light,left_light,left_light,7,1000,3000,caq_strong_shrinkage,0.061083831806228714,0.2158957588695777,0.926,0.8192182410423453,0.9338228871886245,0.0,0.0,1.9259299443872359e-32,0.035330994714714736,1.0732075353481034,0.17948395778425266,0.188,0.289
main_shift,iid_left_light,left_light,left_light,7,1000,3000,object_only,0.14717673815056653,0.4610605875616464,0.812,0.0,0.6370707123641827,0.0,1.0,4.333342374871281e-34,0.03738642627592867,1.5226222433777457,0.1625105694322258,0.188,0.289
main_shift,iid_left_light,left_light,left_light,7,1000,3000,access_only,0.0819377151656279,0.2609133618191954,0.873,0.7337526205450734,0.8915841281486916,0.0,0.0,2.1570415377137042e-32,0.011142788104089172,1.0171325001772813,0.1768572118959108,0.188,0.289
main_shift,iid_left_light,left_light,left_light,7,1000,3000,context_table,0.15350606839337363,0.55645203748608,0.796,0.1,0.6311656418497944,0.032817627754336616,0.9382530120481928,0.014169760056947932,0.04706104412174418,0.5292315151830743,0.16389411143381138,0.188,0.289
main_shift,iid_left_light,left_light,left_light,7,1000,3000,monolithic_logistic,0.06043962370687741,0.2221319575649918,0.9243333333333333,0.8131687242798354,0.9324508844868346,0.0,0.01957831325301205,0.0011914217125699555,0.030264068745929785,1.0630888643623222,0.17915706970576134,0.188,0.289
main_shift,iid_left_light,left_light,left_light,7,1000,3000,interaction_logistic,0.05946476702587475,0.2124818138588971,0.9236666666666666,0.811522633744856,0.9380458896691471,0.0,0.01957831325301205,0.003938738396049268,0.022461767788264447,1.0177569423705983,0.17909009414502247,0.188,0.289
main_shift,iid_left_light,left_light,left_light,7,1000,3000,oracle_gate_class_mean,0.05839057202224938,0.20829100674054296,0.926,0.8192182410423453,0.9338228871886245,0.0,0.0,4.0059342843254506e-32,0.02202638965899144,1.0338544842666364,0.18091111034100854,0.188,0.289
main_shift,iid_left_light,left_light,left_light,7,1000,3000,oracle_intrinsic,0.057495899999999996,0.20560221026373088,0.926,0.8192182410423453,0.9338228871886245,0.0,0.0,1.560003254953661e-32,0.014556666666666678,0.9643834973925797,0.19077666666666665,0.188,0.289
main_shift,iid_left_light,left_light,left_light,8,1000,3000,conserved_quotient,0.0546878474332554,0.1962604939798524,0.9326666666666666,0.8296795952782462,0.9446070574787744,0.0,0.0,2.792598419361492e-32,0.016217023555103977,1.01984676934879,0.1779509997391849,0.187,0.2823333333333333
main_shift,iid_left_light,left_light,left_light,8,1000,3000,caq_strong_shrinkage,0.05572726604398138,0.19912473137222841,0.9326666666666666,0.8296795952782462,0.9446070574787744,0.0,0.0,6.933347799794049e-33,0.024426796090816452,1.0590464881808122,0.17809419156350456,0.187,0.2823333333333333
main_shift,iid_left_light,left_light,left_light,8,1000,3000,object_only,0.14596085092023628,0.4574110056147962,0.813,0.0,0.6264424141567619,0.0,1.0,1.6490775148815707e-33,0.0026915077624376713,0.9766037268829549,0.18916120473213463,0.187,0.2823333333333333
main_shift,iid_left_light,left_light,left_light,8,1000,3000,access_only,0.07798143744855968,0.24822745848221742,0.8813333333333333,0.7471590909090909,0.9057363300905736,0.0,0.0,2.1570415377137042e-32,0.00728629629629632,1.006068513244902,0.17971370370370368,0.187,0.2823333333333333
main_shift,iid_left_light,left_light,left_light,8,1000,3000,context_table,0.15154213251464538,0.5550943833459933,0.7966666666666666,0.06441717791411043,0.6469170395803779,0.02786809103576405,0.952,0.014595347299637455,0.043885716207122394,0.5366316282852468,0.18605643514360826,0.187,0.2823333333333333
main_shift,iid_left_light,left_light,left_light,8,1000,3000,monolithic_logistic,0.05786336505622258,0.2090437512463872,0.925,0.8048568950563747,0.9412707496058917,0.0,0.056,0.007513628911703877,0.015583746962671282,1.034634042544819,0.1839222341613544,0.187,0.2823333333333333
main_shift,iid_left_light,left_light,left_light,8,1000,3000,interaction_logistic,0.05768950991905632,0.20772791834926527,0.9276666666666666,0.8127696289905091,0.9391761475547019,0.0,0.056,0.010339256360640443,0.015741284644471526,0.9807643605614589,0.18542859322801916,0.187,0.2823333333333333
main_shift,iid_left_light,left_light,left_light,8,1000,3000,oracle_gate_class_mean,0.054678083471063225,0.19656402376668322,0.9326666666666666,0.8296795952782462,0.9446070574787744,0.0,0.0,6.162975822039155e-33,0.01541652307042551,1.0093183543145972,0.17793152887762645,0.187,0.2823333333333333
main_shift,iid_left_light,left_light,left_light,8,1000,3000,oracle_intrinsic,0.054182566666666675,0.19479682574012758,0.9326666666666666,0.8296795952782462,0.9446070574787744,0.0,0.0,3.1007472104634497e-32,0.007696666666666672,1.0052850387902323,0.1807166666666667,0.187,0.2823333333333333
main_shift,iid_left_light,left_light,left_light,9,1000,3000,conserved_quotient,0.05390668052728421,0.18935516989162288,0.9343333333333333,0.8412570507655117,0.9524769674379352,0.0,0.0,1.1728913361318266e-31,0.01477846978235127,1.0015570242441445,0.18587922725034564,0.19666666666666666,0.29133333333333333
main_shift,iid_left_light,left_light,left_light,9,1000,3000,caq_strong_shrinkage,0.053598441056335225,0.18777897102526286,0.9343333333333333,0.8412570507655117,0.9524769674379352,0.0,0.0,2.465190328815662e-32,0.012312916769994995,1.0542975080951333,0.18603030688844607,0.19666666666666666,0.29133333333333333
main_shift,iid_left_light,left_light,left_light,9,1000,3000,object_only,0.15208548346524833,0.4755640230228401,0.8033333333333333,0.0,0.6239988747450594,0.0,1.0,9.750020343460382e-34,0.011187173250261967,0.8352225632653811,0.19217512505749088,0.19666666666666666,0.29133333333333333
main_shift,iid_left_light,left_light,left_light,9,1000,3000,access_only,0.07545953875091307,0.23685795973462836,0.888,0.7704918032786885,0.9151902384133905,0.0,0.0,3.0814879110195774e-32,0.00946513513513519,1.0408325821574298,0.18720153153153152,0.19666666666666666,0.29133333333333333
main_shift,iid_left_light,left_light,left_light,9,1000,3000,context_table,0.15606488754056705,0.5549288423327104,0.7936666666666666,0.040310077519379844,0.6392179478163021,0.018344308560677328,0.9754224270353302,0.013021312771428858,0.0430698060142906,0.5552774024968917,0.19259500668412208,0.19666666666666666,0.29133333333333333
main_shift,iid_left_light,left_light,left_light,9,1000,3000,monolithic_logistic,0.05472590784808036,0.19926027518613554,0.9343333333333333,0.8412570507655117,0.9491180814403263,0.0,0.0,0.0013806661226188357,0.01597956162482953,1.035884513808171,0.18961060315620387,0.19666666666666666,0.29133333333333333
main_shift,iid_left_light,left_light,left_light,9,1000,3000,interaction_logistic,0.05554413085279272,0.20028282977863351,0.9336666666666666,0.8393866020984665,0.9450207468879668,0.0,0.0030721966205837174,0.0019478239435103935,0.02120891064863142,0.9901519581674217,0.18988754965289747,0.19666666666666666,0.29133333333333333
main_shift,iid_left_light,left_light,left_light,9,1000,3000,oracle_gate_class_mean,0.054257986602055115,0.19168367662259841,0.9343333333333333,0.8412570507655117,0.9524769674379352,0.0,0.0,1.8537075714727145e-32,0.017716632963687754,0.9834176404234797,0.18585876386170905,0.19666666666666666,0.29133333333333333
main_shift,iid_left_light,left_light,left_light,9,1000,3000,oracle_intrinsic,0.053401933333333325,0.187087769755574,0.9343333333333333,0.8412570507655117,0.9524769674379352,0.0,0.0,1.560003254953661e-32,0.01028,1.022776800854286,0.18784,0.19666666666666666,0.29133333333333333
main_shift,iid_left_light,left_light,left_light,10,1000,3000,conserved_quotient,0.05438974602944417,0.1948074267374088,0.9333333333333333,0.8417721518987342,0.9420932667593059,0.0,0.0,4.08297148210094e-32,0.011864584739680287,1.0188279536503086,0.19347303583909783,0.19933333333333333,0.29333333333333333
main_shift,iid_left_light,left_light,left_light,10,1000,3000,caq_strong_shrinkage,0.05556515844456688,0.1982474074945739,0.9333333333333333,0.8417721518987342,0.9420932667593059,0.0,0.0,4.391120273202898e-32,0.022781956473570175,1.0512730954430332,0.19278636884770795,0.19933333333333333,0.29333333333333333
main_shift,iid_left_light,left_light,left_light,10,1000,3000,object_only,0.15294169548555955,0.47442527751010727,0.8006666666666666,0.0,0.6296049278889666,0.0,1.0,1.781485198558193e-33,0.007663553557515116,0.9906293873395204,0.20699688689084844,0.19933333333333333,0.29333333333333333
main_shift,iid_left_light,left_light,left_light,10,1000,3000,access_only,0.07792041511839896,0.24740774659232556,0.8846666666666667,0.7658998646820027,0.9010906463120198,0.0,0.0,5.546678239835239e-32,0.008343837084673083,1.0179540665584654,0.19098949624866024,0.19933333333333333,0.29333333333333333
main_shift,iid_left_light,left_light,left_light,10,1000,3000,context_table,0.16305936968739426,0.593603937908168,0.7793333333333333,0.08310249307479224,0.6122796220540854,0.03773584905660377,0.9384384384384384,0.01331694150307856,0.05507777053928452,0.4152808129817394,0.21031574568215974,0.19933333333333333,0.29333333333333333
main_shift,iid_left_light,left_light,left_light,10,1000,3000,monolithic_logistic,0.05523682317886088,0.2004616266882166,0.9313333333333333,0.8352,0.9482559127148781,0.0,0.021021021021021023,0.0025215488217456158,0.015491541089748756,1.0421593462420617,0.19680516015975627,0.19933333333333333,0.29333333333333333
main_shift,iid_left_light,left_light,left_light,10,1000,3000,interaction_logistic,0.057620405587034726,0.20509761313678565,0.9283333333333333,0.8236259228876128,0.9448668751514206,0.0,0.06756756756756757,0.010108684672683355,0.020190928706940642,1.0100917949386037,0.19544435690266473,0.19933333333333333,0.29333333333333333
main_shift,iid_left_light,left_light,left_light,10,1000,3000,oracle_gate_class_mean,0.054289243025850205,0.1944856057220852,0.9333333333333333,0.8417721518987342,0.9420932667593059,0.0,0.0,1.560003254953661e-32,0.009444831949249602,1.0105840450666834,0.1936415878038368,0.19933333333333333,0.29333333333333333
main_shift,iid_left_light,left_light,left_light,10,1000,3000,oracle_intrinsic,0.053494933333333335,0.19148579090150059,0.9333333333333333,0.8417721518987342,0.9466324049913812,0.0,0.0,6.355568816477878e-33,0.00829333333333333,1.021241342327991,0.1912,0.19933333333333333,0.29333333333333333
main_shift,iid_left_light,left_light,left_light,11,1000,3000,conserved_quotient,0.04862469912994416,0.1755790496821985,0.9406666666666667,0.8460207612456747,0.9508952364057042,0.0,0.0,1.2518544638517033e-32,0.012691700174874667,1.0390668031861345,0.17538578243107092,0.18033333333333335,0.286
main_shift,iid_left_light,left_light,left_light,11,1000,3000,caq_strong_shrinkage,0.050475177847299345,0.1815415114204454,0.9406666666666667,0.8460207612456747,0.9508952364057042,0.0,0.0,9.244463733058732e-33,0.024103988929017342,1.0595722458420138,0.17915584661810469,0.18033333333333335,0.286
main_shift,iid_left_light,left_light,left_light,11,1000,3000,object_only,0.14117777619922747,0.4415439134428256,0.8196666666666667,0.0,0.6469132591506248,0.0,1.0,6.560198873069022e-33,0.025553648730151507,0.8450688522133573,0.20588698206348485,0.18033333333333335,0.286
main_shift,iid_left_light,left_light,left_light,11,1000,3000,access_only,0.07803393208463405,0.242080740362159,0.8763333333333333,0.7348105789849892,0.9072275146036402,0.0,0.0,0.0,0.013197634408602131,0.9328034514404601,0.18981096774193545,0.18033333333333335,0.286
main_shift,iid_left_light,left_light,left_light,11,1000,3000,context_table,0.14718158618007582,0.5596192270332803,0.8116666666666666,0.06919275123558484,0.6487180894206578,0.020074696545284782,0.9626016260162602,0.012235399862260878,0.05586539804773553,0.5553747185768652,0.20156222790877978,0.18033333333333335,0.286
main_shift,iid_left_light,left_light,left_light,11,1000,3000,monolithic_logistic,0.05014759014267846,0.18248666632371913,0.94,0.8440207972270364,0.9521671117979973,0.0,0.0032520325203252032,0.0034244522495443497,0.017911805786335108,1.064499256331937,0.17931212242093722,0.18033333333333335,0.286
main_shift,iid_left_light,left_light,left_light,11,1000,3000,interaction_logistic,0.050762073470423295,0.18685187933628428,0.937,0.8337730870712401,0.9473682628001254,0.0,0.030894308943089432,0.0078200763455605,0.010869736103198526,1.0204692249029788,0.17745160953353964,0.18033333333333335,0.286
main_shift,iid_left_light,left_light,left_light,11,1000,3000,oracle_gate_class_mean,0.04846010807607598,0.17491041981228006,0.9406666666666667,0.8460207612456747,0.9508952364057042,0.0,0.0,0.0,0.010215464348235438,1.0321774119767486,0.1744665869338158,0.18033333333333335,0.286
main_shift,iid_left_light,left_light,left_light,11,1000,3000,oracle_intrinsic,0.04833286666666666,0.1749068225979125,0.9406666666666667,0.8460207612456747,0.9508952364057042,0.0,0.0,1.560003254953661e-32,0.010826666666666653,1.0239740734921625,0.17876,0.18033333333333335,0.286
main_shift,iid_left_light,left_light,left_light,12,1000,3000,conserved_quotient,0.05146595086539662,0.18458087491648895,0.937,0.8452088452088452,0.9511705614135081,0.0,0.0,6.596310059526283e-33,0.01045765956998437,1.0202003318375699,0.18287567376334896,0.19333333333333333,0.2793333333333333
main_shift,iid_left_light,left_light,left_light,12,1000,3000,caq_strong_shrinkage,0.052141984085891775,0.18679748617899122,0.937,0.8452088452088452,0.9511705614135081,0.0,0.0,1.617781153285278e-32,0.020191477017402867,1.070262801939528,0.18177529183325414,0.19333333333333333,0.2793333333333333
main_shift,iid_left_light,left_light,left_light,12,1000,3000,object_only,0.14947560082179637,0.46600161567631826,0.8066666666666666,0.0,0.6381803932744372,0.0,1.0,1.552781017662209e-33,0.007047969113764081,0.9959851379276758,0.18628536421956923,0.19333333333333333,0.2793333333333333
main_shift,iid_left_light,left_light,left_light,12,1000,3000,access_only,0.0733862964016213,0.23401508236720814,0.894,0.7757404795486601,0.9138550869193502,0.0,0.0,6.162975822039155e-33,0.014694657039711227,1.0641526402746535,0.1786386762936221,0.19333333333333333,0.2793333333333333
main_shift,iid_left_light,left_light,left_light,12,1000,3000,context_table,0.15396412156789607,0.5452988835987241,0.7996666666666666,0.09895052473763119,0.6303875748076375,0.024051803885291396,0.9453978159126365,0.010826067327249287,0.04538994910978532,0.5826992625307762,0.18790576634822784,0.19333333333333333,0.2793333333333333
main_shift,iid_left_light,left_light,left_light,12,1000,3000,monolithic_logistic,0.05294515391612213,0.19038031136353056,0.937,0.8452088452088452,0.953619977201482,0.0,0.0,0.0023802060956629183,0.016229304417886007,1.0755638897875244,0.18704198291466725,0.19333333333333333,0.2793333333333333
main_shift,iid_left_light,left_light,left_light,12,1000,3000,interaction_logistic,0.05256139111275795,0.1900656112724004,0.937,0.8452088452088452,0.9471744086634368,0.0,0.0,0.0020982695427473716,0.007522656694626205,1.0212732163177574,0.18708122887565862,0.19333333333333333,0.2793333333333333
main_shift,iid_left_light,left_light,left_light,12,1000,3000,oracle_gate_class_mean,0.051557706933248994,0.18512928143609386,0.937,0.8452088452088452,0.9511705614135081,0.0,0.0,1.8488927466117464e-32,0.010183223097104465,1.0076987242297517,0.18315011023622885,0.19333333333333333,0.2793333333333333
main_shift,iid_left_light,left_light,left_light,12,1000,3000,oracle_intrinsic,0.0509698,0.1829302281642039,0.937,0.8452088452088452,0.9511705614135081,0.0,0.0,1.8681520460556188e-32,0.008279999999999978,1.02266661423937,0.18505333333333332,0.19333333333333333,0.2793333333333333
main_shift,iid_left_light,left_light,left_light,13,1000,3000,conserved_quotient,0.05422609095237538,0.18974696241708167,0.9316666666666666,0.8304383788254756,0.9541638061534308,0.0,0.0,6.162975822039155e-33,0.010385057146634244,0.9890429983349072,0.19466894189551132,0.19133333333333333,0.29033333333333333
main_shift,iid_left_light,left_light,left_light,13,1000,3000,caq_strong_shrinkage,0.05561474421883331,0.19368825245763097,0.9316666666666666,0.8304383788254756,0.9541638061534308,0.0,0.0,2.5422275265911513e-32,0.02158447946069421,1.0144852625201624,0.19511859602187565,0.19133333333333333,0.29033333333333333
main_shift,iid_left_light,left_light,left_light,13,1000,3000,object_only,0.14953862450773583,0.46872401765542615,0.8086666666666666,0.0,0.6266391099902049,0.0,1.0,3.851859888774472e-34,0.0042242592616533675,1.0747796149526943,0.19555759259498673,0.19133333333333333,0.29033333333333333
main_shift,iid_left_light,left_light,left_light,13,1000,3000,access_only,0.0769479328125,0.24061651016763863,0.883,0.7570934256055364,0.9091498602537551,0.0,0.0,0.0,0.010101249999999997,0.9521574730120214,0.19762791666666665,0.19133333333333333,0.29033333333333333
main_shift,iid_left_light,left_light,left_light,13,1000,3000,context_table,0.1558261292407592,0.5194564587875028,0.78,0.0625,0.6209264615906082,0.04368248003757633,0.9496062992125984,0.010190661292547797,0.029322059450825954,0.4575793309707293,0.19612205166028518,0.19133333333333333,0.29033333333333333
main_shift,iid_left_light,left_light,left_light,13,1000,3000,monolithic_logistic,0.05684456293883699,0.20315062035324027,0.9316666666666666,0.8304383788254756,0.9445797702588968,0.0,0.0,0.0030665482394020066,0.016498611211926327,1.0171946731154295,0.19560198408902166,0.19133333333333333,0.29033333333333333
main_shift,iid_left_light,left_light,left_light,13,1000,3000,interaction_logistic,0.05630696729601621,0.19884146553982668,0.9316666666666666,0.8304383788254756,0.9457014744449647,0.0,0.0,0.003536875280259701,0.01569812840060463,0.984504690871888,0.19628765265648326,0.19133333333333333,0.29033333333333333
main_shift,iid_left_light,left_light,left_light,13,1000,3000,oracle_gate_class_mean,0.05411330053046669,0.18937974743933259,0.9316666666666666,0.8304383788254756,0.9541638061534308,0.0,0.0,1.925929944387236e-34,0.007813074524926909,0.9818490949631284,0.1945803002162739,0.19133333333333333,0.29033333333333333
main_shift,iid_left_light,left_light,left_light,13,1000,3000,oracle_intrinsic,0.05406416666666666,0.18938633482881578,0.9316666666666666,0.8304383788254756,0.9541638061534308,0.0,0.0,3.389636702121535e-32,0.007923333333333312,1.0121962850886637,0.18450333333333332,0.19133333333333333,0.29033333333333333
main_shift,iid_left_light,left_light,left_light,14,1000,3000,conserved_quotient,0.05913094825225785,0.20840946994259116,0.9273333333333333,0.8258785942492013,0.9343106459221627,0.0,0.0,1.8681520460556188e-32,0.01846285471666198,0.9580925160918554,0.20019511026656878,0.19466666666666665,0.298
main_shift,iid_left_light,left_light,left_light,14,1000,3000,caq_strong_shrinkage,0.060423541533243544,0.21143833463681785,0.9273333333333333,0.8258785942492013,0.9343106459221627,0.0,0.0,2.5422275265911513e-32,0.022436385403863588,0.9788486047119024,0.20202856403973352,0.19466666666666665,0.298
main_shift,iid_left_light,left_light,left_light,14,1000,3000,object_only,0.15058536020288749,0.46855538827235266,0.8053333333333333,0.0,0.6201642304726481,0.0,1.0,2.5518571763130875e-33,0.016538426563058716,0.9403421169687596,0.19019587056832885,0.19466666666666665,0.298
main_shift,iid_left_light,left_light,left_light,14,1000,3000,access_only,0.08258463337006032,0.2596106171317422,0.874,0.7442489851150202,0.8924301744080558,0.0,0.0,9.244463733058732e-33,0.020353665480427014,0.909002419972531,0.20639366548042698,0.19466666666666665,0.298
main_shift,iid_left_light,left_light,left_light,14,1000,3000,context_table,0.16022136946757015,0.6121330713919539,0.7946666666666666,0.07228915662650602,0.6047936700535245,0.023741690408357077,0.9550898203592815,0.01348817558302175,0.05917624115039157,0.4412828333654298,0.18706160282805778,0.19466666666666665,0.298
main_shift,iid_left_light,left_light,left_light,14,1000,3000,monolithic_logistic,0.060707999132350685,0.22349616344071335,0.9273333333333333,0.8258785942492013,0.9346423387462578,0.0,0.0,0.0026692469287007492,0.019700648011187524,0.9594486540242807,0.20118627676200648,0.19466666666666665,0.298
main_shift,iid_left_light,left_light,left_light,14,1000,3000,interaction_logistic,0.06128320222096014,0.2196031697578403,0.926,0.8221153846153846,0.9349052832713417,0.0,0.005988023952095809,0.003934014806950308,0.022875145675783356,0.9382314678129567,0.20085150891720416,0.19466666666666665,0.298
main_shift,iid_left_light,left_light,left_light,14,1000,3000,oracle_gate_class_mean,0.0590676369575743,0.20844029072251297,0.9273333333333333,0.8258785942492013,0.9343106459221627,0.0,0.0,3.0814879110195774e-33,0.01788405117270788,0.951715386667604,0.1997349964463397,0.19466666666666665,0.298
main_shift,iid_left_light,left_light,left_light,14,1000,3000,oracle_intrinsic,0.058736333333333335,0.20682625619218314,0.9273333333333333,0.8258785942492013,0.9343106459221627,0.0,0.0,3.4088960015654075e-32,0.013500000000000019,0.9877176137934575,0.19115333333333334,0.19466666666666665,0.298
main_shift,iid_left_light,left_light,left_light,15,1000,3000,conserved_quotient,0.05533832593458988,0.19269968897506426,0.9326666666666666,0.8401898734177216,0.952502652471881,0.0,0.0,1.560003254953661e-32,0.01514374899523685,0.9929835519925609,0.19450731550969644,0.19933333333333333,0.29433333333333334
main_shift,iid_left_light,left_light,left_light,15,1000,3000,caq_strong_shrinkage,0.05545089252002536,0.19288999660838796,0.9326666666666666,0.8401898734177216,0.952502652471881,0.0,0.0,9.244463733058732e-33,0.01414076628654682,1.0268306367735078,0.19549353323036137,0.19933333333333333,0.29433333333333334
main_shift,iid_left_light,left_light,left_light,15,1000,3000,object_only,0.15453265709921324,0.480382549778611,0.8006666666666666,0.0,0.6082201565584978,0.0,1.0,9.750020343460382e-34,0.026739336814995854,0.7723444922961763,0.2068401557614324,0.19933333333333333,0.29433333333333334
main_shift,iid_left_light,left_light,left_light,15,1000,3000,access_only,0.07571867037037036,0.2378817256579036,0.8876666666666667,0.7724510465901417,0.9132913207778356,0.0,0.0,6.162975822039155e-33,0.0019411111111111374,0.9981833858817895,0.19739222222222216,0.19933333333333333,0.29433333333333334
main_shift,iid_left_light,left_light,left_light,15,1000,3000,context_table,0.16002570812427708,0.5842461878400161,0.7843333333333333,0.12449255751014884,0.6408942937741403,0.0406235238545111,0.9174174174174174,0.014617687803081546,0.0555990447445534,0.511362131354621,0.20488812033301723,0.19933333333333333,0.29433333333333334
main_shift,iid_left_light,left_light,left_light,15,1000,3000,monolithic_logistic,0.055629622319847444,0.19787034963065864,0.9326666666666666,0.8399366085578447,0.9513852725849975,0.0,0.003003003003003003,0.0031329336016031268,0.015520981197653631,1.0038382430993862,0.20255155419886614,0.19933333333333333,0.29433333333333334
main_shift,iid_left_light,left_light,left_light,15,1000,3000,interaction_logistic,0.05651720881529405,0.19837914332425166,0.9293333333333333,0.832807570977918,0.9514367904115578,0.0,0.012012012012012012,0.0053226168172155995,0.01597301985245502,0.9827040006398328,0.20255637770354276,0.19933333333333333,0.29433333333333334
main_shift,iid_left_light,left_light,left_light,15,1000,3000,oracle_gate_class_mean,0.055528774909182746,0.193499695851799,0.9326666666666666,0.8401898734177216,0.952502652471881,0.0,0.0,1.560003254953661e-32,0.017948634513634536,0.983993166411691,0.19425905779405775,0.19933333333333333,0.29433333333333334
main_shift,iid_left_light,left_light,left_light,15,1000,3000,oracle_intrinsic,0.05471616666666667,0.19110076727487066,0.9326666666666666,0.8401898734177216,0.952502652471881,0.0,0.0,3.0814879110195774e-32,0.009463333333333357,1.0176063062981369,0.19107000000000002,0.19933333333333333,0.29433333333333334
main_shift,iid_left_light,left_light,left_light,16,1000,3000,conserved_quotient,0.05370179329475587,0.19662103516584306,0.9366666666666666,0.8484848484848485,0.9478069444444445,0.0,0.0,3.129636159629258e-33,0.022507585333506542,1.083191971416873,0.17749241466649346,0.2,0.2836666666666667
main_shift,iid_left_light,left_light,left_light,16,1000,3000,caq_strong_shrinkage,0.05509830401708006,0.20051778955355812,0.9366666666666666,0.8484848484848485,0.9478069444444445,0.0,0.0,9.437056727497456e-33,0.030228399244012466,1.1312177214126204,0.1763614479458347,0.2,0.2836666666666667
main_shift,iid_left_light,left_light,left_light,16,1000,3000,object_only,0.15398115173226515,0.47598851420008986,0.8,0.0,0.5906486111111111,0.0,1.0,2.407412430484045e-34,0.027366278104676626,0.9622768901454298,0.17943489269422147,0.2,0.2836666666666667
main_shift,iid_left_light,left_light,left_light,16,1000,3000,access_only,0.07738021386701875,0.24901618493503178,0.8916666666666667,0.7760165403170227,0.9109520833333333,0.0,0.0,3.697785493223493e-32,0.02719913752913748,1.1227378457887116,0.17280086247086252,0.2,0.2836666666666667
main_shift,iid_left_light,left_light,left_light,16,1000,3000,context_table,0.1605523921892524,0.5884155883401625,0.7916666666666666,0.06576980568011959,0.6288993055555555,0.019543973941368076,0.9587155963302753,0.012660767061956874,0.06280158150153471,0.5121693286051823,0.18056731015793767,0.2,0.2836666666666667
main_shift,iid_left_light,left_light,left_light,16,1000,3000,monolithic_logistic,0.05487059543137051,0.20181877577630425,0.9366666666666666,0.8484848484848485,0.9471166666666667,0.0,0.0,0.0007364809704702093,0.021484353464412815,1.134448678539933,0.18026815493685838,0.2,0.2836666666666667
main_shift,iid_left_light,left_light,left_light,16,1000,3000,interaction_logistic,0.05487932393704161,0.20272365114326146,0.9353333333333333,0.8440514469453376,0.9431284722222222,0.0,0.01529051987767584,0.002948782078552366,0.023330907102244662,1.0793597694615888,0.18231837545286256,0.2,0.2836666666666667
main_shift,iid_left_light,left_light,left_light,16,1000,3000,oracle_gate_class_mean,0.05359412924540527,0.1965293305502355,0.9366666666666666,0.8484848484848485,0.9478069444444445,0.0,0.0,2.792598419361492e-32,0.0222294868955334,1.0706554438016367,0.1777705131044666,0.2,0.2836666666666667
main_shift,iid_left_light,left_light,left_light,16,1000,3000,oracle_intrinsic,0.052404966666666664,0.19168472140003012,0.9366666666666666,0.8484848484848485,0.9478069444444445,0.0,0.0,3.1007472104634497e-32,0.012476666666666646,1.031361258313972,0.18786999999999995,0.2,0.2836666666666667
main_shift,iid_left_light,left_light,left_light,17,1000,3000,conserved_quotient,0.056470174374471244,0.1933091072810016,0.93,0.8335974643423137,0.9508132026835269,0.0,0.0,5.315566646508771e-32,0.015906240760558053,1.0119986915461168,0.1964364721965334,0.198,0.29233333333333333
main_shift,iid_left_light,left_light,left_light,17,1000,3000,caq_strong_shrinkage,0.05734690155695663,0.19541371818951475,0.93,0.8335974643423137,0.9508132026835269,0.0,0.0,6.933347799794049e-33,0.021996520622544005,1.0433519679215906,0.19492347937745597,0.198,0.29233333333333333
main_shift,iid_left_light,left_light,left_light,17,1000,3000,object_only,0.15458111216455794,0.4811433632316457,0.802,0.0,0.6151393402016844,0.0,1.0,8.185202263645752e-34,0.030251789133358298,0.8765877174008146,0.21745437962324451,0.198,0.29233333333333333
main_shift,iid_left_light,left_light,left_light,17,1000,3000,access_only,0.07452018494921514,0.2333671726700135,0.8896666666666667,0.7749830047586675,0.915759143107439,0.0,0.0,1.5407439555097887e-32,0.006291754385964879,1.027445077962013,0.19170824561403507,0.198,0.29233333333333333
main_shift,iid_left_light,left_light,left_light,17,1000,3000,context_table,0.1653004519129859,0.5661964117708752,0.776,0.08943089430894309,0.6077755946833253,0.046161092793217146,0.938622754491018,0.017117150730331446,0.07031046197741668,0.35503035459365784,0.2175198587093427,0.198,0.29233333333333333
main_shift,iid_left_light,left_light,left_light,17,1000,3000,monolithic_logistic,0.057815787280975826,0.20186860830484074,0.9296666666666666,0.8321400159108989,0.9505941935285244,0.0,0.0074850299401197605,0.0015337700851690908,0.026989458542850255,1.0625974517643122,0.20187751607710705,0.198,0.29233333333333333
main_shift,iid_left_light,left_light,left_light,17,1000,3000,interaction_logistic,0.05799173051628258,0.2016705573077449,0.9273333333333333,0.8286163522012578,0.9493473107355069,0.0,0.0014970059880239522,0.0034442139486794204,0.022744230680494765,1.0154499801459087,0.20425971680361765,0.198,0.29233333333333333
main_shift,iid_left_light,left_light,left_light,17,1000,3000,oracle_gate_class_mean,0.05642427186140769,0.19341720298901927,0.93,0.8335974643423137,0.9508132026835269,0.0,0.0,2.1570415377137042e-32,0.01588817652649082,1.0038064920281915,0.19682411855547632,0.198,0.29233333333333333
main_shift,iid_left_light,left_light,left_light,17,1000,3000,oracle_intrinsic,0.0555625,0.191390001996596,0.93,0.8335974643423137,0.9508132026835269,0.0,0.0,2.792598419361492e-32,0.009163333333333355,1.0039402598243499,0.1917033333333333,0.198,0.29233333333333333
main_shift,iid_left_light,left_light,left_light,18,1000,3000,conserved_quotient,0.057824901828903916,0.20853385047737993,0.9326666666666666,0.8429237947122862,0.938214109185117,0.0,0.0,4.3333423748712807e-32,0.020290296649683064,0.9989257959015431,0.19779554289458934,0.205,0.29733333333333334
main_shift,iid_left_light,left_light,left_light,18,1000,3000,caq_strong_shrinkage,0.058614774869387286,0.20931721823548335,0.9326666666666666,0.8429237947122862,0.938214109185117,0.0,0.0,3.4666738998970245e-32,0.028473958101702362,1.0316521013033066,0.19859773483038884,0.205,0.29733333333333334
main_shift,iid_left_light,left_light,left_light,18,1000,3000,object_only,0.15700366546127906,0.483410031511817,0.795,0.0,0.5941136166078642,0.0,1.0,1.7453740121009325e-33,0.012612078393115705,1.0214182850731859,0.19238792160688428,0.205,0.29733333333333334
main_shift,iid_left_light,left_light,left_light,18,1000,3000,access_only,0.07955351341822083,0.2548758283887138,0.8836666666666667,0.7684140676841407,0.9085790254128956,0.0,0.0,9.244463733058732e-33,0.005186329723225025,0.987818197946716,0.20023966305655835,0.205,0.29733333333333334
main_shift,iid_left_light,left_light,left_light,18,1000,3000,context_table,0.16535445556834183,0.6476813623858857,0.788,0.05637982195845697,0.6190349576451739,0.017077798861480076,0.9657228017883756,0.017278794647827535,0.06448795907278955,0.46295415384096616,0.18897510597872816,0.205,0.29733333333333334
main_shift,iid_left_light,left_light,left_light,18,1000,3000,monolithic_logistic,0.058402338540974846,0.2148724808986698,0.9326666666666666,0.8429237947122862,0.9367005846159091,0.0,0.0,0.0012980359788232181,0.018700228899626786,1.0522493985865338,0.20481182907741444,0.205,0.29733333333333334
main_shift,iid_left_light,left_light,left_light,18,1000,3000,interaction_logistic,0.06018393411196136,0.21717293299612736,0.929,0.8321513002364066,0.9415813604676927,0.0,0.026825633383010434,0.006355290874976769,0.019040705057206973,0.9922625001747781,0.2053590800239067,0.205,0.29733333333333334
main_shift,iid_left_light,left_light,left_light,18,1000,3000,oracle_gate_class_mean,0.057930440562786636,0.20988392567637826,0.9326666666666666,0.8429237947122862,0.938214109185117,0.0,0.0,1.8681520460556188e-32,0.01981328954394989,0.9888241208549642,0.19759349011706706,0.205,0.29733333333333334
main_shift,iid_left_light,left_light,left_light,18,1000,3000,oracle_intrinsic,0.05618586666666666,0.20312595832059863,0.9326666666666666,0.8429237947122862,0.9425133370830564,0.0,0.0,1.5407439555097887e-32,0.015913333333333352,1.0151785735982468,0.19415333333333334,0.205,0.29733333333333334
main_shift,iid_left_light,left_light,left_light,19,1000,3000,conserved_quotient,0.0538327681755954,0.1873121337562962,0.9323333333333333,0.8269394714407502,0.9456189525790529,0.0,0.0,1.8488927466117464e-32,0.012206492104571833,0.9943118163766966,0.18337914200786004,0.18233333333333332,0.2836666666666667
main_shift,iid_left_light,left_light,left_light,19,1000,3000,caq_strong_shrinkage,0.05490148146229512,0.19053680875191953,0.9323333333333333,0.8269394714407502,0.9456189525790529,0.0,0.0,6.162975822039155e-33,0.019502252525983144,1.0274356614890205,0.18333812158965687,0.18233333333333332,0.2836666666666667
main_shift,iid_left_light,left_light,left_light,19,1000,3000,object_only,0.14355817790995176,0.45156328954469055,0.8176666666666667,0.0,0.6260751488122964,0.0,1.0,1.1675950287847617e-33,0.012690775969895804,0.9489511615434838,0.18549208315943821,0.18233333333333332,0.2836666666666667
main_shift,iid_left_light,left_light,left_light,19,1000,3000,access_only,0.0759493873027849,0.23652571424971644,0.8813333333333333,0.7453505007153076,0.907785191583488,0.0,0.0,3.0814879110195774e-33,0.004876855791962208,0.9772172249767757,0.18420352245862884,0.18233333333333332,0.2836666666666667
main_shift,iid_left_light,left_light,left_light,19,1000,3000,context_table,0.15365638595858486,0.581045861629224,0.7936666666666666,0.09104258443465492,0.6262234580497261,0.04141461144718474,0.9361022364217252,0.014282828409803267,0.05600668991815955,0.4047486124274052,0.18775243318966947,0.18233333333333332,0.2836666666666667
main_shift,iid_left_light,left_light,left_light,19,1000,3000,monolithic_logistic,0.055976003929522504,0.19709862078598117,0.9306666666666666,0.8194444444444444,0.946894859184478,0.0,0.03354632587859425,0.004760431356777815,0.014227523784552339,0.9911061782927927,0.1855204508758229,0.18233333333333332,0.2836666666666667
main_shift,iid_left_light,left_light,left_light,19,1000,3000,interaction_logistic,0.05668927869370549,0.19831651246692497,0.9303333333333333,0.820292347377472,0.9474888414067466,0.0,0.01597444089456869,0.005988849387349848,0.01837124496832596,0.9595821655835091,0.18748989378452383,0.18233333333333332,0.2836666666666667
main_shift,iid_left_light,left_light,left_light,19,1000,3000,oracle_gate_class_mean,0.05379549413691105,0.18718249800741357,0.9323333333333333,0.8269394714407502,0.9456189525790529,0.0,0.0,2.484449628259534e-32,0.011160644157341713,0.9853042104727036,0.18340397749067502,0.18233333333333332,0.2836666666666667
main_shift,iid_left_light,left_light,left_light,19,1000,3000,oracle_intrinsic,0.05344203333333333,0.18623190683317875,0.9323333333333333,0.8269394714407502,0.9456189525790529,0.0,0.0,1.232595164407831e-32,0.005076666666666682,0.9889308062632188,0.18196333333333328,0.18233333333333332,0.2836666666666667
main_shift,mild_cross,left_light,right_mild,0,1000,3000,conserved_quotient,0.051340987439451244,0.185730301320808,0.934,0.7889125799573561,0.9315426011249837,0.0,0.0,9.437056727497456e-33,0.015354042217517253,0.9226270121797497,0.14883404221751725,0.14266666666666666,0.226
main_shift,mild_cross,left_light,right_mild,0,1000,3000,caq_strong_shrinkage,0.051603589661337976,0.1845299356186965,0.934,0.7889125799573561,0.9315426011249837,0.0,0.0,6.162975822039155e-33,0.01451459691592416,0.9598805284088416,0.14799459691592415,0.14266666666666666,0.226
main_shift,mild_cross,left_light,right_mild,0,1000,3000,object_only,0.1224146148386053,0.4037597422491676,0.8573333333333333,0.0,0.6084877036670978,0.0,1.0,3.851859888774472e-34,0.05042423084146935,0.7285154634129475,0.19309089750813602,0.14266666666666666,0.226
main_shift,mild_cross,left_light,right_mild,0,1000,3000,access_only,0.06764975457063711,0.2190915992474792,0.892,0.7070524412296564,0.9015030668158893,0.0,0.0,1.232595164407831e-32,0.013031929824561389,0.9283593575974173,0.1465119298245614,0.14266666666666666,0.226
main_shift,mild_cross,left_light,right_mild,0,1000,3000,context_table,0.14203685929843277,0.8288726446096043,0.814,0.12539184952978055,0.5643268266449616,0.06589147286821706,0.888235294117647,0.027685224534654627,0.11950433115414,0.19049804416461227,0.14153132806839366,0.14266666666666666,0.226
main_shift,mild_cross,left_light,right_mild,0,1000,3000,monolithic_logistic,0.051833202059325234,0.19344281878545977,0.9306666666666666,0.7694013303769401,0.9255361477304109,0.0,0.07058823529411765,0.002605869564900729,0.013103304114293177,1.0389683573466684,0.1381104646988041,0.14266666666666666,0.226
main_shift,mild_cross,left_light,right_mild,0,1000,3000,interaction_logistic,0.052221782504242906,0.18940633731456857,0.9276666666666666,0.752,0.9274329224865918,0.0,0.12352941176470589,0.0030011831300936088,0.0181249925875916,0.9760305447392174,0.13624287703642476,0.14266666666666666,0.226
main_shift,mild_cross,left_light,right_mild,0,1000,3000,oracle_gate_class_mean,0.051481409027429835,0.18793742223893264,0.934,0.7889125799573561,0.9315426011249837,0.0,0.0,3.1007472104634497e-32,0.015579518644433667,0.912701060712322,0.14905951864443365,0.14266666666666666,0.226
main_shift,mild_cross,left_light,right_mild,0,1000,3000,oracle_intrinsic,0.0512054,0.18339931567200424,0.934,0.7889125799573561,0.9315426011249837,0.0,0.0,5.565937539279112e-32,0.01582000000000003,0.9226407251281881,0.1493,0.14266666666666666,0.226
main_shift,mild_cross,left_light,right_mild,1,1000,3000,conserved_quotient,0.04504637046413419,0.17165403930587453,0.9483333333333334,0.8393782383419689,0.929257568828086,0.0,0.0,2.7733391199176196e-32,0.019523562782394123,1.0501062859964692,0.1412059049372117,0.15566666666666668,0.21533333333333332
main_shift,mild_cross,left_light,right_mild,1,1000,3000,caq_strong_shrinkage,0.0459243368796326,0.1741976957739669,0.9483333333333334,0.8393782383419689,0.929257568828086,0.0,0.0,1.3096323621833204e-32,0.025877917442841607,1.089181171915567,0.14074875906755582,0.15566666666666668,0.21533333333333332
main_shift,mild_cross,left_light,right_mild,1,1000,3000,object_only,0.13059765197715054,0.42227707347553173,0.8443333333333334,0.0,0.6060988527454728,0.0,1.0,2.046300565911438e-34,0.04522648767716302,0.7608784406358465,0.20089315434382968,0.15566666666666668,0.21533333333333332
main_shift,mild_cross,left_light,right_mild,1,1000,3000,access_only,0.06280001926174472,0.21169794612268436,0.9123333333333333,0.7637017070979335,0.9006188969415282,0.0,0.0,9.244463733058732e-33,0.016903056478405305,1.070369923242741,0.13876361018826136,0.15566666666666668,0.21533333333333332
main_shift,mild_cross,left_light,right_mild,1,1000,3000,context_table,0.17020056812269707,1.0282605679592591,0.7806666666666666,0.19362745098039216,0.5331939596470064,0.11002548853016143,0.8192771084337349,0.055070867411522124,0.15110048847368485,0.1259373157669906,0.17908991421388615,0.15566666666666668,0.21533333333333332
main_shift,mild_cross,left_light,right_mild,1,1000,3000,monolithic_logistic,0.051391232498100285,0.19721811182301607,0.9276666666666666,0.7467911318553092,0.9319424707353301,0.0,0.21686746987951808,0.010550366121518422,0.029958945214716936,1.174278354495104,0.12976312219314434,0.15566666666666668,0.21533333333333332
main_shift,mild_cross,left_light,right_mild,1,1000,3000,interaction_logistic,0.05566813428779463,0.20208897680543975,0.9246666666666666,0.7283653846153846,0.9316254561839394,0.0,0.26907630522088355,0.01836772213695313,0.022941105924592108,1.104441282933466,0.13272556074207456,0.15566666666666668,0.21533333333333332
main_shift,mild_cross,left_light,right_mild,1,1000,3000,oracle_gate_class_mean,0.0450122577290817,0.1717834232342778,0.9483333333333334,0.8393782383419689,0.929257568828086,0.0,0.0,1.617781153285278e-32,0.019117104795488567,1.0398697320461914,0.14131146663308286,0.15566666666666668,0.21533333333333332
main_shift,mild_cross,left_light,right_mild,1,1000,3000,oracle_intrinsic,0.04425313333333333,0.1696045286003664,0.9483333333333334,0.8393782383419689,0.929257568828086,0.0,0.0,3.389636702121535e-32,0.012899999999999981,1.0269199096504562,0.14522,0.15566666666666668,0.21533333333333332
main_shift,mild_cross,left_light,right_mild,2,1000,3000,conserved_quotient,0.04525447819490414,0.17337313106444913,0.9483333333333334,0.8380355276907001,0.9368045039663244,0.0,0.0,6.355568816477878e-33,0.022059059327628982,0.971100199017232,0.15536747417104382,0.15066666666666667,0.22466666666666665
main_shift,mild_cross,left_light,right_mild,2,1000,3000,caq_strong_shrinkage,0.0468625172054703,0.17623215508121423,0.9483333333333334,0.8380355276907001,0.9368045039663244,0.0,0.0,1.0014835710813626e-32,0.028499419708949543,0.9957162338927635,0.15441925307838683,0.15066666666666667,0.22466666666666665
main_shift,mild_cross,left_light,right_mild,2,1000,3000,object_only,0.12528354805663977,0.4080448105806867,0.8493333333333334,0.0,0.6461913560522916,0.0,1.0,2.359264181874364e-33,0.05327717109838047,0.9468237803287878,0.20394383776504718,0.15066666666666667,0.22466666666666665
main_shift,mild_cross,left_light,right_mild,2,1000,3000,access_only,0.06678859523983444,0.21973662777285397,0.8993333333333333,0.7317939609236235,0.9032149108792598,0.0,0.0,0.0,0.013217387387387388,0.9351595496225031,0.15272405405405404,0.15066666666666667,0.22466666666666665
main_shift,mild_cross,left_light,right_mild,2,1000,3000,context_table,0.16971992044429696,1.0176774438868137,0.7696666666666667,0.2687830687830688,0.6113036773593031,0.14918314703353397,0.7108910891089109,0.04646559709876418,0.14969988132706896,0.18132520297548896,0.20739750466441675,0.15066666666666667,0.22466666666666665
main_shift,mild_cross,left_light,right_mild,2,1000,3000,monolithic_logistic,0.046186840207088194,0.1792933965506617,0.9483333333333334,0.8380355276907001,0.9332757950014587,0.0,0.0,0.0033930354245266885,0.022268175105574453,0.9822767782770714,0.1566539833420763,0.15066666666666667,0.22466666666666665
main_shift,mild_cross,left_light,right_mild,2,1000,3000,interaction_logistic,0.04688263353365403,0.18149870756387895,0.948,0.8368200836820083,0.932884198607966,0.0,0.0019801980198019802,0.004523107178920393,0.028382831332859397,0.9639350893664524,0.15624709838182216,0.15066666666666667,0.22466666666666665
main_shift,mild_cross,left_light,right_mild,2,1000,3000,oracle_gate_class_mean,0.04503902633210883,0.1739229343981246,0.9483333333333334,0.8380355276907001,0.9368045039663244,0.0,0.0,1.5407439555097887e-32,0.021659071889621746,0.9644408194262941,0.15561176144371158,0.15066666666666667,0.22466666666666665
main_shift,mild_cross,left_light,right_mild,2,1000,3000,oracle_intrinsic,0.04315873333333334,0.16619010548616403,0.9483333333333334,0.8380355276907001,0.9368045039663244,0.0,0.0,2.465190328815662e-32,0.013533333333333328,1.0043668932037706,0.14850666666666665,0.15066666666666667,0.22466666666666665
main_shift,mild_cross,left_light,right_mild,3,1000,3000,conserved_quotient,0.04921461417703362,0.17914980350815035,0.9386666666666666,0.8163672654690619,0.934946552055603,0.0,0.0,1.8488927466117464e-32,0.012955086029067071,1.034932502695274,0.14792861767463664,0.157,0.228
main_shift,mild_cross,left_light,right_mild,3,1000,3000,caq_strong_shrinkage,0.05020636357742848,0.1822542751225461,0.9386666666666666,0.8163672654690619,0.934946552055603,0.0,0.0,6.933347799794049e-33,0.021085303543093726,1.0673959522699115,0.14690653319160013,0.157,0.228
main_shift,mild_cross,left_light,right_mild,3,1000,3000,object_only,0.12989467570616953,0.4218730272523815,0.843,0.0,0.6050569235509281,0.0,1.0,7.703719777548943e-34,0.028184729034409554,0.8232938820259517,0.18518472903440955,0.157,0.228
main_shift,mild_cross,left_light,right_mild,3,1000,3000,access_only,0.06575662222222221,0.2164656213109454,0.9036666666666666,0.7497835497835498,0.906398725946746,0.0,0.0,3.0814879110195774e-33,0.013240000000000002,1.051079550619365,0.14376,0.157,0.228
main_shift,mild_cross,left_light,right_mild,3,1000,3000,context_table,0.1931462728259677,1.181312622775964,0.7446666666666667,0.20041753653444677,0.5649447303004889,0.16062176165803108,0.783427495291902,0.044518714450425344,0.1515729181113663,0.08117684827790105,0.22254099933462962,0.157,0.228
main_shift,mild_cross,left_light,right_mild,3,1000,3000,monolithic_logistic,0.05136157342093112,0.2022878674929414,0.9373333333333334,0.811623246492986,0.9257059720826523,0.0,0.007532956685499058,0.003773882942364948,0.023785639827885688,1.059620512672085,0.14439466847106133,0.157,0.228
main_shift,mild_cross,left_light,right_mild,3,1000,3000,interaction_logistic,0.05470607872056637,0.20022540831211283,0.923,0.7413213885778276,0.9303124100141124,0.0,0.20527306967984935,0.009129735132406551,0.025244939540146095,1.0553666366591818,0.13928977354082672,0.157,0.228
main_shift,mild_cross,left_light,right_mild,3,1000,3000,oracle_gate_class_mean,0.04911148999182116,0.17878292514245062,0.9386666666666666,0.8163672654690619,0.934946552055603,0.0,0.0,4.3140830754274083e-32,0.011133398889440059,1.026618222555696,0.1481742934182522,0.157,0.228
main_shift,mild_cross,left_light,right_mild,3,1000,3000,oracle_intrinsic,0.04844506666666666,0.17712595989352106,0.9386666666666666,0.8163672654690619,0.934946552055603,0.0,0.0,1.560003254953661e-32,0.00673999999999999,0.9927696327453064,0.15238,0.157,0.228
main_shift,mild_cross,left_light,right_mild,4,1000,3000,conserved_quotient,0.04908875842879056,0.17946548687889155,0.9393333333333334,0.8088235294117647,0.9352656405163853,0.0,0.0,1.9259299443872359e-32,0.011315492630650816,0.9984303194474365,0.14877967125903996,0.152,0.224
main_shift,mild_cross,left_light,right_mild,4,1000,3000,caq_strong_shrinkage,0.05013325381580258,0.18241071341677442,0.9393333333333334,0.8088235294117647,0.9352656405163853,0.0,0.0,1.5407439555097887e-32,0.017129041817715573,1.012308289476927,0.1500756365448575,0.152,0.224
main_shift,mild_cross,left_light,right_mild,4,1000,3000,object_only,0.12841055398967183,0.41893451793898356,0.848,0.0,0.5948102863290301,0.0,1.0,2.407412430484045e-34,0.05058712315462319,0.7421079581247156,0.20258712315462318,0.152,0.224
main_shift,mild_cross,left_light,right_mild,4,1000,3000,access_only,0.06577535623268697,0.21668838352299433,0.902,0.7393617021276596,0.908707623027695,0.0,0.0,0.0,0.01213473684210523,0.9414755521014698,0.15365473684210523,0.152,0.224
main_shift,mild_cross,left_light,right_mild,4,1000,3000,context_table,0.15345271185812503,0.8679928897906793,0.8106666666666666,0.12345679012345678,0.5408425742028026,0.06400343642611683,0.9133064516129032,0.028958821801764983,0.12262487753725063,0.1268381885817645,0.16497874070073582,0.152,0.224
main_shift,mild_cross,left_light,right_mild,4,1000,3000,monolithic_logistic,0.05041260444857744,0.18944952333099885,0.9393333333333334,0.8088235294117647,0.9353096036080768,0.0,0.0,0.0027200977680875227,0.014347445787670943,1.0170622884245015,0.14696884170298966,0.152,0.224
main_shift,mild_cross,left_light,right_mild,4,1000,3000,interaction_logistic,0.05293870399551445,0.1940546581496345,0.9313333333333333,0.7765726681127982,0.9321580533487808,0.0,0.06048387096774194,0.00625112454863023,0.025819733908460603,0.9804064804912086,0.14435330446046662,0.152,0.224
main_shift,mild_cross,left_light,right_mild,4,1000,3000,oracle_gate_class_mean,0.04897878537797683,0.17909589003056595,0.9393333333333334,0.8088235294117647,0.9352656405163853,0.0,0.0,2.484449628259534e-32,0.010161343846180428,0.9940503236569977,0.14846565757167063,0.152,0.224
main_shift,mild_cross,left_light,right_mild,4,1000,3000,oracle_intrinsic,0.04854773333333333,0.1779436347875007,0.9393333333333334,0.8088235294117647,0.9388145826437162,0.0,0.0,9.437056727497456e-33,0.0092,0.9831217514888875,0.14682666666666666,0.152,0.224
main_shift,mild_cross,left_light,right_mild,5,1000,3000,conserved_quotient,0.046077665510669184,0.17418076022680118,0.9446666666666667,0.8270833333333333,0.9373443986910258,0.0,0.0,3.274080905458301e-33,0.013546837821097241,1.0331988822792495,0.1428690700861635,0.15566666666666668,0.21466666666666667
main_shift,mild_cross,left_light,right_mild,5,1000,3000,caq_strong_shrinkage,0.04689433741004143,0.17683247086035786,0.9446666666666667,0.8270833333333333,0.9373443986910258,0.0,0.0,1.3096323621833204e-32,0.0226127393457541,1.0712290086884675,0.14237674222538219,0.15566666666666668,0.21466666666666667
main_shift,mild_cross,left_light,right_mild,5,1000,3000,object_only,0.12754489074980244,0.4136427214604402,0.8443333333333334,0.0,0.6361611313108086,0.0,1.0,1.1675950287847617e-33,0.020802253744462956,0.8069220292580713,0.17589025374446293,0.15566666666666668,0.21466666666666667
main_shift,mild_cross,left_light,right_mild,5,1000,3000,access_only,0.06277265742411889,0.21237989120550893,0.9123333333333333,0.7632763276327633,0.9122410730815759,0.0,0.0,6.162975822039155e-33,0.015342453531598542,1.0544118396448503,0.14032421313506815,0.15566666666666668,0.21466666666666667
main_shift,mild_cross,left_light,right_mild,5,1000,3000,context_table,0.18870557806661103,1.3091896849913514,0.7856666666666666,0.20124223602484473,0.541621474481174,0.09210526315789473,0.8356997971602435,0.10221538865075713,0.16642895331791302,0.1176143335716817,0.18647865297832733,0.15566666666666668,0.21466666666666667
main_shift,mild_cross,left_light,right_mild,5,1000,3000,monolithic_logistic,0.04798176952488764,0.19113282732506862,0.9416666666666667,0.8104008667388949,0.9378947359522398,0.0,0.07505070993914807,0.007824304727889688,0.018317473641445953,1.0023031077819682,0.15002973141943235,0.15566666666666668,0.21466666666666667
main_shift,mild_cross,left_light,right_mild,5,1000,3000,interaction_logistic,0.054806508149014554,0.2091552678180699,0.9236666666666666,0.7534983853606028,0.9288281197824688,0.0,0.15821501014198783,0.021308666070194836,0.021462056187273322,0.9878349018763948,0.1443128890596936,0.15566666666666668,0.21466666666666667
main_shift,mild_cross,left_light,right_mild,5,1000,3000,oracle_gate_class_mean,0.046063262151927215,0.17415755510309633,0.9446666666666667,0.8270833333333333,0.9373443986910258,0.0,0.0,6.162975822039155e-33,0.013864429580081761,1.0230799093900478,0.14298172426607209,0.15566666666666668,0.21466666666666667
main_shift,mild_cross,left_light,right_mild,5,1000,3000,oracle_intrinsic,0.045785066666666666,0.17359830251684077,0.9446666666666667,0.8270833333333333,0.9373443986910258,0.0,0.0,3.389636702121535e-32,0.011019999999999974,1.0174254154329212,0.14464666666666667,0.15566666666666668,0.21466666666666667
main_shift,mild_cross,left_light,right_mild,6,1000,3000,conserved_quotient,0.05132596713120095,0.18553784334940263,0.933,0.7841031149301826,0.9209944736411922,0.0,0.0,6.355568816477878e-33,0.016312782467993503,0.979416616660101,0.13711845029619119,0.14366666666666666,0.21966666666666668
main_shift,mild_cross,left_light,right_mild,6,1000,3000,caq_strong_shrinkage,0.051544168707829234,0.18637590154360548,0.933,0.7841031149301826,0.9209944736411922,0.0,0.0,1.560003254953661e-32,0.012143696267687364,1.027309340818072,0.1349599826620785,0.14366666666666666,0.21966666666666668
main_shift,mild_cross,left_light,right_mild,6,1000,3000,object_only,0.12158444279420515,0.40188389633921306,0.8563333333333333,0.0,0.60230808343998,0.0,1.0,1.1675950287847617e-33,0.035775009417222045,0.7232865212858423,0.17605037173606264,0.14366666666666666,0.21966666666666668
main_shift,mild_cross,left_light,right_mild,6,1000,3000,access_only,0.0668312246846605,0.21978030400077458,0.8966666666666666,0.7155963302752294,0.8943940739081625,0.0,0.0,3.0814879110195774e-33,0.013907926421404693,1.0533910381180378,0.12975874024526196,0.14366666666666666,0.21966666666666668
main_shift,mild_cross,left_light,right_mild,6,1000,3000,context_table,0.15192698467971516,0.8988836104605983,0.8103333333333333,0.1150855365474339,0.5200656768773498,0.06706535668517727,0.89,0.0292565849743554,0.12938347675409628,0.059459697489549254,0.1322804900854777,0.14366666666666666,0.21966666666666668
main_shift,mild_cross,left_light,right_mild,6,1000,3000,monolithic_logistic,0.052381407101680204,0.19614470363172815,0.933,0.7841031149301826,0.9237653297978125,0.0,0.0,0.0014549768340723446,0.0068841175105288305,0.9652094523443442,0.147770377131803,0.14366666666666666,0.21966666666666668
main_shift,mild_cross,left_light,right_mild,6,1000,3000,interaction_logistic,0.053606634189144076,0.19572146678669436,0.9323333333333333,0.7771679473106476,0.928626972135194,0.0,0.04,0.004001939650701829,0.019125007340256295,0.9003970551928497,0.15067398151783384,0.14366666666666666,0.21966666666666668
main_shift,mild_cross,left_light,right_mild,6,1000,3000,oracle_gate_class_mean,0.05142327089216019,0.18590275075249618,0.933,0.7841031149301826,0.9209944736411922,0.0,0.0,1.617781153285278e-32,0.01670031309987664,0.9671596406840465,0.1376512850736393,0.14366666666666666,0.21966666666666668
main_shift,mild_cross,left_light,right_mild,6,1000,3000,oracle_intrinsic,0.0513935,0.18531669876935114,0.933,0.7841031149301826,0.9209944736411922,0.0,0.0,3.4088960015654075e-32,0.014943333333333359,0.9272009028354549,0.14688333333333334,0.14366666666666666,0.21966666666666668
main_shift,mild_cross,left_light,right_mild,7,1000,3000,conserved_quotient,0.04764060432236602,0.18239561907571786,0.9433333333333334,0.8187633262260128,0.9374272362197339,0.0,0.0,1.560003254953661e-32,0.01973014867014282,0.9855598554086358,0.14898255074417127,0.15233333333333332,0.22033333333333333
main_shift,mild_cross,left_light,right_mild,7,1000,3000,caq_strong_shrinkage,0.04899006793996958,0.1856835092098939,0.9433333333333334,0.8187633262260128,0.9374272362197339,0.0,0.0,1.9259299443872359e-32,0.024498525937558996,0.9979454770257086,0.15062474883859897,0.15233333333333332,0.22033333333333333
main_shift,mild_cross,left_light,right_mild,7,1000,3000,object_only,0.12894613682704512,0.41930907270484197,0.8476666666666667,0.0,0.625312029159722,0.0,1.0,9.62964972193618e-34,0.05523452368856893,0.7151146199540817,0.20756785702190225,0.15233333333333332,0.22033333333333333
main_shift,mild_cross,left_light,right_mild,7,1000,3000,access_only,0.06784787529640512,0.2272610514616498,0.9006666666666666,0.7334525939177102,0.9028534157781561,0.0,0.0,1.232595164407831e-32,0.01857860927152316,0.9109148343067606,0.15517194260485648,0.15233333333333332,0.22033333333333333
main_shift,mild_cross,left_light,right_mild,7,1000,3000,context_table,0.21953995656565128,1.449875087785379,0.7286666666666667,0.16255144032921812,0.5200184829682202,0.17571611799914494,0.8232848232848233,0.07154029423103515,0.2116197936458339,0.033802073336915754,0.25882116885182876,0.15233333333333332,0.22033333333333333
main_shift,mild_cross,left_light,right_mild,7,1000,3000,monolithic_logistic,0.052902148013313215,0.20664368236181363,0.9406666666666667,0.8122362869198312,0.9247180443849379,0.0,0.0,0.0035413613191139903,0.0392513160848357,0.9355797018661006,0.19158464941816905,0.15233333333333332,0.22033333333333333
main_shift,mild_cross,left_light,right_mild,7,1000,3000,interaction_logistic,0.054450020986135085,0.2151587751038567,0.9343333333333333,0.796277145811789,0.9255157032089634,0.0,0.012474012474012475,0.011418827761970764,0.04602661168368667,0.9225740471447963,0.19748416380964068,0.15233333333333332,0.22033333333333333
main_shift,mild_cross,left_light,right_mild,7,1000,3000,oracle_gate_class_mean,0.047476862435793465,0.18206355501483698,0.9433333333333334,0.8187633262260128,0.9374272362197339,0.0,0.0,1.560003254953661e-32,0.01892389778634207,0.9814839670632844,0.14858550421204483,0.15233333333333332,0.22033333333333333
main_shift,mild_cross,left_light,right_mild,7,1000,3000,oracle_intrinsic,0.04713383333333333,0.18070715994325198,0.9433333333333334,0.8187633262260128,0.9374272362197339,0.0,0.0,4.025193583769323e-32,0.013396666666666673,1.0080002867846636,0.14273666666666665,0.15233333333333332,0.22033333333333333
main_shift,mild_cross,left_light,right_mild,8,1000,3000,conserved_quotient,0.04629676940227849,0.17408617769269552,0.944,0.8257261410788381,0.9351369394043136,0.0,0.0,9.437056727497456e-33,0.01585433153380548,0.9739165419267812,0.1539219997654174,0.15333333333333332,0.21866666666666668
main_shift,mild_cross,left_light,right_mild,8,1000,3000,caq_strong_shrinkage,0.04731403833669481,0.1770339307219621,0.944,0.8257261410788381,0.9351369394043136,0.0,0.0,6.162975822039155e-33,0.017274049592757773,0.9962988410277335,0.15295513802813193,0.15333333333333332,0.21866666666666668
main_shift,mild_cross,left_light,right_mild,8,1000,3000,object_only,0.1275094277662233,0.41570089468136134,0.8466666666666667,0.0,0.6327901403628894,0.0,1.0,1.781485198558193e-33,0.048750347654145224,0.966044780829821,0.20208368098747856,0.15333333333333332,0.21866666666666668
main_shift,mild_cross,left_light,right_mild,8,1000,3000,access_only,0.06395813333333333,0.21375459548168346,0.9073333333333333,0.7508960573476703,0.9090003423485108,0.0,0.0,6.162975822039155e-33,0.00832000000000004,0.9706688197161405,0.14994666666666664,0.15333333333333332,0.21866666666666668
main_shift,mild_cross,left_light,right_mild,8,1000,3000,context_table,0.1574260360520019,0.8165303507616163,0.7696666666666667,0.14585908529048208,0.5727867168777816,0.11646757679180887,0.876984126984127,0.03950835865077661,0.1382337763258596,0.16175464701590567,0.20383539845811324,0.15333333333333332,0.21866666666666668
main_shift,mild_cross,left_light,right_mild,8,1000,3000,monolithic_logistic,0.04711213321429905,0.18120154528210583,0.944,0.8257261410788381,0.9402370763437179,0.0,0.0,0.001627089955413047,0.019791953874780305,1.049513046190068,0.1427593573003957,0.15333333333333332,0.21866666666666668
main_shift,mild_cross,left_light,right_mild,8,1000,3000,interaction_logistic,0.04868094102055911,0.18768793348643628,0.944,0.8257261410788381,0.9300162615542622,0.0,0.0,0.005954632911745484,0.018767466783654516,0.9800568295006842,0.14663366237041683,0.15333333333333332,0.21866666666666668
main_shift,mild_cross,left_light,right_mild,8,1000,3000,oracle_gate_class_mean,0.046187452736649315,0.1737222835767052,0.944,0.8257261410788381,0.9351369394043136,0.0,0.0,5.257788748177154e-32,0.014347373527373508,0.9674401108491908,0.15415352737352736,0.15333333333333332,0.21866666666666668
main_shift,mild_cross,left_light,right_mild,8,1000,3000,oracle_intrinsic,0.04584959999999999,0.17287319646539034,0.944,0.8257261410788381,0.9351369394043136,0.0,0.0,2.465190328815662e-32,0.010746666666666675,1.0048061694315318,0.14659999999999998,0.15333333333333332,0.21866666666666668
main_shift,mild_cross,left_light,right_mild,9,1000,3000,conserved_quotient,0.044491558364522364,0.16311103147483164,0.946,0.8343558282208589,0.9524238274563506,0.0,0.0,1.232595164407831e-32,0.014659537204433587,0.9879392418839803,0.15557831985124296,0.15333333333333332,0.23266666666666666
main_shift,mild_cross,left_light,right_mild,9,1000,3000,caq_strong_shrinkage,0.04571662205620558,0.16560031286072152,0.946,0.8343558282208589,0.9524238274563506,0.0,0.0,6.162975822039155e-33,0.017858234219867833,1.0063347899088275,0.15723066884201803,0.15333333333333332,0.23266666666666666
main_shift,mild_cross,left_light,right_mild,9,1000,3000,object_only,0.1297246467096432,0.42005577845110703,0.8466666666666667,0.0,0.6328509072235535,0.0,1.0,1.781485198558193e-33,0.05322081507138218,0.6586772061539746,0.20655414840471553,0.15333333333333332,0.23266666666666666
main_shift,mild_cross,left_light,right_mild,9,1000,3000,access_only,0.06490413429454554,0.20779180492746302,0.9013333333333333,0.7443868739205527,0.9189267374186922,0.0,0.0,1.8488927466117464e-32,0.011622095875139305,0.9322166378601722,0.160968762541806,0.15333333333333332,0.23266666666666666
main_shift,mild_cross,left_light,right_mild,9,1000,3000,context_table,0.17758548205983632,1.057500683299884,0.7683333333333333,0.24538545059717698,0.6056932557343375,0.1472632493483927,0.7644787644787645,0.03601740884772097,0.159661025123622,0.17676291956735043,0.21941091052523665,0.15333333333333332,0.23266666666666666
main_shift,mild_cross,left_light,right_mild,9,1000,3000,monolithic_logistic,0.0457975642027463,0.17237109192316408,0.945,0.8304213771839671,0.9504159534406025,0.0,0.009652509652509652,0.0035051712730079687,0.016115341113203584,0.9727991672605785,0.1604578276208457,0.15333333333333332,0.23266666666666666
main_shift,mild_cross,left_light,right_mild,9,1000,3000,interaction_logistic,0.046094349481366106,0.17533571606817785,0.942,0.8168421052631579,0.9516381376241013,0.0,0.05405405405405406,0.0042573675326992065,0.02200046271836067,0.9544084359021502,0.1524098323812068,0.15333333333333332,0.23266666666666666
main_shift,mild_cross,left_light,right_mild,9,1000,3000,oracle_gate_class_mean,0.044384853032204775,0.16324177579613053,0.946,0.8343558282208589,0.9524238274563506,0.0,0.0,6.162975822039155e-33,0.013905104895104891,0.9823007660239271,0.15516459207459207,0.15333333333333332,0.23266666666666666
main_shift,mild_cross,left_light,right_mild,9,1000,3000,oracle_intrinsic,0.043746600000000004,0.16033578862558168,0.946,0.8343558282208589,0.9524238274563506,0.0,0.0,1.560003254953661e-32,0.006740000000000002,1.0044507502702962,0.1519933333333333,0.15333333333333332,0.23266666666666666
main_shift,mild_cross,left_light,right_mild,10,1000,3000,conserved_quotient,0.04484664870971425,0.1683176588657893,0.9453333333333334,0.8298755186721992,0.9397773111917033,0.0,0.0,1.925929944387236e-34,0.009271426901281092,1.0267746470325605,0.14662823991025012,0.155,0.22566666666666665
main_shift,mild_cross,left_light,right_mild,10,1000,3000,caq_strong_shrinkage,0.04575293279937445,0.17117732331321042,0.9453333333333334,0.8298755186721992,0.9397773111917033,0.0,0.0,6.355568816477878e-33,0.018794585515443184,1.0590056347849588,0.1467766901313008,0.155,0.22566666666666665
main_shift,mild_cross,left_light,right_mild,10,1000,3000,object_only,0.1300910259123993,0.4239098787101363,0.845,0.0,0.6164679434158342,0.0,1.0,9.62964972193618e-34,0.04330773236385105,0.6652383008863624,0.1947883525188898,0.155,0.22566666666666665
main_shift,mild_cross,left_light,right_mild,10,1000,3000,access_only,0.0646685259312458,0.2129607961720383,0.9046666666666666,0.7495621716287215,0.9099056223621981,0.0,0.0,9.244463733058732e-33,0.007266836158192125,1.0097228321512748,0.1477331638418079,0.155,0.22566666666666665
main_shift,mild_cross,left_light,right_mild,10,1000,3000,context_table,0.21657680135934326,1.3968268327663116,0.702,0.22664359861591696,0.5342452970244533,0.2238484718037021,0.7194388777555111,0.06993707660982297,0.20849527916998162,0.05539351596343418,0.25069790684363785,0.155,0.22566666666666665
main_shift,mild_cross,left_light,right_mild,10,1000,3000,monolithic_logistic,0.050656137238693125,0.19893379173110928,0.941,0.8192032686414709,0.9336590952471846,0.0,0.002004008016032064,0.006301630551526804,0.03738656016305417,0.9237106568816885,0.19128307809230974,0.155,0.22566666666666665
main_shift,mild_cross,left_light,right_mild,10,1000,3000,interaction_logistic,0.05181720306730152,0.1892619196504167,0.9303333333333333,0.7948969578017664,0.9444355368921126,0.0,0.002004008016032064,0.01038657542886967,0.03639489962087683,0.9102923491700388,0.19139489962087683,0.155,0.22566666666666665
main_shift,mild_cross,left_light,right_mild,10,1000,3000,oracle_gate_class_mean,0.0448032623510212,0.16817577815553275,0.9453333333333334,0.8298755186721992,0.9397773111917033,0.0,0.0,1.8681520460556188e-32,0.008401615791615776,1.0180562161543916,0.1465983842083842,0.155,0.22566666666666665
main_shift,mild_cross,left_light,right_mild,10,1000,3000,oracle_intrinsic,0.04499543333333332,0.16877857128613372,0.9453333333333334,0.8298755186721992,0.9397773111917033,0.0,0.0,1.8681520460556188e-32,0.010076666666666673,1.0149241001540832,0.14753666666666668,0.155,0.22566666666666665
main_shift,mild_cross,left_light,right_mild,11,1000,3000,conserved_quotient,0.04543614496189588,0.16551458363845387,0.943,0.8114663726571113,0.941320165570555,0.0,0.0,6.162975822039155e-33,0.006102730104423656,0.9858960351005671,0.1405874553135037,0.144,0.20966666666666667
main_shift,mild_cross,left_light,right_mild,11,1000,3000,caq_strong_shrinkage,0.04586639423727297,0.16684902925861353,0.943,0.8114663726571113,0.941320165570555,0.0,0.0,3.0814879110195774e-33,0.015704296483965433,1.0136250708623764,0.1418299595664027,0.144,0.20966666666666667
main_shift,mild_cross,left_light,right_mild,11,1000,3000,object_only,0.12364434104962459,0.40725582674835886,0.856,0.0,0.6235613534094843,0.0,1.0,0.0,0.05638362164740945,0.6096550221306895,0.1954640814175243,0.144,0.20966666666666667
main_shift,mild_cross,left_light,right_mild,11,1000,3000,access_only,0.059961122549384856,0.19798877532072204,0.9116666666666666,0.7502356267672008,0.9171885816891658,0.0,0.0,9.244463733058732e-33,0.0067836439665471945,0.9681640613005085,0.1439236439665472,0.144,0.20966666666666667
main_shift,mild_cross,left_light,right_mild,11,1000,3000,context_table,0.14341755172254053,0.8909880147742555,0.827,0.15883306320907617,0.5831710799584632,0.04934626739772248,0.8568421052631578,0.038498890999316776,0.12214369590914188,0.23773272537236406,0.14820121471750483,0.144,0.20966666666666667
main_shift,mild_cross,left_light,right_mild,11,1000,3000,monolithic_logistic,0.0484435405967087,0.17912358806379378,0.9376666666666666,0.7857961053837342,0.9435466424368294,0.0,0.07157894736842105,0.0043463579755614185,0.024927544332983467,1.1222770977277137,0.11969493924623009,0.144,0.20966666666666667
main_shift,mild_cross,left_light,right_mild,11,1000,3000,interaction_logistic,0.050096228626541145,0.18268643731796055,0.933,0.7527675276752768,0.9436070367485866,0.0,0.19789473684210526,0.007727838564986131,0.02724326553875826,1.0851539792990563,0.11777470271439441,0.144,0.20966666666666667
main_shift,mild_cross,left_light,right_mild,11,1000,3000,oracle_gate_class_mean,0.045521977173028916,0.16584094213767953,0.943,0.8114663726571113,0.941320165570555,0.0,0.0,1.925929944387236e-34,0.007973596875564091,0.9782883480840969,0.14026113785917063,0.144,0.20966666666666667
main_shift,mild_cross,left_light,right_mild,11,1000,3000,oracle_intrinsic,0.045227699999999996,0.16505067139339322,0.943,0.8114663726571113,0.941320165570555,0.0,0.0,6.162975822039155e-33,0.007529999999999991,0.9911899112764865,0.13941666666666666,0.144,0.20966666666666667
main_shift,mild_cross,left_light,right_mild,12,1000,3000,conserved_quotient,0.045868408298607485,0.1660697450870971,0.941,0.8224674022066198,0.9432787773210797,0.0,0.0,3.274080905458301e-33,0.008952431205117682,0.9870260844307122,0.15467764763054026,0.15366666666666667,0.228
main_shift,mild_cross,left_light,right_mild,12,1000,3000,caq_strong_shrinkage,0.04681595420516904,0.16935781157356325,0.941,0.8224674022066198,0.9432787773210797,0.0,0.0,1.5407439555097887e-32,0.016841396645627695,1.0224609671205283,0.15307198295592653,0.15366666666666667,0.228
main_shift,mild_cross,left_light,right_mild,12,1000,3000,object_only,0.12668077728320826,0.41182496973358723,0.8463333333333334,0.0,0.6141554013356925,0.0,1.0,2.1185229388259594e-33,0.030924319519288656,0.8873902852801374,0.1845909861859553,0.15366666666666667,0.228
main_shift,mild_cross,left_light,right_mild,12,1000,3000,access_only,0.06387516790307152,0.2074226016334613,0.9043333333333333,0.7493449781659388,0.9137831605693054,0.0,0.0,9.244463733058732e-33,0.005699243986254301,1.0136432080534716,0.14796742268041238,0.15366666666666667,0.228
main_shift,mild_cross,left_light,right_mild,12,1000,3000,context_table,0.16360019232651504,0.95127180292099,0.77,0.21945701357466063,0.5573282391226156,0.12823834196891193,0.7649253731343284,0.05320118349732435,0.14030747252138137,0.1817990047614285,0.18480761055222644,0.15366666666666667,0.228
main_shift,mild_cross,left_light,right_mild,12,1000,3000,monolithic_logistic,0.047345351538784476,0.1777480036483922,0.941,0.8224674022066198,0.9405551060719586,0.0,0.0,0.0017148241792416992,0.014273088946742564,0.9622153882564616,0.161304214111832,0.15366666666666667,0.228
main_shift,mild_cross,left_light,right_mild,12,1000,3000,interaction_logistic,0.048648130241475684,0.1786222060396397,0.9406666666666667,0.8209255533199196,0.9410241448159258,0.0,0.005597014925373134,0.006328113266187571,0.024016942006152963,0.9058314645576133,0.16296293186967847,0.15366666666666667,0.228
main_shift,mild_cross,left_light,right_mild,12,1000,3000,oracle_gate_class_mean,0.045805652515704544,0.16579421924036644,0.941,0.8224674022066198,0.9432787773210797,0.0,0.0,9.244463733058732e-33,0.0073260776166765365,0.9779646950483054,0.15506766491826382,0.15366666666666667,0.228
main_shift,mild_cross,left_light,right_mild,12,1000,3000,oracle_intrinsic,0.045829199999999994,0.16599077657619127,0.941,0.8224674022066198,0.9432787773210797,0.0,0.0,2.465190328815662e-32,0.009626666666666669,0.9803111317071912,0.1549333333333333,0.15366666666666667,0.228
main_shift,mild_cross,left_light,right_mild,13,1000,3000,conserved_quotient,0.04997610171944611,0.1799946229454649,0.936,0.7948717948717948,0.9288156097355419,0.0,0.0,2.792598419361492e-32,0.012325925593204742,0.9565483365466031,0.14702403196268918,0.14866666666666667,0.21666666666666667
main_shift,mild_cross,left_light,right_mild,13,1000,3000,caq_strong_shrinkage,0.050090023289934095,0.18029878638038568,0.936,0.7948717948717948,0.9288156097355419,0.0,0.0,6.933347799794049e-33,0.014327634604908967,0.9781478440742626,0.1488395402773396,0.14866666666666667,0.21666666666666667
main_shift,mild_cross,left_light,right_mild,13,1000,3000,object_only,0.12869079906072664,0.42138502144058004,0.8513333333333334,0.0,0.5999390738523235,0.0,1.0,2.515745989855827e-33,0.059290695784472464,0.5830930970269357,0.20495869047238743,0.14866666666666667,0.21666666666666667
main_shift,mild_cross,left_light,right_mild,13,1000,3000,access_only,0.06347482290535111,0.20988773585842405,0.9066666666666666,0.7445255474452555,0.8997729754785424,0.0,0.0,1.8488927466117464e-32,0.0135329799764429,0.9295845349097981,0.15253297997644286,0.14866666666666667,0.21666666666666667
main_shift,mild_cross,left_light,right_mild,13,1000,3000,context_table,0.15494781733064752,0.802948296122329,0.7553333333333333,0.20734341252699784,0.5700501455555517,0.15787234042553192,0.7775510204081633,0.029526363184452335,0.1382321766244144,0.15096512739021434,0.17720961431075904,0.14866666666666667,0.21666666666666667
main_shift,mild_cross,left_light,right_mild,13,1000,3000,monolithic_logistic,0.05152952065957684,0.1924277350454714,0.936,0.7948717948717948,0.9318022200294271,0.0,0.0,0.0037733441116023507,0.015116878362212033,1.0015509739806514,0.15991850774092356,0.14866666666666667,0.21666666666666667
main_shift,mild_cross,left_light,right_mild,13,1000,3000,interaction_logistic,0.05349736252354175,0.202734079373877,0.9356666666666666,0.7926960257787325,0.9155812916343308,0.0,0.01020408163265306,0.00594312037800237,0.008903950584444592,0.953040182903658,0.1558287555692509,0.14866666666666667,0.21666666666666667
main_shift,mild_cross,left_light,right_mild,13,1000,3000,oracle_gate_class_mean,0.05013358660271789,0.18055984689964133,0.936,0.7948717948717948,0.9288156097355419,0.0,0.0,3.274080905458301e-33,0.014355925844492594,0.9501054474423158,0.1465602269197614,0.14866666666666667,0.21666666666666667
main_shift,mild_cross,left_light,right_mild,13,1000,3000,oracle_intrinsic,0.0499714,0.18022114259838873,0.936,0.7948717948717948,0.9288156097355419,0.0,0.0,3.1007472104634497e-32,0.013380000000000015,0.976623178672283,0.14272666666666664,0.14866666666666667,0.21666666666666667
main_shift,mild_cross,left_light,right_mild,14,1000,3000,conserved_quotient,0.046929037104562706,0.16446132034313019,0.9416666666666667,0.8234106962663976,0.9521319513406157,0.0,0.0,1.9259299443872359e-32,0.013908981277768082,0.9793088719952936,0.15847019921634373,0.152,0.23066666666666666
main_shift,mild_cross,left_light,right_mild,14,1000,3000,caq_strong_shrinkage,0.048015667528586124,0.16689229437991843,0.9416666666666667,0.8234106962663976,0.9521319513406157,0.0,0.0,3.4666738998970245e-32,0.0152289835500461,0.994980638228969,0.15882024946512824,0.152,0.23066666666666666
main_shift,mild_cross,left_light,right_mild,14,1000,3000,object_only,0.12787440982518852,0.41820580011287695,0.848,0.0,0.6222682541652874,0.0,1.0,4.81482486096809e-35,0.045876533806874224,0.7986034209262594,0.19777971499636246,0.152,0.23066666666666666
main_shift,mild_cross,left_light,right_mild,14,1000,3000,access_only,0.06222080361098278,0.19761434794468227,0.9053333333333333,0.7526132404181185,0.9262609649122807,0.0,0.0,6.162975822039155e-33,0.007095830388692598,0.9536570928559256,0.15848249705535922,0.152,0.23066666666666666
main_shift,mild_cross,left_light,right_mild,14,1000,3000,context_table,0.1427723275378916,0.8180455834599497,0.8246666666666667,0.12333333333333334,0.5526608876751627,0.0415944540727903,0.9102803738317757,0.02172318180666562,0.11335957227559827,0.19648815353941204,0.14396325847088448,0.152,0.23066666666666666
main_shift,mild_cross,left_light,right_mild,14,1000,3000,monolithic_logistic,0.04957582469845208,0.17718272641660848,0.9343333333333333,0.7910922587486744,0.9486295583691934,0.0,0.09719626168224299,0.005544195736705407,0.022521482288675076,1.050477266177216,0.15975354018184065,0.152,0.23066666666666666
main_shift,mild_cross,left_light,right_mild,14,1000,3000,interaction_logistic,0.04958232561171184,0.18674711369002853,0.936,0.7939914163090128,0.939587815844643,0.0,0.1102803738317757,0.007838274836989902,0.026400505225595637,0.9265769111245259,0.16411387969337746,0.152,0.23066666666666666
main_shift,mild_cross,left_light,right_mild,14,1000,3000,oracle_gate_class_mean,0.046799449463251465,0.16421653477270978,0.9416666666666667,0.8234106962663976,0.9521319513406157,0.0,0.0,1.5407439555097887e-32,0.014128879595047914,0.9748361456201347,0.15836971292838123,0.152,0.23066666666666666
main_shift,mild_cross,left_light,right_mild,14,1000,3000,oracle_intrinsic,0.04587946666666666,0.16182490938348884,0.9416666666666667,0.8234106962663976,0.9521319513406157,0.0,0.0,4.025193583769323e-32,0.0037933333333333387,0.9780045687106039,0.15464666666666665,0.152,0.23066666666666666
main_shift,mild_cross,left_light,right_mild,15,1000,3000,conserved_quotient,0.04628986084171159,0.17093662349674407,0.9446666666666667,0.8179824561403509,0.9309053286708799,0.0,0.0,3.851859888774472e-33,0.014802270352639441,0.9808445960153112,0.14955395435190966,0.146,0.21766666666666667
main_shift,mild_cross,left_light,right_mild,15,1000,3000,caq_strong_shrinkage,0.04804690094655301,0.17520317642570993,0.9446666666666667,0.8179824561403509,0.9309053286708799,0.0,0.0,1.8488927466117464e-32,0.021968263769034765,0.9860140984575259,0.15081648022260577,0.146,0.21766666666666667
main_shift,mild_cross,left_light,right_mild,15,1000,3000,object_only,0.12769073015795748,0.4186513384416746,0.854,0.0,0.60030334463301,0.0,1.0,1.0111132208032988e-33,0.06477581850014966,0.550284277466636,0.20701322857209206,0.146,0.21766666666666667
main_shift,mild_cross,left_light,right_mild,15,1000,3000,access_only,0.0645789626238605,0.2115351839753162,0.9036666666666666,0.7351054078826764,0.901752519257572,0.0,0.0,6.162975822039155e-33,0.01795597701149424,0.8985705036795627,0.15493597701149422,0.146,0.21766666666666667
main_shift,mild_cross,left_light,right_mild,15,1000,3000,context_table,0.17287407583908138,1.012509324184158,0.7516666666666667,0.18041804180418042,0.5428113381740151,0.1533873029399233,0.79957805907173,0.04309042238818071,0.164818016442,0.06926590389882968,0.2116901921995758,0.146,0.21766666666666667
main_shift,mild_cross,left_light,right_mild,15,1000,3000,monolithic_logistic,0.0494741355413128,0.18460611384679843,0.9353333333333333,0.7949260042283298,0.938927386210117,0.0,0.02109704641350211,0.007007487228038008,0.020657180394822564,0.9321668519622963,0.1628546442618495,0.146,0.21766666666666667
main_shift,mild_cross,left_light,right_mild,15,1000,3000,interaction_logistic,0.058502739942538975,0.20955266402200046,0.9096666666666666,0.7107790821771611,0.9269611355283935,0.0,0.19831223628691982,0.013177281299830163,0.027172143801637853,0.8668113217044555,0.16586774481565897,0.146,0.21766666666666667
main_shift,mild_cross,left_light,right_mild,15,1000,3000,oracle_gate_class_mean,0.04600428018905535,0.17020847949166137,0.9446666666666667,0.8179824561403509,0.9309053286708799,0.0,0.0,1.617781153285278e-32,0.014671539455145589,0.9784246742798931,0.14925540418944508,0.146,0.21766666666666667
main_shift,mild_cross,left_light,right_mild,15,1000,3000,oracle_intrinsic,0.044773166666666656,0.16677052869982292,0.9446666666666667,0.8179824561403509,0.9309053286708799,0.0,0.0,3.1007472104634497e-32,0.006829999999999979,1.010133218805753,0.13973,0.146,0.21766666666666667
main_shift,mild_cross,left_light,right_mild,16,1000,3000,conserved_quotient,0.043907723951995964,0.1638761093057165,0.945,0.832146490335707,0.9489635233118645,0.0,0.0,6.355568816477878e-33,0.00899159225944044,1.004870913804635,0.15143832575985816,0.156,0.23233333333333334
main_shift,mild_cross,left_light,right_mild,16,1000,3000,caq_strong_shrinkage,0.04497195522613243,0.167984684700951,0.945,0.832146490335707,0.9489635233118645,0.0,0.0,3.4666738998970245e-32,0.01701483619037549,1.0510285763763978,0.150272708913519,0.156,0.23233333333333334
main_shift,mild_cross,left_light,right_mild,16,1000,3000,object_only,0.127762968020896,0.41337061939519987,0.844,0.0,0.6370036186386897,0.0,1.0,0.0,0.026283878905272787,0.8306454732713495,0.18228387890527278,0.156,0.23233333333333334
main_shift,mild_cross,left_light,right_mild,16,1000,3000,access_only,0.06622563503642147,0.21556703814437686,0.9003333333333333,0.7433476394849785,0.9138927708240504,0.0,0.0,1.232595164407831e-32,0.00729292397660821,1.0151063352182341,0.1487070760233918,0.156,0.23233333333333334
main_shift,mild_cross,left_light,right_mild,16,1000,3000,context_table,0.14724121586728653,0.8390482833416826,0.8083333333333333,0.1797432239657632,0.5410826885945369,0.07121146330872774,0.8660194174757282,0.022234420726857086,0.11611815447256574,0.22573422200303073,0.1431376980389008,0.156,0.23233333333333334
main_shift,mild_cross,left_light,right_mild,16,1000,3000,monolithic_logistic,0.04644999269971052,0.18081184758040525,0.945,0.832146490335707,0.9440317778587921,0.0,0.0,0.0017161649770875565,0.02096931460842599,1.1190993123110888,0.15195305892082425,0.156,0.23233333333333334
main_shift,mild_cross,left_light,right_mild,16,1000,3000,interaction_logistic,0.04868995589902652,0.1880351893255268,0.9366666666666666,0.79957805907173,0.9307496523136334,0.0,0.06796116504854369,0.007080180207136215,0.018845578594529042,1.0582997682199053,0.15263184564368368,0.156,0.23233333333333334
main_shift,mild_cross,left_light,right_mild,16,1000,3000,oracle_gate_class_mean,0.04387502317995499,0.16358404044943997,0.945,0.832146490335707,0.9489635233118645,0.0,0.0,1.237409989268799e-32,0.008805632961097182,0.99297312810303,0.15174905638452058,0.156,0.23233333333333334
main_shift,mild_cross,left_light,right_mild,16,1000,3000,oracle_intrinsic,0.0439489,0.16403330442060277,0.945,0.832146490335707,0.9489635233118645,0.0,0.0,1.8681520460556188e-32,0.010249999999999978,1.0134784151539746,0.15176333333333333,0.156,0.23233333333333334
main_shift,mild_cross,left_light,right_mild,17,1000,3000,conserved_quotient,0.047847549183928285,0.17630418985103946,0.941,0.8090614886731392,0.9343810566594235,0.0,0.0,1.232595164407831e-32,0.011353371970999364,0.9462475319940619,0.14734670530433272,0.14633333333333334,0.217
main_shift,mild_cross,left_light,right_mild,17,1000,3000,caq_strong_shrinkage,0.047952015705040686,0.17657122116791713,0.941,0.8090614886731392,0.9343810566594235,0.0,0.0,6.355568816477878e-33,0.011896316093506608,0.9917954444927679,0.14475989646141282,0.14633333333333334,0.217
main_shift,mild_cross,left_light,right_mild,17,1000,3000,object_only,0.12348552168310088,0.40406576259504406,0.8536666666666667,0.0,0.6309697148127822,0.0,1.0,1.925929944387236e-34,0.04554599968880806,0.7237054053737585,0.19187933302214139,0.14633333333333334,0.217
main_shift,mild_cross,left_light,right_mild,17,1000,3000,access_only,0.06424684805819332,0.21232731262318277,0.9033333333333333,0.7339449541284404,0.9043280182232346,0.0,0.0,3.0814879110195774e-33,0.007276981981981996,1.0052238597222436,0.13905635135135136,0.14633333333333334,0.217
main_shift,mild_cross,left_light,right_mild,17,1000,3000,context_table,0.1852158050039155,1.1819778102513807,0.7783333333333333,0.2111506524317912,0.6016540378322462,0.12643678160919541,0.8073770491803278,0.05752365979702172,0.15687127719359062,0.1595276323785151,0.2398014683439542,0.14633333333333334,0.217
main_shift,mild_cross,left_light,right_mild,17,1000,3000,monolithic_logistic,0.04962074401142534,0.19089972408351363,0.941,0.8090614886731392,0.9304389746673202,0.0,0.0,0.002012471841105744,0.02093468867169414,0.9453777873658501,0.1672680220050275,0.14633333333333334,0.217
main_shift,mild_cross,left_light,right_mild,17,1000,3000,interaction_logistic,0.05371646977935044,0.20599398558442794,0.9356666666666666,0.7867403314917127,0.9203462841518876,0.0,0.045081967213114756,0.006111608464232851,0.03677365656597619,0.9761599434004109,0.163359926739379,0.14633333333333334,0.217
main_shift,mild_cross,left_light,right_mild,17,1000,3000,oracle_gate_class_mean,0.047972236627646415,0.1768589508321585,0.941,0.8090614886731392,0.9343810566594235,0.0,0.0,6.162975822039155e-33,0.01330426155666679,0.9354747687182893,0.14798600068710155,0.14633333333333334,0.217
main_shift,mild_cross,left_light,right_mild,17,1000,3000,oracle_intrinsic,0.0476903,0.17588794812710376,0.941,0.8090614886731392,0.9343810566594235,0.0,0.0,1.8488927466117464e-32,0.007810000000000002,0.9723447178199675,0.14368333333333333,0.14633333333333334,0.217
main_shift,mild_cross,left_light,right_mild,18,1000,3000,conserved_quotient,0.045268827703576944,0.16164546426802437,0.9426666666666667,0.8215767634854771,0.9456359123587812,0.0,0.0,9.437056727497456e-33,0.01132228170030301,1.0344805253081468,0.14201105163303032,0.15333333333333332,0.21866666666666668
main_shift,mild_cross,left_light,right_mild,18,1000,3000,caq_strong_shrinkage,0.04529717975943673,0.1618156187764246,0.9426666666666667,0.8215767634854771,0.9456359123587812,0.0,0.0,6.355568816477878e-33,0.012383188508761623,1.081815991489113,0.1409501448245717,0.15333333333333332,0.21866666666666668
main_shift,mild_cross,left_light,right_mild,18,1000,3000,object_only,0.12810963446603757,0.4175997205601982,0.8466666666666667,0.0,0.6195190003423485,0.0,1.0,1.0111132208032988e-33,0.03359253767636392,0.6877608512068736,0.18627864878747505,0.15333333333333332,0.21866666666666668
main_shift,mild_cross,left_light,right_mild,18,1000,3000,access_only,0.05936835129807025,0.19317987692489874,0.916,0.7741935483870968,0.9203911331735707,0.0,0.0,1.232595164407831e-32,0.01610503401360543,1.1112931761082046,0.13722829931972788,0.15333333333333332,0.21866666666666668
main_shift,mild_cross,left_light,right_mild,18,1000,3000,context_table,0.18051747119382472,1.1066198155880187,0.7783333333333333,0.14634146341463414,0.5487880862718247,0.10708191126279863,0.873015873015873,0.03944472520754957,0.13396974290299743,0.06323404552865734,0.19893361150380384,0.15333333333333332,0.21866666666666668
main_shift,mild_cross,left_light,right_mild,18,1000,3000,monolithic_logistic,0.04646536197128004,0.17169544499842848,0.9406666666666667,0.8130252100840336,0.9499315302978432,0.0,0.023809523809523808,0.002476370882932501,0.019497735401149144,1.0614269691900304,0.15542721434306228,0.15333333333333332,0.21866666666666668
main_shift,mild_cross,left_light,right_mild,18,1000,3000,interaction_logistic,0.04896394250277217,0.18458114776913112,0.941,0.8123011664899258,0.9390790825059911,0.0,0.041666666666666664,0.003128704885052479,0.017904178921661667,0.9575279164518742,0.16346300323652502,0.15333333333333332,0.21866666666666668
main_shift,mild_cross,left_light,right_mild,18,1000,3000,oracle_gate_class_mean,0.045406526077457716,0.16221603425752476,0.9426666666666667,0.8215767634854771,0.9456359123587812,0.0,0.0,3.0814879110195774e-33,0.011072929887014388,1.0230576021768487,0.14226040344631893,0.15333333333333332,0.21866666666666668
main_shift,mild_cross,left_light,right_mild,18,1000,3000,oracle_intrinsic,0.04497946666666667,0.16070475910897802,0.9426666666666667,0.8215767634854771,0.9456359123587812,0.0,0.0,1.8488927466117464e-32,0.007839999999999972,1.0021969415195187,0.14767999999999998,0.15333333333333332,0.21866666666666668
main_shift,mild_cross,left_light,right_mild,19,1000,3000,conserved_quotient,0.04572014184420328,0.1639608825149191,0.9413333333333334,0.8243512974051896,0.9568164876417147,0.0,0.0,3.0814879110195774e-33,0.00740537792271095,1.0229498128390542,0.15078960609499248,0.15766666666666668,0.22866666666666666
main_shift,mild_cross,left_light,right_mild,19,1000,3000,caq_strong_shrinkage,0.04624655174139794,0.16588682232493224,0.9413333333333334,0.8243512974051896,0.9568164876417147,0.0,0.0,2.7733391199176196e-32,0.012089144263440144,1.0535078194595113,0.1514900740905681,0.15766666666666668,0.22866666666666666
main_shift,mild_cross,left_light,right_mild,19,1000,3000,object_only,0.13079321983015305,0.42404665080584036,0.8423333333333334,0.0,0.6243236889374878,0.0,1.0,1.7453740121009325e-33,0.040042896326081406,0.7111468864435562,0.19313269224444882,0.15766666666666668,0.22866666666666666
main_shift,mild_cross,left_light,right_mild,19,1000,3000,access_only,0.06183429130763417,0.2007688331263373,0.9096666666666666,0.7661777394305436,0.9255482647868141,0.0,0.0,3.0814879110195774e-33,0.0060644444444444305,1.0249433446749554,0.15160222222222222,0.15766666666666668,0.22866666666666666
main_shift,mild_cross,left_light,right_mild,19,1000,3000,context_table,0.17239422689083328,1.053019729332165,0.7776666666666666,0.16311166875784192,0.5417783916785398,0.0989628349178911,0.8260869565217391,0.053912026576045435,0.1484960625986745,0.12192667832102799,0.1736921233466697,0.15766666666666668,0.22866666666666666
main_shift,mild_cross,left_light,right_mild,19,1000,3000,monolithic_logistic,0.046161542169296146,0.1731619429700582,0.941,0.8228228228228228,0.9452768451673302,0.0,0.005671077504725898,0.003822338889925938,0.007936438223874529,1.0262624785967644,0.15520973310876654,0.15766666666666668,0.22866666666666666
main_shift,mild_cross,left_light,right_mild,19,1000,3000,interaction_logistic,0.04874276710387153,0.17122095157222061,0.9376666666666666,0.8074150360453141,0.9519983334323346,0.0,0.05860113421550094,0.007750463496828444,0.01179716871567784,1.0079675938520645,0.15393090636608397,0.15766666666666668,0.22866666666666666
main_shift,mild_cross,left_light,right_mild,19,1000,3000,oracle_gate_class_mean,0.04577543685056194,0.164118171220205,0.9413333333333334,0.8243512974051896,0.9568164876417147,0.0,0.0,4.391120273202898e-32,0.008354373671269833,1.0145771699772232,0.15059562632873014,0.15766666666666668,0.22866666666666666
main_shift,mild_cross,left_light,right_mild,19,1000,3000,oracle_intrinsic,0.045656733333333324,0.16352172512063734,0.9413333333333334,0.8243512974051896,0.9568164876417147,0.0,0.0,1.560003254953661e-32,0.007639999999999995,1.004835540382599,0.15334666666666666,0.15766666666666668,0.22866666666666666
main_shift,medium_cross,left_light,right_medium,0,1000,3000,conserved_quotient,0.026788273373268116,0.11237925402276656,0.969,0.7790973871733967,0.9136280014770388,0.0,0.0,1.9259299443872359e-32,0.008449325525622988,0.9944920526013432,0.06735766354718886,0.07233333333333333,0.09366666666666666
main_shift,medium_cross,left_light,right_medium,0,1000,3000,caq_strong_shrinkage,0.02677924944392674,0.1121644564268272,0.969,0.7790973871733967,0.9136280014770388,0.0,0.0,3.4666738998970245e-32,0.007911622355799435,1.0223412613811949,0.0681147565626245,0.07233333333333333,0.09366666666666666
main_shift,medium_cross,left_light,right_medium,0,1000,3000,object_only,0.09249688454763104,0.33735158957564415,0.9276666666666666,0.0,0.5933473640983522,0.0,1.0,3.9000081373841526e-33,0.142894104483156,0.22599526141708692,0.21522743781648931,0.07233333333333333,0.09366666666666666
main_shift,medium_cross,left_light,right_medium,0,1000,3000,access_only,0.03418309127276611,0.12872204932818185,0.9533333333333334,0.7188755020080321,0.9029227816681598,0.0,0.0,3.0814879110195774e-33,0.004997848101265833,0.9706125228385125,0.0701245147679325,0.07233333333333333,0.09366666666666666
main_shift,medium_cross,left_light,right_medium,0,1000,3000,context_table,0.10170658797000766,0.44710545705646904,0.8796666666666667,0.17391304347826086,0.5829054281177193,0.06620080912100036,0.803921568627451,0.02332235301763972,0.14465056939500054,0.1910930732290661,0.21698390272833384,0.07233333333333333,0.09366666666666666
main_shift,medium_cross,left_light,right_medium,0,1000,3000,monolithic_logistic,0.02977764251637313,0.13935783998966775,0.9686666666666667,0.7772511848341233,0.9039891639662135,0.0,0.0,0.002923941958887487,0.03815465222456043,0.9555620305375434,0.11022122552510163,0.07233333333333333,0.09366666666666666
main_shift,medium_cross,left_light,right_medium,0,1000,3000,interaction_logistic,0.02979676541787073,0.13715140158959932,0.9686666666666667,0.7772511848341233,0.8732445674942169,0.0,0.0,0.005659853170044015,0.03151717503039919,0.935613790210973,0.10385050836373252,0.07233333333333333,0.09366666666666666
main_shift,medium_cross,left_light,right_medium,0,1000,3000,oracle_gate_class_mean,0.026878801288901816,0.11290164800906505,0.969,0.7790973871733967,0.9136280014770388,0.0,0.0,1.925929944387236e-34,0.009222172916977937,0.9866742781330506,0.06717338263857761,0.07233333333333333,0.09366666666666666
main_shift,medium_cross,left_light,right_medium,0,1000,3000,oracle_intrinsic,0.026637300000000003,0.11178808522534506,0.969,0.7790973871733967,0.9136280014770388,0.0,0.0,1.232595164407831e-32,0.00620333333333333,1.0173203642863524,0.06677,0.07233333333333333,0.09366666666666666
main_shift,medium_cross,left_light,right_medium,1,1000,3000,conserved_quotient,0.029652255887078056,0.12259442762701282,0.9656666666666667,0.7643020594965675,0.8834339085796041,0.0,0.0,0.0,0.008292356030789923,1.038365187922172,0.06604097730254341,0.07433333333333333,0.09066666666666667
main_shift,medium_cross,left_light,right_medium,1,1000,3000,caq_strong_shrinkage,0.02983881140369161,0.1230960211165103,0.9656666666666667,0.7643020594965675,0.8834339085796041,0.0,0.0,1.9259299443872359e-32,0.010409699713218108,1.073784229863203,0.06541184910833071,0.07433333333333333,0.09066666666666667
main_shift,medium_cross,left_light,right_medium,1,1000,3000,object_only,0.08376300354481092,0.31461399577844923,0.9256666666666666,0.0,0.5819487752534835,0.0,1.0,9.62964972193618e-34,0.11342354951071655,0.3145427830180186,0.18775688284404995,0.07433333333333333,0.09066666666666667
main_shift,medium_cross,left_light,right_medium,1,1000,3000,access_only,0.0347776,0.13375160979147996,0.955,0.7272727272727273,0.877564103599232,0.0,0.0,6.162975822039155e-33,0.010840000000000002,1.0949190551512615,0.06349333333333333,0.07433333333333333,0.09066666666666667
main_shift,medium_cross,left_light,right_medium,1,1000,3000,context_table,0.09428866747875338,0.4625756399118872,0.881,0.15602836879432624,0.5418710063930008,0.06048387096774194,0.8364485981308412,0.019910475478713403,0.11601487877186532,0.1491244679465903,0.1817203400421854,0.07433333333333333,0.09066666666666667
main_shift,medium_cross,left_light,right_medium,1,1000,3000,monolithic_logistic,0.031404288251958554,0.1358271857502056,0.9633333333333334,0.7429906542056075,0.8864648917840493,0.0,0.04205607476635514,0.006655564333351625,0.013619310686634776,1.1054686869771815,0.07337408486098318,0.07433333333333333,0.09066666666666667
main_shift,medium_cross,left_light,right_medium,1,1000,3000,interaction_logistic,0.03250944084319396,0.13797001072070472,0.962,0.7311320754716981,0.8827443881596264,0.0,0.06074766355140187,0.007837747173012048,0.01374031985330075,1.033378287238756,0.07620735886950432,0.07433333333333333,0.09066666666666667
main_shift,medium_cross,left_light,right_medium,1,1000,3000,oracle_gate_class_mean,0.029655452570936262,0.12262125624362359,0.9656666666666667,0.7643020594965675,0.8834339085796041,0.0,0.0,1.8488927466117464e-32,0.008333241963555262,1.0298981455398186,0.06619363975687485,0.07433333333333333,0.09066666666666667
main_shift,medium_cross,left_light,right_medium,1,1000,3000,oracle_intrinsic,0.02967386666666667,0.1227911526895702,0.9656666666666667,0.7643020594965675,0.8834339085796041,0.0,0.0,6.355568816477878e-33,0.009386666666666668,1.0048512634753304,0.06694666666666665,0.07433333333333333,0.09066666666666667
main_shift,medium_cross,left_light,right_medium,2,1000,3000,conserved_quotient,0.028141566113099127,0.12086766888100234,0.968,0.7611940298507462,0.8701482907732244,0.0,0.0,4.3140830754274083e-32,0.010166814316411128,1.0075157103500174,0.06338644762632449,0.071,0.08766666666666667
main_shift,medium_cross,left_light,right_medium,2,1000,3000,caq_strong_shrinkage,0.028310799822908114,0.12139102031983115,0.968,0.7611940298507462,0.8701482907732244,0.0,0.0,5.238529448733282e-32,0.011810322417407948,1.040256143401049,0.06341786294706643,0.071,0.08766666666666667
main_shift,medium_cross,left_light,right_medium,2,1000,3000,object_only,0.0855185832301562,0.32062300044843745,0.929,0.0,0.608398146323221,0.0,1.0,1.7333369499485123e-33,0.13148668430626556,0.32465690021712745,0.20248668430626557,0.071,0.08766666666666667
main_shift,medium_cross,left_light,right_medium,2,1000,3000,access_only,0.035443955164438996,0.1371734136687486,0.9526666666666667,0.7016806722689075,0.8612875675293238,0.0,0.0,3.389636702121535e-32,0.006974309764309761,1.003101988600294,0.06402569023569024,0.071,0.08766666666666667
main_shift,medium_cross,left_light,right_medium,2,1000,3000,context_table,0.09576735525763633,0.44709718085503686,0.8753333333333333,0.18340611353711792,0.5501767933278418,0.07270734380708806,0.7566137566137566,0.02877994931854301,0.15081361403334295,0.12007918795044822,0.19659723553871927,0.071,0.08766666666666667
main_shift,medium_cross,left_light,right_medium,2,1000,3000,monolithic_logistic,0.03000283349684642,0.13567258121300332,0.968,0.7611940298507462,0.8799102472748223,0.0,0.0,0.002826807339034415,0.025215960332379207,1.0781802059776673,0.08952963202733107,0.071,0.08766666666666667
main_shift,medium_cross,left_light,right_medium,2,1000,3000,interaction_logistic,0.03061870713325463,0.1410001338422226,0.968,0.7611940298507462,0.8657566737586143,0.0,0.0,0.0028323984477384694,0.030208642147621662,0.9479477090322083,0.10098602687465211,0.071,0.08766666666666667
main_shift,medium_cross,left_light,right_medium,2,1000,3000,oracle_gate_class_mean,0.028168502535019214,0.1209948180174891,0.968,0.7611940298507462,0.8701482907732244,0.0,0.0,1.9259299443872359e-32,0.008473961125222723,0.9958490506046518,0.06338448636336177,0.071,0.08766666666666667
main_shift,medium_cross,left_light,right_medium,2,1000,3000,oracle_intrinsic,0.028080699999999997,0.12073365347430257,0.968,0.7611940298507462,0.8701482907732244,0.0,0.0,6.162975822039155e-33,0.009616666666666664,1.0155284484047886,0.06293,0.071,0.08766666666666667
main_shift,medium_cross,left_light,right_medium,3,1000,3000,conserved_quotient,0.027759009296838937,0.11585125033371219,0.967,0.7493670886075949,0.8833331240278508,0.0,0.0,1.5407439555097887e-32,0.008958120693655132,0.9790404361410624,0.06245405918131966,0.06633333333333333,0.08666666666666667
main_shift,medium_cross,left_light,right_medium,3,1000,3000,caq_strong_shrinkage,0.027925371916391422,0.11645067293642926,0.967,0.7493670886075949,0.8833331240278508,0.0,0.0,5.546678239835239e-32,0.00950357688721539,1.018213212542226,0.06169057387120851,0.06633333333333333,0.08666666666666667
main_shift,medium_cross,left_light,right_medium,3,1000,3000,object_only,0.07921657691566074,0.30224048526740255,0.9336666666666666,0.0,0.6143373059513921,0.0,1.0,2.6963019221421302e-33,0.12017227397074301,0.2749827161615805,0.18650560730407634,0.06633333333333333,0.08666666666666667
main_shift,medium_cross,left_light,right_medium,3,1000,3000,access_only,0.03418621244550138,0.13010885441711237,0.9523333333333334,0.6884531590413944,0.875868094488867,0.0,0.0,9.244463733058732e-33,0.006395402298850574,1.0286735677580794,0.059937931034482764,0.06633333333333333,0.08666666666666667
main_shift,medium_cross,left_light,right_medium,3,1000,3000,context_table,0.12973318600559097,0.8753270616944604,0.875,0.11764705882352941,0.5743336460955258,0.07153284671532846,0.8469387755102041,0.051217293796312416,0.1592403190529103,0.06608950690595537,0.21602240320438296,0.06633333333333333,0.08666666666666667
main_shift,medium_cross,left_light,right_medium,3,1000,3000,monolithic_logistic,0.03010102942921255,0.1364539766388084,0.967,0.7493670886075949,0.8729168871849429,0.0,0.0,0.004545713304554573,0.023868172634500036,0.9277112054853754,0.08770762757065652,0.06633333333333333,0.08666666666666667
main_shift,medium_cross,left_light,right_medium,3,1000,3000,interaction_logistic,0.03042993096682468,0.13272492296931448,0.9666666666666667,0.7461928934010152,0.8800482239831791,0.0,0.00510204081632653,0.003320404407230376,0.02291675613685818,0.8768896516043297,0.08798437283515972,0.06633333333333333,0.08666666666666667
main_shift,medium_cross,left_light,right_medium,3,1000,3000,oracle_gate_class_mean,0.027778594152342257,0.11590516163852214,0.967,0.7493670886075949,0.8833331240278508,0.0,0.0,6.355568816477878e-33,0.009313703542810083,0.9690092747732905,0.06264400938154965,0.06633333333333333,0.08666666666666667
main_shift,medium_cross,left_light,right_medium,3,1000,3000,oracle_intrinsic,0.027578,0.11525924153519734,0.967,0.7493670886075949,0.8833331240278508,0.0,0.0,2.465190328815662e-32,0.006640000000000001,0.9576526041484321,0.06390666666666667,0.06633333333333333,0.08666666666666667
main_shift,medium_cross,left_light,right_medium,4,1000,3000,conserved_quotient,0.025768613754438813,0.1023180187407139,0.969,0.7862068965517242,0.9197863452532993,0.0,0.0,9.437056727497456e-33,0.0044654736248913324,1.0086011528061676,0.07019821522509496,0.072,0.101
main_shift,medium_cross,left_light,right_medium,4,1000,3000,caq_strong_shrinkage,0.025818829920268183,0.10251635916041808,0.969,0.7862068965517242,0.9197863452532993,0.0,0.0,6.355568816477878e-33,0.0031073509948539657,1.0455746726495772,0.06983574759669534,0.072,0.101
main_shift,medium_cross,left_light,right_medium,4,1000,3000,object_only,0.0820391639700139,0.3079659418406541,0.928,0.0,0.6010419992550021,0.0,1.0,7.824090399073146e-34,0.11022281886199872,0.29561046554085346,0.18222281886199873,0.072,0.101
main_shift,medium_cross,left_light,right_medium,4,1000,3000,access_only,0.03264606345963102,0.11734261948932977,0.953,0.7283236994219653,0.9096690080885483,0.0,0.0,3.0814879110195774e-33,0.0018409859154929623,1.030417094974324,0.07015901408450705,0.072,0.101
main_shift,medium_cross,left_light,right_medium,4,1000,3000,context_table,0.1438919079836786,0.8863264332567617,0.8116666666666666,0.2206896551724138,0.6362863851638996,0.15350389321468297,0.5662100456621004,0.06110149760146056,0.18145463789303018,0.15050422082762796,0.2534546378930302,0.072,0.101
main_shift,medium_cross,left_light,right_medium,4,1000,3000,monolithic_logistic,0.026902667219975987,0.11459010505047763,0.969,0.7862068965517242,0.9292085727969349,0.0,0.0,0.0025336433865898182,0.02270126753947285,1.0195589041296877,0.08617564737451695,0.072,0.101
main_shift,medium_cross,left_light,right_medium,4,1000,3000,interaction_logistic,0.02804783432921311,0.11762438635980535,0.969,0.7862068965517242,0.928011254789272,0.0,0.0,0.004171705723284915,0.019356285762137035,0.9969928152288898,0.08662909317399337,0.072,0.101
main_shift,medium_cross,left_light,right_medium,4,1000,3000,oracle_gate_class_mean,0.025828727380451066,0.10252742027545404,0.969,0.7862068965517242,0.9197863452532993,0.0,0.0,7.703719777548943e-34,0.005019556560517554,0.9983820672282124,0.07030611393756674,0.072,0.101
main_shift,medium_cross,left_light,right_medium,4,1000,3000,oracle_intrinsic,0.025399899999999996,0.10120616868349191,0.969,0.7862068965517242,0.9197863452532993,0.0,0.0,6.162975822039155e-33,0.0027233333333333293,1.0163867874674437,0.06981,0.072,0.101
main_shift,medium_cross,left_light,right_medium,5,1000,3000,conserved_quotient,0.033068727559328985,0.13975692373370327,0.962,0.7164179104477612,0.8632015116838918,0.0,0.0,1.8681520460556188e-32,0.013398546246016753,0.9792066593114083,0.061753617551098185,0.07266666666666667,0.084
main_shift,medium_cross,left_light,right_medium,5,1000,3000,caq_strong_shrinkage,0.03291494146022545,0.1391442094354628,0.962,0.7164179104477612,0.8632015116838918,0.0,0.0,6.933347799794049e-33,0.011129893826814782,1.0168594547683492,0.061582284964354236,0.07266666666666667,0.084
main_shift,medium_cross,left_light,right_medium,5,1000,3000,object_only,0.08512740389430035,0.3187342278008123,0.9273333333333333,0.0,0.5846595743277557,0.0,1.0,1.1555579666323415e-33,0.12099280791434604,0.2651413040773109,0.1936594745810127,0.07266666666666667,0.084
main_shift,medium_cross,left_light,right_medium,5,1000,3000,access_only,0.03769622576083919,0.14978417503457983,0.9513333333333334,0.6893617021276596,0.8555029382860987,0.0,0.0,0.0,0.010972464712269274,1.0114907983899917,0.061694201954397385,0.07266666666666667,0.084
main_shift,medium_cross,left_light,right_medium,5,1000,3000,context_table,0.10892546362451029,0.6318567201074812,0.902,0.10909090909090909,0.5909203332036223,0.03384279475982533,0.8967391304347826,0.03873604438591689,0.1333928849227962,0.1185820768697832,0.20335971299297162,0.07266666666666667,0.084
main_shift,medium_cross,left_light,right_medium,5,1000,3000,monolithic_logistic,0.03532710532530429,0.16317202113706625,0.9586666666666667,0.6684491978609626,0.871099598335301,0.0,0.15217391304347827,0.015939528087996046,0.019560467568271116,1.0313432369416569,0.057950810975492595,0.07266666666666667,0.084
main_shift,medium_cross,left_light,right_medium,5,1000,3000,interaction_logistic,0.03606755364762064,0.1666278126798457,0.9543333333333334,0.6118980169971672,0.8582186269530864,0.0,0.266304347826087,0.018989631049216655,0.021518699178875583,1.0183944800767444,0.055228147481344025,0.07266666666666667,0.084
main_shift,medium_cross,left_light,right_medium,5,1000,3000,oracle_gate_class_mean,0.03316930394412561,0.14030100369040757,0.962,0.7164179104477612,0.8632015116838918,0.0,0.0,6.355568816477878e-33,0.01417571024335032,0.9694319136282735,0.06180565176381815,0.07266666666666667,0.084
main_shift,medium_cross,left_light,right_medium,5,1000,3000,oracle_intrinsic,0.03319559999999999,0.14002408098775834,0.962,0.7164179104477612,0.8632015116838918,0.0,0.0,6.162975822039155e-33,0.014066666666666673,0.9855749053962649,0.06094666666666668,0.07266666666666667,0.084
main_shift,medium_cross,left_light,right_medium,6,1000,3000,conserved_quotient,0.028418132199820027,0.11732283992548999,0.9663333333333334,0.7612293144208038,0.9045058402828562,0.0,0.0,3.274080905458301e-33,0.008764150486989124,0.95768422029474,0.06960281022318407,0.07133333333333333,0.09666666666666666
main_shift,medium_cross,left_light,right_medium,6,1000,3000,caq_strong_shrinkage,0.028582273958323252,0.11734966061282683,0.9663333333333334,0.7612293144208038,0.9045058402828562,0.0,0.0,1.232595164407831e-32,0.007287358469014363,0.9926071658929955,0.06934134995172282,0.07133333333333333,0.09666666666666666
main_shift,medium_cross,left_light,right_medium,6,1000,3000,object_only,0.08174721464571628,0.3094642610669676,0.9286666666666666,0.0,0.6111180065883489,0.0,1.0,1.552781017662209e-33,0.11396968163177285,0.27211220417820214,0.1853030149651062,0.07133333333333333,0.09666666666666666
main_shift,medium_cross,left_light,right_medium,6,1000,3000,access_only,0.036000380612312366,0.1338156980738161,0.9486666666666667,0.6944444444444444,0.894071492308002,0.0,0.0,9.244463733058732e-33,0.005879812206572757,0.9605662923402557,0.06927981220657277,0.07133333333333333,0.09666666666666666
main_shift,medium_cross,left_light,right_medium,6,1000,3000,context_table,0.08480656084855266,0.41765997171523533,0.9216666666666666,0.008438818565400843,0.5267760699357937,0.008118081180811807,0.9952153110047847,0.010388693565240366,0.11325884115178458,0.09152193236096155,0.1664215039575129,0.07133333333333333,0.09666666666666666
main_shift,medium_cross,left_light,right_medium,6,1000,3000,monolithic_logistic,0.029211432615788926,0.12971826920268154,0.9663333333333334,0.7612293144208038,0.8883066869729153,0.0,0.0,0.0007619977178528628,0.012290308671286342,0.9414332618641137,0.0833772328500956,0.07133333333333333,0.09666666666666666
main_shift,medium_cross,left_light,right_medium,6,1000,3000,interaction_logistic,0.029191315823436058,0.12802653981562145,0.9663333333333334,0.7612293144208038,0.8867602364291417,0.0,0.0,0.001582587465367561,0.01636868190931494,0.9433584232159639,0.08619140214610015,0.07133333333333333,0.09666666666666666
main_shift,medium_cross,left_light,right_medium,6,1000,3000,oracle_gate_class_mean,0.0284633228233625,0.11798727667263767,0.9663333333333334,0.7612293144208038,0.9045058402828562,0.0,0.0,1.5407439555097887e-32,0.00872855505077727,0.9485299406665083,0.06967588015365794,0.07133333333333333,0.09666666666666666
main_shift,medium_cross,left_light,right_medium,6,1000,3000,oracle_intrinsic,0.02819153333333333,0.11632383452214023,0.9663333333333334,0.7612293144208038,0.9054149250927535,0.0,0.0,3.4088960015654075e-32,0.005706666666666666,0.9723355222335149,0.06841333333333334,0.07133333333333333,0.09666666666666666
main_shift,medium_cross,left_light,right_medium,7,1000,3000,conserved_quotient,0.028213699172270446,0.1159516276912425,0.9653333333333334,0.75,0.8960233867097168,0.0,0.0,1.617781153285278e-32,0.010901893086538609,0.9568685961783877,0.06845568440148525,0.06833333333333333,0.093
main_shift,medium_cross,left_light,right_medium,7,1000,3000,caq_strong_shrinkage,0.028787821602372633,0.11755645553642319,0.9653333333333334,0.75,0.8960233867097168,0.0,0.0,2.5422275265911513e-32,0.014028064227677049,0.9692049436895209,0.06872279279994949,0.06833333333333333,0.093
main_shift,medium_cross,left_light,right_medium,7,1000,3000,object_only,0.08266416869361053,0.31182188414651707,0.9316666666666666,0.0,0.5892892360050613,0.0,1.0,3.0814879110195774e-33,0.12778348562670558,0.30901759788793387,0.19611681896003894,0.06833333333333333,0.093
main_shift,medium_cross,left_light,right_medium,7,1000,3000,access_only,0.03551429495229301,0.13221260710930788,0.9493333333333334,0.6859504132231405,0.8853981412801606,0.0,0.0,7.087422195345028e-32,0.008965087719298232,0.9085094549218907,0.0694384210526316,0.06833333333333333,0.093
main_shift,medium_cross,left_light,right_medium,7,1000,3000,context_table,0.09869317845258778,0.4358779251715103,0.8656666666666667,0.11037527593818984,0.5148287447096296,0.07497243660418963,0.8767772511848341,0.025959899407799754,0.13504771156029702,0.07969084538688406,0.20338104489363035,0.06833333333333333,0.093
main_shift,medium_cross,left_light,right_medium,7,1000,3000,monolithic_logistic,0.028155933646076835,0.13179558164427913,0.9656666666666667,0.7493917274939172,0.9026048256904752,0.0,0.023696682464454975,0.002903412598790214,0.015293211640993272,1.0255798759334813,0.056880760847231204,0.06833333333333333,0.093
main_shift,medium_cross,left_light,right_medium,7,1000,3000,interaction_logistic,0.031207803631581047,0.13947066505935762,0.9626666666666667,0.7254901960784313,0.9031074654217025,0.0,0.037914691943127965,0.009819426381010923,0.019108844792327582,0.9465849792227734,0.06023113252417964,0.06833333333333333,0.093
main_shift,medium_cross,left_light,right_medium,7,1000,3000,oracle_gate_class_mean,0.0281393240132623,0.11570516697555122,0.9653333333333334,0.75,0.8960233867097168,0.0,0.0,1.8681520460556188e-32,0.010187304417287303,0.952929831891823,0.06839059555652782,0.06833333333333333,0.093
main_shift,medium_cross,left_light,right_medium,7,1000,3000,oracle_intrinsic,0.027895633333333333,0.11499518183240927,0.9653333333333334,0.75,0.8960233867097168,0.0,0.0,2.7733391199176196e-32,0.008589999999999987,0.9716717084410986,0.06639666666666666,0.06833333333333333,0.093
main_shift,medium_cross,left_light,right_medium,8,1000,3000,conserved_quotient,0.03205795838129764,0.13755500504232493,0.9636666666666667,0.7334963325183375,0.8532736669859514,0.0,0.0,4.8148248609680896e-33,0.014035586766541817,0.98513822088075,0.06285236579275905,0.072,0.088
main_shift,medium_cross,left_light,right_medium,8,1000,3000,caq_strong_shrinkage,0.032395798753146084,0.13855495569809143,0.9636666666666667,0.7334963325183375,0.8532736669859514,0.0,0.0,1.5407439555097887e-32,0.01577609731961708,1.0128464475218937,0.06301285137704529,0.072,0.088
main_shift,medium_cross,left_light,right_medium,8,1000,3000,object_only,0.07940037978201568,0.3031127627887281,0.928,0.0,0.597307032247765,0.0,1.0,8.185202263645752e-34,0.10516341618681338,0.321488278537504,0.1771634161868134,0.072,0.088
main_shift,medium_cross,left_light,right_medium,8,1000,3000,access_only,0.039416221251525475,0.15398916547728161,0.9466666666666667,0.6666666666666666,0.8424828384418902,0.0,0.0,1.232595164407831e-32,0.010924943820224724,0.957284451952979,0.06383161048689139,0.072,0.088
main_shift,medium_cross,left_light,right_medium,8,1000,3000,context_table,0.10595383230980217,0.4922773158472705,0.8626666666666667,0.09251101321585903,0.5495323808003406,0.07748538011695906,0.8652849740932642,0.027322822566409204,0.15516977490399178,0.0361011209028062,0.1989128824351585,0.072,0.088
main_shift,medium_cross,left_light,right_medium,8,1000,3000,monolithic_logistic,0.03400517506036118,0.1511309394439958,0.9633333333333334,0.7277227722772277,0.8549948116219668,0.0,0.025906735751295335,0.0031030378312488127,0.01964066883124709,0.9580262382476754,0.08993228300268082,0.072,0.088
main_shift,medium_cross,left_light,right_medium,8,1000,3000,interaction_logistic,0.03268279591539122,0.1426533180003482,0.9636666666666667,0.7308641975308642,0.8538008194976586,0.0,0.02072538860103627,0.006086411824207295,0.009255782548626057,0.9418774326335824,0.08012412927885446,0.072,0.088
main_shift,medium_cross,left_light,right_medium,8,1000,3000,oracle_gate_class_mean,0.03205527111810816,0.13757452056259198,0.9636666666666667,0.7334963325183375,0.8532736669859514,0.0,0.0,3.851859888774472e-33,0.01410596891599449,0.9772473356099884,0.06281776378778936,0.072,0.088
main_shift,medium_cross,left_light,right_medium,8,1000,3000,oracle_intrinsic,0.031770266666666665,0.1368192221284225,0.9636666666666667,0.7334963325183375,0.8532736669859514,0.0,0.0,1.5407439555097887e-32,0.010260000000000007,0.9810306019726422,0.06308666666666668,0.072,0.088
main_shift,medium_cross,left_light,right_medium,9,1000,3000,conserved_quotient,0.028510227488580904,0.1180431432628627,0.9663333333333334,0.7506172839506173,0.8956184824817837,0.0,0.0,3.1007472104634497e-32,0.008334160801351097,1.0086558393709224,0.06159343880992197,0.06833333333333333,0.08833333333333333
main_shift,medium_cross,left_light,right_medium,9,1000,3000,caq_strong_shrinkage,0.028530443315206006,0.11798004425090407,0.9663333333333334,0.7506172839506173,0.8956184824817837,0.0,0.0,1.5407439555097887e-32,0.008297440325408452,1.056103067115117,0.060936119765294484,0.06833333333333333,0.08833333333333333
main_shift,medium_cross,left_light,right_medium,9,1000,3000,object_only,0.07964376829151186,0.3017443215568767,0.9316666666666666,0.0,0.5973297264278546,0.0,1.0,1.925929944387236e-34,0.11419024398334743,0.2989232961177537,0.18252357731668076,0.06833333333333333,0.08833333333333333
main_shift,medium_cross,left_light,right_medium,9,1000,3000,access_only,0.03454804219692412,0.13114077993030987,0.9526666666666667,0.6978723404255319,0.8862899777477202,0.0,0.0,3.0814879110195774e-33,0.00904092970521543,1.0821641911316668,0.05929240362811792,0.06833333333333333,0.08833333333333333
main_shift,medium_cross,left_light,right_medium,9,1000,3000,context_table,0.08709018164406014,0.45993402671358147,0.9146666666666666,0.05185185185185185,0.4654251930712509,0.019012797074954298,0.955,0.01985299189445469,0.12390344134314113,0.022696234479029367,0.16658776287342078,0.06833333333333333,0.08833333333333333
main_shift,medium_cross,left_light,right_medium,9,1000,3000,monolithic_logistic,0.02903410180751983,0.1257728088539745,0.966,0.746268656716418,0.8983934726646015,0.0,0.015,0.0033821250842511973,0.011116598142849193,1.0298242267716502,0.07435803796899497,0.06833333333333333,0.08833333333333333
main_shift,medium_cross,left_light,right_medium,9,1000,3000,interaction_logistic,0.0302139277176173,0.12492978132880281,0.9623333333333334,0.6780626780626781,0.9002225227976788,0.0,0.27,0.004185412092750779,0.016568464160654692,0.9992565631652186,0.07565813410309981,0.06833333333333333,0.08833333333333333
main_shift,medium_cross,left_light,right_medium,9,1000,3000,oracle_gate_class_mean,0.028566356575541494,0.11835636792100723,0.9663333333333334,0.7506172839506173,0.8956184824817837,0.0,0.0,1.8537075714727145e-32,0.008886163211384569,0.9972298965742966,0.061755627833391565,0.06833333333333333,0.08833333333333333
main_shift,medium_cross,left_light,right_medium,9,1000,3000,oracle_intrinsic,0.02840503333333333,0.11775655652154611,0.9663333333333334,0.7506172839506173,0.8956184824817837,0.0,0.0,2.465190328815662e-32,0.006776666666666682,0.9615643909272107,0.06494333333333333,0.06833333333333333,0.08833333333333333
main_shift,medium_cross,left_light,right_medium,10,1000,3000,conserved_quotient,0.028125828556666916,0.11885409508597386,0.9676666666666667,0.7749419953596288,0.8946599084368868,0.0,0.0,4.3333423748712807e-32,0.007890384813514688,0.9717348254317214,0.06857459678357138,0.07333333333333333,0.08933333333333333
main_shift,medium_cross,left_light,right_medium,10,1000,3000,caq_strong_shrinkage,0.028145341673292894,0.11875936312031972,0.9676666666666667,0.7749419953596288,0.8946599084368868,0.0,0.0,1.5407439555097887e-32,0.00797090784877384,1.0165823832204035,0.06752369646777293,0.07333333333333333,0.08933333333333333
main_shift,medium_cross,left_light,right_medium,10,1000,3000,object_only,0.08297812520427396,0.3117872314742542,0.9266666666666666,0.0,0.5933845650752125,0.0,1.0,1.7333369499485123e-33,0.10888452166607471,0.2827984453038832,0.18221785499940807,0.07333333333333333,0.08933333333333333
main_shift,medium_cross,left_light,right_medium,10,1000,3000,access_only,0.03435495811465934,0.13264941871321326,0.9553333333333334,0.7254098360655737,0.8873708306082407,0.0,0.0,1.232595164407831e-32,0.009277026378896876,1.0654436366878133,0.06405630695443645,0.07333333333333333,0.08933333333333333
main_shift,medium_cross,left_light,right_medium,10,1000,3000,context_table,0.09066588717699164,0.4487811564471712,0.9153333333333333,0.023076923076923078,0.5274018966644866,0.01281112737920937,0.985781990521327,0.01818864275567014,0.11719991289643818,0.10735953994886857,0.17637963159804843,0.07333333333333333,0.08933333333333333
main_shift,medium_cross,left_light,right_medium,10,1000,3000,monolithic_logistic,0.02954025588385387,0.1398700281352795,0.9676666666666667,0.7749419953596288,0.8822253106605624,0.0,0.0,0.0014044681717532309,0.014719384968110153,0.8866986495739038,0.08783143316310688,0.07333333333333333,0.08933333333333333
main_shift,medium_cross,left_light,right_medium,10,1000,3000,interaction_logistic,0.030169783342946403,0.13692461172091985,0.9676666666666667,0.7749419953596288,0.882694571615435,0.0,0.0,0.0031023560591792315,0.019937255793461214,0.8785041105301477,0.09303742552784233,0.07333333333333333,0.08933333333333333
main_shift,medium_cross,left_light,right_medium,10,1000,3000,oracle_gate_class_mean,0.028193685696766113,0.1192666231613319,0.9676666666666667,0.7749419953596288,0.8946599084368868,0.0,0.0,6.162975822039155e-33,0.008788758169934645,0.9608963066143645,0.06882562091503269,0.07333333333333333,0.08933333333333333
main_shift,medium_cross,left_light,right_medium,10,1000,3000,oracle_intrinsic,0.028057066666666665,0.1185201169965574,0.9676666666666667,0.7749419953596288,0.8946599084368868,0.0,0.0,6.182235121483027e-32,0.006353333333333342,0.9903558225002704,0.06784666666666668,0.07333333333333333,0.08933333333333333
main_shift,medium_cross,left_light,right_medium,11,1000,3000,conserved_quotient,0.03160737877624913,0.13320311433289364,0.9633333333333334,0.725,0.8511819484240688,0.0,0.0,9.244463733058732e-33,0.011695305476941852,0.952677999888617,0.06215363571812925,0.06933333333333333,0.083
main_shift,medium_cross,left_light,right_medium,11,1000,3000,caq_strong_shrinkage,0.031521327065094217,0.13287740767283612,0.9633333333333334,0.725,0.8511819484240688,0.0,0.0,1.5407439555097887e-32,0.012818089731729886,0.9941093908554438,0.061502821241355,0.06933333333333333,0.083
main_shift,medium_cross,left_light,right_medium,11,1000,3000,object_only,0.08013178752340022,0.30328411982678644,0.9306666666666666,0.0,0.5939256391888913,0.0,1.0,8.666684749742561e-33,0.11313880385783529,0.3181028751306998,0.18247213719116864,0.06933333333333333,0.083
main_shift,medium_cross,left_light,right_medium,11,1000,3000,access_only,0.03653117278911564,0.14377602904352954,0.9516666666666667,0.6827133479212254,0.8429699553669826,0.0,0.0,1.5407439555097887e-32,0.009770476190476206,1.0175183366139238,0.05956285714285715,0.06933333333333333,0.083
main_shift,medium_cross,left_light,right_medium,11,1000,3000,context_table,0.09452171830410946,0.44430485116380336,0.8513333333333334,0.12890625,0.5285654755344942,0.09632860777898945,0.796875,0.0232408132017373,0.12470996338294925,0.1011382271412724,0.1819283834686321,0.06933333333333333,0.083
main_shift,medium_cross,left_light,right_medium,11,1000,3000,monolithic_logistic,0.03182722130012099,0.13907577000126223,0.9633333333333334,0.725,0.8672460463962971,0.0,0.0,0.0013711832230740662,0.006776576931514075,0.9514462125962921,0.07523677521014732,0.06933333333333333,0.083
main_shift,medium_cross,left_light,right_medium,11,1000,3000,interaction_logistic,0.031704272399889176,0.1328225411898962,0.9633333333333334,0.7222222222222222,0.8746521655278818,0.0,0.020833333333333332,0.0022708806015017667,0.011354010629772513,0.9333699694967634,0.07499929198537221,0.06933333333333333,0.083
main_shift,medium_cross,left_light,right_medium,11,1000,3000,oracle_gate_class_mean,0.03169589314105597,0.1335497297646318,0.9633333333333334,0.725,0.8511819484240688,0.0,0.0,3.1007472104634497e-32,0.012583310252175949,0.9424422919634763,0.062314451393317094,0.06933333333333333,0.083
main_shift,medium_cross,left_light,right_medium,11,1000,3000,oracle_intrinsic,0.03133063333333333,0.13229086428157968,0.9633333333333334,0.725,0.8511819484240688,0.0,0.0,4.025193583769323e-32,0.010616666666666668,0.9548091414762373,0.06237,0.06933333333333333,0.083
main_shift,medium_cross,left_light,right_medium,12,1000,3000,conserved_quotient,0.030975394239134715,0.12879762658335372,0.9636666666666667,0.756152125279642,0.8857370699475963,0.0,0.0,9.244463733058732e-33,0.008475994846656622,1.00485357030088,0.06895944949236932,0.076,0.09233333333333334
main_shift,medium_cross,left_light,right_medium,12,1000,3000,caq_strong_shrinkage,0.03123336702661501,0.12951440081113896,0.9636666666666667,0.756152125279642,0.8857370699475963,0.0,0.0,6.162975822039155e-33,0.011494278868028385,1.040934079721836,0.06777568021466264,0.076,0.09233333333333334
main_shift,medium_cross,left_light,right_medium,12,1000,3000,object_only,0.08637603831988054,0.3234366317346595,0.924,0.0,0.5750313283208021,0.0,1.0,2.407412430484045e-34,0.12121710636124153,0.35339076336533437,0.1972171063612415,0.076,0.09233333333333334
main_shift,medium_cross,left_light,right_medium,12,1000,3000,access_only,0.03665022209503988,0.1413219002556495,0.9523333333333334,0.7168316831683168,0.8796122250069619,0.0,0.0,1.8488927466117464e-32,0.01182118279569893,1.084180652959772,0.06417881720430108,0.076,0.09233333333333334
main_shift,medium_cross,left_light,right_medium,12,1000,3000,context_table,0.09108516407744516,0.49377489498420596,0.9,0.0625,0.4792362851573378,0.029012118986412046,0.9406392694063926,0.014364657417316502,0.1361736744080411,-0.06689822262088543,0.15767234977035996,0.076,0.09233333333333334
main_shift,medium_cross,left_light,right_medium,12,1000,3000,monolithic_logistic,0.03456391886281522,0.14959590884100726,0.9566666666666667,0.6666666666666666,0.8658926356294777,0.0,0.2602739726027397,0.003720701512789548,0.02358761323052242,1.2895233246122966,0.052412386769477584,0.076,0.09233333333333334
main_shift,medium_cross,left_light,right_medium,12,1000,3000,interaction_logistic,0.03512605868496076,0.14794317983429955,0.9556666666666667,0.6490765171503958,0.8775537328168908,0.0,0.3105022831050228,0.008870463788944441,0.024289396621114064,1.2243903273807033,0.05209286292712082,0.076,0.09233333333333334
main_shift,medium_cross,left_light,right_medium,12,1000,3000,oracle_gate_class_mean,0.03095944157936195,0.12876452033225871,0.9636666666666667,0.756152125279642,0.8857370699475963,0.0,0.0,2.484449628259534e-32,0.00832963957189765,0.9962352409515846,0.06924256886482694,0.076,0.09233333333333334
main_shift,medium_cross,left_light,right_medium,12,1000,3000,oracle_intrinsic,0.031019966666666666,0.12903448512284582,0.9636666666666667,0.756152125279642,0.8857370699475963,0.0,0.0,1.560003254953661e-32,0.009289999999999993,0.9779515525434577,0.06923,0.076,0.09233333333333334
main_shift,medium_cross,left_light,right_medium,13,1000,3000,conserved_quotient,0.0327246201432496,0.13892370959782158,0.9626666666666667,0.7723577235772358,0.8961361875844599,0.0,0.0,3.389636702121535e-32,0.011285389228954825,1.0007095786126623,0.07655472151489354,0.086,0.10333333333333333
main_shift,medium_cross,left_light,right_medium,13,1000,3000,caq_strong_shrinkage,0.03317505193005094,0.1404649710064607,0.9626666666666667,0.7723577235772358,0.8961361875844599,0.0,0.0,1.8488927466117464e-32,0.01478508618038077,1.0243331780748022,0.07668261407801717,0.086,0.10333333333333333
main_shift,medium_cross,left_light,right_medium,13,1000,3000,object_only,0.09226479778413735,0.33587727117178806,0.914,0.0,0.5993079232609028,0.0,1.0,3.0935249731719976e-33,0.10880061154082196,0.3344596012967243,0.19480061154082193,0.086,0.10333333333333333
main_shift,medium_cross,left_light,right_medium,13,1000,3000,access_only,0.04098166215245717,0.15809693688635063,0.9466666666666667,0.7183098591549296,0.888186351839601,0.0,0.0,3.0814879110195774e-33,0.009232163742690069,0.9873863562622653,0.07676783625730994,0.086,0.10333333333333333
main_shift,medium_cross,left_light,right_medium,13,1000,3000,context_table,0.09674554767877525,0.5421816131952597,0.9106666666666666,0.021897810218978103,0.4775400177542562,0.0044609665427509295,0.9829059829059829,0.010564428924306014,0.11568111556010377,0.008675768237432725,0.15578764910732656,0.086,0.10333333333333333
main_shift,medium_cross,left_light,right_medium,13,1000,3000,monolithic_logistic,0.03737029498019592,0.17726480639198486,0.9523333333333334,0.6697459584295612,0.8871162903782109,0.0,0.25213675213675213,0.009957418234343507,0.03279387222205789,1.2530446465907203,0.05346494880002002,0.086,0.10333333333333333
main_shift,medium_cross,left_light,right_medium,13,1000,3000,interaction_logistic,0.04128669465515008,0.18703756350263553,0.9426666666666667,0.5497382198952879,0.8858384362684398,0.0,0.4700854700854701,0.009550600552160315,0.038409258796327395,1.2041433103235222,0.047590741203672605,0.086,0.10333333333333333
main_shift,medium_cross,left_light,right_medium,13,1000,3000,oracle_gate_class_mean,0.03270252389959098,0.13879186060420567,0.9626666666666667,0.7723577235772358,0.8961361875844599,0.0,0.0,6.355568816477878e-33,0.010710135697635698,0.9939566426754468,0.07652063353313354,0.086,0.10333333333333333
main_shift,medium_cross,left_light,right_medium,13,1000,3000,oracle_intrinsic,0.03278486666666666,0.1391425292950683,0.9626666666666667,0.7723577235772358,0.8961361875844599,0.0,0.0,5.546678239835239e-32,0.012059999999999989,1.027466621565187,0.07393999999999999,0.086,0.10333333333333333
main_shift,medium_cross,left_light,right_medium,14,1000,3000,conserved_quotient,0.032244247258089255,0.13177506331477784,0.9613333333333334,0.7622950819672131,0.8822257150149787,0.0,0.0,6.162975822039155e-33,0.008655400318320556,0.9622215173735781,0.07598486357837204,0.081,0.10633333333333334
main_shift,medium_cross,left_light,right_medium,14,1000,3000,caq_strong_shrinkage,0.03230800702947139,0.13189376721228063,0.9613333333333334,0.7622950819672131,0.8822257150149787,0.0,0.0,5.257788748177154e-32,0.008739687583725335,0.9928462405550282,0.07625394811971428,0.081,0.10633333333333334
main_shift,medium_cross,left_light,right_medium,14,1000,3000,object_only,0.09128651270305843,0.33015896098686875,0.919,0.0,0.5981079213255894,0.0,1.0,3.277090170996406e-33,0.11296966562228686,0.2948239975787634,0.19287927014206085,0.081,0.10633333333333334
main_shift,medium_cross,left_light,right_medium,14,1000,3000,access_only,0.03983995485305732,0.14851909785576622,0.9446666666666667,0.7046263345195729,0.8718936161002819,0.0,0.0,9.244463733058732e-33,0.007371975308641976,0.9693549553707477,0.07624530864197532,0.081,0.10633333333333334
main_shift,medium_cross,left_light,right_medium,14,1000,3000,context_table,0.09636354181747035,0.5886739813676863,0.9126666666666666,0.022388059701492536,0.4256609811762353,0.008205893323386795,0.9877551020408163,0.013719217334725104,0.12340785532905074,-0.0858345017235933,0.140721299102134,0.081,0.10633333333333334
main_shift,medium_cross,left_light,right_medium,14,1000,3000,monolithic_logistic,0.032636678679469344,0.1550215949378159,0.9613333333333334,0.7478260869565218,0.8891814475984064,0.0,0.11428571428571428,0.0038696299738142713,0.015431142954238692,1.0540556592809245,0.06556885704576132,0.081,0.10633333333333334
main_shift,medium_cross,left_light,right_medium,14,1000,3000,interaction_logistic,0.03273981503127793,0.15014878294814282,0.962,0.7543103448275862,0.8936325193932093,0.0,0.09795918367346938,0.005389599474941886,0.0202368190738082,1.079224303050875,0.061931471962314744,0.081,0.10633333333333334
main_shift,medium_cross,left_light,right_medium,14,1000,3000,oracle_gate_class_mean,0.03232815895062742,0.13220412859184236,0.9613333333333334,0.7622950819672131,0.8822257150149787,0.0,0.0,2.7781539447785877e-32,0.009725578379953371,0.9538241267370744,0.07591173222610723,0.081,0.10633333333333334
main_shift,medium_cross,left_light,right_medium,14,1000,3000,oracle_intrinsic,0.03223963333333333,0.13165676549276648,0.9613333333333334,0.7622950819672131,0.8822257150149787,0.0,0.0,3.697785493223493e-32,0.008069999999999997,0.969272802694806,0.07638333333333333,0.081,0.10633333333333334
main_shift,medium_cross,left_light,right_medium,15,1000,3000,conserved_quotient,0.02733581879025825,0.1137248214029007,0.967,0.7455012853470437,0.9013799666904592,0.0,0.0,1.0014835710813626e-32,0.007254822924563614,0.9781629754746891,0.06368541332497496,0.066,0.09
main_shift,medium_cross,left_light,right_medium,15,1000,3000,caq_strong_shrinkage,0.027635974816568595,0.11463245639315293,0.967,0.7455012853470437,0.9013799666904592,0.0,0.0,4.0059342843254506e-32,0.010679916469295987,1.0031973556968923,0.06370820949312885,0.066,0.09
main_shift,medium_cross,left_light,right_medium,15,1000,3000,object_only,0.085862585448827,0.3227476207510078,0.934,0.0,0.6003395842796271,0.0,1.0,1.9740781929969167e-33,0.14106320097433708,0.2000032284349035,0.20706320097433706,0.066,0.09
main_shift,medium_cross,left_light,right_medium,15,1000,3000,access_only,0.03469622510705605,0.12999602591825518,0.95,0.6794871794871795,0.8905705881080613,0.0,0.0,8.628166150854817e-32,0.00652111801242237,0.9450517020238135,0.06472111801242236,0.066,0.09
main_shift,medium_cross,left_light,right_medium,15,1000,3000,context_table,0.09104776435794266,0.5297538072656703,0.9216666666666666,0.05622489959839357,0.44189215495425344,0.01684981684981685,0.9738219895287958,0.022064363633055258,0.1532813410683631,-0.0612399896124112,0.16592285911109472,0.066,0.09
main_shift,medium_cross,left_light,right_medium,15,1000,3000,monolithic_logistic,0.02915380348626266,0.13583377769789778,0.9643333333333334,0.7002801120448179,0.8860500075703501,0.0,0.16753926701570682,0.004462618549597907,0.020571383426105164,1.2233346434704824,0.045428616573894826,0.066,0.09
main_shift,medium_cross,left_light,right_medium,15,1000,3000,interaction_logistic,0.030273540131333626,0.13827241287673772,0.9556666666666667,0.5882352941176471,0.8815150073180051,0.0,0.34554973821989526,0.005378536755536051,0.023155092699124507,1.1134610944084702,0.04463881632368704,0.066,0.09
main_shift,medium_cross,left_light,right_medium,15,1000,3000,oracle_gate_class_mean,0.02732322946632816,0.11368003357977306,0.967,0.7455012853470437,0.9013799666904592,0.0,0.0,1.617781153285278e-32,0.00649381362763166,0.9720838421541964,0.06369092532819164,0.066,0.09
main_shift,medium_cross,left_light,right_medium,15,1000,3000,oracle_intrinsic,0.027412199999999998,0.11397354955809401,0.967,0.7455012853470437,0.9013799666904592,0.0,0.0,1.8488927466117464e-32,0.008253333333333324,0.9711101511709992,0.06313333333333333,0.066,0.09
main_shift,medium_cross,left_light,right_medium,16,1000,3000,conserved_quotient,0.02647774538658307,0.11208560033340384,0.969,0.7726161369193154,0.9036959193854478,0.0,0.0,3.5629703971163863e-32,0.0064747419559277675,1.0256452770980902,0.06494122556637778,0.06966666666666667,0.09566666666666666
main_shift,medium_cross,left_light,right_medium,16,1000,3000,caq_strong_shrinkage,0.026953081551220264,0.1137091151575044,0.969,0.7726161369193154,0.9036959193854478,0.0,0.0,4.3140830754274083e-32,0.01030431201217331,1.0576078418730028,0.06485039932010812,0.06966666666666667,0.09566666666666666
main_shift,medium_cross,left_light,right_medium,16,1000,3000,object_only,0.0855115318027761,0.31913885331450215,0.9303333333333333,0.0,0.5937797328734363,0.0,1.0,1.925929944387236e-34,0.13188125156313507,0.2869070545085536,0.2015479182298017,0.06966666666666667,0.09566666666666666
main_shift,medium_cross,left_light,right_medium,16,1000,3000,access_only,0.03593179598583235,0.1334965065972678,0.948,0.6854838709677419,0.8918927722224032,0.0,0.0,1.232595164407831e-32,0.004130909090909086,0.9893922489749954,0.06588424242424243,0.06966666666666667,0.09566666666666666
main_shift,medium_cross,left_light,right_medium,16,1000,3000,context_table,0.10875196624976316,0.7249780292940308,0.901,0.05714285714285714,0.45543519069325705,0.034647991153704386,0.94,0.031135065266069316,0.16021045422765023,-0.061143231117029254,0.1702142248081598,0.06966666666666667,0.09566666666666666
main_shift,medium_cross,left_light,right_medium,16,1000,3000,monolithic_logistic,0.029780094572677537,0.12724023433381265,0.9613333333333334,0.6759776536312849,0.9024256024576603,0.0,0.255,0.005272681068296108,0.01467923450789412,1.297752924346925,0.05527088395828114,0.06966666666666667,0.09566666666666666
main_shift,medium_cross,left_light,right_medium,16,1000,3000,interaction_logistic,0.03333316083675691,0.13571281763914786,0.9583333333333334,0.6418338108882522,0.9070285727020722,0.0,0.3,0.009302880151821168,0.014614338074055402,1.060206152462446,0.0606727131358642,0.06966666666666667,0.09566666666666666
main_shift,medium_cross,left_light,right_medium,16,1000,3000,oracle_gate_class_mean,0.026431820136379267,0.11188532022161408,0.969,0.7726161369193154,0.9036959193854478,0.0,0.0,2.850376317693109e-32,0.0056718627450980455,1.0173903997444576,0.06497519607843137,0.06966666666666667,0.09566666666666666
main_shift,medium_cross,left_light,right_medium,16,1000,3000,oracle_intrinsic,0.0264315,0.11184783921156546,0.969,0.7726161369193154,0.9036959193854478,0.0,0.0,4.3140830754274083e-32,0.005943333333333324,0.9998274923348744,0.06616333333333332,0.06966666666666667,0.09566666666666666
main_shift,medium_cross,left_light,right_medium,17,1000,3000,conserved_quotient,0.03123029939658856,0.13037882299044617,0.9633333333333334,0.7533632286995515,0.8942471898261392,0.0,0.0,1.5407439555097887e-32,0.012731042949959498,1.0295112767978838,0.06936443043204264,0.07766666666666666,0.09533333333333334
main_shift,medium_cross,left_light,right_medium,17,1000,3000,caq_strong_shrinkage,0.031734818397993345,0.13181507223805303,0.9633333333333334,0.7533632286995515,0.8942471898261392,0.0,0.0,1.5407439555097887e-32,0.013452936436496952,1.0444694651536108,0.06935198579293758,0.07766666666666666,0.09533333333333334
main_shift,medium_cross,left_light,right_medium,17,1000,3000,object_only,0.0915805261158896,0.3362831069209917,0.9223333333333333,0.0,0.5678156569377597,0.0,1.0,9.62964972193618e-34,0.12693117371323923,0.2112923138802307,0.20459784037990592,0.07766666666666666,0.09533333333333334
main_shift,medium_cross,left_light,right_medium,17,1000,3000,access_only,0.037568586001648,0.14456583719051053,0.9503333333333334,0.7129094412331407,0.8842737288490502,0.0,0.0,9.244463733058732e-33,0.008359130434782633,1.0113486119879072,0.06930753623188407,0.07766666666666666,0.09533333333333334
main_shift,medium_cross,left_light,right_medium,17,1000,3000,context_table,0.09299703104461136,0.5009886625793183,0.912,0.0364963503649635,0.49606412795810834,0.013264554163596167,0.9906103286384976,0.015363546001922867,0.14174702718046467,-0.06084079225703285,0.16486373829157575,0.07766666666666666,0.09533333333333334
main_shift,medium_cross,left_light,right_medium,17,1000,3000,monolithic_logistic,0.03271742319186818,0.1419397800631085,0.963,0.7494356659142212,0.8746368527914058,0.0,0.014084507042253521,0.000979689786386789,0.011971892398344267,1.1432802098939547,0.06812231980571003,0.07766666666666666,0.09533333333333334
main_shift,medium_cross,left_light,right_medium,17,1000,3000,interaction_logistic,0.032431708109367144,0.13428279672323823,0.9553333333333334,0.665,0.8829041229326008,0.0,0.215962441314554,0.004169854523090166,0.016056054485695494,1.135507680198606,0.06165114305641222,0.07766666666666666,0.09533333333333334
main_shift,medium_cross,left_light,right_medium,17,1000,3000,oracle_gate_class_mean,0.031159226776873387,0.13013795240366802,0.9633333333333334,0.7533632286995515,0.8942471898261392,0.0,0.0,6.162975822039155e-33,0.01227716690716691,1.0247040202255817,0.06937050024050023,0.07766666666666666,0.09533333333333334
main_shift,medium_cross,left_light,right_medium,17,1000,3000,oracle_intrinsic,0.030927933333333334,0.1290450875357507,0.9633333333333334,0.7533632286995515,0.8942471898261392,0.0,0.0,3.389636702121535e-32,0.012013333333333327,1.0034474394678012,0.06876,0.07766666666666666,0.09533333333333334
main_shift,medium_cross,left_light,right_medium,18,1000,3000,conserved_quotient,0.026835826380107345,0.11065784130142049,0.9686666666666667,0.7577319587628866,0.8809007695906389,0.0,0.0,6.933347799794049e-33,0.009026060423007264,0.9331422139987501,0.06527454972563669,0.06366666666666666,0.09166666666666666
main_shift,medium_cross,left_light,right_medium,18,1000,3000,caq_strong_shrinkage,0.026895247677453427,0.1095544889136753,0.9686666666666667,0.7577319587628866,0.8809007695906389,0.0,0.0,1.8488927466117464e-32,0.007758273708514611,0.9671044406411888,0.06491372550147897,0.06366666666666666,0.09166666666666666
main_shift,medium_cross,left_light,right_medium,18,1000,3000,object_only,0.0814832118114703,0.3085569640572371,0.9363333333333334,0.0,0.6172027458487025,0.0,1.0,1.5888922041194696e-33,0.13892594133360556,0.31606796623372024,0.2025926080002722,0.06366666666666666,0.09166666666666666
main_shift,medium_cross,left_light,right_medium,18,1000,3000,access_only,0.033804029000500356,0.12413435151441704,0.9493333333333334,0.6738197424892703,0.8713838652498793,0.0,0.0,0.0,0.005967622080679403,0.9284531207260244,0.06513428874734607,0.06366666666666666,0.09166666666666666
main_shift,medium_cross,left_light,right_medium,18,1000,3000,context_table,0.1026898965992395,0.49298103374731744,0.8723333333333333,0.14699331848552338,0.603922694256867,0.07963302752293577,0.7918781725888325,0.02528185493699853,0.1798068809233854,0.12247220227936803,0.22497972940823388,0.06366666666666666,0.09166666666666666
main_shift,medium_cross,left_light,right_medium,18,1000,3000,monolithic_logistic,0.03099023130606246,0.13136304208433294,0.9686666666666667,0.7577319587628866,0.907485103043881,0.0,0.0,0.003381739369394693,0.033210073965630305,0.8210394073260148,0.09501304875469699,0.06366666666666666,0.09166666666666666
main_shift,medium_cross,left_light,right_medium,18,1000,3000,interaction_logistic,0.03239775406299256,0.1361092250079206,0.9633333333333334,0.7303921568627451,0.8993250937991012,0.0,0.0,0.0058987803663709225,0.03763802073622238,0.7986188336959156,0.09929803406900703,0.06366666666666666,0.09166666666666666
main_shift,medium_cross,left_light,right_medium,18,1000,3000,oracle_gate_class_mean,0.026887247277906465,0.11176988436469878,0.9686666666666667,0.7577319587628866,0.8809007695906389,0.0,0.0,6.355568816477878e-33,0.008981140819964347,0.9246748927840726,0.06537447415329768,0.06366666666666666,0.09166666666666666
main_shift,medium_cross,left_light,right_medium,18,1000,3000,oracle_intrinsic,0.026410966666666667,0.10829046889486639,0.9686666666666667,0.7577319587628866,0.8818755719741519,0.0,0.0,1.5407439555097887e-32,0.005283333333333338,0.9480512934861482,0.06438333333333333,0.06366666666666666,0.09166666666666666
main_shift,medium_cross,left_light,right_medium,19,1000,3000,conserved_quotient,0.03254600305541262,0.13409462006074607,0.9616666666666667,0.7404063205417607,0.8863807864063634,0.0,0.0,4.0059342843254506e-32,0.011965501250324239,0.9826150392898313,0.06650032125020419,0.07566666666666666,0.09233333333333334
main_shift,medium_cross,left_light,right_medium,19,1000,3000,caq_strong_shrinkage,0.032313356768354895,0.1332468704939497,0.9616666666666667,0.7404063205417607,0.8863807864063634,0.0,0.0,1.560003254953661e-32,0.010528527565195709,1.0191317321248379,0.06647024436462885,0.07566666666666666,0.09233333333333334
main_shift,medium_cross,left_light,right_medium,19,1000,3000,object_only,0.088917807534366,0.32976670726465146,0.9243333333333333,0.0,0.5824970491094903,0.0,1.0,3.0935249731719976e-33,0.12298587954126694,0.19366747414123964,0.19399112888509898,0.07566666666666666,0.09233333333333334
main_shift,medium_cross,left_light,right_medium,19,1000,3000,access_only,0.037390557179132033,0.14455464157738399,0.9506666666666667,0.7063492063492064,0.8788315903353768,0.0,0.0,0.0,0.010096578947368429,1.0378210728433555,0.06557008771929823,0.07566666666666666,0.09233333333333334
main_shift,medium_cross,left_light,right_medium,19,1000,3000,context_table,0.10153670929403681,0.48508864123556394,0.873,0.14382022471910114,0.5360072187598793,0.06536907822254866,0.8148148148148148,0.023794458557632858,0.13597154979762544,0.09399042531359009,0.18613246160864905,0.07566666666666666,0.09233333333333334
main_shift,medium_cross,left_light,right_medium,19,1000,3000,monolithic_logistic,0.03364401908697522,0.16398220259292856,0.9576666666666667,0.702576112412178,0.8725930185822699,0.0,0.07407407407407407,0.007324083760065568,0.01837998672081483,0.9682690472523849,0.06355561437660424,0.07566666666666666,0.09233333333333334
main_shift,medium_cross,left_light,right_medium,19,1000,3000,interaction_logistic,0.035235850240048015,0.16982358352540186,0.9573333333333334,0.69377990430622,0.878505920050328,0.0,0.11574074074074074,0.008942975473357886,0.02540101447063684,0.8885979030192,0.06682336174909871,0.07566666666666666,0.09233333333333334
main_shift,medium_cross,left_light,right_medium,19,1000,3000,oracle_gate_class_mean,0.032667097921590844,0.13469516364113293,0.9616666666666667,0.7404063205417607,0.8863807864063634,0.0,0.0,4.3333423748712807e-32,0.01277467916750905,0.9678422207864738,0.06649880568097581,0.07566666666666666,0.09233333333333334
main_shift,medium_cross,left_light,right_medium,19,1000,3000,oracle_intrinsic,0.03242596666666667,0.13357675850773124,0.9616666666666667,0.7404063205417607,0.8863807864063634,0.0,0.0,6.798532703686943e-32,0.011043333333333356,0.9627153356119991,0.06861,0.07566666666666666,0.09233333333333334
main_shift,severe_cross,left_light,right_heavy,0,1000,3000,conserved_quotient,0.01812165819237149,0.08942581343872961,0.9803333333333333,0.5426356589147286,0.7001664525775367,0.0,0.0,6.162975822039155e-33,0.006586745645353242,0.9421055492252318,0.02282044033322514,0.027666666666666666,0.019333333333333334
main_shift,severe_cross,left_light,right_heavy,0,1000,3000,caq_strong_shrinkage,0.01814935572965286,0.08958285274460648,0.9803333333333333,0.5426356589147286,0.7001664525775367,0.0,0.0,9.437056727497456e-33,0.0069692252272933325,0.9684554812612663,0.022787621851765905,0.027666666666666666,0.019333333333333334
main_shift,severe_cross,left_light,right_heavy,0,1000,3000,object_only,0.06938900388182818,0.2819301554981326,0.9723333333333334,0.0,0.5763802553374279,0.0,1.0,1.5407439555097887e-33,0.18406212090776236,0.05965022890857244,0.21172878757442903,0.027666666666666666,0.019333333333333334
main_shift,severe_cross,left_light,right_heavy,0,1000,3000,access_only,0.019594022442984565,0.09297838121612599,0.9776666666666667,0.524822695035461,0.6987001829739252,0.0,0.0,6.162975822039155e-33,0.005796708860759496,0.9694604138058991,0.022410042194092823,0.027666666666666666,0.019333333333333334
main_shift,severe_cross,left_light,right_heavy,0,1000,3000,context_table,0.06998489305338197,0.2975522126890389,0.952,0.0136986301369863,0.5405124095972509,0.020734194425560844,0.9565217391304348,0.00993651212240769,0.18505671522969966,0.022726085559958455,0.21272338189636636,0.027666666666666666,0.019333333333333334
main_shift,severe_cross,left_light,right_heavy,0,1000,3000,monolithic_logistic,0.024224236731979248,0.13053112319464902,0.9796666666666667,0.5343511450381679,0.6999475447212229,0.0,0.0,0.0035043825863588745,0.05265951342182991,0.7447545387386547,0.07963041814153216,0.027666666666666666,0.019333333333333334
main_shift,severe_cross,left_light,right_heavy,0,1000,3000,interaction_logistic,0.023103806443101664,0.12078824260550908,0.9803333333333333,0.5426356589147286,0.7353486623903912,0.0,0.0,0.0036798874135789356,0.049365587199734426,0.772161505051474,0.07703225386640111,0.027666666666666666,0.019333333333333334
main_shift,severe_cross,left_light,right_heavy,0,1000,3000,oracle_gate_class_mean,0.018130970076104657,0.08945764110987367,0.9803333333333333,0.5426356589147286,0.7001664525775367,0.0,0.0,3.129636159629258e-33,0.006626793166990392,0.9352660193452531,0.02282544050998556,0.027666666666666666,0.019333333333333334
main_shift,severe_cross,left_light,right_heavy,0,1000,3000,oracle_intrinsic,0.01808873333333333,0.08940189965794809,0.9803333333333333,0.5426356589147286,0.7001664525775367,0.0,0.0,6.355568816477878e-33,0.0066066666666666695,0.9684975530450387,0.02256666666666667,0.027666666666666666,0.019333333333333334
main_shift,severe_cross,left_light,right_heavy,1,1000,3000,conserved_quotient,0.01799337699139533,0.08606633448718583,0.98,0.5522388059701493,0.7522458706956726,0.0,0.0,2.465190328815662e-32,0.005310574544554006,0.9547582428829084,0.024173635981761785,0.027666666666666666,0.024333333333333332
main_shift,severe_cross,left_light,right_heavy,1,1000,3000,caq_strong_shrinkage,0.017999531445382813,0.08610504402679749,0.98,0.5522388059701493,0.7522458706956726,0.0,0.0,6.162975822039155e-33,0.005699260843209945,0.9841146777514225,0.024141838320469865,0.027666666666666666,0.024333333333333332
main_shift,severe_cross,left_light,right_heavy,1,1000,3000,object_only,0.057712794322582917,0.25400588350348213,0.9723333333333334,0.0,0.5716262375521971,0.0,1.0,1.2037062152420224e-35,0.16136613964095806,0.06402781546650213,0.1890328063076247,0.027666666666666666,0.024333333333333332
main_shift,severe_cross,left_light,right_heavy,1,1000,3000,access_only,0.0194509,0.0892256452616624,0.976,0.5384615384615384,0.7511802437724845,0.0,0.0,9.244463733058732e-33,0.004510000000000001,0.9514151686867878,0.024356666666666665,0.027666666666666666,0.024333333333333332
main_shift,severe_cross,left_light,right_heavy,1,1000,3000,context_table,0.05725623429736583,0.2708355204394366,0.9576666666666667,0.072992700729927,0.5393270029036269,0.016740690126409292,0.9019607843137255,0.010385968748226738,0.1575380052437,0.06422353792744952,0.18516935471914778,0.027666666666666666,0.024333333333333332
main_shift,severe_cross,left_light,right_heavy,1,1000,3000,monolithic_logistic,0.018753921442926775,0.09520929908745299,0.98,0.5522388059701493,0.7766148584740057,0.0,0.0,0.005289854884254068,0.014996967370771065,0.9845221305432905,0.04064743464718401,0.027666666666666666,0.024333333333333332
main_shift,severe_cross,left_light,right_heavy,1,1000,3000,interaction_logistic,0.020111468835892984,0.10046257054412143,0.9793333333333333,0.5230769230769231,0.7564753356931325,0.0,0.0784313725490196,0.005530611357563125,0.018178458548082067,0.8745547524381515,0.04402873909249056,0.027666666666666666,0.024333333333333332
main_shift,severe_cross,left_light,right_heavy,1,1000,3000,oracle_gate_class_mean,0.018007608831124743,0.08610701541154847,0.98,0.5522388059701493,0.7522458706956726,0.0,0.0,3.274080905458301e-33,0.005335384616570968,0.9468251472405252,0.02418516332863451,0.027666666666666666,0.024333333333333332
main_shift,severe_cross,left_light,right_heavy,1,1000,3000,oracle_intrinsic,0.017972899999999997,0.08608224311305963,0.98,0.5522388059701493,0.7522458706956726,0.0,0.0,1.2518544638517033e-32,0.00561,0.9202765088459466,0.02447,0.027666666666666666,0.024333333333333332
main_shift,severe_cross,left_light,right_heavy,2,1000,3000,conserved_quotient,0.015523799401778535,0.07502185929236696,0.983,0.6530612244897959,0.7728139020088308,0.0,0.0,1.2518544638517033e-32,0.0030595682734250746,1.0502741546047742,0.02594043172657493,0.029,0.025
main_shift,severe_cross,left_light,right_heavy,2,1000,3000,caq_strong_shrinkage,0.015476364539345103,0.07490918183305073,0.983,0.6530612244897959,0.7728139020088308,0.0,0.0,1.8488927466117464e-32,0.0031689421904856864,1.0849358910560223,0.025831057809514314,0.029,0.025
main_shift,severe_cross,left_light,right_heavy,2,1000,3000,object_only,0.06467720326096198,0.2732494472623379,0.971,0.0,0.5352226049694,0.0,1.0,8.185202263645752e-34,0.1762898097172208,0.06969260231070111,0.2052898097172208,0.029,0.025
main_shift,severe_cross,left_light,right_heavy,2,1000,3000,access_only,0.01654800913172125,0.07736232651686638,0.9813333333333333,0.654320987654321,0.7718116568217779,0.0,0.0,0.0,0.0035934343434343412,1.127835285514354,0.025406565656565655,0.029,0.025
main_shift,severe_cross,left_light,right_heavy,2,1000,3000,context_table,0.06558337503185994,0.30201805865070847,0.9496666666666667,0.0736196319018405,0.4838792412925017,0.02358974358974359,0.8833333333333333,0.011841808319820226,0.17916882767419381,0.022738532148580827,0.20159864917957016,0.029,0.025
main_shift,severe_cross,left_light,right_heavy,2,1000,3000,monolithic_logistic,0.017378156305222117,0.09541314095546842,0.983,0.6530612244897959,0.7941767187123911,0.0,0.0,0.0026118315967191153,0.02924419328562257,1.0725499756058896,0.05629742655735729,0.029,0.025
main_shift,severe_cross,left_light,right_heavy,2,1000,3000,interaction_logistic,0.018972352655523987,0.10443320743015226,0.983,0.6530612244897959,0.7751853561718969,0.0,0.0,0.004744896949058456,0.041160231589252146,0.9179410979795929,0.06904818900712145,0.029,0.025
main_shift,severe_cross,left_light,right_heavy,2,1000,3000,oracle_gate_class_mean,0.015547427771642242,0.0751053794170448,0.983,0.6530612244897959,0.7728139020088308,0.0,0.0,1.560003254953661e-32,0.0030342275132454227,1.042081210839436,0.02596577248675458,0.029,0.025
main_shift,severe_cross,left_light,right_heavy,2,1000,3000,oracle_intrinsic,0.015535899999999998,0.07503210697004534,0.983,0.6530612244897959,0.7728139020088308,0.0,0.0,3.0814879110195774e-33,0.0032900000000000004,1.064271620426591,0.02571,0.029,0.025
main_shift,severe_cross,left_light,right_heavy,3,1000,3000,conserved_quotient,0.015006755937747434,0.07382391527852868,0.9833333333333333,0.6527777777777778,0.7664159971258737,0.0,0.0,6.162975822039155e-33,0.005206959236739901,1.0279930945133477,0.02599388770820868,0.028,0.025666666666666667
main_shift,severe_cross,left_light,right_heavy,3,1000,3000,caq_strong_shrinkage,0.015123676555178628,0.07421313837188272,0.9833333333333333,0.6527777777777778,0.7664159971258737,0.0,0.0,1.5407439555097887e-32,0.005681173475608523,1.0704468521953285,0.025686319831710047,0.028,0.025666666666666667
main_shift,severe_cross,left_light,right_heavy,3,1000,3000,object_only,0.058373639636645845,0.2543645350230252,0.972,0.0,0.5549350055522895,0.0,1.0,1.5407439555097887e-33,0.15880932439862924,0.046879579215443286,0.18680932439862924,0.028,0.025666666666666667
main_shift,severe_cross,left_light,right_heavy,3,1000,3000,access_only,0.01715059227110582,0.07871327958874415,0.9796666666666667,0.6211180124223602,0.7641665033640342,0.0,0.0,0.0,0.0032106896551724194,1.106753091845018,0.02478931034482759,0.028,0.025666666666666667
main_shift,severe_cross,left_light,right_heavy,3,1000,3000,context_table,0.0768810303596859,0.4753861188916097,0.9483333333333334,0.049079754601226995,0.4673476386439349,0.02565856996236743,0.9333333333333333,0.024420466405863588,0.1697550742641025,-0.0021332741856013226,0.19775507426410252,0.028,0.025666666666666667
main_shift,severe_cross,left_light,right_heavy,3,1000,3000,monolithic_logistic,0.017905522638373448,0.10231144306154116,0.9833333333333333,0.6527777777777778,0.7599492128813117,0.0,0.0,0.003288245363203933,0.03163165613917421,0.9198478869612721,0.059236716257304645,0.028,0.025666666666666667
main_shift,severe_cross,left_light,right_heavy,3,1000,3000,interaction_logistic,0.01802454161234219,0.09728893517991372,0.9833333333333333,0.6527777777777778,0.7696248938532889,0.0,0.0,0.0022838089827640624,0.03160804050419132,0.862023840872575,0.05940679498477463,0.028,0.025666666666666667
main_shift,severe_cross,left_light,right_heavy,3,1000,3000,oracle_gate_class_mean,0.014996225662639619,0.07378376442771913,0.9833333333333333,0.6527777777777778,0.7664159971258737,0.0,0.0,3.129636159629258e-33,0.00518278411120084,1.017779803465349,0.026068357441310572,0.028,0.025666666666666667
main_shift,severe_cross,left_light,right_heavy,3,1000,3000,oracle_intrinsic,0.014803033333333332,0.07317026011694099,0.9833333333333333,0.6527777777777778,0.7664159971258737,0.0,0.0,3.0814879110195774e-32,0.004363333333333338,1.0084058160332736,0.026449999999999998,0.028,0.025666666666666667
main_shift,severe_cross,left_light,right_heavy,4,1000,3000,conserved_quotient,0.021250240259526237,0.10240448801002666,0.9773333333333334,0.5466666666666666,0.6946202077594124,0.0,0.0,6.162975822039155e-33,0.008145560631627597,0.9628080801218336,0.024958893964960926,0.032,0.026
main_shift,severe_cross,left_light,right_heavy,4,1000,3000,caq_strong_shrinkage,0.02132902889087583,0.10264802599138788,0.9773333333333334,0.5466666666666666,0.6946202077594124,0.0,0.0,1.560003254953661e-32,0.008740275030763052,0.9923931878084729,0.024957753138251028,0.032,0.026
main_shift,severe_cross,left_light,right_heavy,4,1000,3000,object_only,0.05936578806128157,0.2530941693950848,0.968,0.0,0.5836525769054178,0.0,1.0,1.925929944387236e-34,0.1513804704773068,0.11536197535807458,0.18338047047730674,0.032,0.026
main_shift,severe_cross,left_light,right_heavy,4,1000,3000,access_only,0.02352207499834689,0.10733819518122623,0.9713333333333334,0.5057471264367817,0.693400625573921,0.0,0.0,3.0814879110195774e-33,0.008673145539906106,0.9171852426819717,0.025486478873239436,0.032,0.026
main_shift,severe_cross,left_light,right_heavy,4,1000,3000,context_table,0.07890017047913535,0.42848270497346463,0.9246666666666666,0.06611570247933884,0.5746635387970616,0.04654346338124572,0.8518518518518519,0.042321906977750956,0.17042914665579548,0.0531746908782727,0.2024291466557955,0.032,0.026
main_shift,severe_cross,left_light,right_heavy,4,1000,3000,monolithic_logistic,0.021843338970067377,0.10791244448222699,0.9773333333333334,0.5466666666666666,0.7765294995408631,0.0,0.0,0.0023919089671376216,0.016978104364688846,0.9252884621831337,0.04850294136277252,0.032,0.026
main_shift,severe_cross,left_light,right_heavy,4,1000,3000,interaction_logistic,0.022610642059022582,0.10935523554894534,0.9773333333333334,0.5466666666666666,0.7671387167125804,0.0,0.0,0.0031686183440060027,0.021437387931178154,0.8757511111413065,0.05269760204085928,0.032,0.026
main_shift,severe_cross,left_light,right_heavy,4,1000,3000,oracle_gate_class_mean,0.02125218338009001,0.10240857473085217,0.9773333333333334,0.5466666666666666,0.6946202077594124,0.0,0.0,0.0,0.008152946422963383,0.9546936717762685,0.024966279756296714,0.032,0.026
main_shift,severe_cross,left_light,right_heavy,4,1000,3000,oracle_intrinsic,0.02132753333333333,0.10268405807736965,0.9773333333333334,0.5466666666666666,0.6946202077594124,0.0,0.0,3.0814879110195774e-33,0.008953333333333336,0.9672665410140379,0.02478,0.032,0.026
main_shift,severe_cross,left_light,right_heavy,5,1000,3000,conserved_quotient,0.014271442984971718,0.07018185941354112,0.9843333333333333,0.5765765765765766,0.7660913841895437,0.0,0.0,1.5407439555097887e-32,0.001918584835641464,0.9582486745072379,0.02152483166879383,0.022,0.019
main_shift,severe_cross,left_light,right_heavy,5,1000,3000,caq_strong_shrinkage,0.014260501157170067,0.06995549879633328,0.9843333333333333,0.5765765765765766,0.7660913841895437,0.0,0.0,1.232595164407831e-32,0.0021429086628165423,0.9779073354565263,0.021551287973492702,0.022,0.019
main_shift,severe_cross,left_light,right_heavy,5,1000,3000,object_only,0.0566422296618796,0.25086763506830295,0.978,0.0,0.500733304414286,0.0,1.0,2.407412430484045e-34,0.16938427842999285,0.027709519099476474,0.19138427842999287,0.022,0.019
main_shift,severe_cross,left_light,right_heavy,5,1000,3000,access_only,0.015140419246534885,0.07172133787744416,0.9816666666666667,0.5528455284552846,0.7647538782508108,0.0,0.0,6.162975822039155e-33,0.0014060694896851252,0.9515943292943518,0.02169273615635179,0.022,0.019
main_shift,severe_cross,left_light,right_heavy,5,1000,3000,context_table,0.06292614197703941,0.3388271258924356,0.9676666666666667,0.020202020202020204,0.5034806139100617,0.010873258579680599,0.9777777777777777,0.03523651979389488,0.1729275948356895,0.020206376780461204,0.1949275948356895,0.022,0.019
main_shift,severe_cross,left_light,right_heavy,5,1000,3000,monolithic_logistic,0.01575711536630449,0.08931698294965298,0.9813333333333333,0.40425531914893614,0.7455382041271612,0.0,0.37777777777777777,0.02115592214614853,0.0066275224703538135,1.0571069776973903,0.019057678194223375,0.022,0.019
main_shift,severe_cross,left_light,right_heavy,5,1000,3000,interaction_logistic,0.016235515424150356,0.08627148475560303,0.9796666666666667,0.3146067415730337,0.7488690586850096,0.0,0.4888888888888889,0.01905352321842069,0.007826948479846378,1.061624087625081,0.016005947057803956,0.022,0.019
main_shift,severe_cross,left_light,right_heavy,5,1000,3000,oracle_gate_class_mean,0.014284386335121444,0.07032723715913589,0.9843333333333333,0.5765765765765766,0.7660913841895437,0.0,0.0,1.5407439555097887e-32,0.0018709847198641754,0.9527831186964594,0.021519658554989624,0.022,0.019
main_shift,severe_cross,left_light,right_heavy,5,1000,3000,oracle_intrinsic,0.014218233333333333,0.06989762416263187,0.9843333333333333,0.5765765765765766,0.7660913841895437,0.0,0.0,1.925929944387236e-34,0.0015833333333333342,0.9593468979807931,0.02147,0.022,0.019
main_shift,severe_cross,left_light,right_heavy,6,1000,3000,conserved_quotient,0.013704606816851992,0.06837684255206991,0.9853333333333333,0.7027027027027027,0.8071516496821713,0.0,0.0,3.274080905458301e-33,0.0032081007579964228,1.0461846697610233,0.027492978265162137,0.028333333333333332,0.028333333333333332
main_shift,severe_cross,left_light,right_heavy,6,1000,3000,caq_strong_shrinkage,0.013950100106453301,0.06934108700272407,0.9853333333333333,0.7027027027027027,0.8071516496821713,0.0,0.0,3.851859888774472e-33,0.003557669701830912,1.074862960152101,0.027415559745776724,0.028333333333333332,0.028333333333333332
main_shift,severe_cross,left_light,right_heavy,6,1000,3000,object_only,0.057347810202086465,0.2508379281293917,0.9716666666666667,0.0,0.5764383008778126,0.0,1.0,9.750020343460382e-34,0.15866297622545836,0.11035036585071739,0.18699630955879168,0.028333333333333332,0.028333333333333332
main_shift,severe_cross,left_light,right_heavy,6,1000,3000,access_only,0.01679265648350195,0.07584615839450852,0.9793333333333333,0.6352941176470588,0.8050247200080718,0.0,0.0,3.0814879110195774e-33,0.0009582159624413156,1.0186224694220454,0.02737511737089202,0.028333333333333332,0.028333333333333332
main_shift,severe_cross,left_light,right_heavy,6,1000,3000,context_table,0.05497017657336922,0.2655411394564166,0.9706666666666667,0.022222222222222223,0.5497285844011705,0.0013722126929674098,0.9841269841269841,0.005503098356851735,0.1516967306117934,0.1307240200271508,0.18003006394512674,0.028333333333333332,0.028333333333333332
main_shift,severe_cross,left_light,right_heavy,6,1000,3000,monolithic_logistic,0.014437321784227635,0.0794440506135218,0.9853333333333333,0.7027027027027027,0.8192795883361921,0.0,0.0,0.0005237440403603153,0.014688182577347487,1.0061934845707798,0.041685162011376876,0.028333333333333332,0.028333333333333332
main_shift,severe_cross,left_light,right_heavy,6,1000,3000,interaction_logistic,0.014408903155566121,0.07725721350322305,0.9853333333333333,0.7027027027027027,0.8230451014024821,0.0,0.0,0.0009312596461516033,0.01966884553005078,1.023613692874001,0.04624668568464576,0.028333333333333332,0.028333333333333332
main_shift,severe_cross,left_light,right_heavy,6,1000,3000,oracle_gate_class_mean,0.013670713721424728,0.06818576582288827,0.9853333333333333,0.7027027027027027,0.8071516496821713,0.0,0.0,7.703719777548943e-34,0.002995592815037261,1.0383976454488666,0.02751431709487265,0.028333333333333332,0.028333333333333332
main_shift,severe_cross,left_light,right_heavy,6,1000,3000,oracle_intrinsic,0.01354103333333333,0.06817770356837012,0.9853333333333333,0.7027027027027027,0.8076036726869136,0.0,0.0,1.2518544638517033e-32,0.0024233333333333355,1.0744900228167198,0.027030000000000002,0.028333333333333332,0.028333333333333332
main_shift,severe_cross,left_light,right_heavy,7,1000,3000,conserved_quotient,0.0193839859626293,0.09141831864303941,0.9783333333333334,0.6198830409356725,0.7964547230317655,0.0,0.0,3.0814879110195774e-33,0.006019866514687364,0.9362224064840553,0.029759866514687365,0.033,0.029666666666666668
main_shift,severe_cross,left_light,right_heavy,7,1000,3000,caq_strong_shrinkage,0.019483165569522225,0.09171163645855462,0.9783333333333334,0.6198830409356725,0.7964547230317655,0.0,0.0,1.232595164407831e-32,0.008179727971385562,0.9575384941741534,0.029627330310566854,0.033,0.029666666666666668
main_shift,severe_cross,left_light,right_heavy,7,1000,3000,object_only,0.06391131322133747,0.2689276654072745,0.967,0.0,0.5348277675061542,0.0,1.0,7.703719777548943e-34,0.16239669728768483,0.08993149077882287,0.19539669728768486,0.033,0.029666666666666668
main_shift,severe_cross,left_light,right_heavy,7,1000,3000,access_only,0.021076807622858313,0.09520255864241557,0.9746666666666667,0.5957446808510638,0.7939233771705333,0.0,0.0,1.232595164407831e-32,0.0052206432748537965,0.9613831962077601,0.028960643274853804,0.033,0.029666666666666668
main_shift,severe_cross,left_light,right_heavy,7,1000,3000,context_table,0.0670957067178217,0.29783307721487606,0.9416666666666667,0.10256410256410256,0.5027002183155234,0.028169014084507043,0.8472222222222222,0.02170752303116308,0.1664784937921297,0.1161205407393943,0.19947849379212967,0.033,0.029666666666666668
main_shift,severe_cross,left_light,right_heavy,7,1000,3000,monolithic_logistic,0.01963222585388843,0.11946948851114256,0.9786666666666667,0.6190476190476191,0.7706990623226404,0.0,0.041666666666666664,0.004269178018145363,0.015202808143912687,1.0294921311275596,0.019463184976861413,0.033,0.029666666666666668
main_shift,severe_cross,left_light,right_heavy,7,1000,3000,interaction_logistic,0.021148605185439918,0.12297625012684422,0.977,0.5868263473053892,0.7670186873909728,0.0,0.05555555555555555,0.007995572331652523,0.018948057723692718,0.957618183161551,0.01992578807045212,0.033,0.029666666666666668
main_shift,severe_cross,left_light,right_heavy,7,1000,3000,oracle_gate_class_mean,0.019376850286008305,0.09138707532381202,0.9783333333333334,0.6198830409356725,0.7964547230317655,0.0,0.0,3.0814879110195774e-33,0.006049065801666456,0.9309574640038724,0.029789065801666452,0.033,0.029666666666666668
main_shift,severe_cross,left_light,right_heavy,7,1000,3000,oracle_intrinsic,0.01920023333333333,0.09078268909078778,0.9783333333333334,0.6198830409356725,0.7964547230317655,0.0,0.0,2.7733391199176196e-32,0.006603333333333336,0.9496619709482943,0.02929,0.033,0.029666666666666668
main_shift,severe_cross,left_light,right_heavy,8,1000,3000,conserved_quotient,0.013835846427759715,0.07183203813924328,0.9853333333333333,0.6271186440677966,0.7493072361493414,0.0,0.0,0.0,0.003889800315195625,1.0522038875056494,0.022514760781279685,0.024666666666666667,0.02033333333333333
main_shift,severe_cross,left_light,right_heavy,8,1000,3000,caq_strong_shrinkage,0.014112092378937185,0.07276032724362115,0.9853333333333333,0.6271186440677966,0.7493072361493414,0.0,0.0,0.0,0.004919400913341892,1.0765004549731092,0.022492394502815722,0.024666666666666667,0.02033333333333333
main_shift,severe_cross,left_light,right_heavy,8,1000,3000,object_only,0.051202738297659436,0.23555608208774068,0.9753333333333334,0.0,0.5931998300419353,0.0,1.0,3.851859888774472e-34,0.15388985112695502,0.11972378895790989,0.1785565177936217,0.024666666666666667,0.02033333333333333
main_shift,severe_cross,left_light,right_heavy,8,1000,3000,access_only,0.016633953611824168,0.07846037066526786,0.9803333333333333,0.562962962962963,0.7474829580092738,0.0,0.0,3.0814879110195774e-33,0.0022283021223470675,0.9983307946019294,0.0224383645443196,0.024666666666666667,0.02033333333333333
main_shift,severe_cross,left_light,right_heavy,8,1000,3000,context_table,0.05862258623391298,0.2751089603822112,0.9516666666666667,0.05228758169934641,0.5328600986495723,0.025518883974140864,0.9090909090909091,0.013835985105178262,0.16537364096433974,0.02175753331326247,0.18487764206131718,0.024666666666666667,0.02033333333333333
main_shift,severe_cross,left_light,right_heavy,8,1000,3000,monolithic_logistic,0.016111625684258193,0.09339939534135334,0.9853333333333333,0.6271186440677966,0.7376503297555929,0.0,0.0,0.0030819639699103066,0.027977985277125667,0.9834019904473335,0.05050351595216574,0.024666666666666667,0.02033333333333333
main_shift,severe_cross,left_light,right_heavy,8,1000,3000,interaction_logistic,0.01467478952605913,0.08263149749879277,0.9853333333333333,0.6271186440677966,0.7322052058894164,0.0,0.0,0.004364757505394979,0.01585229268725659,1.0361860808290826,0.03841998537950396,0.024666666666666667,0.02033333333333333
main_shift,severe_cross,left_light,right_heavy,8,1000,3000,oracle_gate_class_mean,0.013790911067209624,0.07164299265386219,0.9853333333333333,0.6271186440677966,0.7493072361493414,0.0,0.0,3.0814879110195774e-33,0.0036539464882943164,1.0450259467746157,0.022520412486064657,0.024666666666666667,0.02033333333333333
main_shift,severe_cross,left_light,right_heavy,8,1000,3000,oracle_intrinsic,0.013875033333333332,0.07192315718953396,0.9853333333333333,0.6271186440677966,0.7493072361493414,0.0,0.0,0.0,0.004270000000000002,1.0552856222513145,0.022383333333333335,0.024666666666666667,0.02033333333333333
main_shift,severe_cross,left_light,right_heavy,9,1000,3000,conserved_quotient,0.024123795086176653,0.1169499135815853,0.9736666666666667,0.4697986577181208,0.6581545702000349,0.0,0.0,3.274080905458301e-33,0.013078546234108878,1.027154951322328,0.022086803776863253,0.033666666666666664,0.02266666666666667
main_shift,severe_cross,left_light,right_heavy,9,1000,3000,caq_strong_shrinkage,0.024237506658666266,0.11737080756531604,0.9736666666666667,0.4697986577181208,0.6581545702000349,0.0,0.0,6.355568816477878e-33,0.013709623556347071,1.0559387428043387,0.02212891062395926,0.033666666666666664,0.02266666666666667
main_shift,severe_cross,left_light,right_heavy,9,1000,3000,object_only,0.060899296043850124,0.25933413699836866,0.9663333333333334,0.0,0.5386152275110229,0.0,1.0,4.81482486096809e-35,0.14702245774659567,0.04657695125331214,0.18068912441326235,0.033666666666666664,0.02266666666666667
main_shift,severe_cross,left_light,right_heavy,9,1000,3000,access_only,0.026267888669844353,0.12187806066479373,0.969,0.44970414201183434,0.6569079812431053,0.0,0.0,9.244463733058732e-33,0.011435283446712016,0.9629216629002081,0.022648616780045348,0.033666666666666664,0.02266666666666667
main_shift,severe_cross,left_light,right_heavy,9,1000,3000,context_table,0.05897168895475949,0.2756203450930316,0.9626666666666667,0.0,0.5211663974262207,0.0034106412005457027,1.0,0.009233150371867529,0.14226828717028292,0.04943616550511796,0.17593495383694965,0.033666666666666664,0.02266666666666667
main_shift,severe_cross,left_light,right_heavy,9,1000,3000,monolithic_logistic,0.025571692386103892,0.13434231108944314,0.9736666666666667,0.4697986577181208,0.6620855945546262,0.0,0.0,0.002720289877148811,0.010067056425372733,0.9270924471752626,0.04304056302126713,0.033666666666666664,0.02266666666666667
main_shift,severe_cross,left_light,right_heavy,9,1000,3000,interaction_logistic,0.024938838907011474,0.12120150528658591,0.974,0.43478260869565216,0.6832844374468492,0.0,0.22916666666666666,0.0035438155215922517,0.015308139499877235,1.0017593211506084,0.04819026850314159,0.033666666666666664,0.02266666666666667
main_shift,severe_cross,left_light,right_heavy,9,1000,3000,oracle_gate_class_mean,0.02411286272551734,0.11689504795613914,0.9736666666666667,0.4697986577181208,0.6581545702000349,0.0,0.0,6.162975822039155e-33,0.01309987427671971,1.0192525881692402,0.022080916683732264,0.033666666666666664,0.02266666666666667
main_shift,severe_cross,left_light,right_heavy,9,1000,3000,oracle_intrinsic,0.024201466666666668,0.11707826375966264,0.9736666666666667,0.4697986577181208,0.6581545702000349,0.0,0.0,1.925929944387236e-34,0.01312,0.9597517340670879,0.02304,0.033666666666666664,0.02266666666666667
main_shift,severe_cross,left_light,right_heavy,10,1000,3000,conserved_quotient,0.017807668734098888,0.08712765978687775,0.9803333333333333,0.549618320610687,0.7291859633985933,0.0,0.0,3.274080905458301e-33,0.006564381122850602,0.9388983460201445,0.02392281507134398,0.027,0.026333333333333334
main_shift,severe_cross,left_light,right_heavy,10,1000,3000,caq_strong_shrinkage,0.018027010211244372,0.08792377433752492,0.9803333333333333,0.549618320610687,0.7291859633985933,0.0,0.0,4.8148248609680896e-33,0.007360637097087659,0.9507618098617404,0.024234868316763084,0.027,0.026333333333333334
main_shift,severe_cross,left_light,right_heavy,10,1000,3000,object_only,0.055641068446351936,0.24413870039922814,0.973,0.0,0.5702316453715335,0.0,1.0,2.046300565911438e-34,0.1524079145932687,0.08183332457621685,0.17940791459326866,0.027,0.026333333333333334
main_shift,severe_cross,left_light,right_heavy,10,1000,3000,access_only,0.02119138681745251,0.0948533517351287,0.972,0.475,0.7268766996984423,0.0,0.0,1.5407439555097887e-32,0.008127841726618705,0.7705925864310433,0.025934508393285368,0.027,0.026333333333333334
main_shift,severe_cross,left_light,right_heavy,10,1000,3000,context_table,0.05417874557791663,0.2563064177234045,0.971,0.0,0.6156091000215701,0.0013693940431359123,0.98,0.013293260435792799,0.15151448660546923,0.12483920652203645,0.17851448660546923,0.027,0.026333333333333334
main_shift,severe_cross,left_light,right_heavy,10,1000,3000,monolithic_logistic,0.019125574091242818,0.0989321012163915,0.9803333333333333,0.549618320610687,0.7627717931474925,0.0,0.0,0.0006963523119999121,0.010914181161034514,0.7829011103816544,0.03791418116103452,0.027,0.026333333333333334
main_shift,severe_cross,left_light,right_heavy,10,1000,3000,interaction_logistic,0.019475842865937155,0.09833205885307443,0.9803333333333333,0.549618320610687,0.7512508511709152,0.0,0.0,0.001680359152667694,0.018023602594434283,0.7862680178104341,0.045023602594434275,0.027,0.026333333333333334
main_shift,severe_cross,left_light,right_heavy,10,1000,3000,oracle_gate_class_mean,0.017782353830868323,0.08699377020264853,0.9803333333333333,0.549618320610687,0.7291859633985933,0.0,0.0,6.355568816477878e-33,0.006413159771085468,0.9339483993299315,0.023856190074115772,0.027,0.026333333333333334
main_shift,severe_cross,left_light,right_heavy,10,1000,3000,oracle_intrinsic,0.01785523333333333,0.08730901892279282,0.9803333333333333,0.549618320610687,0.7291859633985933,0.0,0.0,3.274080905458301e-33,0.006676666666666669,0.9469836307803234,0.023883333333333336,0.027,0.026333333333333334
main_shift,severe_cross,left_light,right_heavy,11,1000,3000,conserved_quotient,0.019116463058872688,0.09483902159465159,0.9803333333333333,0.6242038216560509,0.7638466707753161,0.0,0.0,4.0059342843254506e-32,0.008016044014944795,1.034797196085375,0.025912844873944095,0.033,0.024
main_shift,severe_cross,left_light,right_heavy,11,1000,3000,caq_strong_shrinkage,0.019264480650607953,0.0953128682766068,0.9803333333333333,0.6242038216560509,0.7638466707753161,0.0,0.0,1.8488927466117464e-32,0.009081802335037768,1.0758523181578237,0.02559935708525209,0.033,0.024
main_shift,severe_cross,left_light,right_heavy,11,1000,3000,object_only,0.05988469058782105,0.25616026864010427,0.967,0.0,0.5621990327264371,0.0,1.0,4.622231866529366e-33,0.14992091572379745,0.0715300983841589,0.18292091572379748,0.033,0.024
main_shift,severe_cross,left_light,right_heavy,11,1000,3000,access_only,0.021379776870748296,0.1000308725212956,0.9763333333333334,0.5847953216374269,0.7625444378288225,0.0,0.0,9.244463733058732e-33,0.008668571428571432,1.134920168030608,0.02433142857142857,0.033,0.024
main_shift,severe_cross,left_light,right_heavy,11,1000,3000,context_table,0.06033242297597724,0.2825341447780835,0.9453333333333334,0.10869565217391304,0.5427734776235293,0.02663934426229508,0.8793103448275862,0.011765194640734148,0.1474274186800669,0.11098219148748747,0.18042741868006687,0.033,0.024
main_shift,severe_cross,left_light,right_heavy,11,1000,3000,monolithic_logistic,0.019521974580200826,0.10644720272957052,0.9803333333333333,0.6242038216560509,0.715159175345318,0.0,0.0,0.0010403951645375934,0.006103654663533767,1.041418861961589,0.037347173219511025,0.033,0.024
main_shift,severe_cross,left_light,right_heavy,11,1000,3000,interaction_logistic,0.01925804033242464,0.0983277547962125,0.9803333333333333,0.6242038216560509,0.711517101382665,0.0,0.0,0.0012729781417514185,0.006597254105504225,0.9984540778053225,0.037694316230882555,0.033,0.024
main_shift,severe_cross,left_light,right_heavy,11,1000,3000,oracle_gate_class_mean,0.019100774943132264,0.09477776972809365,0.9803333333333333,0.6242038216560509,0.7638466707753161,0.0,0.0,1.617781153285278e-32,0.007773722924376283,1.024808088891485,0.025985536334882976,0.033,0.024
main_shift,severe_cross,left_light,right_heavy,11,1000,3000,oracle_intrinsic,0.01905333333333333,0.09476232729040987,0.9803333333333333,0.6242038216560509,0.7638466707753161,0.0,0.0,2.484449628259534e-32,0.008226666666666669,1.013788445964696,0.026266666666666667,0.033,0.024
main_shift,severe_cross,left_light,right_heavy,12,1000,3000,conserved_quotient,0.018413888555410575,0.0905806348781942,0.9806666666666667,0.532258064516129,0.7264436560090206,0.0,0.0,1.5407439555097887e-32,0.006472816123761334,1.0295807963922603,0.021850772585916084,0.027666666666666666,0.020666666666666667
main_shift,severe_cross,left_light,right_heavy,12,1000,3000,caq_strong_shrinkage,0.01849801148106205,0.09080832346560316,0.9806666666666667,0.532258064516129,0.7264436560090206,0.0,0.0,1.617781153285278e-32,0.0072796460549344145,1.0577154329619793,0.021800856371557164,0.027666666666666666,0.020666666666666667
main_shift,severe_cross,left_light,right_heavy,12,1000,3000,object_only,0.05981947674379457,0.2621605548204106,0.9723333333333334,0.0,0.5344449446741371,0.0,1.0,9.62964972193618e-34,0.1687502934513908,0.04340112087277681,0.19641696011805743,0.027666666666666666,0.020666666666666667
main_shift,severe_cross,left_light,right_heavy,12,1000,3000,access_only,0.02009771827956989,0.09423662444234424,0.9763333333333334,0.5103448275862069,0.7248328246135037,0.0,0.0,1.5407439555097887e-32,0.005540000000000006,0.9903593076784617,0.022126666666666666,0.027666666666666666,0.020666666666666667
main_shift,severe_cross,left_light,right_heavy,12,1000,3000,context_table,0.057674805853035284,0.2778183900535441,0.9633333333333334,0.03508771929824561,0.4775082503479809,0.009530292716133424,0.926829268292683,0.011415769620865348,0.1643728424916573,-0.03515053569615588,0.18406873524528047,0.027666666666666666,0.020666666666666667
main_shift,severe_cross,left_light,right_heavy,12,1000,3000,monolithic_logistic,0.019436499729187203,0.10303015217330702,0.9786666666666667,0.42857142857142855,0.7084642994329048,0.0,0.2926829268292683,0.0029580790951467956,0.011340677163958122,1.33016409976952,0.017102223068055637,0.027666666666666666,0.020666666666666667
main_shift,severe_cross,left_light,right_heavy,12,1000,3000,interaction_logistic,0.019401526118688818,0.09844260827684521,0.9786666666666667,0.43859649122807015,0.7346878084845381,0.0,0.24390243902439024,0.008565439550389357,0.011488815288531797,1.2413515832249638,0.016601506171552864,0.027666666666666666,0.020666666666666667
main_shift,severe_cross,left_light,right_heavy,12,1000,3000,oracle_gate_class_mean,0.018406040149615426,0.09056058807328699,0.9806666666666667,0.532258064516129,0.7264436560090206,0.0,0.0,1.560003254953661e-32,0.006432129232774396,1.022087583388978,0.021867280747925908,0.027666666666666666,0.020666666666666667
main_shift,severe_cross,left_light,right_heavy,12,1000,3000,oracle_intrinsic,0.018384466666666665,0.09053039012812644,0.9806666666666667,0.532258064516129,0.7264436560090206,0.0,0.0,6.355568816477878e-33,0.006440000000000001,1.0101791827228737,0.02165333333333333,0.027666666666666666,0.020666666666666667
main_shift,severe_cross,left_light,right_heavy,13,1000,3000,conserved_quotient,0.018424561027678383,0.0884706075221217,0.9796666666666667,0.5343511450381679,0.6993921232876712,0.0,0.0,3.0814879110195774e-33,0.006795084280689946,0.8574130734887933,0.02434841761402328,0.02666666666666667,0.022333333333333334
main_shift,severe_cross,left_light,right_heavy,13,1000,3000,caq_strong_shrinkage,0.018479556958032054,0.08855741779304346,0.9796666666666667,0.5343511450381679,0.6993921232876712,0.0,0.0,1.5407439555097887e-32,0.006838255060708935,0.8719358443189648,0.02439158839404227,0.02666666666666667,0.022333333333333334
main_shift,severe_cross,left_light,right_heavy,13,1000,3000,object_only,0.058302445588575495,0.25335104095672,0.9733333333333334,0.0,0.5446832191780822,0.0,1.0,0.0,0.1657028281934769,0.1260764798013313,0.19236949486014362,0.02666666666666667,0.022333333333333334
main_shift,severe_cross,left_light,right_heavy,13,1000,3000,access_only,0.019907921586129064,0.09156150683612323,0.9756666666666667,0.5034013605442177,0.6981078767123288,0.0,0.0,6.162975822039155e-33,0.006877134502923977,0.8319834047450305,0.024430467836257307,0.02666666666666667,0.022333333333333334
main_shift,severe_cross,left_light,right_heavy,13,1000,3000,context_table,0.05612797900008669,0.27977045216234536,0.9726666666666667,0.023809523809523808,0.46216609589041097,0.0010228435049437436,0.9803921568627451,0.01288199814144404,0.156046774472756,0.05803937104747602,0.1821737585997401,0.02666666666666667,0.022333333333333334
main_shift,severe_cross,left_light,right_heavy,13,1000,3000,monolithic_logistic,0.018640902488036935,0.11344752815655519,0.9796666666666667,0.44036697247706424,0.723416095890411,0.0,0.43137254901960786,0.0096249551624004,0.014942014626362908,1.2124262760315618,0.012196119894021853,0.02666666666666667,0.022333333333333334
main_shift,severe_cross,left_light,right_heavy,13,1000,3000,interaction_logistic,0.01959508844449331,0.11936218384026492,0.9776666666666667,0.32323232323232326,0.7064640410958904,0.0,0.6274509803921569,0.0076895159657238985,0.017692883646480702,1.2158051734043442,0.009825922471642401,0.02666666666666667,0.022333333333333334
main_shift,severe_cross,left_light,right_heavy,13,1000,3000,oracle_gate_class_mean,0.018428189681087205,0.08850625352085865,0.9796666666666667,0.5343511450381679,0.6993921232876712,0.0,0.0,1.5407439555097887e-32,0.006783627206127209,0.8530224197709134,0.02433696053946054,0.02666666666666667,0.022333333333333334
main_shift,severe_cross,left_light,right_heavy,13,1000,3000,oracle_intrinsic,0.018326166666666664,0.08817706757399221,0.9796666666666667,0.5343511450381679,0.6993921232876712,0.0,0.0,3.0814879110195774e-33,0.0062166666666666655,0.8836350125295089,0.02377,0.02666666666666667,0.022333333333333334
main_shift,severe_cross,left_light,right_heavy,14,1000,3000,conserved_quotient,0.01848960729833701,0.08977212696229936,0.9803333333333333,0.593103448275862,0.7431045516983017,0.0,0.0,1.560003254953661e-32,0.007170193475810642,0.9802299273045532,0.024821870081222188,0.029333333333333333,0.026
main_shift,severe_cross,left_light,right_heavy,14,1000,3000,caq_strong_shrinkage,0.0186311006446131,0.09021086674802577,0.9803333333333333,0.593103448275862,0.7431045516983017,0.0,0.0,3.274080905458301e-33,0.007469127150049443,0.9925989773392884,0.02514351547777111,0.029333333333333333,0.026
main_shift,severe_cross,left_light,right_heavy,14,1000,3000,object_only,0.06518816155263724,0.26861966835402407,0.9706666666666667,0.0,0.5103139048451548,0.0,1.0,1.5437532210478937e-33,0.16394851300856525,0.03261147012720024,0.19328184634189854,0.029333333333333333,0.026
main_shift,severe_cross,left_light,right_heavy,14,1000,3000,access_only,0.02098730193744402,0.09525139574538499,0.974,0.5301204819277109,0.7407553384115884,0.0,0.0,3.0814879110195774e-33,0.006717912457912455,0.881295910272287,0.026197912457912455,0.029333333333333333,0.026
main_shift,severe_cross,left_light,right_heavy,14,1000,3000,context_table,0.0598270455162563,0.29772659986297106,0.9696666666666667,0.0,0.42790022477522477,0.001026694045174538,1.0,0.009675928223603768,0.14699900643368283,-0.06713517116832714,0.17633233976701618,0.029333333333333333,0.026
main_shift,severe_cross,left_light,right_heavy,14,1000,3000,monolithic_logistic,0.018888737677566242,0.11347894266864587,0.978,0.5147058823529411,0.7201431381118881,0.0,0.15789473684210525,0.00295219641176053,0.011492556775427628,1.0752426816785057,0.019029666326948497,0.029333333333333333,0.026
main_shift,severe_cross,left_light,right_heavy,14,1000,3000,interaction_logistic,0.018972757320674175,0.10827914752636288,0.978,0.5147058823529411,0.713934502997003,0.0,0.15789473684210525,0.00350435451027852,0.01286804341909761,1.0895778781027508,0.017158572597520884,0.029333333333333333,0.026
main_shift,severe_cross,left_light,right_heavy,14,1000,3000,oracle_gate_class_mean,0.018481409852986644,0.08974013093149664,0.9803333333333333,0.593103448275862,0.7431045516983017,0.0,0.0,3.129636159629258e-33,0.00709859994172494,0.9754011450917836,0.024745266608391606,0.029333333333333333,0.026
main_shift,severe_cross,left_light,right_heavy,14,1000,3000,oracle_intrinsic,0.01845113333333333,0.089723146306969,0.9803333333333333,0.593103448275862,0.7431045516983017,0.0,0.0,3.274080905458301e-33,0.006826666666666666,0.9804308891698273,0.025079999999999998,0.029333333333333333,0.026
main_shift,severe_cross,left_light,right_heavy,15,1000,3000,conserved_quotient,0.02418121553792192,0.11744086845330012,0.9743333333333334,0.5649717514124294,0.7173617225646362,0.0,0.0,1.617781153285278e-32,0.012985921159835693,1.06675864128589,0.026297239640716414,0.039,0.025
main_shift,severe_cross,left_light,right_heavy,15,1000,3000,caq_strong_shrinkage,0.024278742764333894,0.11779830495073733,0.9743333333333334,0.5649717514124294,0.7173617225646362,0.0,0.0,1.232595164407831e-32,0.01315291376840381,1.1025688014475772,0.026057956764287116,0.039,0.025
main_shift,severe_cross,left_light,right_heavy,15,1000,3000,object_only,0.072784450365215,0.2936927391564026,0.961,0.0,0.5545120082060769,0.0,1.0,4.670380115139047e-33,0.170163059631976,0.05587479755764712,0.209163059631976,0.039,0.025
main_shift,severe_cross,left_light,right_heavy,15,1000,3000,access_only,0.025977536649820606,0.12169560561595268,0.972,0.5625,0.7163774676781961,0.0,0.0,0.0,0.013799689440993785,1.1487619541557632,0.025200310559006213,0.039,0.025
main_shift,severe_cross,left_light,right_heavy,15,1000,3000,context_table,0.06987644194545946,0.3312802782738128,0.9593333333333334,0.0,0.5075108727554097,0.0017094017094017094,1.0,0.008225932224886994,0.1680728167450567,-0.05875122699038344,0.19513719787713216,0.039,0.025
main_shift,severe_cross,left_light,right_heavy,15,1000,3000,monolithic_logistic,0.025745070003334015,0.15159452975440624,0.9733333333333334,0.5,0.720788826928265,0.0,0.2833333333333333,0.0038781565018763953,0.023747607190007843,1.3959647382651237,0.015252392809992158,0.039,0.025
main_shift,severe_cross,left_light,right_heavy,15,1000,3000,interaction_logistic,0.025907750488401382,0.15455367330451772,0.969,0.39215686274509803,0.7101695467980588,0.0,0.4,0.004147177655580005,0.02381211248775365,1.2191657545907375,0.015187887512246354,0.039,0.025
main_shift,severe_cross,left_light,right_heavy,15,1000,3000,oracle_gate_class_mean,0.024172057903342665,0.11739373240093372,0.9743333333333334,0.5649717514124294,0.7173617225646362,0.0,0.0,6.162975822039155e-33,0.012945147699551521,1.0582873895912295,0.026353702875161124,0.039,0.025
main_shift,severe_cross,left_light,right_heavy,15,1000,3000,oracle_intrinsic,0.024198033333333334,0.11743333421740061,0.9743333333333334,0.5649717514124294,0.7173617225646362,0.0,0.0,3.0814879110195774e-32,0.013050000000000003,1.0530557735059687,0.026310000000000004,0.039,0.025
main_shift,severe_cross,left_light,right_heavy,16,1000,3000,conserved_quotient,0.01786542221320376,0.08632074293884685,0.98,0.53125,0.7262671232876712,0.0,0.0,9.437056727497456e-33,0.005582405935788745,0.9536508641299251,0.022978567425371285,0.02666666666666667,0.023333333333333334
main_shift,severe_cross,left_light,right_heavy,16,1000,3000,caq_strong_shrinkage,0.01790259117915556,0.08648468377385395,0.98,0.53125,0.7262671232876712,0.0,0.0,3.274080905458301e-33,0.0058949871590391525,0.979328743337277,0.02302865564109473,0.02666666666666667,0.023333333333333334
main_shift,severe_cross,left_light,right_heavy,16,1000,3000,object_only,0.06368558613381915,0.26976064837472735,0.9733333333333334,0.0,0.4887114726027397,0.0,1.0,3.851859888774472e-33,0.17400743285804687,0.01782932215603163,0.20067409952471357,0.02666666666666667,0.023333333333333334
main_shift,severe_cross,left_light,right_heavy,16,1000,3000,access_only,0.019669545848091302,0.09036099638763818,0.9753333333333334,0.5066666666666667,0.7247945205479452,0.0,0.0,3.0814879110195774e-32,0.00543030303030303,0.9047631332545222,0.02363030303030303,0.02666666666666667,0.023333333333333334
main_shift,severe_cross,left_light,right_heavy,16,1000,3000,context_table,0.06780787396057772,0.3815470203854608,0.9633333333333334,0.03508771929824561,0.42210616438356163,0.010238907849829351,0.9166666666666666,0.037842621726211854,0.17702436156710288,-0.04699574009039417,0.1918134152051381,0.02666666666666667,0.023333333333333334
main_shift,severe_cross,left_light,right_heavy,16,1000,3000,monolithic_logistic,0.018604077029769427,0.1001130496328855,0.979,0.42201834862385323,0.7176284246575343,0.0,0.3958333333333333,0.005370599305585471,0.006111794339471083,1.2524827288486367,0.020554872327195585,0.02666666666666667,0.023333333333333334
main_shift,severe_cross,left_light,right_heavy,16,1000,3000,interaction_logistic,0.019773126118068182,0.09988175309612517,0.978,0.43103448275862066,0.7491952054794521,0.0,0.25,0.010668363451632178,0.005041425983735002,0.9468512734415437,0.02724203952572818,0.02666666666666667,0.023333333333333334
main_shift,severe_cross,left_light,right_heavy,16,1000,3000,oracle_gate_class_mean,0.01787110282712188,0.08632789982312201,0.98,0.53125,0.7262671232876712,0.0,0.0,1.8681520460556188e-32,0.005675198980552703,0.9467774052118849,0.02297087945081985,0.02666666666666667,0.023333333333333334
main_shift,severe_cross,left_light,right_heavy,16,1000,3000,oracle_intrinsic,0.017893399999999997,0.08636480093589433,0.98,0.53125,0.7262671232876712,0.0,0.0,6.355568816477878e-33,0.005713333333333333,0.9298041319855105,0.02326,0.02666666666666667,0.023333333333333334
main_shift,severe_cross,left_light,right_heavy,17,1000,3000,conserved_quotient,0.01918483054498455,0.09215392738715181,0.979,0.5987261146496815,0.755462343398027,0.0,0.0,3.0814879110195774e-32,0.007798465656985989,0.9666538360721967,0.026868474681777627,0.031,0.026
main_shift,severe_cross,left_light,right_heavy,17,1000,3000,caq_strong_shrinkage,0.01937237918496364,0.09264316634518381,0.979,0.5987261146496815,0.755462343398027,0.0,0.0,6.933347799794049e-33,0.007480872090057287,0.9759417510619728,0.026766081373527435,0.031,0.026
main_shift,severe_cross,left_light,right_heavy,17,1000,3000,object_only,0.06608450696598349,0.2767401016088996,0.969,0.0,0.5528886521595999,0.0,1.0,1.7333369499485123e-33,0.17463772355921026,0.06834754420868373,0.20563772355921026,0.031,0.026
main_shift,severe_cross,left_light,right_heavy,17,1000,3000,access_only,0.0209585167660317,0.09605460188260863,0.975,0.5614035087719298,0.7537053682065167,0.0,0.0,1.8488927466117464e-32,0.005694782608695648,0.9644388861211345,0.02617478260869565,0.031,0.026
main_shift,severe_cross,left_light,right_heavy,17,1000,3000,context_table,0.061720449085512295,0.29401875601969324,0.9676666666666667,0.039603960396039604,0.4909284596690968,0.002053388090349076,0.96875,0.008599190066781765,0.16786756205301956,-0.02293208363476095,0.18888509538635284,0.031,0.026
main_shift,severe_cross,left_light,right_heavy,17,1000,3000,monolithic_logistic,0.019381452184867712,0.0993844686651736,0.9796666666666667,0.6064516129032258,0.7196015550155168,0.0,0.03125,0.0012245362169564446,0.004608712625813381,1.070361396837144,0.028560798204761293,0.031,0.026
main_shift,severe_cross,left_light,right_heavy,17,1000,3000,interaction_logistic,0.019350873881510453,0.09393166812345896,0.9776666666666667,0.524822695035461,0.761602509330463,0.0,0.25,0.0031610865964114333,0.008203623761203786,1.1713931796102925,0.023551692268758327,0.031,0.026
main_shift,severe_cross,left_light,right_heavy,17,1000,3000,oracle_gate_class_mean,0.019151037852447372,0.09205540133411728,0.979,0.5987261146496815,0.755462343398027,0.0,0.0,1.8488927466117464e-32,0.007744126984126982,0.9636678066747977,0.026890793650793648,0.031,0.026
main_shift,severe_cross,left_light,right_heavy,17,1000,3000,oracle_intrinsic,0.0189686,0.09140037859798873,0.979,0.5987261146496815,0.755462343398027,0.0,0.0,3.274080905458301e-33,0.007046666666666667,0.9612222650408765,0.026726666666666666,0.031,0.026
main_shift,severe_cross,left_light,right_heavy,18,1000,3000,conserved_quotient,0.018245075646269673,0.090915445830677,0.981,0.5777777777777777,0.7087925313004328,0.0,0.0,5.238529448733282e-32,0.008130127126788721,1.0139538099732701,0.023239254460884203,0.029,0.021333333333333333
main_shift,severe_cross,left_light,right_heavy,18,1000,3000,caq_strong_shrinkage,0.018384018957789718,0.0913244748355332,0.981,0.5777777777777777,0.7087925313004328,0.0,0.0,6.162975822039155e-33,0.007929906601293142,1.0473745754623558,0.023092740249379184,0.029,0.021333333333333333
main_shift,severe_cross,left_light,right_heavy,18,1000,3000,object_only,0.06582984207014475,0.27588116296404536,0.971,0.0,0.5373415249121063,0.0,1.0,3.851859888774472e-33,0.1783172766406343,0.07558960987835685,0.20731727664063426,0.029,0.021333333333333333
main_shift,severe_cross,left_light,right_heavy,18,1000,3000,access_only,0.02045510820452486,0.09594775005520823,0.9763333333333334,0.5298013245033113,0.7074982934210889,0.0,0.0,0.0,0.006168747346072188,1.01251420757443,0.022831252653927814,0.029,0.021333333333333333
main_shift,severe_cross,left_light,right_heavy,18,1000,3000,context_table,0.06809947805473483,0.300189176221204,0.9503333333333334,0.050955414012738856,0.5408888415387225,0.02316076294277929,0.9583333333333334,0.006345768172640818,0.18562198533789118,0.03683866394178916,0.21130940351970934,0.029,0.021333333333333333
main_shift,severe_cross,left_light,right_heavy,18,1000,3000,monolithic_logistic,0.020521221297527627,0.1101568501591092,0.981,0.5777777777777777,0.7179232217053162,0.0,0.0,0.0024904120866507855,0.02206599714972918,0.8297425143030789,0.0508475288818783,0.029,0.021333333333333333
main_shift,severe_cross,left_light,right_heavy,18,1000,3000,interaction_logistic,0.02048630911656193,0.10499796274314618,0.979,0.5594405594405595,0.7118426711807159,0.0,0.0,0.004214728777661285,0.022392714693012804,0.8207443789497388,0.05116253342710941,0.029,0.021333333333333333
main_shift,severe_cross,left_light,right_heavy,18,1000,3000,oracle_gate_class_mean,0.018228165282477705,0.09090917323154417,0.981,0.5777777777777777,0.7087925313004328,0.0,0.0,5.238529448733282e-32,0.008125157456922159,1.0058133176689983,0.023276268568033272,0.029,0.021333333333333333
main_shift,severe_cross,left_light,right_heavy,18,1000,3000,oracle_intrinsic,0.018047999999999998,0.09039611058994876,0.981,0.5777777777777777,0.709056903062372,0.0,0.0,6.162975822039155e-33,0.007226666666666667,1.0234722015818762,0.0232,0.029,0.021333333333333333
main_shift,severe_cross,left_light,right_heavy,19,1000,3000,conserved_quotient,0.015419733767516774,0.07652760393284413,0.9833333333333333,0.5689655172413793,0.7495303961748634,0.0,0.0,0.0,0.002847364440430936,0.977715831143627,0.021608695324946362,0.024,0.02
main_shift,severe_cross,left_light,right_heavy,19,1000,3000,caq_strong_shrinkage,0.015453835046222286,0.0766295754660901,0.9833333333333333,0.5689655172413793,0.7495303961748634,0.0,0.0,3.0814879110195774e-33,0.0032035442516879036,1.0036954967621818,0.021717990354057227,0.024,0.02
main_shift,severe_cross,left_light,right_heavy,19,1000,3000,object_only,0.060428174170756015,0.25788692290305515,0.976,0.0,0.5991433287795993,0.0,1.0,1.5407439555097887e-33,0.17183847665239696,0.06351310452369044,0.1958384766523969,0.024,0.02
main_shift,severe_cross,left_light,right_heavy,19,1000,3000,access_only,0.01706203277931671,0.08014027825234789,0.9793333333333333,0.5303030303030303,0.7481785063752276,0.0,0.0,6.162975822039155e-33,0.0031035087719298218,0.9483356088390755,0.022036842105263157,0.024,0.02
main_shift,severe_cross,left_light,right_heavy,19,1000,3000,context_table,0.061270942393132286,0.277245726547099,0.9536666666666667,0.0915032679738562,0.5753073770491803,0.025510204081632654,0.8636363636363636,0.01409100154392485,0.17001735050273023,0.0816517131073448,0.19401735050273025,0.024,0.02
main_shift,severe_cross,left_light,right_heavy,19,1000,3000,monolithic_logistic,0.015836816699389036,0.09150668562180254,0.9833333333333333,0.5614035087719298,0.7550043639951427,0.0,0.045454545454545456,0.0062638673978501975,0.0051826848764546215,0.9410398174193039,0.021085037327920497,0.024,0.02
main_shift,severe_cross,left_light,right_heavy,19,1000,3000,interaction_logistic,0.016563328457225558,0.09548233565173309,0.9836666666666667,0.5663716814159292,0.7562708712811171,0.0,0.06818181818181818,0.007412020083295996,0.011243840718565427,0.8346565243266015,0.02505578625735816,0.024,0.02
main_shift,severe_cross,left_light,right_heavy,19,1000,3000,oracle_gate_class_mean,0.015428597032664833,0.07657541603934528,0.9833333333333333,0.5689655172413793,0.7495303961748634,0.0,0.0,1.5407439555097887e-32,0.003035900891794144,0.9690203863065787,0.021582280926387667,0.024,0.02
main_shift,severe_cross,left_light,right_heavy,19,1000,3000,oracle_intrinsic,0.01543213333333333,0.07657158771009842,0.9833333333333333,0.5689655172413793,0.7495303961748634,0.0,0.0,3.0814879110195774e-33,0.0031599999999999996,0.9540825612128084,0.022093333333333333,0.024,0.02
main_shift,reverse_heavy_to_light,right_heavy,left_light,0,1000,3000,conserved_quotient,0.06350037747180613,0.21018310047452332,0.9326666666666666,0.8327814569536424,0.9508196721311475,0.0,0.0,6.162975822039155e-33,0.03866615530303028,0.8772389251007021,0.22351282196969696,0.18666666666666668,0.291
main_shift,reverse_heavy_to_light,right_heavy,left_light,0,1000,3000,caq_strong_shrinkage,0.0795343128332686,0.2440025301025113,0.8796666666666667,0.7480809490579204,0.9508196721311475,0.0,0.0,3.0814879110195774e-32,0.051148151216599436,0.7863062844785015,0.23599481788326615,0.18666666666666668,0.291
main_shift,reverse_heavy_to_light,right_heavy,left_light,0,1000,3000,object_only,0.174769603688141,0.6647167929439639,0.8133333333333334,0.0,0.6271809133489461,0.0,1.0,2.783570622747177e-35,0.15637863546971587,0.0,0.03028803119695081,0.18666666666666668,0.291
main_shift,reverse_heavy_to_light,right_heavy,left_light,0,1000,3000,access_only,0.08606888611111109,0.26183368844462673,0.8796666666666667,0.7480809490579204,0.9146743266978923,0.0,0.0,0.0,0.05261833333333331,0.7710336481758623,0.23746499999999998,0.18666666666666668,0.291
main_shift,reverse_heavy_to_light,right_heavy,left_light,0,1000,3000,context_table,0.17599489088599782,0.7982738423349741,0.81,0.020618556701030927,0.605487412177986,0.007522331922896097,0.9907407407407407,0.0016212240077811057,0.15940867808803594,0.22456196821811286,0.031067512388154535,0.18666666666666668,0.291
main_shift,reverse_heavy_to_light,right_heavy,left_light,0,1000,3000,monolithic_logistic,0.08626573354437671,0.2656892940803548,0.8796666666666667,0.7480809490579204,0.9327224824355972,0.0,0.0,0.0005883455315254939,0.063579398451929,0.7525105138826027,0.25024606511859565,0.18666666666666668,0.291
main_shift,reverse_heavy_to_light,right_heavy,left_light,0,1000,3000,interaction_logistic,0.06052413775979274,0.23753427851119682,0.923,0.8006902502157032,0.920275175644028,0.0,0.07561728395061729,0.00802566421618897,0.03723186023337153,1.0612452297171773,0.15314695288276964,0.18666666666666668,0.291
main_shift,reverse_heavy_to_light,right_heavy,left_light,0,1000,3000,oracle_gate_class_mean,0.057580421429012346,0.26435950616932224,0.9326666666666666,0.8327814569536424,0.9025234192037471,0.0,0.0,1.2325951827749302e-32,0.028583055555555577,0.8905662589393273,0.19144472222222217,0.18666666666666668,0.291
main_shift,reverse_heavy_to_light,right_heavy,left_light,0,1000,3000,oracle_intrinsic,0.052195166666666654,0.1817979755987661,0.9326666666666666,0.8327814569536424,0.9552422423887588,0.0,0.0,1.5407439555097887e-32,0.005936666666666648,0.9975860377710585,0.18745,0.18666666666666668,0.291
main_shift,reverse_heavy_to_light,right_heavy,left_light,1,1000,3000,conserved_quotient,0.06229368299134895,0.21603034515036265,0.931,0.8373919874312648,0.9499386394542781,0.0,0.0,3.697785493223493e-32,0.04245625077303648,0.8689861474150212,0.23653625077303647,0.20133333333333334,0.296
main_shift,reverse_heavy_to_light,right_heavy,left_light,1,1000,3000,caq_strong_shrinkage,0.07854830368296828,0.24899399228512606,0.884,0.7667560321715817,0.947995555506418,0.0,0.0,2.1570415377137042e-32,0.05456734900020613,0.8081367179911513,0.24864734900020607,0.20133333333333334,0.296
main_shift,reverse_heavy_to_light,right_heavy,left_light,1,1000,3000,object_only,0.1849537366846715,0.6662026941082859,0.7986666666666666,0.0,0.5797417605501443,0.0,1.0,3.912045199536573e-35,0.16074013461697967,0.0,0.04059319871635366,0.20133333333333334,0.296
main_shift,reverse_heavy_to_light,right_heavy,left_light,1,1000,3000,access_only,0.08767679455782312,0.2750608925739445,0.884,0.7667560321715817,0.9087102953045363,0.0,0.0,2.1570415377137042e-32,0.05610285714285711,0.7751669723500711,0.2501828571428571,0.20133333333333334,0.296
main_shift,reverse_heavy_to_light,right_heavy,left_light,1,1000,3000,context_table,0.1869474001015577,0.8190855622297943,0.799,0.01951219512195122,0.5561234784243054,0.0023674242424242425,0.9910313901345291,0.006945561403498253,0.16437209068496833,0.34834456179848133,0.041198604553126905,0.20133333333333334,0.296
main_shift,reverse_heavy_to_light,right_heavy,left_light,1,1000,3000,monolithic_logistic,0.07524626994479311,0.25394671205555036,0.9026666666666666,0.7934936350777935,0.9230401939214364,0.0,0.0,0.006859331891463557,0.05749024048130606,0.950806687186345,0.23881630364529602,0.20133333333333334,0.296
main_shift,reverse_heavy_to_light,right_heavy,left_light,1,1000,3000,interaction_logistic,0.05988545982103788,0.2682282366303214,0.931,0.8373919874312648,0.8934786454244934,0.0,0.0,0.004860868708613376,0.025854512715426284,0.9242069249712441,0.2039546674801632,0.20133333333333334,0.296
main_shift,reverse_heavy_to_light,right_heavy,left_light,1,1000,3000,oracle_gate_class_mean,0.06194987414842209,0.33513263374509256,0.931,0.8373919874312648,0.8991303110039912,0.0,0.0,4.591774807899561e-41,0.04630801282051283,0.8366796903370837,0.21440261282051282,0.20133333333333334,0.296
main_shift,reverse_heavy_to_light,right_heavy,left_light,1,1000,3000,oracle_intrinsic,0.05507959999999999,0.19616376361444565,0.931,0.8373919874312648,0.9499386394542781,0.0,0.0,4.949639957075196e-32,0.0112333333333333,1.0225584505010088,0.1915,0.20133333333333334,0.296
main_shift,reverse_heavy_to_light,right_heavy,left_light,2,1000,3000,conserved_quotient,0.05798286553412917,0.20385518711729333,0.935,0.8443735035913806,0.9411365329909361,0.0,0.0,1.232595164407831e-32,0.03781828282828282,1.0042475650260603,0.19706050505050499,0.199,0.299
main_shift,reverse_heavy_to_light,right_heavy,left_light,2,1000,3000,caq_strong_shrinkage,0.06816511133786847,0.22464374409037743,0.8806666666666667,0.7603748326639893,0.9411365329909361,0.0,0.0,0.0,0.05400904761904764,1.004316062468679,0.2046798412698412,0.199,0.299
main_shift,reverse_heavy_to_light,right_heavy,left_light,2,1000,3000,object_only,0.18570230523299983,0.7220158819194297,0.801,0.0,0.6124031169859563,0.0,1.0,2.196763842816691e-34,0.16733595637738238,0.0,0.03166404362261762,0.199,0.299
main_shift,reverse_heavy_to_light,right_heavy,left_light,2,1000,3000,access_only,0.07932121111111111,0.24871398544368734,0.8806666666666667,0.7603748326639893,0.908697322093893,0.0,0.0,3.0814879110195774e-33,0.01265666666666666,0.9432975023638925,0.2063433333333333,0.199,0.299
main_shift,reverse_heavy_to_light,right_heavy,left_light,2,1000,3000,context_table,0.18777961868730744,0.8567268096762625,0.801,0.0,0.5814326173801453,0.0,1.0,0.00015156192374059474,0.17062611645900172,-0.7880154032763892,0.028520082371407643,0.199,0.299
main_shift,reverse_heavy_to_light,right_heavy,left_light,2,1000,3000,monolithic_logistic,0.09686382286339282,0.29722484585005704,0.8443333333333334,0.4050955414012739,0.9380373918419954,0.0,0.7134146341463414,0.006245163378593357,0.09744653468314286,1.6290615441162828,0.10241926819559156,0.199,0.299
main_shift,reverse_heavy_to_light,right_heavy,left_light,2,1000,3000,interaction_logistic,0.08724592675965986,0.3356149316221565,0.8753333333333333,0.5881057268722467,0.8965440324106313,0.0,0.5259146341463414,0.01785231653422569,0.08583428226818299,1.0884639446638489,0.1194458589827453,0.199,0.299
main_shift,reverse_heavy_to_light,right_heavy,left_light,2,1000,3000,oracle_gate_class_mean,0.061745908950740745,0.3620034533461474,0.935,0.8443735035913806,0.8889948424324424,0.0,0.0,1.8367099231598242e-40,0.0541967888888889,0.915725819190085,0.18745507777777778,0.199,0.299
main_shift,reverse_heavy_to_light,right_heavy,left_light,2,1000,3000,oracle_intrinsic,0.0526149,0.1882287584061265,0.935,0.8443735035913806,0.951934732617171,0.0,0.0,1.5407439555097887e-32,0.009216666666666632,1.0331162965163712,0.1897833333333333,0.199,0.299
main_shift,reverse_heavy_to_light,right_heavy,left_light,3,1000,3000,conserved_quotient,0.05490939086251785,0.1982275581649583,0.9346666666666666,0.8441971383147854,0.94761325795329,0.0,0.0,6.162975822039155e-33,0.02334312169312169,1.1075956373028646,0.17532354497354496,0.197,0.29833333333333334
main_shift,reverse_heavy_to_light,right_heavy,left_light,3,1000,3000,caq_strong_shrinkage,0.07056217518385544,0.23498270472424382,0.9346666666666666,0.8441971383147854,0.94761325795329,0.0,0.0,6.162975822039155e-33,0.07397135214444062,1.315510046158041,0.15810910762567434,0.197,0.29833333333333334
main_shift,reverse_heavy_to_light,right_heavy,left_light,3,1000,3000,object_only,0.1856080076967625,0.708355355546257,0.803,0.0,0.6034673977098008,0.0,1.0,5.115751414778595e-35,0.16807307251736814,0.0,0.02892692748263186,0.197,0.29833333333333334
main_shift,reverse_heavy_to_light,right_heavy,left_light,3,1000,3000,access_only,0.08576016666666665,0.2659189194924492,0.876,0.7496635262449529,0.9066936663765813,0.0,0.0,0.0,0.040816666666666654,1.2371313259443029,0.1561833333333333,0.197,0.29833333333333334
main_shift,reverse_heavy_to_light,right_heavy,left_light,3,1000,3000,context_table,0.18562419963576585,0.7218896317558192,0.7996666666666666,0.022764227642276424,0.6093660336063507,0.007125890736342043,0.9865067466266867,0.0021418554932094557,0.16791322142548387,0.20246094641266904,0.032420111907849464,0.197,0.29833333333333334
main_shift,reverse_heavy_to_light,right_heavy,left_light,3,1000,3000,monolithic_logistic,0.06993058054489767,0.23976538105516,0.905,0.7924253459577567,0.9378725717645126,0.0,0.0014992503748125937,0.005555436638684807,0.04741142048231495,1.0078817912680447,0.2333984388452762,0.197,0.29833333333333334
main_shift,reverse_heavy_to_light,right_heavy,left_light,3,1000,3000,interaction_logistic,0.06395491652706256,0.2993757069110272,0.9346666666666666,0.8441971383147854,0.9121378586645258,0.0,0.0,0.0025271532152372736,0.051178682076841814,0.8297512631893533,0.24577428029435183,0.197,0.29833333333333334
main_shift,reverse_heavy_to_light,right_heavy,left_light,3,1000,3000,oracle_gate_class_mean,0.058096561499259264,0.39075182131064623,0.9346666666666666,0.8441971383147854,0.9140139311198348,0.0,0.0,6.162975867956903e-33,0.03707204444444444,0.8601795019445926,0.20456502222222217,0.197,0.29833333333333334
main_shift,reverse_heavy_to_light,right_heavy,left_light,3,1000,3000,oracle_intrinsic,0.05335856666666667,0.19336167740644372,0.9346666666666666,0.8441971383147854,0.94761325795329,0.0,0.0,1.560003254953661e-32,0.012309999999999995,1.0184012250255439,0.19167666666666666,0.197,0.29833333333333334
main_shift,reverse_heavy_to_light,right_heavy,left_light,4,1000,3000,conserved_quotient,0.055517228876101075,0.19026823564769882,0.9316666666666666,0.8287385129490392,0.9540211529630632,0.0,0.0,1.8488927466117464e-32,0.01440358922558922,0.979226038847988,0.19631425589225585,0.18533333333333332,0.2823333333333333
main_shift,reverse_heavy_to_light,right_heavy,left_light,4,1000,3000,caq_strong_shrinkage,0.06557463383765823,0.21273134015655645,0.8863333333333333,0.7569493941553813,0.9540211529630632,0.0,0.0,2.1570415377137042e-32,0.04490946818613483,0.9645015753830796,0.198519591642925,0.18533333333333332,0.2823333333333333
main_shift,reverse_heavy_to_light,right_heavy,left_light,4,1000,3000,object_only,0.17349705812595,0.6515903792222842,0.8146666666666667,0.0,0.6129877603645398,0.0,1.0,6.093762714662738e-35,0.1541615607201263,0.0,0.031171772613207017,0.18533333333333332,0.2823333333333333
main_shift,reverse_heavy_to_light,right_heavy,left_light,4,1000,3000,access_only,0.07506936666666666,0.2337881267148802,0.8863333333333333,0.7569493941553813,0.9147861743338553,0.0,0.0,3.697785493223493e-32,0.016143333333333305,0.9183684050913583,0.19916333333333333,0.18533333333333332,0.2823333333333333
main_shift,reverse_heavy_to_light,right_heavy,left_light,4,1000,3000,context_table,0.17464268083173393,0.7387848383648267,0.8146666666666667,0.0,0.6099307951347597,0.0,1.0,0.0002492878855763317,0.1567760966625816,-0.013899798040613955,0.029001681115196173,0.18533333333333332,0.2823333333333333
main_shift,reverse_heavy_to_light,right_heavy,left_light,4,1000,3000,monolithic_logistic,0.06946924701281507,0.22771104601415637,0.8966666666666666,0.6948818897637795,0.942184059626276,0.0,0.29329173166926675,0.0056548104540502875,0.05867799296433662,1.320339061466901,0.13741201197831718,0.18533333333333332,0.2823333333333333
main_shift,reverse_heavy_to_light,right_heavy,left_light,4,1000,3000,interaction_logistic,0.07170628986498731,0.26030921683016317,0.906,0.7128309572301426,0.9458518291749579,0.0,0.33541341653666146,0.010222685561279914,0.05490456603793295,1.0024555372622859,0.13364978126299962,0.18533333333333332,0.2823333333333333
main_shift,reverse_heavy_to_light,right_heavy,left_light,4,1000,3000,oracle_gate_class_mean,0.05427671913185185,0.21699295870700938,0.9316666666666666,0.8287385129490392,0.9535347172343958,0.0,0.0,3.851859888774472e-33,0.011622755555555558,0.9348998817111375,0.19419831111111105,0.18533333333333332,0.2823333333333333
main_shift,reverse_heavy_to_light,right_heavy,left_light,4,1000,3000,oracle_intrinsic,0.05321936666666666,0.18453413357882842,0.9316666666666666,0.8287385129490392,0.9540211529630632,0.0,0.0,3.274080905458301e-33,0.0034299999999999964,1.0020489538975481,0.18290333333333333,0.18533333333333332,0.2823333333333333
main_shift,reverse_heavy_to_light,right_heavy,left_light,5,1000,3000,conserved_quotient,0.056338867592592594,0.1951867946994549,0.929,0.8226477935054122,0.9431006396351949,0.0,0.0,3.0814879110195774e-32,0.013177222222222253,1.0267018808451034,0.1826261111111111,0.18733333333333332,0.2853333333333333
main_shift,reverse_heavy_to_light,right_heavy,left_light,5,1000,3000,caq_strong_shrinkage,0.06657933082326963,0.2191014042540828,0.929,0.8226477935054122,0.9431006396351949,0.0,0.0,1.232595164407831e-32,0.05158455862977601,1.0848418586226694,0.17852210803689067,0.18733333333333332,0.2853333333333333
main_shift,reverse_heavy_to_light,right_heavy,left_light,5,1000,3000,object_only,0.179634612810679,0.7403866823904828,0.8126666666666666,0.0,0.6254411906381463,0.0,1.0,3.76158192263132e-36,0.16751668119228566,0.0,0.019816652141047653,0.18733333333333332,0.2853333333333333
main_shift,reverse_heavy_to_light,right_heavy,left_light,5,1000,3000,access_only,0.07633813333333332,0.23934592487606415,0.8833333333333333,0.7531734837799718,0.9126858547493862,0.0,0.0,3.0814879110195774e-32,0.008986666666666717,1.0352069054379618,0.17834666666666665,0.18733333333333332,0.2853333333333333
main_shift,reverse_heavy_to_light,right_heavy,left_light,5,1000,3000,context_table,0.1804169292077522,0.8147119860576558,0.8126666666666666,0.0,0.6103429098584395,0.0,1.0,0.0001131620234895789,0.1700695756676321,-1.0514006240750742,0.01876375766570124,0.18733333333333332,0.2853333333333333
main_shift,reverse_heavy_to_light,right_heavy,left_light,5,1000,3000,monolithic_logistic,0.0736916556119799,0.24158793537713563,0.885,0.7558386411889597,0.9375005473829258,0.0,0.0,0.002801393878873855,0.05616699654309723,0.8694376146978866,0.24350032987643058,0.18733333333333332,0.2853333333333333
main_shift,reverse_heavy_to_light,right_heavy,left_light,5,1000,3000,interaction_logistic,0.0662148493637193,0.2782254356647288,0.929,0.8226477935054122,0.9183231690406056,0.0,0.0,0.0008740246974968487,0.04269551494645962,0.8073399197015942,0.22646322657591084,0.18733333333333332,0.2853333333333333
main_shift,reverse_heavy_to_light,right_heavy,left_light,5,1000,3000,oracle_gate_class_mean,0.06391397251037036,0.456764745539904,0.929,0.8226477935054122,0.8857144733884317,0.0,0.0,3.0814879569373254e-33,0.04294304444444445,0.828650024858375,0.19636195555555552,0.18733333333333332,0.2853333333333333
main_shift,reverse_heavy_to_light,right_heavy,left_light,5,1000,3000,oracle_intrinsic,0.056072399999999994,0.19438087206150353,0.929,0.8226477935054122,0.9431006396351949,0.0,0.0,3.0814879110195774e-32,0.009180000000000034,0.984313044110561,0.18478,0.18733333333333332,0.2853333333333333
main_shift,reverse_heavy_to_light,right_heavy,left_light,6,1000,3000,conserved_quotient,0.06223581632443101,0.21130942264349734,0.9263333333333333,0.8175061932287366,0.9349664839934375,0.0,0.0,3.0814879110195774e-33,0.035816164021164026,0.954994749305285,0.20126716931216931,0.18766666666666668,0.292
main_shift,reverse_heavy_to_light,right_heavy,left_light,6,1000,3000,caq_strong_shrinkage,0.07132323600046794,0.22849885436796266,0.8776666666666667,0.7449617790132036,0.9349664839934375,0.0,0.0,9.244463733058732e-33,0.04591180590019303,0.9532984901238181,0.20156819409980697,0.18766666666666668,0.292
main_shift,reverse_heavy_to_light,right_heavy,left_light,6,1000,3000,object_only,0.17569462403484862,0.6645136186301148,0.8123333333333334,0.0,0.5922227704767604,0.0,1.0,3.009265538105056e-35,0.15547138727649654,0.0,0.032195279390170146,0.18766666666666668,0.292
main_shift,reverse_heavy_to_light,right_heavy,left_light,6,1000,3000,access_only,0.07911302222222222,0.24542420846653476,0.8776666666666667,0.7449617790132036,0.9015627197927744,0.0,0.0,2.465190328815662e-32,0.01792,0.9124268249420433,0.20174666666666663,0.18766666666666668,0.292
main_shift,reverse_heavy_to_light,right_heavy,left_light,6,1000,3000,context_table,0.21044877291424335,1.1879393606626736,0.78,0.07563025210084033,0.5700476155422144,0.05508474576271186,0.9475308641975309,0.03053232291516649,0.19406216225853876,-0.010330834547992404,0.07626110440812789,0.18766666666666668,0.292
main_shift,reverse_heavy_to_light,right_heavy,left_light,6,1000,3000,monolithic_logistic,0.06914575602521221,0.22568862240769325,0.9053333333333333,0.7738853503184714,0.9333870736156836,0.0,0.05555555555555555,0.007138827098521785,0.02290060208472791,1.0574731128323325,0.18185475404517426,0.18766666666666668,0.292
main_shift,reverse_heavy_to_light,right_heavy,left_light,6,1000,3000,interaction_logistic,0.08571118556940809,0.309166976696605,0.9,0.696969696969697,0.9400982922397526,0.0,0.3410493827160494,0.009816896030462862,0.08290047813329732,0.9059245247128179,0.13173602626777373,0.18766666666666668,0.292
main_shift,reverse_heavy_to_light,right_heavy,left_light,6,1000,3000,oracle_gate_class_mean,0.06236951137803184,0.3327804063762852,0.9263333333333333,0.8175061932287366,0.9349664839934375,0.0,0.0,2.465190328815662e-32,0.02861748383838384,0.8918392953634235,0.2007673828282828,0.18766666666666668,0.292
main_shift,reverse_heavy_to_light,right_heavy,left_light,6,1000,3000,oracle_intrinsic,0.05724333333333333,0.196921318726605,0.9263333333333333,0.8175061932287366,0.9401296326394958,0.0,0.0,5.257788748177154e-32,0.006613333333333374,0.9770430209577291,0.18735999999999997,0.18766666666666668,0.292
main_shift,reverse_heavy_to_light,right_heavy,left_light,7,1000,3000,conserved_quotient,0.054650528335673035,0.1919671491323611,0.9363333333333334,0.8407005838198499,0.9424048594847775,0.0,0.0,6.490383912584985e-32,0.03309512516469043,0.9708305388674796,0.19190092226613964,0.18666666666666668,0.28833333333333333
main_shift,reverse_heavy_to_light,right_heavy,left_light,7,1000,3000,caq_strong_shrinkage,0.06394829280699003,0.20948484071538245,0.883,0.7536842105263157,0.9424048594847775,0.0,0.0,4.3140830754274083e-32,0.04612704517704514,1.0139022739309114,0.19412490577055797,0.18666666666666668,0.28833333333333333
main_shift,reverse_heavy_to_light,right_heavy,left_light,7,1000,3000,object_only,0.17503844767136256,0.6592405633952144,0.8133333333333334,0.0,0.5657874707259953,0.0,1.0,1.1134282490988707e-34,0.15267032490270377,0.0,0.033996341763962906,0.18666666666666668,0.28833333333333333
main_shift,reverse_heavy_to_light,right_heavy,left_light,7,1000,3000,access_only,0.07574329017013233,0.2343559789053875,0.883,0.7536842105263157,0.9075270784543326,0.0,0.0,3.0814879110195774e-32,0.009593478260869578,0.9499551483492876,0.19516014492753622,0.18666666666666668,0.28833333333333333
main_shift,reverse_heavy_to_light,right_heavy,left_light,7,1000,3000,context_table,0.18357159046017793,0.8866636134109632,0.8063333333333333,0.006837606837606838,0.5629683840749414,0.00936768149882904,0.9921752738654147,0.005887242605749414,0.1655600264694017,-0.10130510585207997,0.036956825382450154,0.18666666666666668,0.28833333333333333
main_shift,reverse_heavy_to_light,right_heavy,left_light,7,1000,3000,monolithic_logistic,0.08201372706235988,0.25687440423085917,0.883,0.7536842105263157,0.9138085480093677,0.0,0.0,0.002639329020119741,0.0576190768123201,0.829304341444057,0.2426584383005232,0.18666666666666668,0.28833333333333333
main_shift,reverse_heavy_to_light,right_heavy,left_light,7,1000,3000,interaction_logistic,0.05981940105576844,0.2852613303914348,0.9266666666666666,0.8076923076923077,0.9055423009367681,0.0,0.08607198748043818,0.0017590690892873837,0.04084016989147361,0.8673158237000262,0.19355120030873088,0.18666666666666668,0.28833333333333333
main_shift,reverse_heavy_to_light,right_heavy,left_light,7,1000,3000,oracle_gate_class_mean,0.05931056883333334,0.4216254591129945,0.9363333333333334,0.8407005838198499,0.8974429156908665,0.0,0.0,1.5407439601015635e-32,0.0458616666666667,0.8552110424363223,0.19144339999999996,0.18666666666666668,0.28833333333333333
main_shift,reverse_heavy_to_light,right_heavy,left_light,7,1000,3000,oracle_intrinsic,0.05102063333333333,0.17806651520257,0.9363333333333334,0.8407005838198499,0.9494459894613583,0.0,0.0,3.4088960015654075e-32,0.013689999999999987,1.0069674152877464,0.18539000000000003,0.18666666666666668,0.28833333333333333
main_shift,reverse_heavy_to_light,right_heavy,left_light,8,1000,3000,conserved_quotient,0.0657215560021549,0.22871020176287932,0.9036666666666666,0.7239732569245463,0.9375179449712915,0.0,0.31587057010785824,1.0785207688568521e-32,0.04787606578606575,1.0706878529948773,0.18053419062419063,0.201,0.29233333333333333
main_shift,reverse_heavy_to_light,right_heavy,left_light,8,1000,3000,caq_strong_shrinkage,0.07354134438120051,0.24781621562321088,0.8793333333333333,0.7554054054054054,0.9375179449712915,0.0,0.0,1.232595164407831e-32,0.051047795310103006,1.065216410251567,0.18607007451238217,0.201,0.29233333333333333
main_shift,reverse_heavy_to_light,right_heavy,left_light,8,1000,3000,object_only,0.18836252644036536,0.7253818589837038,0.799,0.0,0.5579639004255595,0.0,1.0,3.009265538105056e-35,0.17013156697534798,0.0,0.030868433024652045,0.201,0.29233333333333333
main_shift,reverse_heavy_to_light,right_heavy,left_light,8,1000,3000,access_only,0.08215021439842209,0.2662578816545337,0.8793333333333333,0.7554054054054054,0.8954103076606953,0.0,0.0,4.930380657631324e-32,0.014025897435897463,1.0186496712628659,0.18697410256410255,0.201,0.29233333333333333
main_shift,reverse_heavy_to_light,right_heavy,left_light,8,1000,3000,context_table,0.22274372043640506,1.2541301951741126,0.7676666666666667,0.07926023778071334,0.5712046083032204,0.0574658502119642,0.9506933744221879,0.030824376162093946,0.21018700978611382,-0.006846740636586794,0.07480272354721952,0.201,0.29233333333333333
main_shift,reverse_heavy_to_light,right_heavy,left_light,8,1000,3000,monolithic_logistic,0.07634910806891762,0.2613033363071417,0.8866666666666667,0.6897810218978102,0.9193090312586698,0.0,0.3405238828967643,0.00324025033354607,0.03564120029495952,1.1305026160303904,0.16696336593253283,0.201,0.29233333333333333
main_shift,reverse_heavy_to_light,right_heavy,left_light,8,1000,3000,interaction_logistic,0.10552723162798258,0.3974494827651858,0.8616666666666667,0.5077105575326216,0.9310553338162476,0.0,0.6348228043143297,0.010958400594691225,0.10731700934719118,0.9600940615932888,0.10340046509597092,0.201,0.29233333333333333
main_shift,reverse_heavy_to_light,right_heavy,left_light,8,1000,3000,oracle_gate_class_mean,0.06713118216148148,0.2600905131442517,0.9036666666666666,0.7239732569245463,0.9375179449712915,0.0,0.31587057010785824,7.703719777548943e-34,0.042338755555555566,1.0026928542599924,0.17304764444444443,0.201,0.29233333333333333
main_shift,reverse_heavy_to_light,right_heavy,left_light,8,1000,3000,oracle_intrinsic,0.05825436666666666,0.2120653796187711,0.9286666666666666,0.829073482428115,0.9375179449712915,0.0,0.0,3.4088960015654075e-32,0.01306333333333332,1.0114809506714766,0.18793666666666664,0.201,0.29233333333333333
main_shift,reverse_heavy_to_light,right_heavy,left_light,9,1000,3000,conserved_quotient,0.06077765099610195,0.20952625400972796,0.937,0.8391489361702128,0.9367651499005399,0.0,0.0,1.8488927466117464e-32,0.04138744421440073,1.0363260344819036,0.1830017897400506,0.184,0.276
main_shift,reverse_heavy_to_light,right_heavy,left_light,9,1000,3000,caq_strong_shrinkage,0.07007260410304852,0.22867704615233478,0.886,0.7521739130434782,0.9367651499005399,0.0,0.0,2.1570415377137042e-32,0.05974339452068837,0.9859518701165773,0.1868930789092633,0.184,0.276
main_shift,reverse_heavy_to_light,right_heavy,left_light,9,1000,3000,object_only,0.17363671263585234,0.666687675516353,0.816,0.0,0.4163343930567396,0.0,1.0,7.52316384526264e-35,0.15300070371663574,0.0,0.030999296283364255,0.184,0.276
main_shift,reverse_heavy_to_light,right_heavy,left_light,9,1000,3000,access_only,0.07559153043478262,0.24054400152215535,0.886,0.7521739130434782,0.9066177950648858,0.0,0.0,5.546678239835239e-32,0.01076000000000003,0.9524183583516933,0.18724000000000002,0.184,0.276
main_shift,reverse_heavy_to_light,right_heavy,left_light,9,1000,3000,context_table,0.17427640411624373,0.7856670955733398,0.816,0.0,0.45074506251776075,0.0,1.0,0.0004388515482642805,0.15654386494491615,0.7857131417190887,0.02745613505508384,0.184,0.276
main_shift,reverse_heavy_to_light,right_heavy,left_light,9,1000,3000,monolithic_logistic,0.09727051094363613,0.2887072113721672,0.829,0.2597402597402597,0.8971254262574595,0.0,0.8202247191011236,0.009216275652057746,0.06812847254431753,1.4189002240701762,0.11918181546628488,0.184,0.276
main_shift,reverse_heavy_to_light,right_heavy,left_light,9,1000,3000,interaction_logistic,0.09027126655133395,0.32730366348589657,0.8876666666666667,0.6113033448673587,0.9270433716965046,0.0,0.4943820224719101,0.030640314328128897,0.08267306902835744,1.0489152689882817,0.10291913455038566,0.184,0.276
main_shift,reverse_heavy_to_light,right_heavy,left_light,9,1000,3000,oracle_gate_class_mean,0.055844941152263364,0.19846225160307496,0.937,0.8391489361702128,0.9367651499005399,0.0,0.0,6.162975822039155e-33,0.030047037037037032,1.0503304622688485,0.17674925925925922,0.184,0.276
main_shift,reverse_heavy_to_light,right_heavy,left_light,9,1000,3000,oracle_intrinsic,0.05070399999999999,0.18432076291094518,0.937,0.8391489361702128,0.9460776913422374,0.0,0.0,1.560003254953661e-32,0.011233333333333333,1.0123842033718693,0.17967333333333332,0.184,0.276
main_shift,reverse_heavy_to_light,right_heavy,left_light,10,1000,3000,conserved_quotient,0.05702618157801148,0.1958048158711847,0.9263333333333333,0.8178070898598516,0.9474670667447307,0.0,0.0,6.211124070648836e-33,0.015260082304526757,1.0443742769776936,0.17140658436213993,0.18666666666666668,0.29333333333333333
main_shift,reverse_heavy_to_light,right_heavy,left_light,10,1000,3000,caq_strong_shrinkage,0.06763503561403097,0.21923073669360948,0.9263333333333333,0.8178070898598516,0.9474670667447307,0.0,0.0,1.232595164407831e-32,0.05454603926669144,1.3229615545263471,0.1509940841900987,0.18666666666666668,0.29333333333333333
main_shift,reverse_heavy_to_light,right_heavy,left_light,10,1000,3000,object_only,0.17607519704605565,0.6826978218755233,0.8133333333333334,0.0,0.6350512295081967,0.0,1.0,7.52316384526264e-35,0.16065148253831005,0.0,0.02601518412835663,0.18666666666666668,0.29333333333333333
main_shift,reverse_heavy_to_light,right_heavy,left_light,10,1000,3000,access_only,0.08252977960676727,0.24975915116981,0.8133333333333334,0.0,0.9081667154566745,0.0,1.0,1.3866695599588098e-32,0.038365432098765404,1.267855001421528,0.1483012345679012,0.18666666666666668,0.29333333333333333
main_shift,reverse_heavy_to_light,right_heavy,left_light,10,1000,3000,context_table,0.1773217674616844,0.8095242879569656,0.8133333333333334,0.0,0.6178864168618267,0.0,1.0,0.00022165894453276457,0.16434376824273866,0.4444848255319837,0.0229289590299886,0.18666666666666668,0.29333333333333333
main_shift,reverse_heavy_to_light,right_heavy,left_light,10,1000,3000,monolithic_logistic,0.06846604223075883,0.2267741380486719,0.903,0.7282913165266106,0.9409440866510539,0.0,0.21745788667687596,0.01429187036736826,0.04589050482752104,1.185011070488688,0.144738277904641,0.18666666666666668,0.29333333333333333
main_shift,reverse_heavy_to_light,right_heavy,left_light,10,1000,3000,interaction_logistic,0.0649259780086826,0.265253531223206,0.9133333333333333,0.7475728155339806,0.9260772833723654,0.0,0.28024502297090353,0.005043132150804246,0.04811419430410082,0.9045581247406137,0.16530743632367242,0.18666666666666668,0.29333333333333333
main_shift,reverse_heavy_to_light,right_heavy,left_light,10,1000,3000,oracle_gate_class_mean,0.06323640220333335,0.4426503894050973,0.9263333333333333,0.8178070898598516,0.8869752634660422,0.0,0.0,3.0814879569373254e-33,0.04224463333333335,0.8248590758585724,0.20039309999999996,0.18666666666666668,0.29333333333333333
main_shift,reverse_heavy_to_light,right_heavy,left_light,10,1000,3000,oracle_intrinsic,0.056314533333333326,0.19266284833366626,0.9263333333333333,0.8178070898598516,0.9474670667447307,0.0,0.0,3.1007472104634497e-32,0.006273333333333352,0.9785407614687376,0.18815333333333334,0.18666666666666668,0.29333333333333333
main_shift,reverse_heavy_to_light,right_heavy,left_light,11,1000,3000,conserved_quotient,0.06572617671209693,0.22112337268019946,0.9243333333333333,0.8087615838247684,0.9276523148915787,0.0,0.0,6.933347799794049e-33,0.0381706807887453,1.173610182565739,0.1609252662749437,0.185,0.289
main_shift,reverse_heavy_to_light,right_heavy,left_light,11,1000,3000,caq_strong_shrinkage,0.07382215893901475,0.23845078374240128,0.9243333333333333,0.8087615838247684,0.9276523148915787,0.0,0.0,2.1570415377137042e-32,0.06425127443190852,1.2236373337186774,0.1564333133817116,0.185,0.289
main_shift,reverse_heavy_to_light,right_heavy,left_light,11,1000,3000,object_only,0.17308556333425387,0.6527442244259586,0.815,0.0,0.6116376499198585,0.0,1.0,3.912045199536573e-35,0.15268871286315466,0.0,0.03231128713684535,0.185,0.289
main_shift,reverse_heavy_to_light,right_heavy,left_light,11,1000,3000,access_only,0.08188724984391259,0.25470497898596045,0.8746666666666667,0.7355836849507735,0.8944335746789734,0.0,0.0,4.930380657631324e-32,0.028728709677419376,1.1622079459942283,0.15627129032258064,0.185,0.289
main_shift,reverse_heavy_to_light,right_heavy,left_light,11,1000,3000,context_table,0.21944341204824044,1.1777301108019853,0.769,0.03616133518776078,0.5471368300816154,0.06188466947960619,1.0,0.028179753879129802,0.2022113279727425,-0.11642610607790235,0.08433356091614641,0.185,0.289
main_shift,reverse_heavy_to_light,right_heavy,left_light,11,1000,3000,monolithic_logistic,0.09422624930179661,0.30950124283076375,0.877,0.7388535031847133,0.9289692146133864,0.0,0.0015822784810126582,0.005202102118566536,0.10139263157591527,0.7456437081196295,0.2863926315759153,0.185,0.289
main_shift,reverse_heavy_to_light,right_heavy,left_light,11,1000,3000,interaction_logistic,0.10569995868648482,0.3616006232856354,0.8806666666666667,0.7442857142857143,0.8923436319755338,0.0,0.0031645569620253164,0.011544740730881275,0.09705834984098884,0.7016932007065404,0.26733167692739135,0.185,0.289
main_shift,reverse_heavy_to_light,right_heavy,left_light,11,1000,3000,oracle_gate_class_mean,0.06285524609053497,0.21423513074391765,0.9243333333333333,0.8087615838247684,0.9311579063726303,0.0,0.0,3.0814879110195774e-33,0.020177037037037042,1.0781188832860418,0.1674896296296296,0.185,0.289
main_shift,reverse_heavy_to_light,right_heavy,left_light,11,1000,3000,oracle_intrinsic,0.05964923333333333,0.20665760411114725,0.9243333333333333,0.8087615838247684,0.9373120359623427,0.0,0.0,1.8681520460556188e-32,0.012210000000000035,0.9652783518704148,0.18352333333333332,0.185,0.289
main_shift,reverse_heavy_to_light,right_heavy,left_light,12,1000,3000,conserved_quotient,0.06386103085544567,0.22436171715317635,0.9213333333333333,0.8090614886731392,0.9312058723523411,0.0,0.0,9.244463733058732e-33,0.03551999476713762,0.9050439188582862,0.21243128728414437,0.19266666666666668,0.29933333333333334
main_shift,reverse_heavy_to_light,right_heavy,left_light,12,1000,3000,caq_strong_shrinkage,0.07400044963466867,0.24427154027367112,0.868,0.7317073170731707,0.9312058723523411,0.0,0.0,2.1570415377137042e-32,0.05489174603174603,0.9279335229041256,0.21004793650793652,0.19266666666666668,0.29933333333333334
main_shift,reverse_heavy_to_light,right_heavy,left_light,12,1000,3000,object_only,0.17994030265052888,0.6745955231256622,0.8073333333333333,0.0,0.6430214384291629,0.0,1.0,2.7083389842945504e-35,0.16159391572203138,0.0,0.031072750944635293,0.19266666666666668,0.29933333333333334
main_shift,reverse_heavy_to_light,right_heavy,left_light,12,1000,3000,access_only,0.08602846802721088,0.2704855209900877,0.868,0.7317073170731707,0.8941607925046932,0.0,0.0,9.244463733058732e-33,0.028779047619047638,0.8723948661837913,0.21012571428571425,0.19266666666666668,0.29933333333333334
main_shift,reverse_heavy_to_light,right_heavy,left_light,12,1000,3000,context_table,0.1811770560034066,0.7500345524581762,0.8073333333333333,0.0,0.6271704873720995,0.0,1.0,8.69779250617319e-05,0.16351391999599496,-0.5356996624678381,0.029576989094914165,0.19266666666666668,0.29933333333333334
main_shift,reverse_heavy_to_light,right_heavy,left_light,12,1000,3000,monolithic_logistic,0.13578296949214114,0.46976466131866507,0.8233333333333334,0.19207317073170732,0.9220667525765832,0.0,0.8875379939209727,0.029545797072984353,0.13891868943409674,1.4678372863364364,0.053747977232569924,0.19266666666666668,0.29933333333333334
main_shift,reverse_heavy_to_light,right_heavy,left_light,12,1000,3000,interaction_logistic,0.07113243204124556,0.29512388407928636,0.9026666666666666,0.7291280148423006,0.9278128116258404,0.0,0.24012158054711247,0.023909992392721777,0.05031554455955436,0.9794884856244781,0.152491487599902,0.19266666666666668,0.29933333333333334
main_shift,reverse_heavy_to_light,right_heavy,left_light,12,1000,3000,oracle_gate_class_mean,0.06582153076503401,0.37943591432194207,0.9213333333333333,0.8090614886731392,0.9320373508124773,0.0,0.0,6.355568816477878e-33,0.03981629523809524,0.8247483596867533,0.21735343809523805,0.19266666666666668,0.29933333333333334
main_shift,reverse_heavy_to_light,right_heavy,left_light,12,1000,3000,oracle_intrinsic,0.06073433333333333,0.2140628689978358,0.9213333333333333,0.8090614886731392,0.93511824995214,0.0,0.0,1.5407439555097887e-32,0.01151333333333334,0.9680402862125005,0.19104666666666661,0.19266666666666668,0.29933333333333334
main_shift,reverse_heavy_to_light,right_heavy,left_light,13,1000,3000,conserved_quotient,0.08472980564623152,0.26773813863857066,0.9073333333333333,0.7252964426877471,0.9238179374641693,0.0,0.33081570996978854,3.4666738998970245e-33,0.0876944766505636,1.492378497399564,0.11668394524959742,0.18966666666666668,0.287
main_shift,reverse_heavy_to_light,right_heavy,left_light,13,1000,3000,caq_strong_shrinkage,0.08809964384889596,0.2679283787387263,0.8103333333333333,0.0,0.9238179374641693,0.0,1.0,1.1555579666323415e-32,0.07033211029100832,1.6582923754187255,0.11933455637565832,0.18966666666666668,0.287
main_shift,reverse_heavy_to_light,right_heavy,left_light,13,1000,3000,object_only,0.18239916819950427,0.8028071355645795,0.8103333333333333,0.0,0.5677305223464636,0.0,1.0,6.206610172341678e-36,0.1706946824540929,0.0,0.0189719842125738,0.18966666666666668,0.287
main_shift,reverse_heavy_to_light,right_heavy,left_light,13,1000,3000,access_only,0.09363705929426594,0.2791303792609687,0.8103333333333333,0.0,0.902901812340456,0.0,1.0,7.703719777548943e-34,0.07023231884057969,1.5921774117719634,0.11943434782608697,0.18966666666666668,0.287
main_shift,reverse_heavy_to_light,right_heavy,left_light,13,1000,3000,context_table,0.18346222002974227,0.9251135738055651,0.8083333333333333,0.010327022375215147,0.5796778430914686,0.004207573632538569,0.9954682779456193,0.0009648541020653425,0.1740253555660139,0.1124870133368949,0.017641311100652757,0.18966666666666668,0.287
main_shift,reverse_heavy_to_light,right_heavy,left_light,13,1000,3000,monolithic_logistic,0.12616147551412193,0.4037197405916694,0.8106666666666666,0.0035087719298245615,0.9184623915317599,0.0,0.9984894259818731,0.0033521080702174624,0.13058743856681773,2.420735361048166,0.059079228099848904,0.18966666666666668,0.287
main_shift,reverse_heavy_to_light,right_heavy,left_light,13,1000,3000,interaction_logistic,0.12994966921363252,0.5781727830578512,0.8203333333333334,0.10316139767054909,0.8931406647730435,0.0,0.9516616314199395,0.005722746763877466,0.13775646171987263,2.0645805712300653,0.05191020494679405,0.18966666666666668,0.287
main_shift,reverse_heavy_to_light,right_heavy,left_light,13,1000,3000,oracle_gate_class_mean,0.09166867068884775,0.6009789055796856,0.9073333333333333,0.7252964426877471,0.7085724159020964,0.0,0.33081570996978854,1.9259304035647166e-34,0.08157566296296297,1.1709429932019915,0.11286878148148147,0.18966666666666668,0.287
main_shift,reverse_heavy_to_light,right_heavy,left_light,13,1000,3000,oracle_intrinsic,0.055265966666666666,0.19582584331131284,0.9296666666666666,0.8285946385052803,0.9397276970935609,0.0,0.0,1.560003254953661e-32,0.007976666666666642,0.9880969480123626,0.1889033333333333,0.18966666666666668,0.287
main_shift,reverse_heavy_to_light,right_heavy,left_light,14,1000,3000,conserved_quotient,0.08967206769972451,0.2914074346911483,0.8683333333333333,0.734364492266308,0.9341596831624784,0.0,0.0,7.087422195345028e-32,0.08002515151515154,0.7341844619546661,0.26333848484848477,0.19466666666666665,0.301
main_shift,reverse_heavy_to_light,right_heavy,left_light,14,1000,3000,caq_strong_shrinkage,0.09900201945943465,0.3085630063210242,0.8683333333333333,0.734364492266308,0.9341596831624784,0.0,0.0,3.0814879110195774e-32,0.08287112034891642,0.6960934737434092,0.26618445368224974,0.19466666666666665,0.301
main_shift,reverse_heavy_to_light,right_heavy,left_light,14,1000,3000,object_only,0.18472088835797346,0.7460594957432537,0.8053333333333333,0.0,0.4850497255738002,0.0,1.0,1.5798644075051544e-35,0.16844068751461883,0.0,0.026225979152047822,0.19466666666666665,0.301
main_shift,reverse_heavy_to_light,right_heavy,left_light,14,1000,3000,access_only,0.10462579531680442,0.3290110580976915,0.8683333333333333,0.734364492266308,0.8919425576068221,0.0,0.0,8.011868568650901e-32,0.08363121212121209,0.6870958904268142,0.26694454545454543,0.19466666666666665,0.301
main_shift,reverse_heavy_to_light,right_heavy,left_light,14,1000,3000,context_table,0.18646314891196206,0.8176525920979711,0.8,0.006622516556291391,0.5233793828812483,0.007629947544110634,1.0,0.0010287175928647664,0.1738004294358049,-0.22657254638745894,0.02679216315678769,0.19466666666666665,0.301
main_shift,reverse_heavy_to_light,right_heavy,left_light,14,1000,3000,monolithic_logistic,0.1123335128613229,0.38661327007797763,0.8663333333333333,0.7292370020256583,0.8958534144516012,0.0,0.00911854103343465,0.006271965153565179,0.09361156826143349,0.6527246168910871,0.26995193240671594,0.19466666666666665,0.301
main_shift,reverse_heavy_to_light,right_heavy,left_light,14,1000,3000,interaction_logistic,0.10334335637056603,0.383933133212369,0.8666666666666667,0.7275204359673024,0.928989385829629,0.0,0.010638297872340425,0.008084956450895764,0.1019203292849317,0.6715536451410944,0.27555686676755514,0.19466666666666665,0.301
main_shift,reverse_heavy_to_light,right_heavy,left_light,14,1000,3000,oracle_gate_class_mean,0.08469016815666666,0.4696609891925182,0.8683333333333333,0.734364492266308,0.9310057663521727,0.0,0.0,1.232595164407831e-32,0.07792843333333331,0.7464902950767978,0.2612417666666666,0.19466666666666665,0.301
main_shift,reverse_heavy_to_light,right_heavy,left_light,14,1000,3000,oracle_intrinsic,0.05976029999999999,0.21257093526836612,0.926,0.821256038647343,0.9367331375306178,0.0,0.0,3.0814879110195774e-32,0.0124766666666667,0.9813235612756124,0.19077666666666668,0.19466666666666665,0.301
main_shift,reverse_heavy_to_light,right_heavy,left_light,15,1000,3000,conserved_quotient,0.07132078268593552,0.22995142475716762,0.8803333333333333,0.667900092506938,0.9450516879487536,0.0,0.35327635327635326,6.933347799794049e-33,0.06175964935349549,1.348311572307101,0.14724035064650448,0.209,0.29933333333333334
main_shift,reverse_heavy_to_light,right_heavy,left_light,15,1000,3000,caq_strong_shrinkage,0.08408859882596618,0.25712469026515283,0.791,0.0,0.9450516879487536,0.0,1.0,7.703719777548943e-34,0.0921122113915648,1.6360715438721138,0.13583745622476948,0.209,0.29933333333333334
main_shift,reverse_heavy_to_light,right_heavy,left_light,15,1000,3000,object_only,0.19953044984993046,0.8187947159602961,0.791,0.0,0.6061385698088073,0.0,1.0,2.727146893907707e-35,0.1885193507342214,0.0,0.020480649265778573,0.209,0.29933333333333334
main_shift,reverse_heavy_to_light,right_heavy,left_light,15,1000,3000,access_only,0.09351357751479289,0.27650452479177823,0.791,0.0,0.9106508561562124,0.0,1.0,4.622231866529366e-33,0.0753523076923077,1.5825556413152086,0.1336476923076923,0.209,0.29933333333333334
main_shift,reverse_heavy_to_light,right_heavy,left_light,15,1000,3000,context_table,0.20128052441750807,1.0096639332014548,0.791,0.0,0.5734394984511426,0.0,1.0,0.00018051950131976055,0.19167912671686638,0.7861656876312085,0.017320873283133646,0.209,0.29933333333333334
main_shift,reverse_heavy_to_light,right_heavy,left_light,15,1000,3000,monolithic_logistic,0.0786166621492167,0.2694049972846595,0.8893333333333333,0.7722908093278463,0.9334505477961463,0.0,0.05270655270655271,0.01707855155856738,0.04734366286206817,0.8305649656609883,0.24940236912906047,0.209,0.29933333333333334
main_shift,reverse_heavy_to_light,right_heavy,left_light,15,1000,3000,interaction_logistic,0.06803817305544593,0.30123863763088166,0.9233333333333333,0.8208722741433022,0.9336058031912713,0.0,0.0641025641025641,0.01222210133411211,0.05024279625079302,0.8503769108252461,0.22038328205260238,0.209,0.29933333333333334
main_shift,reverse_heavy_to_light,right_heavy,left_light,15,1000,3000,oracle_gate_class_mean,0.07069892735925927,0.33771111758258454,0.8803333333333333,0.667900092506938,0.9005881558280254,0.0,0.35327635327635326,6.933347845711797e-33,0.05735677777777777,1.0030458982575965,0.16696095555555554,0.209,0.29933333333333334
main_shift,reverse_heavy_to_light,right_heavy,left_light,15,1000,3000,oracle_intrinsic,0.05325433333333333,0.18925351405611457,0.9343333333333333,0.8517682468021068,0.9519991988552771,0.0,0.0,3.1007472104634497e-32,0.00845999999999998,1.0242720277811643,0.20053999999999997,0.209,0.29933333333333334
main_shift,reverse_heavy_to_light,right_heavy,left_light,16,1000,3000,conserved_quotient,0.05892984490947595,0.20406061985215737,0.928,0.8208955223880597,0.9436958430913349,0.0,0.0,4.08297148210094e-32,0.028756404151404125,0.9122291828574204,0.2089964041514041,0.18666666666666668,0.288
main_shift,reverse_heavy_to_light,right_heavy,left_light,16,1000,3000,caq_strong_shrinkage,0.07237243562450633,0.2324927187390455,0.878,0.7429775280898876,0.9436958430913349,0.0,0.0,2.1570415377137042e-32,0.0363482831168242,0.871812258714357,0.21658828311682418,0.18666666666666668,0.288
main_shift,reverse_heavy_to_light,right_heavy,left_light,16,1000,3000,object_only,0.170953172133201,0.6115444399061829,0.8133333333333334,0.0,0.6434543325526932,0.0,1.0,6.093762714662738e-35,0.14679770728989552,0.0,0.03986895937677116,0.18666666666666668,0.288
main_shift,reverse_heavy_to_light,right_heavy,left_light,16,1000,3000,access_only,0.08261206785009861,0.25647450722507825,0.878,0.7429775280898876,0.9044452576112412,0.0,0.0,3.0814879110195774e-32,0.03734153846153842,0.8293298109664593,0.21758153846153847,0.18666666666666668,0.288
main_shift,reverse_heavy_to_light,right_heavy,left_light,16,1000,3000,context_table,0.19815455888749603,1.004841966550395,0.7856666666666666,0.1006993006993007,0.6218406030444965,0.05102996254681648,0.9287925696594427,0.03608725441818344,0.17720987433272545,0.046930106176827885,0.0817811923339412,0.18666666666666668,0.288
main_shift,reverse_heavy_to_light,right_heavy,left_light,16,1000,3000,monolithic_logistic,0.07071477825400711,0.23721198466139432,0.8876666666666667,0.7549090909090909,0.9412156030444965,0.0,0.0046439628482972135,0.004888917137719686,0.04235931146059073,0.85491878431777,0.21828680252954655,0.18666666666666668,0.288
main_shift,reverse_heavy_to_light,right_heavy,left_light,16,1000,3000,interaction_logistic,0.06819005461309798,0.29209774942224637,0.9196666666666666,0.7909800520381614,0.9159492096018735,0.0,0.08204334365325078,0.005286799807535185,0.057331432812485913,0.8654471837991494,0.176060354166714,0.18666666666666668,0.288
main_shift,reverse_heavy_to_light,right_heavy,left_light,16,1000,3000,oracle_gate_class_mean,0.060181386494143785,0.3199342980806723,0.928,0.8208955223880597,0.8943164519906324,0.0,0.0,3.08148809469057e-33,0.038653926455026445,0.8550324491602322,0.1962417931216931,0.18666666666666668,0.288
main_shift,reverse_heavy_to_light,right_heavy,left_light,16,1000,3000,oracle_intrinsic,0.055477599999999995,0.1951002794926167,0.928,0.8208955223880597,0.9436958430913349,0.0,0.0,3.4088960015654075e-32,0.009480000000000011,0.9810261733297273,0.18670666666666666,0.18666666666666668,0.288
main_shift,reverse_heavy_to_light,right_heavy,left_light,17,1000,3000,conserved_quotient,0.09482124592416016,0.28177711731917454,0.8326666666666667,0.37092731829573933,0.9323160385007413,0.0,0.6445131375579598,9.62964972193618e-34,0.08925101875901875,1.652196007181861,0.10008231457431457,0.18933333333333333,0.2886666666666667
main_shift,reverse_heavy_to_light,right_heavy,left_light,17,1000,3000,caq_strong_shrinkage,0.09851538022397116,0.28592942041108055,0.8106666666666666,0.0,0.9323160385007413,0.0,1.0,6.355568816477878e-33,0.08962893365893367,1.951020973040564,0.09970439967439969,0.18933333333333333,0.2886666666666667
main_shift,reverse_heavy_to_light,right_heavy,left_light,17,1000,3000,object_only,0.1814119515971043,0.7504038235040204,0.8106666666666666,0.0,0.5472840124629355,0.0,1.0,2.783570622747177e-35,0.16633072460852644,0.0,0.02300260872480689,0.18933333333333333,0.2886666666666667
main_shift,reverse_heavy_to_light,right_heavy,left_light,17,1000,3000,access_only,0.10357726666666664,0.29704375139385486,0.8106666666666666,0.0,0.9060827754355077,0.0,1.0,3.0814879110195774e-33,0.08984666666666666,1.969147362152598,0.09948666666666665,0.18933333333333333,0.2886666666666667
main_shift,reverse_heavy_to_light,right_heavy,left_light,17,1000,3000,context_table,0.18169851186630248,0.7742057372053475,0.8106666666666666,0.0,0.5472847363787992,0.0,1.0,5.1808966391299133e-05,0.16801445483009728,-1.066780127016413,0.02251887850323604,0.18933333333333333,0.2886666666666667
main_shift,reverse_heavy_to_light,right_heavy,left_light,17,1000,3000,monolithic_logistic,0.15447728538530436,0.4972767610476135,0.8103333333333333,0.006980802792321117,0.8954375926612306,0.0,0.9953632148377125,0.006301514577917607,0.14683856360015365,2.12634444334157,0.04299055004207124,0.18933333333333333,0.2886666666666667
main_shift,reverse_heavy_to_light,right_heavy,left_light,17,1000,3000,interaction_logistic,0.127780391426595,0.5318287811687494,0.8333333333333334,0.2331288343558282,0.8400797465715345,0.0,0.8701700154559505,0.016524289354958758,0.12570359804586334,1.4752638329152326,0.06423228352374886,0.18933333333333333,0.2886666666666667
main_shift,reverse_heavy_to_light,right_heavy,left_light,17,1000,3000,oracle_gate_class_mean,0.09524671739666667,0.35874787427790017,0.889,0.6686567164179105,0.8855539693754633,0.0,0.32457496136012365,4.591774807899561e-41,0.08812936666666667,1.349550637236297,0.10120396666666666,0.18933333333333333,0.2886666666666667
main_shift,reverse_heavy_to_light,right_heavy,left_light,17,1000,3000,oracle_intrinsic,0.05342726666666666,0.18797230846320695,0.9316666666666666,0.831275720164609,0.9473097838676797,0.0,0.0,3.1007472104634497e-32,0.005799999999999975,1.004467734918976,0.18609333333333333,0.18933333333333333,0.2886666666666667
main_shift,reverse_heavy_to_light,right_heavy,left_light,18,1000,3000,conserved_quotient,0.07185133722879686,0.24131716333409373,0.8966666666666666,0.7386172006745363,0.937567326130169,0.0,0.31233243967828417,7.125940794232773e-33,0.04385012820512822,1.1954677693809184,0.1804832051282051,0.22433333333333333,0.327
main_shift,reverse_heavy_to_light,right_heavy,left_light,18,1000,3000,caq_strong_shrinkage,0.08001115684098885,0.2593709211856054,0.9156666666666666,0.8217054263565892,0.937567326130169,0.0,0.0,1.5407439555097887e-32,0.07121301994301994,1.2436416330750628,0.18327415954415952,0.22433333333333333,0.327
main_shift,reverse_heavy_to_light,right_heavy,left_light,18,1000,3000,object_only,0.2088630771493852,0.7871332633511628,0.7756666666666666,0.0,0.6243573886496845,0.0,1.0,2.7083389842945504e-35,0.1930800695663723,0.0,0.03125326376696102,0.22433333333333333,0.327
main_shift,reverse_heavy_to_light,right_heavy,left_light,18,1000,3000,access_only,0.08960000216962526,0.278840899646741,0.8746666666666667,0.7726723095525998,0.9048638280129062,0.0,0.0,9.244463733058732e-33,0.041526410256410226,1.2007233843818974,0.18280692307692303,0.22433333333333333,0.327
main_shift,reverse_heavy_to_light,right_heavy,left_light,18,1000,3000,context_table,0.21231331353054259,0.9346237303420054,0.773,0.01447178002894356,0.6139766332433204,0.0064388311045071814,0.9932975871313673,0.0033965416360088986,0.1986466238756667,0.06696016876526882,0.03205270945766664,0.22433333333333333,0.327
main_shift,reverse_heavy_to_light,right_heavy,left_light,18,1000,3000,monolithic_logistic,0.13386651396804458,0.39431765936506,0.7853333333333333,0.1005586592178771,0.9367678732318011,0.0,0.9423592493297587,0.007220030625288634,0.14381843598107036,2.323503367748005,0.08077493204339821,0.22433333333333333,0.327
main_shift,reverse_heavy_to_light,right_heavy,left_light,18,1000,3000,interaction_logistic,0.13510618123600435,0.46246546926407395,0.7916666666666666,0.1677762982689747,0.8743703190979208,0.0,0.8954423592493298,0.01655592210641005,0.14754700915466887,1.8373995260177114,0.07767800481511415,0.22433333333333333,0.327
main_shift,reverse_heavy_to_light,right_heavy,left_light,18,1000,3000,oracle_gate_class_mean,0.07533349942278911,0.3679966397099212,0.8966666666666666,0.7386172006745363,0.8729278557613288,0.0,0.31233243967828417,2.8503763360602083e-32,0.059738357142857156,1.0567710301582443,0.17497592857142855,0.22433333333333333,0.327
main_shift,reverse_heavy_to_light,right_heavy,left_light,18,1000,3000,oracle_intrinsic,0.06507076666666665,0.22419209419751432,0.9156666666666666,0.8217054263565892,0.9429029718320562,0.0,0.0,2.792598419361492e-32,0.016523333333333303,0.9926167226965945,0.2136633333333333,0.22433333333333333,0.327
main_shift,reverse_heavy_to_light,right_heavy,left_light,19,1000,3000,conserved_quotient,0.06728049246996988,0.23100655985001706,0.9203333333333333,0.8220402084884587,0.9360672426495211,0.0,0.0,3.158525108795067e-32,0.038891238138965445,0.9975059243010631,0.2109707147229874,0.21,0.315
main_shift,reverse_heavy_to_light,right_heavy,left_light,19,1000,3000,caq_strong_shrinkage,0.07866460325604752,0.25494934820831866,0.871,0.7542857142857143,0.9360672426495211,0.0,0.0,6.162975822039155e-33,0.052853248924988085,0.9457727452826484,0.2208463558180949,0.21,0.315
main_shift,reverse_heavy_to_light,right_heavy,left_light,19,1000,3000,object_only,0.19699398696089593,0.7464497935982237,0.79,0.0,0.6295512691715224,0.0,1.0,2.482644068936671e-35,0.1806333774370906,0.0,0.029366622562909398,0.21,0.315
main_shift,reverse_heavy_to_light,right_heavy,left_light,19,1000,3000,access_only,0.08626445041322314,0.2718388638114238,0.871,0.7542857142857143,0.8972305940660371,0.0,0.0,9.244463733058732e-33,0.021922727272727264,0.9095514187224232,0.22162272727272725,0.21,0.315
main_shift,reverse_heavy_to_light,right_heavy,left_light,19,1000,3000,context_table,0.19954330572791312,0.9178133009885269,0.787,0.006220839813374806,0.5963947491795593,0.00535279805352798,0.9971949509116409,0.000709099478829417,0.18493364569075385,-0.12100363494883042,0.02806635430924614,0.21,0.315
main_shift,reverse_heavy_to_light,right_heavy,left_light,19,1000,3000,monolithic_logistic,0.1349038478404303,0.4070436021194111,0.806,0.16138328530259366,0.9257805907172996,0.0,0.9116409537166901,0.017138748891331747,0.14068161652390868,2.0506168184481286,0.06931838347609132,0.21,0.315
main_shift,reverse_heavy_to_light,right_heavy,left_light,19,1000,3000,interaction_logistic,0.14431065617632552,0.5747799925950307,0.805,0.1509433962264151,0.8842837050431988,0.0,0.9172510518934082,0.020439034415960698,0.15524645731222686,1.6850145166199975,0.05475354268777314,0.21,0.315
main_shift,reverse_heavy_to_light,right_heavy,left_light,19,1000,3000,oracle_gate_class_mean,0.06914421929185186,0.3219038984377935,0.9203333333333333,0.8220402084884587,0.8831170048891568,0.0,0.0,1.2325951689996058e-32,0.041531155555555574,0.943326306348367,0.1905799555555555,0.21,0.315
main_shift,reverse_heavy_to_light,right_heavy,left_light,19,1000,3000,oracle_intrinsic,0.06341263333333333,0.22129784181641995,0.9203333333333333,0.8220402084884587,0.9372727881588641,0.0,0.0,1.560003254953661e-32,0.01277000000000003,0.9726618801041131,0.20576333333333333,0.21,0.315
