suite,seed,violation_strength,model,brier,log_loss,accuracy,f1,auc,blocked_false_positive_rate,affordance_loss_rate,accessible_prediction_variance,ece,reliability_slope,mean_prediction,positive_rate,access_rate
negative_control,0,0.0,conserved_quotient,0.02854566204050502,0.12026365524424232,0.966875,0.7546296296296297,0.8888803063751427,0.0,0.0,6.162975822039155e-33,0.008187580710074142,0.9567950535752323,0.06486258071007414,0.0678125,0.088125
negative_control,0,0.0,context_table,0.0937627360428698,0.39343875688911156,0.87375,0.13675213675213677,0.5982703831697592,0.07539410555174778,0.8558139534883721,0.011216455447915576,0.15914010683289706,0.1682699234540544,0.20680344973217119,0.0678125,0.088125
negative_control,0,0.0,monolithic_logistic,0.029099479505157438,0.131644148453434,0.966875,0.7546296296296297,0.868352306696472,0.0,0.0,0.0017756988557132802,0.0052988744203724845,1.0457078694940867,0.06773715954834646,0.0678125,0.088125
negative_control,0,0.0,interaction_logistic,0.029997125801606142,0.12632106588142722,0.9628125,0.6972010178117048,0.893680163012833,0.0,0.1813953488372093,0.0051401784512364644,0.008304532087302809,0.9704111009682446,0.06817796309137542,0.0678125,0.088125
negative_control,0,0.0,oracle_intrinsic,0.028596312500000002,0.12047242240449835,0.966875,0.7546296296296297,0.8888803063751427,0.0,0.0,4.3140830754274083e-32,0.009312500000000015,0.9606524993454911,0.06465,0.0678125,0.088125
negative_control,1,0.0,conserved_quotient,0.02994955012078719,0.12617897520458596,0.9653125,0.7602591792656588,0.8932386376632585,0.0,0.0,1.5407439555097887e-32,0.008136670076687363,0.963433515117049,0.06871638120416851,0.07375,0.0921875
negative_control,1,0.0,context_table,0.087837658152879,0.41139143964632885,0.913125,0.08552631578947369,0.5513292275669618,0.017900172117039585,0.9295154185022027,0.014023703025958326,0.10989009532033135,0.18749062192584443,0.17526109316515892,0.07375,0.0921875
negative_control,1,0.0,monolithic_logistic,0.03068358249417783,0.13664111748629432,0.964375,0.7455357142857143,0.8813845238912144,0.0,0.06607929515418502,0.004303991973237808,0.007399989711350263,1.0767046890607674,0.06763521391596802,0.07375,0.0921875
negative_control,1,0.0,interaction_logistic,0.03153405222368092,0.14358569865494464,0.961875,0.7122641509433962,0.8697605732061575,0.0,0.17180616740088106,0.005729946839156384,0.008667955180246045,1.0088203376560343,0.06937305738377182,0.07375,0.0921875
negative_control,1,0.0,oracle_intrinsic,0.02990565625,0.12606861403958838,0.9653125,0.7602591792656588,0.8932386376632585,0.0,0.0,6.162975822039155e-32,0.007603125000000015,0.9795897680522601,0.067959375,0.07375,0.0921875
negative_control,2,0.0,conserved_quotient,0.02892392405144945,0.11977778789982187,0.9653125,0.7272727272727273,0.8645645173957434,0.0,0.0,1.4059288594026822e-32,0.008837212798344502,0.9541767939257314,0.0626872127983445,0.06375,0.08875
negative_control,2,0.0,context_table,0.10541083602322049,0.6730856475514243,0.911875,0.08441558441558442,0.4622585015314537,0.02880658436213992,0.9014778325123153,0.03605691452130477,0.160166077823248,0.00875858587182737,0.18327464797630924,0.06375,0.08875
negative_control,2,0.0,monolithic_logistic,0.03076423524302375,0.13683932186852532,0.9628125,0.6909090909090909,0.8816624780753423,0.0,0.10837438423645321,0.009271350493825208,0.01677380522663074,0.9468184804206263,0.05822686803828553,0.06375,0.08875
negative_control,2,0.0,interaction_logistic,0.03139884392469433,0.14212398238027968,0.964375,0.715,0.8866675174742794,0.0,0.034482758620689655,0.00844648507008433,0.019098339817717434,0.8534357082302813,0.06003372153434659,0.06375,0.08875
negative_control,2,0.0,oracle_intrinsic,0.028722249999999998,0.11912356460238252,0.9653125,0.7272727272727273,0.8645645173957434,0.0,0.0,1.560003254953661e-32,0.007781250000000003,0.9480986372305087,0.061631250000000005,0.06375,0.08875
negative_control,3,0.0,conserved_quotient,0.030998971330553876,0.12923860624949213,0.96375,0.7444933920704846,0.8719041297405906,0.0,0.0,6.162975822039155e-33,0.008710982455839752,1.0101275052718068,0.06513525157122028,0.0734375,0.0915625
negative_control,3,0.0,context_table,0.1230927325184398,0.6613451530339922,0.85625,0.16363636363636364,0.57633238850418,0.09012727898176814,0.7579908675799086,0.05096789289011375,0.18241749003211816,0.1183888909447605,0.23237800565711816,0.0734375,0.0915625
negative_control,3,0.0,monolithic_logistic,0.033325204971124005,0.14874041048437658,0.96375,0.7444933920704846,0.8901137382942844,0.0,0.0,0.0004127085462855387,0.03843579453655239,1.052691632889529,0.10771993006665098,0.0734375,0.0915625
negative_control,3,0.0,interaction_logistic,0.034973196003928064,0.15720461277840958,0.96375,0.7444933920704846,0.8520512360518101,0.0,0.0,0.0005751398180829431,0.04079985776013096,0.9702439651779775,0.11295035757149323,0.0734375,0.0915625
negative_control,3,0.0,oracle_intrinsic,0.03104746875,0.1293122619314911,0.96375,0.7444933920704846,0.8719041297405906,0.0,0.0,6.162975822039155e-33,0.009709375,0.9909460328984937,0.065565625,0.0734375,0.0915625
negative_control,4,0.0,conserved_quotient,0.031198958315321285,0.1309168461818397,0.9646875,0.7631027253668763,0.8690545277927384,0.0,0.0,3.129636159629258e-33,0.013057985122470368,0.9475961778214079,0.06955043286040881,0.0759375,0.0903125
negative_control,4,0.0,context_table,0.0910951426402256,0.5284289250209848,0.9134375,0.03484320557491289,0.43711719836170293,0.01202335967021642,0.9615384615384616,0.0152548427370927,0.12678906482444993,-0.06489673889396902,0.154884630669218,0.0759375,0.0903125
negative_control,4,0.0,monolithic_logistic,0.0330945559635447,0.15368124843707776,0.9625,0.7379912663755459,0.8685368192376046,0.0,0.0811965811965812,0.006029090664783375,0.017586382284774327,1.1761420177560973,0.05835111771522568,0.0759375,0.0903125
negative_control,4,0.0,interaction_logistic,0.03653370520622337,0.150393222779729,0.954375,0.6490384615384616,0.8924404809122805,0.0,0.2606837606837607,0.00814093235828385,0.014145135812933467,1.0157966566608723,0.0708476405994348,0.0759375,0.0903125
negative_control,4,0.0,oracle_intrinsic,0.03107071875,0.13030095612953876,0.9646875,0.7631027253668763,0.8690545277927384,0.0,0.0,2.7733391199176196e-32,0.011690625000000012,0.9702915951856954,0.069409375,0.0759375,0.0903125
negative_control,5,0.0,conserved_quotient,0.030768683969387298,0.13073212157449254,0.9646875,0.7580299785867237,0.8631111493156459,0.0,0.0,6.355568816477878e-33,0.01037452557019569,1.0151809055295276,0.06587547442980429,0.07625,0.0925
negative_control,5,0.0,context_table,0.09343379148826092,0.4800821306302167,0.8978125,0.13262599469496023,0.4920237250160829,0.03787878787878788,0.8968609865470852,0.017207324324377767,0.12606508771390418,0.06659937627434108,0.1730265731206398,0.07625,0.0925
negative_control,5,0.0,monolithic_logistic,0.030844712300171172,0.14412973287377256,0.9646875,0.7580299785867237,0.8766997936955123,0.0,0.0,0.0018518586621788433,0.00966191734643335,0.9839825946881319,0.07150830195391944,0.07625,0.0925
negative_control,5,0.0,interaction_logistic,0.03081683477653918,0.13630333591380983,0.9646875,0.7580299785867237,0.8771864393620089,0.0,0.0,0.0022999717854962566,0.010564168616689977,0.9588534715529629,0.07174935021732029,0.07625,0.0925
negative_control,5,0.0,oracle_intrinsic,0.030584624999999997,0.1302429157316031,0.9646875,0.7580299785867237,0.8631111493156459,0.0,0.0,3.0814879110195774e-32,0.009318750000000002,1.0122924953744035,0.06693125,0.07625,0.0925
negative_control,6,0.0,conserved_quotient,0.027515655875175175,0.11379687520399578,0.9675,0.7739130434782608,0.8903936742934051,0.0,0.0,3.4666738998970245e-32,0.00668139450910315,0.9868956911749166,0.06843870761147358,0.07125,0.09125
negative_control,6,0.0,context_table,0.09209188574451481,0.46057896432800743,0.9028125,0.09329446064139942,0.5486942457084839,0.031292984869325996,0.896551724137931,0.020238792624603003,0.14116937826419723,0.07403047574714637,0.18183617591745396,0.07125,0.09125
negative_control,6,0.0,monolithic_logistic,0.028858650670841215,0.12914751436257924,0.964375,0.7432432432432432,0.8968353757880569,0.0,0.06896551724137931,0.007146822046012252,0.01168922575657098,0.9904417011496598,0.06641589336358392,0.07125,0.09125
negative_control,6,0.0,interaction_logistic,0.029098979096575862,0.12355739647799524,0.9634375,0.7334851936218679,0.9116298906755449,0.0,0.09051724137931035,0.008973314263772252,0.011508996208476957,0.9533023583119941,0.06882969908871577,0.07125,0.09125
negative_control,6,0.0,oracle_intrinsic,0.027278624999999997,0.11300059173892339,0.9675,0.7739130434782608,0.8903936742934051,0.0,0.0,3.4088960015654075e-32,0.006137499999999997,0.983934936161812,0.0683,0.07125,0.09125
negative_control,7,0.0,conserved_quotient,0.03372088669822132,0.13444783067829735,0.9565625,0.7048832271762208,0.8852791848684822,0.0,0.0,9.437056727497456e-33,0.010254948000736418,1.0072037664715225,0.06504959745380905,0.0725,0.100625
negative_control,7,0.0,context_table,0.10928976606780061,0.7031671314077531,0.9028125,0.0771513353115727,0.4911687308300028,0.028839471855455177,0.9079497907949791,0.03644183255620262,0.12898222397873882,0.05054933297207291,0.18016882361579079,0.0725,0.100625
negative_control,7,0.0,monolithic_logistic,0.04012851525732595,0.1674702791041764,0.9565625,0.7073684210526315,0.8912944976298912,0.0,0.0,0.005893857156080012,0.052532774622096934,0.8503037009330925,0.1246209909592091,0.0725,0.100625
negative_control,7,0.0,interaction_logistic,0.040582567763185085,0.16733402589953061,0.9528125,0.688659793814433,0.8923575611116275,0.0,0.008368200836820083,0.010828070636443528,0.05483612257341185,0.834214159537743,0.12733612257341187,0.0725,0.100625
negative_control,7,0.0,oracle_intrinsic,0.0342018125,0.13551157853148194,0.9565625,0.7048832271762208,0.8852791848684822,0.0,0.0,8.011868568650901e-32,0.013450000000000017,0.9004138771154293,0.0709875,0.0725,0.100625
negative_control,8,0.0,conserved_quotient,0.02629288719993039,0.10780829320978814,0.969375,0.7923728813559322,0.9070114608331128,0.0,0.0,0.0,0.008151085301105462,1.043507969870632,0.0669586781311319,0.0728125,0.09625
negative_control,8,0.0,context_table,0.09519940116674792,0.4563561539474753,0.86625,0.12295081967213115,0.5137195849624844,0.07710926694329184,0.8661087866108786,0.013843357387992732,0.1252464459610647,0.09138689973930277,0.179354455044695,0.0728125,0.09625
negative_control,8,0.0,monolithic_logistic,0.028425561061625446,0.1212853629868126,0.965625,0.7555555555555555,0.9156862830187861,0.0,0.09205020920502092,0.0035147544007665863,0.011962892694296606,1.1692587091302376,0.0654083608613536,0.0728125,0.09625
negative_control,8,0.0,interaction_logistic,0.027828547258058313,0.12242487500619667,0.9671875,0.7619047619047619,0.9012933397559131,0.0,0.1297071129707113,0.005118995314604169,0.012802378743341414,1.114929468214242,0.06095757141429696,0.0728125,0.09625
negative_control,8,0.0,oracle_intrinsic,0.025942499999999997,0.10664329281956826,0.969375,0.7923728813559322,0.9070114608331128,0.0,0.0,1.5407439555097887e-32,0.004618750000000002,1.0202598078744622,0.06946875000000001,0.0728125,0.09625
negative_control,9,0.0,conserved_quotient,0.02436541562653122,0.10617449680098467,0.9734375,0.7901234567901234,0.896447424919805,0.0,0.0,3.389636702121535e-32,0.008643807748969296,1.0451873889743308,0.06083736352905996,0.06625,0.08625
negative_control,9,0.0,context_table,0.09044940172682665,0.3585091977001508,0.9003125,0.10140845070422536,0.5724170265969538,0.04274965800273598,0.9067357512953368,0.011991485384778186,0.15355054224541215,0.1783025996922118,0.2101684871180282,0.06625,0.08625
negative_control,9,0.0,monolithic_logistic,0.02515581132417937,0.11293307946564303,0.9734375,0.7901234567901234,0.9012906973807179,0.0,0.0,0.0020705430534009124,0.008425880932885299,1.1075808094512747,0.0626422159775059,0.06625,0.08625
negative_control,9,0.0,interaction_logistic,0.025139067912930742,0.1079748361707363,0.9728125,0.7830423940149626,0.9061923795812179,0.0,0.02072538860103627,0.002029306793940334,0.009721992685842808,1.086439132530763,0.059045092782983366,0.06625,0.08625
negative_control,9,0.0,oracle_intrinsic,0.024337249999999998,0.10598869944427464,0.9734375,0.7901234567901234,0.896447424919805,0.0,0.0,2.7733391199176196e-32,0.007006249999999997,1.0393825670396353,0.060668750000000014,0.06625,0.08625
negative_control,10,0.0,conserved_quotient,0.028839803887632996,0.12367009640327511,0.9665625,0.7458432304038005,0.8612320816423635,0.0,0.0,2.0222264416065976e-32,0.011196904874085005,1.0013340083496869,0.06187077102452748,0.0678125,0.0884375
negative_control,10,0.0,context_table,0.10773713294126683,0.6631408729147316,0.903125,0.07738095238095238,0.5602546534818658,0.03393897840246829,0.9019607843137255,0.03774278252844695,0.13216554874620728,0.07936111973581655,0.19091050578357496,0.0678125,0.0884375
negative_control,10,0.0,monolithic_logistic,0.029218223043592798,0.13408514306864439,0.9665625,0.7458432304038005,0.8720522283724516,0.0,0.0,0.0017908690785255364,0.012720687625908843,0.9689150796989712,0.06377145158991643,0.0678125,0.0884375
negative_control,10,0.0,interaction_logistic,0.028657235904694045,0.12576363677532196,0.9665625,0.7458432304038005,0.8737731940288362,0.0,0.0,0.0011592522001105995,0.010432350285815399,0.9684401111395353,0.06237209931152382,0.0678125,0.0884375
negative_control,10,0.0,oracle_intrinsic,0.02869490625,0.12314797370005812,0.9665625,0.7458432304038005,0.8612320816423635,0.0,0.0,3.0814879110195774e-33,0.009546874999999998,1.00030165216683,0.061665625,0.0678125,0.0884375
negative_control,11,0.0,conserved_quotient,0.02425034207585235,0.10390476747922729,0.9721875,0.7588075880758808,0.8682350537455674,0.0,0.0,1.3096323621833204e-32,0.004909712505643982,0.9994101654400419,0.05711250687199873,0.06,0.0771875
negative_control,11,0.0,context_table,0.10561528295015034,0.5928921319152828,0.891875,0.11282051282051282,0.5580223570478723,0.05926176769387064,0.8700564971751412,0.038180470132329995,0.15251313788501134,0.08438063451931378,0.21251313788501136,0.06,0.0771875
negative_control,11,0.0,monolithic_logistic,0.024906957172767415,0.11407312266921293,0.9721875,0.7588075880758808,0.8817787982047872,0.0,0.0,0.0018904846856111605,0.0037084926051644596,0.9748715032306294,0.060985511341582296,0.06,0.0771875
negative_control,11,0.0,interaction_logistic,0.024834162669132093,0.10761863452939636,0.9721875,0.7588075880758808,0.8853872312721631,0.0,0.0,0.0030792920170549893,0.0069839580355521135,0.9955479023436419,0.057815480216710534,0.06,0.0771875
negative_control,11,0.0,oracle_intrinsic,0.024280406249999994,0.10396327846550905,0.9721875,0.7588075880758808,0.8682350537455674,0.0,0.0,1.232595164407831e-32,0.005215625000000007,1.0128409430742122,0.055646875,0.06,0.0771875
negative_control,12,0.0,conserved_quotient,0.021968520371256614,0.0887043308223928,0.973125,0.8009259259259259,0.9382839764761471,0.0,0.0,3.4088960015654075e-32,0.0029337508987360207,0.9807917383519372,0.06881842057397505,0.0659375,0.093125
negative_control,12,0.0,context_table,0.08074816664050488,0.42841096024144304,0.92875,0.02564102564102564,0.5023252716516643,0.006891798759476223,0.9864253393665159,0.009556910289755596,0.10834098321538488,0.03429822260391223,0.15462879248999184,0.0659375,0.093125
negative_control,12,0.0,monolithic_logistic,0.023329216080585448,0.10844557421367541,0.973125,0.8009259259259259,0.9281774087927456,0.0,0.0,0.001910887622113657,0.02568954572801252,1.0364713078820653,0.08734329759854866,0.0659375,0.093125
negative_control,12,0.0,interaction_logistic,0.02423158847900702,0.10735930963108917,0.973125,0.8009259259259259,0.9178853267668655,0.0,0.0,0.003440809413214387,0.01960176316717126,0.9751666241235991,0.08322073653604548,0.0659375,0.093125
negative_control,12,0.0,oracle_intrinsic,0.0219493125,0.0886758633158448,0.973125,0.8009259259259259,0.9382839764761471,0.0,0.0,5.238529448733282e-32,0.0030874999999999874,1.006357986197286,0.0669375,0.0659375,0.093125
negative_control,13,0.0,conserved_quotient,0.02641264788706727,0.11526756949064118,0.97,0.7635467980295566,0.8782019429845517,0.0,0.0,6.162975822039155e-33,0.008106700615448771,1.0046293106958208,0.06034515606707386,0.065625,0.084375
negative_control,13,0.0,context_table,0.10396376190474303,0.6205926898997123,0.9084375,0.06389776357827476,0.5357318044274566,0.032081911262798635,0.9540816326530612,0.025655947472415813,0.12663068421516321,0.060306300359472084,0.1912272772771192,0.065625,0.084375
negative_control,13,0.0,monolithic_logistic,0.027093984606762406,0.12665082354447854,0.9696875,0.7604938271604939,0.8725656951743909,0.0,0.00510204081632653,0.0028892537399952166,0.0111175656654986,1.128339352141385,0.05792113996359111,0.065625,0.084375
negative_control,13,0.0,interaction_logistic,0.027166187016937734,0.1230491118851871,0.97,0.7635467980295566,0.872815734989648,0.0,0.0,0.004212339226263907,0.010221024315608196,1.1217264047343003,0.0569023381109241,0.065625,0.084375
negative_control,13,0.0,oracle_intrinsic,0.026443562499999997,0.1153620883240749,0.97,0.7635467980295566,0.8782019429845517,0.0,0.0,5.546678239835239e-32,0.008618749999999993,0.992058920579433,0.06100625,0.065625,0.084375
negative_control,14,0.0,conserved_quotient,0.02758922914714375,0.11552530969632825,0.9684375,0.7577937649880095,0.8934529293031795,0.0,0.0,1.617781153285278e-32,0.010215435603481655,1.0217732547310532,0.0623679366823079,0.0659375,0.0890625
negative_control,14,0.0,context_table,0.09747795460040727,0.412891158738082,0.8771875,0.11685393258426967,0.5617992671390676,0.06895368782161235,0.8398058252427184,0.02722764390936876,0.1241288311132708,0.10699650782478709,0.1900663311132708,0.0659375,0.0890625
negative_control,14,0.0,monolithic_logistic,0.028454842550221075,0.12138829986997747,0.9684375,0.7577937649880095,0.8863447173601785,0.0,0.0,0.0016219701841258404,0.008052240237347689,0.9689356095841807,0.06778759331693167,0.0659375,0.0890625
negative_control,14,0.0,interaction_logistic,0.029361833438712997,0.12525808548812445,0.9678125,0.7518072289156627,0.8806207278187478,0.0,0.009708737864077669,0.00881727832146017,0.014938122080251937,0.9227153764655907,0.0651100021273086,0.0659375,0.0890625
negative_control,14,0.0,oracle_intrinsic,0.02710059375,0.11402460224378348,0.9684375,0.7577937649880095,0.8934529293031795,0.0,0.0,1.5407439555097887e-32,0.006615625000000005,0.9743964856354398,0.063234375,0.0659375,0.0890625
negative_control,15,0.0,conserved_quotient,0.02603472330466122,0.11141692671286896,0.9703125,0.7677261613691931,0.8844080869463598,0.0,0.0,6.162975822039155e-33,0.0063005513447275535,0.994335619817269,0.06307807180603707,0.0671875,0.0821875
negative_control,15,0.0,context_table,0.08323194190615514,0.3577646182420591,0.9265625,0.0,0.5557321491176814,0.006128702757916241,0.9896907216494846,0.009242207235003307,0.13348195524901565,0.1476233116273209,0.18526863164842644,0.0671875,0.0821875
negative_control,15,0.0,monolithic_logistic,0.026660918174427825,0.1277319909065786,0.9703125,0.7677261613691931,0.8902450235674496,0.0,0.0,0.001218820035685133,0.015260468334109274,1.0778145218140693,0.0538242790383462,0.0671875,0.0821875
negative_control,15,0.0,interaction_logistic,0.027732167001754,0.12499637120698973,0.964375,0.6968085106382979,0.8965089010946203,0.0,0.17525773195876287,0.0049279668089178465,0.015466805861782413,1.045997378595946,0.05316076811674154,0.0671875,0.0821875
negative_control,15,0.0,oracle_intrinsic,0.02611303125,0.11168690420332084,0.9703125,0.7677261613691931,0.8844080869463598,0.0,0.0,3.0814879110195774e-33,0.007534374999999996,1.0368358548842327,0.059653125,0.0671875,0.0821875
negative_control,16,0.0,conserved_quotient,0.02839223901077573,0.1185015522985795,0.9665625,0.7482352941176471,0.8671905776357887,0.0,0.0,1.232595164407831e-32,0.009521156880227094,0.9726851003510767,0.06571011476033345,0.0678125,0.0921875
negative_control,16,0.0,context_table,0.11954915663242857,0.634271492194202,0.9075,0.09202453987730061,0.5466398686257455,0.03235800344234079,0.9278846153846154,0.03345935710558931,0.19447528278194456,0.07538273206356723,0.24636558870299724,0.0678125,0.0921875
negative_control,16,0.0,monolithic_logistic,0.03327043173001374,0.14908076034524875,0.965625,0.7488584474885844,0.8791183835899591,0.0,0.0,0.004027417162440688,0.04023467170229312,0.8684203139434736,0.10790797520629208,0.0678125,0.0921875
negative_control,16,0.0,interaction_logistic,0.032825473323629645,0.1413468170471145,0.961875,0.7288888888888889,0.8960252490688402,0.0,0.0,0.006566161482450605,0.043032834380212104,0.8642676938109524,0.1108453343802121,0.0678125,0.0921875
negative_control,16,0.0,oracle_intrinsic,0.02839678125,0.11857316221714624,0.9665625,0.7482352941176471,0.8671905776357887,0.0,0.0,2.7733391199176196e-32,0.008959374999999995,0.9698445672466363,0.064278125,0.0678125,0.0921875
negative_control,17,0.0,conserved_quotient,0.027270271307381758,0.11273244181857629,0.9678125,0.7599067599067599,0.898236646752516,0.0,0.0,1.8681520460556188e-32,0.009889513706840207,0.9040610297579448,0.0696332637068402,0.0665625,0.0909375
negative_control,17,0.0,context_table,0.12590834064711065,0.6450506657603223,0.8296875,0.10214168039538715,0.5461239706961779,0.12066002062564456,0.8425925925925926,0.040633612863595917,0.1952974469642094,0.0805048085489666,0.25230073285251525,0.0665625,0.0909375
negative_control,17,0.0,monolithic_logistic,0.027341181316531005,0.11473340401083788,0.9678125,0.7599067599067599,0.9127612455224596,0.0,0.0,0.0022782356845750125,0.005365897411085045,0.9873455116906756,0.0646215830671124,0.0665625,0.0909375
negative_control,17,0.0,interaction_logistic,0.028164421658876115,0.12186331074013868,0.9671875,0.7540983606557377,0.8913665005320395,0.0,0.009259259259259259,0.005868677939088792,0.01192867332150182,1.024971286325439,0.060895021583478426,0.0665625,0.0909375
negative_control,17,0.0,oracle_intrinsic,0.026902906249999997,0.11154990010938468,0.9678125,0.7599067599067599,0.898236646752516,0.0,0.0,1.1709654061874394e-31,0.006646875000000016,0.9468402593469376,0.066390625,0.0665625,0.0909375
negative_control,18,0.0,conserved_quotient,0.03104634362626328,0.13269620865679574,0.965,0.7511111111111111,0.8766268670372149,0.0,0.0,6.162975822039155e-33,0.011234559575992918,0.9529421529354879,0.06876580957599292,0.07375,0.0921875
negative_control,18,0.0,context_table,0.09293364878461496,0.4435779422700682,0.9071875,0.11343283582089553,0.5535808229831424,0.027538726333907058,0.9112149532710281,0.022695805794788294,0.1356399744075233,0.11403600659947889,0.172553041032722,0.07375,0.0921875
negative_control,18,0.0,monolithic_logistic,0.031724018578760685,0.14286418723094485,0.965,0.7511111111111111,0.8767698254763375,0.0,0.0,0.002568641726114115,0.012055200942007384,0.9755541568521907,0.07216149480343455,0.07375,0.0921875
negative_control,18,0.0,interaction_logistic,0.03149736787981783,0.14023343954369122,0.9634375,0.7358916478555305,0.8765110707015257,0.0,0.03271028037383177,0.0039223019679022145,0.009308812046056297,0.9668643342822126,0.06990202979174412,0.07375,0.0921875
negative_control,18,0.0,oracle_intrinsic,0.030749281249999996,0.13182510550823182,0.965,0.7511111111111111,0.8766268670372149,0.0,0.0,3.4088960015654075e-32,0.010884375000000002,0.9871739282355876,0.06589062500000001,0.07375,0.0921875
negative_control,19,0.0,conserved_quotient,0.03356341326107775,0.1407632688556238,0.9615625,0.7331887201735358,0.8735807624873042,0.0,0.0,3.871119188218344e-32,0.013027678175535937,0.9437198127204477,0.06932588259542542,0.074375,0.0965625
negative_control,19,0.0,context_table,0.10527680706647649,0.441277472386191,0.845625,0.1423611111111111,0.5747223940217545,0.10031131096506399,0.7847533632286996,0.022261756434837864,0.16058129792045275,0.08905242375498827,0.20755307871755424,0.074375,0.0965625
negative_control,19,0.0,monolithic_logistic,0.03450688747451169,0.1513790342498317,0.9615625,0.7331887201735358,0.8639588853772434,0.0,0.0,0.001742244782538422,0.010648765711065593,0.9079427137758274,0.0811166594236208,0.074375,0.0965625
negative_control,19,0.0,interaction_logistic,0.03536959020524855,0.15210591870377074,0.960625,0.7248908296943232,0.8659916363574465,0.0,0.013452914798206279,0.0040381161213703335,0.01162303184090231,0.8729652977867772,0.07890155793054932,0.074375,0.0965625
negative_control,19,0.0,oracle_intrinsic,0.03338846875,0.14004203085328268,0.9615625,0.7331887201735358,0.8735807624873042,0.0,0.0,3.0814879110195774e-32,0.011659375000000013,0.9584114741417389,0.067315625,0.074375,0.0965625
negative_control,0,0.25,conserved_quotient,0.034693141250331905,0.1347978723918413,0.9565625,0.669833729216152,0.8787915637099442,0.0,0.0,4.3140830754274083e-32,0.01524339992687538,0.8527491801750351,0.0639121674012463,0.064375,0.088125
negative_control,0,0.25,context_table,0.08804124216230924,0.3896454237588983,0.905625,0.09580838323353294,0.561485430407741,0.0387251542152159,0.9006622516556292,0.012821134453863105,0.1519608574800556,0.09524158332884083,0.19368776287932962,0.064375,0.088125
negative_control,0,0.25,monolithic_logistic,0.034510734648633815,0.14496481656439075,0.95625,0.6335078534031413,0.8560892010558333,0.0,0.026490066225165563,0.0031210558757643414,0.013035283073257086,1.0881656409456517,0.052295168365560606,0.064375,0.088125
negative_control,0,0.25,interaction_logistic,0.03595964574400792,0.14277769302638782,0.946875,0.5029239766081871,0.8799557042888366,0.0,0.1986754966887417,0.01022323272914894,0.014252886093183674,1.0459693207777048,0.05470113594128199,0.064375,0.088125
negative_control,0,0.25,oracle_intrinsic,0.033439469728163515,0.13127091087575973,0.9565625,0.669833729216152,0.8787283304473024,0.0,0.0,0.002075782674404815,0.007661748041927191,0.9833402554431036,0.059613739885275,0.064375,0.088125
negative_control,1,0.25,conserved_quotient,0.034576942315390075,0.13715852213406116,0.9575,0.6977777777777778,0.8838027267345614,0.0,0.0,1.8681520460556188e-32,0.01424155320208568,0.8870318105275896,0.06746564999481955,0.0696875,0.0921875
negative_control,1,0.25,context_table,0.08394509121511563,0.398163273286568,0.9209375,0.06642066420664207,0.5421249007713848,0.012048192771084338,0.9192546583850931,0.013169561195382469,0.10847368545085524,0.16321571306679727,0.17081108954568283,0.0696875,0.0921875
negative_control,1,0.25,monolithic_logistic,0.03687004125993974,0.1527396083639301,0.95125,0.5617977528089888,0.8713138546494725,0.0,0.17391304347826086,0.006316561805326944,0.02256501655258933,1.2229754050694481,0.04825483114226335,0.0696875,0.0921875
negative_control,1,0.25,interaction_logistic,0.037320744923061276,0.15019402560333425,0.94875,0.536723163841808,0.8722628341951976,0.0,0.3167701863354037,0.010002629151829525,0.024367738910806524,1.2522729486111035,0.04611675855749563,0.0696875,0.0921875
negative_control,1,0.25,oracle_intrinsic,0.03428052413462547,0.1362628338426586,0.9575,0.6977777777777778,0.8829200251253632,0.0,0.0,0.0018426589256367927,0.011795188735288965,1.0233727831989727,0.062323569267888006,0.0696875,0.0921875
negative_control,2,0.25,conserved_quotient,0.03393531404865138,0.1312490999918163,0.9559375,0.6483790523690773,0.8561480898256382,0.0,0.0,6.162975822039155e-33,0.011406664676905504,0.86698878582409,0.062296327660161806,0.061875,0.08875
negative_control,2,0.25,context_table,0.10345132958518595,0.6708128953834032,0.91375,0.08609271523178808,0.4552436422856143,0.02880658436213992,1.0,0.03666735896902892,0.16039980285490915,0.0074296438338523705,0.1810083730079704,0.061875,0.08875
negative_control,2,0.25,monolithic_logistic,0.03493286334152697,0.14840612390790484,0.9496875,0.5564738292011019,0.8739544007698571,0.0,0.06818181818181818,0.01062546498675914,0.019709826896634898,0.9204571343026992,0.052271466055394615,0.061875,0.08875
negative_control,2,0.25,interaction_logistic,0.03596183132109055,0.14849004721283787,0.9509375,0.5368731563421829,0.8899336469289834,0.0,0.3939393939393939,0.01602021935212016,0.02181212611797086,1.014286298785612,0.04608460056195304,0.061875,0.08875
negative_control,2,0.25,oracle_intrinsic,0.032900763226120434,0.12852640643395646,0.9559375,0.6483790523690773,0.8567604761808626,0.0,0.0,0.0014826164641485995,0.010057742486149426,0.9853512525175816,0.05797297728418109,0.061875,0.08875
negative_control,3,0.25,conserved_quotient,0.037203728831147066,0.1433716389439185,0.951875,0.6531531531531531,0.8614961718020542,0.0,0.0,3.0814879110195774e-33,0.016188126071010365,0.9052014218220682,0.06481081447628786,0.0703125,0.0915625
negative_control,3,0.25,context_table,0.12092352165663574,0.6413212658299713,0.880625,0.14349775784753363,0.56034360410831,0.06054351565187478,0.8827586206896552,0.05109995683374728,0.1873921666868405,0.10468875826431931,0.24171411981184054,0.0703125,0.0915625
negative_control,3,0.25,monolithic_logistic,0.039435337907650275,0.16195724002626669,0.951875,0.6531531531531531,0.8791200746965453,0.0,0.0,0.0010853680318072042,0.04467298141708923,0.9466493330817314,0.10776101700373523,0.0703125,0.0915625
negative_control,3,0.25,interaction_logistic,0.04105658637782742,0.16995383695753113,0.9484375,0.5758354755784062,0.864981512605042,0.0,0.3793103448275862,0.0038039326999581907,0.05201773681430513,0.9257767350517108,0.1133703544222129,0.0703125,0.0915625
negative_control,3,0.25,oracle_intrinsic,0.03600574103493774,0.14030115006647287,0.951875,0.6531531531531531,0.862296918767507,0.0,0.0,0.001842430936678752,0.010775446643512676,1.0228340368056146,0.06111012248991238,0.0703125,0.0915625
negative_control,4,0.25,conserved_quotient,0.040238222226642646,0.15310447773175964,0.9509375,0.6503340757238307,0.845472322854583,0.0,0.0,4.391120273202898e-32,0.023328849419258908,0.7662398735758248,0.0689519597500201,0.0671875,0.0903125
negative_control,4,0.25,context_table,0.08431020998690698,0.46358406543165187,0.9215625,0.03088803088803089,0.44388298079545013,0.01202335967021642,0.9722222222222222,0.014951879665625648,0.12611622602252495,-0.04781651146607223,0.16044796585377955,0.0671875,0.0903125
negative_control,4,0.25,monolithic_logistic,0.039417618868150275,0.16901850807141042,0.94625,0.5763546798029556,0.8442117564567021,0.0,0.12222222222222222,0.006995891859289316,0.018684678230308394,0.9959908330544114,0.053960680161097646,0.0671875,0.0903125
negative_control,4,0.25,interaction_logistic,0.041231248366909445,0.15401655140751327,0.9428125,0.5271317829457365,0.8868855907444197,0.0,0.06111111111111111,0.010787764756683697,0.017162703769474544,0.9387591953173635,0.06151536867595631,0.0671875,0.0903125
negative_control,4,0.25,oracle_intrinsic,0.03691928502701454,0.1428916606690378,0.9509375,0.6503340757238307,0.8459631490787269,0.0,0.0,0.0015599524894841428,0.014440417888036062,0.9337740400773079,0.06255337329700686,0.0671875,0.0903125
negative_control,5,0.25,conserved_quotient,0.040013213603440304,0.15342227286383453,0.949375,0.6383928571428571,0.8443802054154995,0.0,0.0,2.484449628259534e-32,0.020971136680905167,0.8356399086946462,0.0660662248600004,0.0703125,0.0925
negative_control,5,0.25,context_table,0.09411478962272542,0.4620802721486386,0.894375,0.11052631578947368,0.49353352007469653,0.044765840220385676,0.8571428571428571,0.022141104925004786,0.15383169450643297,-0.01381262479017571,0.18277641594035884,0.0703125,0.0925
negative_control,5,0.25,monolithic_logistic,0.04022532040900112,0.1655694458407411,0.949375,0.6383928571428571,0.8588354808590103,0.0,0.0,0.0020124654685814043,0.017920372916824134,0.7932519204762333,0.0766899612530115,0.0703125,0.0925
negative_control,5,0.25,interaction_logistic,0.04061596560622464,0.1667159702904092,0.9475,0.6455696202531646,0.857703081232493,0.0,0.0,0.006926901122454393,0.016948665517814283,0.8065678206428426,0.08017717277009954,0.0703125,0.0925
negative_control,5,0.25,oracle_intrinsic,0.03797773871882759,0.14712637289706634,0.949375,0.6383928571428571,0.8441501400560224,0.0,0.0,0.0015806243646424112,0.010932439627553251,0.9828499333255359,0.06171724823007292,0.0703125,0.0925
negative_control,6,0.25,conserved_quotient,0.03479176563618121,0.13117161795947743,0.955625,0.6743119266055045,0.8709046702793267,0.0,0.0,9.244463733058732e-33,0.013680798155262124,0.8275243694370069,0.06737026085946336,0.06375,0.09125
negative_control,6,0.25,context_table,0.08785800843088225,0.4443647879944953,0.9090625,0.0877742946708464,0.5299451556323463,0.031292984869325996,0.9936708860759493,0.020233504468025135,0.14504522426896765,0.04195439862448742,0.18008702192222437,0.06375,0.09125
negative_control,6,0.25,monolithic_logistic,0.03588126540437342,0.14703629249437114,0.949375,0.595,0.8780154585198565,0.0,0.0189873417721519,0.009236214995080146,0.021224951407597368,0.8752353457004085,0.0583975098994053,0.06375,0.09125
negative_control,6,0.25,interaction_logistic,0.03716137288591382,0.14363241234697707,0.9496875,0.5796344647519582,0.8964747113798791,0.0,0.03164556962025317,0.0108985916821095,0.02290408161814831,0.838735124639227,0.05853254801999572,0.06375,0.09125
negative_control,6,0.25,oracle_intrinsic,0.03310035819930811,0.12629983800290975,0.955625,0.6743119266055045,0.8705168983481243,0.0,0.0,0.0025472401248966335,0.008995096102282706,0.9433958970100045,0.06277467728405907,0.06375,0.09125
negative_control,7,0.25,conserved_quotient,0.03819426240292389,0.14456007538650426,0.9465625,0.6274509803921569,0.875274557657108,0.0,0.0,1.560003254953661e-32,0.015458543258232801,0.9103766723673244,0.06403656803957392,0.06875,0.100625
negative_control,7,0.25,context_table,0.10897016556000594,0.7110053278408407,0.9040625,0.055384615384615386,0.45700427089688833,0.028839471855455177,1.0,0.03659448082355789,0.13339730788863993,0.002122665569196316,0.17751296900110172,0.06875,0.100625
negative_control,7,0.25,monolithic_logistic,0.041410226947851445,0.16537344324897166,0.9465625,0.6274509803921569,0.8828111653447224,0.0,0.0,0.006540436918612878,0.04078163192584757,0.846250187908001,0.10840500707720413,0.06875,0.100625
negative_control,7,0.25,interaction_logistic,0.04431313255731331,0.17254958659963684,0.939375,0.5975103734439834,0.8722422208663819,0.0,0.07096774193548387,0.016530130993123553,0.04746517423377415,0.8015086619173474,0.1147743618342712,0.06875,0.100625
negative_control,7,0.25,oracle_intrinsic,0.037576746490610255,0.14277703376568168,0.9465625,0.6274509803921569,0.8751891397193411,0.0,0.0,0.002047355218026164,0.013626618506796126,0.9307841600414078,0.0659788277693022,0.06875,0.100625
negative_control,8,0.25,conserved_quotient,0.03293166487614088,0.12433767504671071,0.958125,0.7035398230088495,0.8924400099963692,0.0,0.0,2.0222264416065976e-32,0.009539021354532965,0.904483402109945,0.06583614590081245,0.0665625,0.09625
negative_control,8,0.25,context_table,0.07951717513411076,0.43251217842030726,0.930625,0.017699115044247787,0.4774838069820553,0.004149377593360996,0.9935897435897436,0.010754427508228772,0.10407129840820961,0.01142108089592813,0.14494563500950772,0.0665625,0.09625
negative_control,8,0.25,monolithic_logistic,0.034750734291230184,0.13604310688608956,0.9484375,0.5074626865671642,0.9032898428401005,0.0,0.25,0.005025210639181109,0.017827163426026377,1.121630224206931,0.052818655135230985,0.0665625,0.09625
negative_control,8,0.25,interaction_logistic,0.03397466546476024,0.1292587717820257,0.949375,0.5423728813559322,0.9134496747250606,0.0,0.1858974358974359,0.00721173960080945,0.01827486599945702,1.1621239915342048,0.04938492586116336,0.0665625,0.09625
negative_control,8,0.25,oracle_intrinsic,0.031483952684070005,0.11896783201973041,0.958125,0.7035398230088495,0.8932023117389754,0.0,0.0,0.0016599174956598356,0.005325736302564088,1.0182862647443245,0.0639411166546834,0.0665625,0.09625
negative_control,9,0.25,conserved_quotient,0.029641909814048822,0.11961415737032208,0.965,0.7157360406091371,0.8867964279967286,0.0,0.0,6.162975822039155e-33,0.008681709233875783,0.934637366632928,0.06041465180394303,0.0628125,0.08625
negative_control,9,0.25,context_table,0.08874048142761859,0.3613606904368365,0.9059375,0.050473186119873815,0.5613629086975924,0.03556771545827633,0.92,0.010282800715399986,0.15557178899140126,0.0962776223221563,0.2068772338640173,0.0628125,0.08625
negative_control,9,0.25,monolithic_logistic,0.030038753973763654,0.12460394578658507,0.963125,0.694300518134715,0.8932629284388328,0.0,0.02,0.00281231421407982,0.010446214630697125,1.034090859663527,0.05733925010180526,0.0628125,0.08625
negative_control,9,0.25,interaction_logistic,0.032522318473260245,0.12736125402343637,0.956875,0.5792682926829268,0.8953299524385409,0.0,0.44,0.004013994947770922,0.015610351098369288,0.9997654056643832,0.05535394639576207,0.0628125,0.08625
negative_control,9,0.25,oracle_intrinsic,0.029573921904390607,0.11807689454487809,0.965,0.7157360406091371,0.8868777154573912,0.0,0.0,0.0017776224415825459,0.010894339639213388,1.0640314771588806,0.05717019214901398,0.0628125,0.08625
negative_control,10,0.25,conserved_quotient,0.036237471493879105,0.1410324680500057,0.95375,0.63,0.8401994619419006,0.0,0.0,1.8681520460556188e-32,0.016702854084726326,0.8176564427902329,0.06171922576614224,0.06125,0.0884375
negative_control,10,0.25,context_table,0.07662654460344598,0.39972352777447767,0.9371875,0.0,0.49452600614147124,0.0017140898183064792,1.0,0.012111546365422245,0.10925308550549628,0.04426002796731038,0.1546636988927042,0.06125,0.0884375
negative_control,10,0.25,monolithic_logistic,0.03594052088566093,0.15065840094514885,0.95375,0.63,0.848034253648197,0.0,0.0,0.0014168003596371286,0.01651281257543652,0.8489897728790704,0.05770996091048612,0.06125,0.0884375
negative_control,10,0.25,interaction_logistic,0.03581507416841657,0.1444741713873834,0.95375,0.63,0.8522072610668768,0.0,0.0,0.0015836797980163866,0.015650976818589346,0.8543192772089504,0.057621292851074486,0.06125,0.0884375
negative_control,10,0.25,oracle_intrinsic,0.03487288915901677,0.13740796357649251,0.95375,0.63,0.8406852088371967,0.0,0.0,0.0019461412585644782,0.011898101913025916,0.9329193543873688,0.05798739564313166,0.06125,0.0884375
negative_control,11,0.25,conserved_quotient,0.030910477142266628,0.11992319465066009,0.9609375,0.6498599439775911,0.854472038263429,0.0,0.0,1.2518544638517033e-32,0.012152399025341333,0.8616131226826081,0.05625553393548933,0.05625,0.0771875
negative_control,11,0.25,context_table,0.1041453578558017,0.6074598011374795,0.89375,0.10052910052910052,0.49770235467255336,0.05926176769387064,0.8145161290322581,0.03877642536890586,0.16997443338781792,0.03276991973554585,0.20574857170749006,0.05625,0.0771875
negative_control,11,0.25,monolithic_logistic,0.031107196653478796,0.12801654088587439,0.9609375,0.6498599439775911,0.868191685062546,0.0,0.0,0.0021494083866140205,0.011110004285339658,0.875183005144383,0.05656040544416076,0.05625,0.0771875
negative_control,11,0.25,interaction_logistic,0.03174379100244471,0.12365419080737318,0.9534375,0.5049833887043189,0.8834878587196467,0.0,0.45161290322580644,0.006546851663285889,0.0147599764596564,0.932792680991315,0.050989993715356514,0.05625,0.0771875
negative_control,11,0.25,oracle_intrinsic,0.029688534090787505,0.11627126439270671,0.9609375,0.6498599439775911,0.8549484915378955,0.0,0.0,0.001456432926899637,0.006439695416181918,1.0050318859738194,0.05213925488871964,0.05625,0.0771875
negative_control,12,0.25,conserved_quotient,0.030684378163167745,0.10991931002196155,0.95875,0.6811594202898551,0.9256105356930547,0.0,0.0,6.933347799794049e-33,0.015445156442804888,0.8334504106722327,0.06759347803034198,0.0603125,0.093125
negative_control,12,0.25,context_table,0.07676488980726472,0.39797682200977336,0.934375,0.027777777777777776,0.4848789784113407,0.006891798759476223,0.9805194805194806,0.009592298613156271,0.11295442974927072,-0.0008394163867647755,0.15718395119493034,0.0603125,0.093125
negative_control,12,0.25,monolithic_logistic,0.031225900901650484,0.12387205973579599,0.9571875,0.6513994910941476,0.914105429300544,0.0,0.0,0.003600726465327762,0.02571186456812703,0.9460796842733932,0.07433632555925347,0.0603125,0.093125
negative_control,12,0.25,interaction_logistic,0.030850353737305002,0.1145934377680398,0.9575,0.6650246305418719,0.9338520998499185,0.0,0.05194805194805195,0.006967299940847943,0.0255502301972865,0.9350939736982933,0.07347370297899763,0.0603125,0.093125
negative_control,12,0.25,oracle_intrinsic,0.028305857179389302,0.10293298297456613,0.95875,0.6811594202898551,0.9263635282785763,0.0,0.0,0.0016298339524442793,0.004957721543552891,0.9990485165414192,0.061595487548739204,0.0603125,0.093125
negative_control,13,0.25,conserved_quotient,0.03547055750485936,0.13790830802904877,0.9559375,0.6448362720403022,0.866371709309405,0.0,0.0,1.5407439555097887e-32,0.01689913761426668,0.840049643690751,0.060578936601530756,0.0628125,0.084375
negative_control,13,0.25,context_table,0.10463275133144073,0.6201011843787515,0.909375,0.046052631578947366,0.4949527122639553,0.032081911262798635,0.935251798561151,0.025509066118903235,0.13134363171276858,0.01564898038914619,0.19406477338583564,0.0628125,0.084375
negative_control,13,0.25,monolithic_logistic,0.03434530437200598,0.14293445733423094,0.9559375,0.6448362720403022,0.8605389192749159,0.0,0.0,0.002879733338387617,0.009076725505124679,0.9256608745675373,0.06130230220810067,0.0628125,0.084375
negative_control,13,0.25,interaction_logistic,0.033929341129138396,0.13761609288670623,0.955625,0.6302083333333334,0.8630057448668628,0.0,0.014388489208633094,0.00579003362917278,0.009344283325869687,0.9698442814155234,0.05812448830502858,0.0628125,0.084375
negative_control,13,0.25,oracle_intrinsic,0.03340436888020593,0.1312629200611306,0.9559375,0.6448362720403022,0.8683740351261365,0.0,0.0,0.001722725184610818,0.008495997504035277,0.9852312278023375,0.056891342591355795,0.0628125,0.084375
negative_control,14,0.25,conserved_quotient,0.03333985753516351,0.12863082333404335,0.958125,0.6683168316831684,0.8801741599876177,0.0,0.0,6.933347799794049e-33,0.011084048966084628,0.8935342531027973,0.06162739980037691,0.061875,0.0890625
negative_control,14,0.25,context_table,0.09399087048853415,0.40293545808005654,0.88125,0.12037037037037036,0.5412216771310708,0.06895368782161235,0.8701298701298701,0.03366766549366487,0.12441809302798021,0.08834671718149088,0.1858847181211248,0.061875,0.0890625
negative_control,14,0.25,monolithic_logistic,0.03324432477161156,0.1325741367950516,0.958125,0.6683168316831684,0.8725630724298279,0.0,0.0,0.0012693126383815168,0.013867018665704224,0.929280770207535,0.060206158154507756,0.061875,0.0890625
negative_control,14,0.25,interaction_logistic,0.034651198663608926,0.1367562105357588,0.9559375,0.6552567237163814,0.8679903633268057,0.0,0.01948051948051948,0.009575937498120768,0.012788397450420118,0.8650247938251906,0.0625993393531216,0.061875,0.0890625
negative_control,14,0.25,oracle_intrinsic,0.032609622980604616,0.1265393942905507,0.958125,0.6683168316831684,0.881190317566067,0.0,0.0,0.0014794438391207215,0.01097217933867857,0.9717092854295585,0.059142605036949195,0.061875,0.0890625
negative_control,15,0.25,conserved_quotient,0.031135613510324074,0.1238828606123342,0.961875,0.6934673366834171,0.8744584282311055,0.0,0.0,1.617781153285278e-32,0.010316187601311125,0.9073970300698739,0.0619205066709134,0.06375,0.0821875
negative_control,15,0.25,context_table,0.07983591977494706,0.3883967924666616,0.93625,0.0,0.48295276054346975,0.0,1.0,0.008727433314841665,0.1337150424038478,-0.018906247004546066,0.16957065630325857,0.06375,0.0821875
negative_control,15,0.25,monolithic_logistic,0.03287004121266752,0.14797622565327623,0.9571875,0.6140845070422535,0.8806055132333307,0.0,0.043795620437956206,0.0034571566665627684,0.022808702539090914,1.1424983912902715,0.0418398899731493,0.06375,0.0821875
negative_control,15,0.25,interaction_logistic,0.03482182127462321,0.15012634377871087,0.9546875,0.56973293768546,0.884910272520223,0.0,0.051094890510948905,0.011829284629799326,0.024885551827730217,1.073096297337064,0.041554951062541236,0.06375,0.0821875
negative_control,15,0.25,oracle_intrinsic,0.030595072617088742,0.12187812170183804,0.961875,0.6934673366834171,0.8744535197256472,0.0,0.0,0.001767502766978886,0.008435035379135503,1.0750484705000771,0.055635280483310776,0.06375,0.0821875
negative_control,16,0.25,conserved_quotient,0.03378719914061679,0.13129517882591785,0.9571875,0.6730310262529833,0.8591232623886319,0.0,0.0,1.9259299443872359e-32,0.011659892942702532,0.881460761981118,0.06583397742421088,0.0659375,0.0921875
negative_control,16,0.25,context_table,0.11993770583125024,0.6274878779329868,0.90875,0.0875,0.5285747583160372,0.03235800344234079,0.8972602739726028,0.032708361339213454,0.19924610076189986,0.06712243552800178,0.2536297816829526,0.0659375,0.0921875
negative_control,16,0.25,monolithic_logistic,0.03769194235114379,0.1581141300706598,0.9578125,0.6882217090069284,0.8721060951767856,0.0,0.0,0.003869665281194994,0.03849114314423593,0.8001754672939012,0.10342479232593314,0.0659375,0.0921875
negative_control,16,0.25,interaction_logistic,0.03827216329176511,0.15118906949501096,0.949375,0.6693877551020408,0.8946183399161856,0.0,0.0,0.007441932552538687,0.04189108536051394,0.7762178168145704,0.1073808245770515,0.0659375,0.0921875
negative_control,16,0.25,oracle_intrinsic,0.03298472522037629,0.12856426997088974,0.9571875,0.6730310262529833,0.8594958766662597,0.0,0.0,0.001987363878362591,0.010871826808991342,1.0123798395114454,0.060636424369516745,0.0659375,0.0921875
negative_control,17,0.25,conserved_quotient,0.035673984203572456,0.13317351415576462,0.954375,0.6439024390243903,0.8829060092872674,0.0,0.0,4.025193583769323e-32,0.01949437767054151,0.7586474932327631,0.06848800157002793,0.060625,0.0909375
negative_control,17,0.25,context_table,0.10670333558546932,0.42511311843117355,0.8375,0.08771929824561403,0.5098188502719646,0.1158473702303197,0.8580246913580247,0.02498635260495118,0.18854958415999384,0.015823916609296135,0.2302464950482997,0.060625,0.0909375
negative_control,17,0.25,monolithic_logistic,0.0341044441641167,0.1320682026642389,0.955,0.6269430051813472,0.8984402329361895,0.0,0.018518518518518517,0.0038100290489970464,0.012711205838332722,0.9283169734530688,0.053284966946626676,0.060625,0.0909375
negative_control,17,0.25,interaction_logistic,0.03497757793735234,0.13970910799970537,0.950625,0.5485714285714286,0.8690985726142217,0.0,0.37037037037037035,0.011109739958964276,0.017947164478603544,0.9861274894075432,0.05040378155046969,0.060625,0.0909375
negative_control,17,0.25,oracle_intrinsic,0.03285452673113448,0.12505007376198543,0.954375,0.6439024390243903,0.8819371566146058,0.0,0.0,0.0019989604121949957,0.008177901448594333,0.9194311822943918,0.06111254111655027,0.060625,0.0909375
negative_control,18,0.25,conserved_quotient,0.03995150373421734,0.15420260293597363,0.950625,0.6273584905660378,0.854210861602166,0.0,0.0,1.9259299443872359e-32,0.02110301621015078,0.7666116582050954,0.06853597075560534,0.065625,0.0921875
negative_control,18,0.25,context_table,0.0923882107907839,0.42431390776825806,0.9103125,0.07119741100323625,0.5265886287625418,0.027538726333907058,0.8819875776397516,0.02615363615118254,0.14647811641509464,0.026043998956915497,0.18213374554029332,0.065625,0.0921875
negative_control,18,0.25,monolithic_logistic,0.0397726079238547,0.15922659501729325,0.950625,0.6273584905660378,0.8535754100971492,0.0,0.0,0.00142925665543574,0.013595056716270102,0.7931048631031915,0.07317451396686427,0.065625,0.0921875
negative_control,18,0.25,interaction_logistic,0.03948407262340493,0.15808641106027263,0.94875,0.594059405940594,0.8489026915113872,0.0,0.0,0.00533035330973966,0.016119801045021483,0.822166806173306,0.06888075132286814,0.065625,0.0921875
negative_control,18,0.25,oracle_intrinsic,0.03739327052964167,0.14644875129310328,0.950625,0.6273584905660378,0.8551966873706004,0.0,0.0,0.0019728313930740676,0.012621569971716312,0.9185252727086755,0.061261844227507266,0.065625,0.0921875
negative_control,19,0.25,conserved_quotient,0.04055608329904905,0.15696984004149495,0.949375,0.6351351351351351,0.8574880878061969,0.0,0.0,3.0814879110195774e-32,0.01824758530957997,0.8191177152182156,0.06794583103052027,0.0690625,0.0965625
negative_control,19,0.25,context_table,0.09471233286716986,0.44373061418298143,0.9034375,0.04923076923076923,0.5143652627214027,0.031822898650985816,0.9210526315789473,0.015364093014504575,0.15301791027337122,-0.03533164865445458,0.18780050357047265,0.0690625,0.0965625
negative_control,19,0.25,monolithic_logistic,0.04075313855077525,0.16567756632091574,0.9478125,0.6178489702517163,0.8500392642919744,0.0,0.0,0.004639108911177513,0.016657646599979342,0.8501446310733625,0.0679907198761021,0.0690625,0.0965625
negative_control,19,0.25,interaction_logistic,0.04067951911060875,0.1581857324603844,0.946875,0.6153846153846154,0.8676694630133407,0.0,0.03289473684210526,0.009325439749013724,0.015882296967993505,0.8458555061467373,0.07048128848740372,0.0690625,0.0965625
negative_control,19,0.25,oracle_intrinsic,0.0392914542833823,0.15307708068549353,0.949375,0.6351351351351351,0.8577432677308278,0.0,0.0,0.001397703721013123,0.013578816186768233,0.94095353194408,0.06271296552113598,0.0690625,0.0965625
negative_control,0,0.5,conserved_quotient,0.0405481791211715,0.14838140572829733,0.94625,0.5845410628019324,0.8695962317418482,0.0,0.0,2.792598419361492e-32,0.02411864127092529,0.7570013845965093,0.06294062014635243,0.0621875,0.088125
negative_control,0,0.5,context_table,0.08690712935051227,0.42736975157953866,0.9109375,0.0594059405940594,0.48839164164708915,0.03187114461960247,1.0,0.01509905649524564,0.153891208943467,-0.025582319843990703,0.18031305184274107,0.0621875,0.088125
negative_control,0,0.5,monolithic_logistic,0.03995204884098552,0.16259357202753974,0.943125,0.34532374100719426,0.8460044306839094,0.0,0.08,0.006140632448354865,0.022403841280981045,1.1095462594088168,0.04048054560154512,0.0621875,0.088125
negative_control,0,0.5,interaction_logistic,0.039705092083088075,0.15691250862779085,0.9396875,0.2248995983935743,0.8725751382704927,0.0,0.12,0.01837258498893183,0.019954597422270088,1.2630011964268624,0.04597087390599992,0.0621875,0.088125
negative_control,0,0.5,oracle_intrinsic,0.03555474602880179,0.1356251029562787,0.94625,0.5845410628019324,0.87111163950375,0.0,0.0,0.008303130697619262,0.008772445128690689,1.0339321703530542,0.05457747977055,0.0621875,0.088125
negative_control,1,0.5,conserved_quotient,0.042430296382139,0.15509045151822778,0.9434375,0.578088578088578,0.8645862918513332,0.0,0.0,6.933347799794049e-33,0.026286963202632428,0.7236273900714116,0.06687288729517524,0.063125,0.0921875
negative_control,1,0.5,context_table,0.07856368471961864,0.4020754101931729,0.9321875,0.035555555555555556,0.5034296791920686,0.006196213425129088,1.0,0.013180818462786091,0.12877506428366903,0.008737798591966335,0.15656212462849667,0.063125,0.0921875
negative_control,1,0.5,monolithic_logistic,0.042030882275272095,0.1677404504171321,0.9415625,0.402555910543131,0.8519392466264638,0.0,0.08695652173913043,0.007680461206030727,0.024811487338059886,1.0059397474176832,0.04322035177002669,0.063125,0.0921875
negative_control,1,0.5,interaction_logistic,0.04212458253290876,0.16788433037776834,0.9375,0.1935483870967742,0.8551278410029128,0.0,0.13043478260869565,0.016544693837318755,0.020528292999265264,1.2309187870123777,0.044907158460480205,0.063125,0.0921875
negative_control,1,0.5,oracle_intrinsic,0.03783525556260526,0.14360430112878375,0.9434375,0.578088578088578,0.8654449500987457,0.0,0.0,0.007370635702547169,0.009856277965032625,0.9801981994559347,0.056687763535776,0.063125,0.0921875
negative_control,2,0.5,conserved_quotient,0.03970313957725079,0.14448230205224147,0.9428125,0.5271317829457365,0.8397874380117634,0.0,0.0,1.617781153285278e-32,0.02357915353887107,0.7257973340130728,0.06189083739818724,0.0575,0.08875
negative_control,2,0.5,context_table,0.08645807226953042,0.4319910218658277,0.915625,0.0625,0.42746114923307577,0.02880658436213992,1.0,0.01730037902779035,0.15117118240006494,-0.06843286517208069,0.16927975255312616,0.0575,0.08875
negative_control,2,0.5,monolithic_logistic,0.03851969508796595,0.15864174547712412,0.94375,0.4339622641509434,0.8588488207819167,0.0,0.2631578947368421,0.009836264365728924,0.026156261981421385,0.8485316180041593,0.045607717539679155,0.0575,0.08875
negative_control,2,0.5,interaction_logistic,0.039924596859721904,0.15921502896035564,0.9378125,0.26022304832713755,0.8775642226963442,0.0,0.3157894736842105,0.01697708897173315,0.031761652993530023,0.9649416652243343,0.03830475639464586,0.0575,0.08875
negative_control,2,0.5,oracle_intrinsic,0.03484255119316374,0.13256116158394626,0.9428125,0.5271317829457365,0.8404307461653788,0.0,0.0,0.005930465856594398,0.009131090647058505,0.9660595300824726,0.05431470456836219,0.0575,0.08875
negative_control,3,0.5,conserved_quotient,0.04271843774885456,0.1556035347626497,0.940625,0.5539906103286385,0.8440935451641592,0.0,0.0,3.0814879110195774e-33,0.02621648472068748,0.7593009264875412,0.0650536790774923,0.0646875,0.0915625
negative_control,3,0.5,context_table,0.1204135305584295,0.6400205811941987,0.883125,0.1261682242990654,0.5258921380160794,0.06054351565187478,1.0,0.050664330259520024,0.1933737996317948,0.07267460471298473,0.24394412775679483,0.0646875,0.0915625
negative_control,3,0.5,monolithic_logistic,0.045622349921383566,0.1781605809588704,0.940625,0.5539906103286385,0.862703796781863,0.0,0.0,0.0011378300657458175,0.06059071388932416,0.7838997401737758,0.1154308918686874,0.0646875,0.0915625
negative_control,3,0.5,interaction_logistic,0.045619528763749174,0.1834982053627951,0.943125,0.5825688073394495,0.846575988094604,0.0,0.0,0.0068628764955297765,0.05742764620990768,0.7882025449771553,0.11991472345597586,0.0646875,0.0915625
negative_control,3,0.5,oracle_intrinsic,0.0375805269309409,0.14353968760273716,0.940625,0.5539906103286385,0.8449441611747862,0.0,0.0,0.00736972374671501,0.008623605189024868,1.0150684033525343,0.05665461997982476,0.0646875,0.0915625
negative_control,4,0.5,conserved_quotient,0.046501343472432656,0.16839597342826143,0.94125,0.5668202764976958,0.830165,0.0,0.0,1.5455587803707568e-32,0.032696063631880934,0.6445809007407225,0.06915868308029281,0.0625,0.0903125
negative_control,4,0.5,context_table,0.08092742869153119,0.4286115125308638,0.925625,0.02459016393442623,0.4426466666666667,0.01202335967021642,0.9545454545454546,0.014935155990972627,0.12424548277928173,-0.05306127315077472,0.1610058965970228,0.0625,0.0903125
negative_control,4,0.5,monolithic_logistic,0.042307938875297595,0.17593824765684382,0.940625,0.525,0.830965,0.0,0.0,0.0064216849992236955,0.020149007589194252,0.8312545191451104,0.054586972986589016,0.0625,0.0903125
negative_control,4,0.5,interaction_logistic,0.04279331735372299,0.15701930049551766,0.9378125,0.4636118598382749,0.8774,0.0,0.045454545454545456,0.010770037781513512,0.018975835303790527,0.8268918799905547,0.06202029414623333,0.0625,0.0903125
negative_control,4,0.5,oracle_intrinsic,0.037972341291792826,0.1449808733902233,0.94125,0.5668202764976958,0.83138,0.0,0.0,0.006239809957936572,0.008380059112980821,0.9781360390797056,0.05569737159401371,0.0625,0.0903125
negative_control,5,0.5,conserved_quotient,0.0477784321851335,0.171333711251893,0.935,0.5023923444976076,0.8136046759674047,0.0,0.0,1.8681520460556188e-32,0.03385603930447389,0.6313430477848923,0.06500495159015868,0.0609375,0.0925
negative_control,5,0.5,context_table,0.08728850007133952,0.4251633097524406,0.9046875,0.0672782874617737,0.4703681897691881,0.038911845730027546,1.0,0.02057210561066869,0.15260755530153675,-0.04980757327780193,0.17842727673546263,0.0609375,0.0925
negative_control,5,0.5,monolithic_logistic,0.046179383864474885,0.17785751361870122,0.935,0.46938775510204084,0.8315132898161184,0.0,0.09090909090909091,0.0016590008682929322,0.031725877702167934,0.6724761176097167,0.06095477448977832,0.0609375,0.0925
negative_control,5,0.5,interaction_logistic,0.04105073874698669,0.17444654503950427,0.9403125,0.45892351274787535,0.8332420325099194,0.0,0.0,0.01555307104690146,0.014947899056012778,0.868471809925673,0.06190844548431204,0.0609375,0.0925
negative_control,5,0.5,oracle_intrinsic,0.039595812115963185,0.15035533571799703,0.935,0.5023923444976076,0.8131831562779982,0.0,0.0,0.006322497458569645,0.012597318946790092,0.9054025131744675,0.056503246460145824,0.0609375,0.0925
negative_control,6,0.5,conserved_quotient,0.04008949278215873,0.1427915513044436,0.9440625,0.5686746987951807,0.8521076377757372,0.0,0.0,1.5407439555097887e-32,0.023713569948710447,0.6896574779921988,0.06687692954756433,0.0571875,0.09125
negative_control,6,0.5,context_table,0.08417571576146204,0.4279251029610471,0.91375,0.0738255033557047,0.5145505161099851,0.031292984869325996,1.0,0.023240933320208854,0.14646037502258435,0.029428345390489774,0.1768181101758411,0.0571875,0.09125
negative_control,6,0.5,monolithic_logistic,0.03999908601790239,0.15614735878567232,0.9403125,0.4823848238482385,0.8589794443508643,0.0,0.09090909090909091,0.0103168474027832,0.026677065158580232,0.7421810719728826,0.05585187369185551,0.0571875,0.09125
negative_control,6,0.5,interaction_logistic,0.03832515993464429,0.14630326030514187,0.940625,0.42424242424242425,0.8807703523385696,0.0,0.15151515151515152,0.01798247889935327,0.0229810415114103,0.8142821041747256,0.05258956475517466,0.0571875,0.09125
negative_control,6,0.5,oracle_intrinsic,0.034544812697038844,0.12919764467831543,0.9440625,0.5686746987951807,0.853071212129445,0.0,0.0,0.010188960499586532,0.007511854568118143,0.91520492290024,0.057249354568118145,0.0571875,0.09125
negative_control,7,0.5,conserved_quotient,0.04493274684288401,0.15942222943077775,0.931875,0.5112107623318386,0.8603472514772795,0.0,0.0,1.2518544638517033e-32,0.029103516446669607,0.751923557890662,0.06405271469739847,0.0646875,0.100625
negative_control,7,0.5,context_table,0.10787338551137152,0.7115553115469688,0.906875,0.04487179487179487,0.42721261042270936,0.028839471855455177,1.0,0.03658503163401247,0.13907218489077353,-0.02800469115009817,0.17751796895405497,0.0646875,0.100625
negative_control,7,0.5,monolithic_logistic,0.04837144742495335,0.180316161337199,0.931875,0.5112107623318386,0.8694312494048109,0.0,0.0,0.006972192969643007,0.05372382310677346,0.7020033182788199,0.10795141808650101,0.0646875,0.100625
negative_control,7,0.5,interaction_logistic,0.04950581118245023,0.1882857322357363,0.9353125,0.5714285714285714,0.8567139751206923,0.0,0.0,0.01980049939094822,0.05516176904769057,0.6951871457324229,0.11966304871084237,0.0646875,0.100625
negative_control,7,0.5,oracle_intrinsic,0.03929061238438326,0.14630703720859187,0.931875,0.5112107623318386,0.8601051406583154,0.0,0.0,0.008189420872104657,0.012611062116309182,0.9395607328650705,0.06097015553860441,0.0646875,0.100625
negative_control,8,0.5,conserved_quotient,0.03919916151841267,0.1389450608847012,0.945,0.5906976744186047,0.8748971236378126,0.0,0.0,5.257788748177154e-32,0.02051516345369237,0.7530981523946026,0.06388721805139352,0.0596875,0.09625
negative_control,8,0.5,context_table,0.07236465679240962,0.4154140984450073,0.936875,0.00980392156862745,0.45055931681395606,0.004149377593360996,1.0,0.008850386556540368,0.1009760093793158,-0.0808835078278014,0.1293805959806139,0.0596875,0.09625
negative_control,8,0.5,monolithic_logistic,0.039293399266906004,0.1528045431093269,0.9459375,0.3471698113207547,0.8864627757217005,0.0,0.16666666666666666,0.010261873887775975,0.02435785193034466,1.1427424939507198,0.03772421526562519,0.0596875,0.09625
negative_control,8,0.5,interaction_logistic,0.03889506032143308,0.14680954752179498,0.9453125,0.2971887550200803,0.8937915746651842,0.0,0.08333333333333333,0.014802856693206292,0.023798761243036703,1.1828518058164366,0.037460418900061625,0.0596875,0.09625
negative_control,8,0.5,oracle_intrinsic,0.033856621903721275,0.12381053357567304,0.945,0.5906976744186047,0.8754278177683354,0.0,0.0,0.006639669982639342,0.0039681730949446955,0.9895131688457212,0.05841348330936678,0.0596875,0.09625
negative_control,9,0.5,conserved_quotient,0.0373100018576854,0.1373417181600637,0.95125,0.5894736842105263,0.872385438500899,0.0,0.0,5.874086330381069e-32,0.019810212645017374,0.7749218053089675,0.05954152119479831,0.0584375,0.08625
negative_control,9,0.5,context_table,0.08429095218813235,0.3599852842878424,0.9096875,0.0462046204620462,0.524697789081538,0.03556771545827633,1.0,0.01427262821756402,0.15099661695936345,0.04210769158623917,0.19418331183197954,0.0584375,0.08625
negative_control,9,0.5,monolithic_logistic,0.0361709139839034,0.13922610037638328,0.9503125,0.5619834710743802,0.8822127287990899,0.0,0.0,0.0035866800755643804,0.01619055404292156,0.9356661891539406,0.04957577267388482,0.0584375,0.08625
negative_control,9,0.5,interaction_logistic,0.03521041619041124,0.13289084200912687,0.9496875,0.4755700325732899,0.8880892247675403,0.0,0.0,0.006025441305795408,0.016803161838203715,1.027625449936969,0.04810625217167669,0.0584375,0.08625
negative_control,9,0.5,oracle_intrinsic,0.03324482448640118,0.12561796659967517,0.95125,0.5894736842105263,0.8738354829606465,0.0,0.0,0.0071104897663301836,0.008525437524413974,1.0232596816665562,0.05367163429802796,0.0584375,0.08625
negative_control,10,0.5,conserved_quotient,0.042080289879656216,0.15422671423009227,0.9421875,0.5219638242894057,0.8241476804483157,0.0,0.0,6.162975822039155e-33,0.026892708162624276,0.6875397927816485,0.06032473249890747,0.0571875,0.0884375
negative_control,10,0.5,context_table,0.06956972733759831,0.3907427814924544,0.94125,0.0,0.452744103993581,0.0017140898183064792,1.0,0.008765140560946363,0.10050220209633423,-0.05682940991300186,0.13395881548354216,0.0571875,0.0884375
negative_control,10,0.5,monolithic_logistic,0.03957489428149287,0.1667623702175706,0.945,0.4430379746835443,0.8295759367228691,0.0,0.045454545454545456,0.0033807662255256965,0.02253851985895476,0.8884929836447316,0.04187293627779163,0.0571875,0.0884375
negative_control,10,0.5,interaction_logistic,0.03961406274758451,0.15991518156691298,0.94375,0.4267515923566879,0.8354950363242174,0.0,0.09090909090909091,0.006536549454995554,0.02523029565955501,0.8910413488643231,0.04279787570811389,0.0571875,0.0884375
negative_control,10,0.5,oracle_intrinsic,0.036723959056552534,0.14119409957045953,0.9421875,0.5219638242894057,0.82490658581336,0.0,0.0,0.0077845650342579144,0.012203694738084758,0.9106869661709271,0.05430916628626334,0.0571875,0.0884375
negative_control,11,0.5,conserved_quotient,0.03704493085137506,0.13413005711933884,0.9503125,0.533724340175953,0.8349139593174588,0.0,0.0,9.244463733058732e-33,0.02243473242432169,0.69270585084833,0.05590419595497709,0.05125,0.0771875
negative_control,11,0.5,context_table,0.07646167244317582,0.3709567749986366,0.9225,0.06060606060606061,0.4647502329766381,0.030138841855739926,1.0,0.01231309558533637,0.14828064432531793,-0.04066584230393679,0.17406090764499005,0.05125,0.0771875
negative_control,11,0.5,monolithic_logistic,0.03593711923616504,0.13966895168979132,0.9503125,0.533724340175953,0.8495412770333237,0.0,0.0,0.0017234204339887213,0.02101703326136716,0.754574641495263,0.049905468968564896,0.05125,0.0771875
negative_control,11,0.5,interaction_logistic,0.03378540361527901,0.12906650580325466,0.94875,0.4225352112676056,0.8660926604325332,0.0,0.06666666666666667,0.006198862250408627,0.019199609745365342,0.8616440812419532,0.045878098749835415,0.05125,0.0771875
negative_control,11,0.5,oracle_intrinsic,0.03121868373129427,0.11939501626572913,0.9503125,0.533724340175953,0.8366833767151901,0.0,0.0,0.005825731707598549,0.005465423273773536,0.9758752220998241,0.04863163477743928,0.05125,0.0771875
negative_control,12,0.5,conserved_quotient,0.038099739976195854,0.1279440880618139,0.94625,0.5612244897959183,0.9096453580302688,0.0,0.0,1.232595164407831e-32,0.02717858547469176,0.6668089452388971,0.06680905654294102,0.0534375,0.093125
negative_control,12,0.5,context_table,0.07181848921125873,0.3910741122475927,0.940625,0.020618556701030927,0.4263561401578117,0.006891798759476223,0.9411764705882353,0.010901566440943844,0.11526182845481019,-0.08900888965352448,0.14737963115046976,0.0534375,0.093125
negative_control,12,0.5,monolithic_logistic,0.036767129644809354,0.13591712135221928,0.9465625,0.47384615384615386,0.8943410578829598,0.0,0.0,0.0061986518895953665,0.02089862709995941,0.7994032717713342,0.06259494546004789,0.0534375,0.093125
negative_control,12,0.5,interaction_logistic,0.03507531391938868,0.12263240984645897,0.94375,0.4578313253012048,0.9167520981390419,0.0,0.0,0.011581502500740741,0.02712479073020052,0.8564631999110791,0.06222431941040289,0.0534375,0.093125
negative_control,12,0.5,oracle_intrinsic,0.029845658343159984,0.1061196902155547,0.94625,0.5612244897959183,0.9110914184327331,0.0,0.0,0.006519335809777118,0.005343611643403547,0.9834334937793153,0.05625347509747842,0.0534375,0.093125
negative_control,13,0.5,conserved_quotient,0.04090605046989941,0.1508756607774285,0.9465625,0.5581395348837209,0.8548229656579999,0.0,0.0,1.560003254953661e-32,0.02499290706126853,0.7280728567954706,0.06026287407062867,0.0596875,0.084375
negative_control,13,0.5,context_table,0.07400721373199372,0.37568689862198396,0.9403125,0.0,0.45313796829407066,0.0,1.0,0.007905782026096287,0.12316473675302657,-0.13558566442481002,0.15351353120387143,0.0596875,0.084375
negative_control,13,0.5,monolithic_logistic,0.03843408053429578,0.1528531797758825,0.9459375,0.5286103542234333,0.8481135998635855,0.0,0.0,0.0030129895214043977,0.01848366240469172,0.8905142850760466,0.05159350780822239,0.0596875,0.084375
negative_control,13,0.5,interaction_logistic,0.03642393909030254,0.14932188829647455,0.946875,0.45161290322580644,0.8554458787685808,0.0,0.09523809523809523,0.01206921579485792,0.012900740712681321,1.0436261388912655,0.051068336152001986,0.0596875,0.084375
negative_control,13,0.5,oracle_intrinsic,0.03468403795811434,0.1338330029688814,0.9465625,0.5581395348837209,0.8574920961374167,0.0,0.0,0.006890900738443274,0.007733012274509733,1.0244925137394105,0.0527764351827116,0.0596875,0.084375
negative_control,14,0.5,conserved_quotient,0.0381775900972772,0.13921460505054303,0.9475,0.5602094240837696,0.8600006764069265,0.0,0.0,2.5422275265911513e-32,0.018489990575279915,0.7351950968943044,0.06066695295587248,0.055,0.0890625
negative_control,14,0.5,context_table,0.07843885497552859,0.36556797661738455,0.9128125,0.07920792079207921,0.526485088985089,0.036020583190394515,1.0,0.022663315120437857,0.13104745716445737,0.024173401239122334,0.16038295725760193,0.055,0.0890625
negative_control,14,0.5,monolithic_logistic,0.036773027273760264,0.14121846620863301,0.9415625,0.4174454828660436,0.8560286646224147,0.0,0.1,0.0029853423485369872,0.0205523531005002,0.9049278465593225,0.04765436723181149,0.055,0.0890625
negative_control,14,0.5,interaction_logistic,0.03866439082278973,0.14537171461685575,0.9378125,0.43626062322946174,0.849538915945166,0.0,0.15,0.010750370842360888,0.019190048466570138,0.7787565209534651,0.05609264428163381,0.055,0.0890625
negative_control,14,0.5,oracle_intrinsic,0.03498405582844891,0.1315290078326093,0.9475,0.5602094240837696,0.8627532768157768,0.0,0.0,0.005917775356482886,0.009549906716182359,0.8970831483182137,0.05505083507389838,0.055,0.0890625
negative_control,15,0.5,conserved_quotient,0.03847050630136864,0.141201333897354,0.94875,0.5684210526315789,0.8563228232406476,0.0,0.0,1.0014835710813626e-32,0.022757983206923793,0.7365961134385198,0.06168269245763401,0.058125,0.0821875
negative_control,15,0.5,context_table,0.07680284394377518,0.38368902588810194,0.941875,0.0,0.4577134661900379,0.0,1.0,0.008734750524267657,0.139394729579335,-0.06883885156767337,0.16900034347874573,0.058125,0.0821875
negative_control,15,0.5,monolithic_logistic,0.03760840586482152,0.1582473677662094,0.945625,0.4662576687116564,0.8639627972686602,0.0,0.0,0.003964001857694347,0.024978810120008958,0.9400287879313975,0.04046934536018604,0.058125,0.0821875
negative_control,15,0.5,interaction_logistic,0.03695600645309662,0.15425642043868446,0.9471875,0.45307443365695793,0.867120106171201,0.0,0.2,0.01382730047707274,0.02230289104635467,0.9887120877000222,0.041481490677048566,0.058125,0.0821875
negative_control,15,0.5,oracle_intrinsic,0.033188904722192464,0.12720844805153747,0.94875,0.5684210526315789,0.8569203930046878,0.0,0.0,0.007070011067915545,0.007066014083928507,1.0444076603477253,0.051617435966621564,0.058125,0.0821875
negative_control,16,0.5,conserved_quotient,0.040499020412307886,0.1468982976930445,0.944375,0.5594059405940595,0.8425262914753119,0.0,0.0,9.244463733058732e-33,0.02355618381317446,0.738644868081918,0.06546416578769015,0.06125,0.0921875
negative_control,16,0.5,context_table,0.1213295820871923,0.6386046542461986,0.8790625,0.0936768149882904,0.48437287698035275,0.06540447504302926,0.9565217391304348,0.04234842047760755,0.19905663090393783,0.02568579383825373,0.24812781182499044,0.06125,0.0921875
negative_control,16,0.5,monolithic_logistic,0.043639188184093826,0.1708589873519083,0.9446875,0.5714285714285714,0.8556635370526373,0.0,0.0,0.00485257877377261,0.04037316940234359,0.6950326071700167,0.0976175559700717,0.06125,0.0921875
negative_control,16,0.5,interaction_logistic,0.04231098359181566,0.1586927067924363,0.943125,0.6077586206896551,0.8804230413869942,0.0,0.0,0.010839469895872079,0.040581488027506704,0.6955920751407001,0.10183148802750672,0.06125,0.0921875
negative_control,16,0.5,oracle_intrinsic,0.035333109715311915,0.13335912109309814,0.944375,0.5594059405940595,0.8436251664447404,0.0,0.0,0.007949455513450363,0.008189948626536077,0.9910011952501343,0.05699472373903349,0.06125,0.0921875
negative_control,17,0.5,conserved_quotient,0.04335355701421841,0.15141040620393142,0.941875,0.5279187817258884,0.8653600190364295,0.0,0.0,1.8681520460556188e-32,0.030400654858445928,0.6182661384248522,0.06737575344612017,0.055625,0.0909375
negative_control,17,0.5,context_table,0.10127556934456758,0.4282020610253061,0.845625,0.07835820895522388,0.47461127759724564,0.11034719834994844,0.8695652173913043,0.026332954421116023,0.18264248527128152,-0.020958396159468498,0.21309783365958737,0.055625,0.0909375
negative_control,17,0.5,monolithic_logistic,0.03942804629588362,0.15160858938689148,0.9421875,0.40894568690095845,0.8814350195941374,0.0,0.0,0.00742839561535203,0.02524966465464003,0.8305337901886121,0.04262704923654392,0.055625,0.0909375
negative_control,17,0.5,interaction_logistic,0.03643460880273865,0.14940847662568332,0.945,0.2845528455284553,0.8470448917674879,0.0,0.08695652173913043,0.019296396249337024,0.020476805674954825,1.0403638288944266,0.04053568897116594,0.055625,0.0909375
negative_control,17,0.5,oracle_intrinsic,0.034490946185187256,0.1284280325902695,0.941875,0.5279187817258884,0.8657559916418177,0.0,0.0,0.007995841648779981,0.007237147138707408,0.9102908348295828,0.05583445723310055,0.055625,0.0909375
negative_control,18,0.5,conserved_quotient,0.04662509532720685,0.16925884157491589,0.9378125,0.5250596658711217,0.8450474367848854,0.0,0.0,1.8488927466117464e-32,0.03226567579690688,0.6704098974577207,0.06857363034236143,0.0640625,0.0921875
negative_control,18,0.5,context_table,0.10073452515271838,0.437823172742112,0.8821875,0.10874704491725769,0.5270100574127611,0.059552495697074014,1.0,0.04176866262299146,0.15929756692473798,0.03915309122704964,0.19464069604993667,0.0640625,0.0921875
negative_control,18,0.5,monolithic_logistic,0.046834211808395934,0.17501677787887215,0.9378125,0.5250596658711217,0.8443356814202533,0.0,0.0,0.0014928432918382944,0.02547960314362805,0.6722631532951032,0.0811246120090827,0.0640625,0.0921875
negative_control,18,0.5,interaction_logistic,0.043248426438046134,0.1692979024992318,0.94,0.5596330275229358,0.8388810619324891,0.0,0.034482758620689655,0.010224570856911119,0.016034501188276432,0.740381218251438,0.07565529197124805,0.0640625,0.0921875
negative_control,18,0.5,oracle_intrinsic,0.039037084489835866,0.149767163452373,0.9378125,0.5250596658711217,0.8466501079034162,0.0,0.0,0.007891325572296274,0.011903219335860953,0.9706517489685151,0.056633063455014516,0.0640625,0.0921875
negative_control,19,0.5,conserved_quotient,0.04742455804996377,0.17168766657003673,0.935,0.5207373271889401,0.8444327462940735,0.0,0.0,2.5422275265911513e-32,0.030554416098718173,0.7016623467363143,0.06691411507499376,0.0659375,0.0965625
negative_control,19,0.5,context_table,0.08042494228121785,0.42585124708135835,0.9334375,0.0,0.46629584939406576,0.0006918021445866483,1.0,0.008881523452951394,0.13024348592917337,-0.15102435136135536,0.15628526672627482,0.0659375,0.0965625
negative_control,19,0.5,monolithic_logistic,0.046127607826385975,0.18224150353875188,0.9346875,0.4599483204134367,0.8337997618439809,0.0,0.0,0.004251250446944588,0.027951313151066106,0.8381667035729783,0.05171144371686296,0.0659375,0.0965625
negative_control,19,0.5,interaction_logistic,0.043005420918975246,0.17109229754827765,0.9384375,0.493573264781491,0.8584953676910124,0.0,0.1875,0.017173614544137142,0.018051997989475498,0.8871695293033838,0.058823726475743,0.0659375,0.0965625
negative_control,19,0.5,oracle_intrinsic,0.041497315301055784,0.15757402715267388,0.935,0.5207373271889401,0.8460595643742697,0.0,0.0,0.005590814884052492,0.011496139399451521,0.9556535510775833,0.058110306042271936,0.0659375,0.0965625
negative_control,0,0.75,conserved_quotient,0.0475754472928576,0.1647377616968943,0.93375,0.46464646464646464,0.8505889952949918,0.0,0.7532467532467533,6.162975822039155e-33,0.03636568201251368,0.5850750054448887,0.06268375827843477,0.0565625,0.088125
negative_control,0,0.75,context_table,0.08415996538292074,0.4202563745306652,0.9140625,0.03508771929824561,0.4584720343899319,0.03187114461960247,1.0,0.01576759071581795,0.15782737486608608,-0.059810239596556576,0.17862603026536014,0.0565625,0.088125
negative_control,0,0.75,monolithic_logistic,0.04260629807215433,0.17300732390346255,0.9425,0.2459016393442623,0.8244433504929187,0.0,0.7662337662337663,0.00768616340071802,0.025555553227605464,0.8953745555855106,0.03678773514896291,0.0565625,0.088125
negative_control,0,0.75,interaction_logistic,0.03943358649168695,0.15732078753112907,0.943125,0.1875,0.8596860765794535,0.0,0.7532467532467533,0.018773615281821896,0.01850039193324802,1.1715513770845611,0.04268224937887673,0.0565625,0.088125
negative_control,0,0.75,oracle_intrinsic,0.033851435635268025,0.13213986465430388,0.954375,0.4552238805970149,0.8612617327826162,0.0,0.0,0.018682044069643338,0.00923301291067283,1.0318976278985232,0.04954121965582499,0.0565625,0.088125
negative_control,1,0.75,conserved_quotient,0.047608464054287175,0.16619864598409972,0.9325,0.4782608695652174,0.8488102358585168,0.0,0.7439024390243902,2.792598419361492e-32,0.035773646041264796,0.605009074785084,0.06588308428398734,0.0584375,0.0921875
negative_control,1,0.75,context_table,0.07488687858099392,0.3810690662560773,0.93625,0.02857142857142857,0.4882816174473893,0.006196213425129088,1.0,0.012963682826821313,0.12744015928099625,-0.0015724539479919008,0.1542897196258238,0.0584375,0.0921875
negative_control,1,0.75,monolithic_logistic,0.04459922330579568,0.18260658670744498,0.9403125,0.2074688796680498,0.8352291584950065,0.0,0.7560975609756098,0.008245846614416921,0.029852182674271404,0.9384280809108783,0.03411075691132979,0.0584375,0.0921875
negative_control,1,0.75,interaction_logistic,0.04077866125682845,0.17104149668262691,0.94375,0.22413793103448276,0.8462367175395035,0.0,0.4878048780487805,0.019437174304664132,0.018450263690503062,1.2405619307269549,0.040680593781303266,0.0584375,0.0921875
negative_control,1,0.75,oracle_intrinsic,0.0373720130052945,0.1426943981506652,0.948125,0.3897058823529412,0.85521563421253,0.0,0.0,0.016583930330731134,0.012097954919379917,0.9658400029258284,0.05105195780366401,0.0584375,0.0921875
negative_control,2,0.75,conserved_quotient,0.04451116978301723,0.15576515211786243,0.9321875,0.42133333333333334,0.8231736352185801,0.0,0.8295454545454546,1.9259299443872359e-32,0.03265878846992738,0.6037692546905856,0.06088319540004463,0.05375,0.08875
negative_control,2,0.75,context_table,0.08095981897179363,0.4285507113456306,0.91875,0.057971014492753624,0.41789422751989186,0.02880658436213992,1.0,0.02096819024604634,0.14306116131911,-0.07695828908930738,0.15243166897217125,0.05375,0.08875
negative_control,2,0.75,monolithic_logistic,0.04148831596954031,0.16853877179370186,0.943125,0.33088235294117646,0.8422456299345642,0.0,0.8636363636363636,0.00892542763688058,0.033506165887360106,0.7810842941172172,0.038636294849891596,0.05375,0.08875
negative_control,2,0.75,interaction_logistic,0.037259159422883395,0.15387625944877686,0.9496875,0.19900497512437812,0.8688193143067802,0.0,0.8636363636363636,0.019579122940013457,0.02453638043640962,1.1960877096205362,0.03163035676763154,0.05375,0.08875
negative_control,2,0.75,oracle_intrinsic,0.033166999474538474,0.12921207358107517,0.9578125,0.4943820224719101,0.8330370034714756,0.0,0.0,0.013343548177337395,0.00838406926402551,0.9699758077767278,0.050656431852543274,0.05375,0.08875
negative_control,3,0.75,conserved_quotient,0.04762002736548197,0.16639005852350672,0.9303125,0.4677804295942721,0.8334416666666666,0.0,0.7446808510638298,3.0814879110195774e-33,0.03567509831041692,0.6655639343932249,0.06418387412427035,0.0625,0.0915625
negative_control,3,0.75,context_table,0.11034328042560222,0.6201805929107125,0.906875,0.08024691358024691,0.5186516666666666,0.033023735810113516,1.0,0.04157332374546172,0.17564259959344333,0.054161883677451894,0.22340767771844333,0.0625,0.0915625
negative_control,3,0.75,monolithic_logistic,0.04697487296090412,0.17292177819419424,0.9303125,0.4677804295942721,0.8566183333333334,0.0,0.7446808510638298,0.0017961856564946256,0.05001321398122518,0.7435781568421835,0.09263868230502341,0.0625,0.0915625
negative_control,3,0.75,interaction_logistic,0.0461328297946233,0.18474410362313173,0.941875,0.5528846153846154,0.8410283333333334,0.0,0.0851063829787234,0.012906755346489284,0.04325995094115235,0.7608497530647509,0.10266786237994398,0.0625,0.0915625
negative_control,3,0.75,oracle_intrinsic,0.03592276057009266,0.14015444177746278,0.9521875,0.48135593220338985,0.8441333333333333,0.0,0.0,0.016581878430108773,0.010763713113712667,1.0644757435699423,0.052199117469737134,0.0625,0.0915625
negative_control,4,0.75,conserved_quotient,0.05507306178146502,0.18846031057798182,0.9275,0.4449760765550239,0.8092257957559682,0.0,0.7246376811594203,1.617781153285278e-32,0.04579737465645538,0.4918549724530046,0.06930373092728447,0.0575,0.0903125
negative_control,4,0.75,context_table,0.07799266384779205,0.39116601631718617,0.930625,0.02631578947368421,0.48736088686426016,0.01202335967021642,1.0,0.01782221170174347,0.12876678735656805,0.018022803254256405,0.16780173664728207,0.0575,0.0903125
negative_control,4,0.75,monolithic_logistic,0.049051804233848965,0.1893113048528087,0.9278125,0.42105263157894735,0.8094780734632684,0.0,0.7246376811594203,0.006397355707422098,0.032706887052451304,0.5834419625568741,0.059640978703798406,0.0575,0.0903125
negative_control,4,0.75,interaction_logistic,0.043672184004850984,0.16234133658849845,0.9315625,0.37606837606837606,0.8630582545265829,0.0,0.5507246376811594,0.014479004366747743,0.02415343382690562,0.733601384692596,0.06854131745152289,0.0575,0.0903125
negative_control,4,0.75,oracle_intrinsic,0.03546073804070307,0.13980103154548246,0.953125,0.4140625,0.8224739793564756,0.0,0.0,0.014039572405357286,0.012190027994018115,1.0408289397423938,0.04884136989102057,0.0575,0.0903125
negative_control,5,0.75,conserved_quotient,0.053544403951852025,0.1840139720427679,0.9234375,0.39803439803439805,0.7974408228578018,0.0,0.7710843373493976,1.560003254953661e-32,0.044494256300344884,0.50996153777358,0.06496659091612676,0.0575,0.0925
negative_control,5,0.75,context_table,0.08763865970710166,0.40484114145442057,0.8865625,0.11678832116788321,0.4841047024564641,0.06577134986225895,0.7831325301204819,0.029110093361599882,0.1544142350264673,0.01712343830166656,0.18242289396039318,0.0575,0.0925
negative_control,5,0.75,monolithic_logistic,0.05181611851609571,0.18976907404027776,0.9246875,0.3836317135549872,0.8150804405489563,0.0,0.7831325301204819,0.001778436536156427,0.04247627326655803,0.5357893316757187,0.0630694725282726,0.0575,0.0925
negative_control,5,0.75,interaction_logistic,0.04046169713479289,0.18213860740233292,0.9459375,0.486646884272997,0.8254310344827587,0.0,0.012048192771084338,0.021969100745536364,0.024369300399872774,0.7754726208031821,0.06738541006761312,0.0575,0.0925
negative_control,5,0.75,oracle_intrinsic,0.03696022528518311,0.14494980911338823,0.9521875,0.43956043956043955,0.8092942711336639,0.0,0.0,0.014225619281781702,0.01077281764251459,0.9553555071842849,0.05128924469021874,0.0575,0.0925
negative_control,6,0.75,conserved_quotient,0.04541047380902883,0.15444917118754853,0.9321875,0.44501278772378516,0.825649043781113,0.0,0.6190476190476191,9.437056727497456e-33,0.03450226542492353,0.5292215739463894,0.06622937860543929,0.0496875,0.09125
negative_control,6,0.75,context_table,0.07489351117636492,0.34036021376774445,0.925,0.05511811023622047,0.508718375079366,0.02579092159559835,1.0,0.017534140334816973,0.1459298198930729,0.040549673282379815,0.17815680504632958,0.0496875,0.09125
negative_control,6,0.75,monolithic_logistic,0.04188488220349285,0.16025259754227814,0.9371875,0.36990595611285265,0.8355059470258667,0.0,0.6428571428571429,0.01065912992639921,0.031561617326682855,0.6020971141713239,0.05089819976081451,0.0496875,0.09125
negative_control,6,0.75,interaction_logistic,0.03606392460113878,0.1435096919516068,0.948125,0.319672131147541,0.8641335707593704,0.0,0.5595238095238095,0.023951382141746243,0.019318761084667294,0.8086867268092954,0.04546432450338036,0.0496875,0.09125
negative_control,6,0.75,oracle_intrinsic,0.032553590464528236,0.12511579634019784,0.956875,0.4435483870967742,0.8371687565535171,0.0,0.0,0.0229251611240697,0.009706798272291404,0.8669575901612678,0.05172403185217722,0.0496875,0.09125
negative_control,7,0.75,conserved_quotient,0.050155305495043816,0.17091022406901207,0.9196875,0.40093240093240096,0.8418989333799616,0.0,0.7835051546391752,9.437056727497456e-33,0.04076737397537358,0.5949070740899297,0.06351999788207914,0.059375,0.100625
negative_control,7,0.75,context_table,0.10464282685026348,0.6975604757848797,0.9115625,0.04067796610169491,0.41461794019933557,0.028839471855455177,1.0,0.0365409499312262,0.1422186858683169,-0.03920346994372157,0.17643665743159836,0.059375,0.100625
negative_control,7,0.75,monolithic_logistic,0.05292667752007159,0.18949172959937283,0.9215625,0.40380047505938244,0.8519181675118027,0.0,0.7835051546391752,0.009350180108431482,0.05589202193566701,0.5786363391972892,0.10183314659240722,0.059375,0.100625
negative_control,7,0.75,interaction_logistic,0.04900835077171507,0.18921009762334592,0.93625,0.5142857142857142,0.8439202657807309,0.0,0.09278350515463918,0.023379344303163296,0.05640216539823809,0.6586604817411664,0.1157771653982381,0.059375,0.100625
negative_control,7,0.75,oracle_intrinsic,0.036357378641799026,0.14031090879895775,0.9546875,0.4982698961937716,0.8541300926735443,0.0,0.0,0.018426196962235478,0.011680555896401155,0.9505183236840131,0.055961483307906616,0.059375,0.100625
negative_control,8,0.75,conserved_quotient,0.04544320339661796,0.15350209705157614,0.9325,0.4807692307692308,0.8589906760037453,0.0,0.7261904761904762,1.232595164407831e-32,0.032026947869248514,0.6041578395922176,0.06434476396120253,0.0553125,0.09625
negative_control,8,0.75,context_table,0.07006687599322564,0.36833797808455626,0.94125,0.010526315789473684,0.47347548269295103,0.004149377593360996,1.0,0.011355633943686563,0.10433687850621104,-0.026398345505408972,0.14108251016051268,0.0553125,0.09625
negative_control,8,0.75,monolithic_logistic,0.041032437097847166,0.1534846607270182,0.94375,0.31297709923664124,0.8732616792911595,0.0,0.7380952380952381,0.008669029279824715,0.020992548039359623,0.8121851625472368,0.04543890284136673,0.0553125,0.09625
negative_control,8,0.75,interaction_logistic,0.036482421536639685,0.13987878524279793,0.94375,0.3233082706766917,0.8861889356739573,0.0,0.6309523809523809,0.01926900759959247,0.017664176987725766,0.987661687811164,0.058759566013684754,0.0553125,0.09625
negative_control,8,0.75,oracle_intrinsic,0.03235356254237787,0.12076171695186892,0.955,0.45454545454545453,0.869964920543255,0.0,0.0,0.014939257460938521,0.0038618586506382405,1.0094100837903137,0.05288584996405017,0.0553125,0.09625
negative_control,9,0.75,conserved_quotient,0.04381504694813235,0.15205635418124122,0.938125,0.47619047619047616,0.8657325982699117,0.0,0.776595744680851,4.08297148210094e-32,0.031217514988261065,0.6768457796813788,0.05827713803055007,0.0578125,0.08625
negative_control,9,0.75,context_table,0.08411410487765072,0.4194263135888855,0.9090625,0.03322259136212625,0.4459450495271391,0.03556771545827633,1.0,0.017095620866949282,0.1516493211830646,-0.07904946958326214,0.17422414105568065,0.0578125,0.08625
negative_control,9,0.75,monolithic_logistic,0.04171037603991417,0.1566208195346055,0.940625,0.3402777777777778,0.8761364349424051,0.0,0.776595744680851,0.005907863690931969,0.026117950183591074,0.8801355556061734,0.04061698577384279,0.0578125,0.08625
negative_control,9,0.75,interaction_logistic,0.03806973010134142,0.14424215089173015,0.941875,0.2900763358778626,0.8753296580162252,0.0,0.7872340425531915,0.01020919093150339,0.022076294596227595,1.049636510444832,0.0451373840691181,0.0578125,0.08625
negative_control,9,0.75,oracle_intrinsic,0.03241885514779872,0.12396746827821759,0.9546875,0.49477351916376305,0.8742145130204831,0.0,0.0,0.01599860197424291,0.008344426343043571,1.0687932703216425,0.05017307644704195,0.0578125,0.08625
negative_control,10,0.75,conserved_quotient,0.04657924629672652,0.16389597326229852,0.9328125,0.43271767810026385,0.8114606847697757,0.0,0.7888888888888889,6.933347799794049e-33,0.03531246551677045,0.5850753669623353,0.059850131445973995,0.0546875,0.0884375
negative_control,10,0.75,context_table,0.06691378971302946,0.38484125998252844,0.94375,0.0,0.4448283353010626,0.0017140898183064792,1.0,0.009231317273307378,0.10010961001256824,-0.09266500023141327,0.12625802872021868,0.0546875,0.0884375
negative_control,10,0.75,monolithic_logistic,0.042105627709522225,0.1792342782636293,0.9440625,0.3193916349809886,0.8222375442739079,0.0,0.8222222222222222,0.005758082996993081,0.02993083135670273,0.8184732921824688,0.035915012581416154,0.0546875,0.0884375
negative_control,10,0.75,interaction_logistic,0.037536562339455376,0.1612139716376692,0.94625,0.3228346456692913,0.8338172373081464,0.0,0.8111111111111111,0.01196573458349752,0.019692280356799215,0.9929482079935747,0.039359874364081664,0.0546875,0.0884375
negative_control,10,0.75,oracle_intrinsic,0.03549484388074857,0.13870839834189103,0.9528125,0.43866171003717475,0.8192566706021251,0.0,0.0,0.01751527132708031,0.010292324810353559,0.9211501840916444,0.050630936929395014,0.0546875,0.0884375
negative_control,11,0.75,conserved_quotient,0.040318532316474,0.14075202858532682,0.9421875,0.44108761329305135,0.8214626804580842,0.0,0.8076923076923077,9.244463733058732e-33,0.029351485679761383,0.5947857938774401,0.05568159601274234,0.048125,0.0771875
negative_control,11,0.75,context_table,0.0734200743279518,0.37512961017265056,0.92375,0.03937007874015748,0.42686597709578666,0.030138841855739926,1.0,0.014329261436205,0.14533022459879272,-0.11796718799407094,0.16361655041846482,0.048125,0.0771875
negative_control,11,0.75,monolithic_logistic,0.03792376724030695,0.14477371520004398,0.9434375,0.4253968253968254,0.8319831842484502,0.0,0.8076923076923077,0.0021242010310231307,0.02635271805819965,0.6961734239297509,0.04506538907782236,0.048125,0.0771875
negative_control,11,0.75,interaction_logistic,0.03153831035306633,0.12517928529293953,0.9534375,0.4377358490566038,0.8548042568068832,0.0,0.3076923076923077,0.010612212476047015,0.010455246716852776,0.9147612964985051,0.044453478602593875,0.048125,0.0771875
negative_control,11,0.75,oracle_intrinsic,0.030249658963788804,0.11744642709723109,0.959375,0.4444444444444444,0.8293759753050627,0.0,0.0,0.013107896342096737,0.006474583079055765,0.9660515686012113,0.045124014666158924,0.048125,0.0771875
negative_control,12,0.75,conserved_quotient,0.043687887760327525,0.14114547261414156,0.935625,0.44324324324324327,0.8914559864847921,0.0,0.8072289156626506,1.925929944387236e-34,0.036585706769165414,0.5151214638707371,0.0676082865169399,0.0465625,0.093125
negative_control,12,0.75,context_table,0.07314477152014566,0.40621443364714,0.9421875,0.04145077720207254,0.4713956695901223,0.012060647829083391,0.927710843373494,0.026514891197773744,0.14281226596141555,0.01077344915073953,0.16056744859128563,0.0465625,0.093125
negative_control,12,0.75,monolithic_logistic,0.04189038733412529,0.14979495817480484,0.9359375,0.3768996960486322,0.8768849029584315,0.0,0.8072289156626506,0.006081265522617129,0.04498736826916528,0.5749100541403965,0.0765777439756547,0.0465625,0.093125
negative_control,12,0.75,interaction_logistic,0.03549267951363635,0.130981307367543,0.9409375,0.4793388429752066,0.9077736642623498,0.0,0.21686746987951808,0.014949512457428028,0.04206106978008335,0.7070801402261238,0.08702214804850417,0.0465625,0.093125
negative_control,12,0.75,oracle_intrinsic,0.028670191053096126,0.10393133029612221,0.96,0.452991452991453,0.9020675364442069,0.0,0.0,0.014668505571998515,0.004586431736746912,0.9244402822522153,0.05091146264621762,0.0465625,0.093125
negative_control,13,0.75,conserved_quotient,0.046552551902945945,0.164067371091488,0.9346875,0.43360433604336046,0.834768394660006,0.0,0.7640449438202247,1.5407439555097887e-32,0.03546374344041084,0.5740674761008268,0.06031923676556044,0.0540625,0.084375
negative_control,13,0.75,context_table,0.06954077468119702,0.3485165789775482,0.9459375,0.0,0.4637339092674599,0.0,1.0,0.009621350006736919,0.12545894976177172,-0.09780286458768375,0.1544535775459499,0.0540625,0.084375
negative_control,13,0.75,monolithic_logistic,0.042799849729468195,0.163014794571043,0.9353125,0.4265927977839335,0.8227933187058286,0.0,0.7752808988764045,0.00343673415396244,0.029158331483639412,0.6684228079483641,0.05594432721681269,0.0540625,0.084375
negative_control,13,0.75,interaction_logistic,0.03522539409130377,0.15255375397926355,0.9525,0.5220125786163522,0.8418950065976538,0.0,0.20224719101123595,0.01616246275704955,0.007563127087457281,0.8998669815050504,0.05493071875463655,0.0540625,0.084375
negative_control,13,0.75,oracle_intrinsic,0.03283372896320766,0.13008216867503847,0.9575,0.48484848484848486,0.8449293544992944,0.0,0.0,0.015504526661497365,0.008272059721459722,0.9984492853303409,0.0486615277740674,0.0540625,0.084375
negative_control,14,0.75,conserved_quotient,0.04190328638351343,0.1468083616576863,0.93625,0.4574468085106383,0.8505261114346728,0.0,0.7872340425531915,6.933347799794049e-33,0.026438426487678482,0.650452155763127,0.059386092150329084,0.053125,0.0890625
negative_control,14,0.75,context_table,0.06707531378238718,0.3460019316203959,0.9425,0.031578947368421054,0.5040458163463405,0.005831903945111492,1.0,0.012800789628102072,0.11762351774143019,0.024281308060185657,0.14321158033457476,0.053125,0.0890625
negative_control,14,0.75,monolithic_logistic,0.0393620627914766,0.15242232113506748,0.9465625,0.25327510917030566,0.8497379149679674,0.0,0.8404255319148937,0.005523864729478107,0.027228248600004053,0.9574247642706475,0.036224177580772524,0.053125,0.0890625
negative_control,14,0.75,interaction_logistic,0.03689015810590332,0.14728601969905336,0.945,0.34814814814814815,0.8472316055134925,0.0,0.18085106382978725,0.017242818120224202,0.01748035573026344,0.8725857012504972,0.04739851657775343,0.053125,0.0890625
negative_control,14,0.75,oracle_intrinsic,0.03411516211239305,0.1297661669080334,0.9521875,0.4226415094339623,0.8598272180159192,0.0,0.0,0.013314994552086493,0.010200497783552838,0.9155186732133549,0.05095906511084755,0.053125,0.0890625
negative_control,15,0.75,conserved_quotient,0.043803231149319916,0.1522152263877683,0.93625,0.43646408839779005,0.8356891569292625,0.0,0.7590361445783133,1.232595164407831e-32,0.03348069882242532,0.5900534626377081,0.06170228307313554,0.0525,0.0821875
negative_control,15,0.75,context_table,0.07247405452935214,0.34130319173456214,0.94625,0.033707865168539325,0.46644914562130924,0.0017024174327545114,0.9397590361445783,0.012458432713412392,0.13778405258981039,-0.02831595946767089,0.17176172898922118,0.0525,0.0821875
negative_control,15,0.75,monolithic_logistic,0.04050047385609856,0.15922500009562657,0.935625,0.3869047619047619,0.8463531850735017,0.0,0.7590361445783133,0.002834063298820889,0.03364138355038266,0.7193724465025559,0.044502184446243806,0.0525,0.0821875
negative_control,15,0.75,interaction_logistic,0.03422618465487354,0.15141746886893115,0.9515625,0.5201238390092879,0.8533303492901119,0.0,0.08433734939759036,0.015866541874987074,0.02024133907031963,0.840162452421572,0.052479763268832844,0.0525,0.0821875
negative_control,15,0.75,oracle_intrinsic,0.03138087696808802,0.12352941186835238,0.9584375,0.4743083003952569,0.8461156395275788,0.0,0.0,0.015907524902809972,0.0066876017828003675,1.0150824729946863,0.047599591449932345,0.0525,0.0821875
negative_control,16,0.75,conserved_quotient,0.04517491946739827,0.15646290245608083,0.9328125,0.45569620253164556,0.8305276067522022,0.0,0.7821782178217822,1.232595164407831e-32,0.03341955753031725,0.6426946759436509,0.06542535559827539,0.0584375,0.0921875
negative_control,16,0.75,context_table,0.10339906576246834,0.4045600915697652,0.856875,0.12595419847328243,0.4822560349004581,0.09707401032702237,0.594059405940594,0.023630284241961667,0.19398898070011256,0.0371596643567261,0.2402476616211652,0.0584375,0.0921875
negative_control,16,0.75,monolithic_logistic,0.04794541741463375,0.17887579425781402,0.934375,0.4852941176470588,0.8439045774904115,0.0,0.6633663366336634,0.006447798680468794,0.0495882507922034,0.6229539681093145,0.09661944869774736,0.0584375,0.0921875
negative_control,16,0.75,interaction_logistic,0.04483599768996984,0.16791294893743341,0.940625,0.5777777777777777,0.8696220122783447,0.0,0.0297029702970297,0.017680579461949283,0.0465493544914259,0.6477974001267082,0.1049868544914259,0.0584375,0.0921875
negative_control,16,0.75,oracle_intrinsic,0.034061381401249806,0.1308091293418702,0.9553125,0.5152542372881356,0.8389705216787858,0.0,0.0,0.01788627490526332,0.010385894430163778,0.995582039068283,0.05335302310855024,0.0584375,0.0921875
negative_control,17,0.75,conserved_quotient,0.047950224371165834,0.16091161600891607,0.931875,0.4322916666666667,0.8531006564895087,0.0,0.7471264367816092,3.158525108795067e-32,0.03856210876055162,0.5264777510672917,0.0665216511303242,0.0525,0.0909375
negative_control,17,0.75,context_table,0.08713103916928906,0.41110958569164546,0.874375,0.06511627906976744,0.4465326203040583,0.08250257820556893,0.8275862068965517,0.019528210200333195,0.16681574484935452,-0.06549242349390477,0.18915296823766034,0.0525,0.0909375
negative_control,17,0.75,monolithic_logistic,0.04235429296437565,0.16820072992300983,0.941875,0.2677165354330709,0.8670589112953889,0.0,0.7471264367816092,0.010807108100590374,0.031706562722554475,0.7392903771906857,0.03560608680616112,0.0525,0.0909375
negative_control,17,0.75,interaction_logistic,0.035044912536626886,0.15623586158638353,0.9521875,0.32599118942731276,0.8354614273149893,0.0,0.41379310344827586,0.028802352935295508,0.01818104489233209,1.1068972529715357,0.035527523673457934,0.0525,0.0909375
negative_control,17,0.75,oracle_intrinsic,0.03255111294005178,0.12448260299829675,0.956875,0.46511627906976744,0.8626456684256816,0.0,0.0,0.017990643709754957,0.005109438158805464,0.9540437220627753,0.05055637334965082,0.0525,0.0909375
negative_control,18,0.75,conserved_quotient,0.05248326109404916,0.1813413368722554,0.925,0.4117647058823529,0.8305828206130694,0.0,0.7553191489361702,6.933347799794049e-33,0.04358808938580138,0.5601061796381668,0.06763070302216502,0.060625,0.0921875
negative_control,18,0.75,context_table,0.08318117248746529,0.37962601539412133,0.9140625,0.12140575079872204,0.49948385016907765,0.03201376936316695,0.7446808510638298,0.024010813863376786,0.13563684303826734,0.0735024952028808,0.17316747216346606,0.060625,0.0921875
negative_control,18,0.75,monolithic_logistic,0.05133755067983477,0.18356929495991345,0.925,0.4117647058823529,0.8298368897942946,0.0,0.7553191489361702,0.0022043323247388385,0.03710329097861045,0.586172454387616,0.0701967551138211,0.060625,0.0921875
negative_control,18,0.75,interaction_logistic,0.04077352860506547,0.16980502105410358,0.94625,0.5401069518716578,0.8313236070813699,0.0,0.05319148936170213,0.0170070955226995,0.018464326707898996,0.7792029767224622,0.0667421137421364,0.060625,0.0921875
negative_control,18,0.75,oracle_intrinsic,0.03647092715141276,0.14452557370359123,0.953125,0.4897959183673469,0.8442084902360228,0.0,0.0,0.017755482537666612,0.01033186214514236,1.0122680293055522,0.05200428268252178,0.060625,0.0921875
negative_control,19,0.75,conserved_quotient,0.05246466076550689,0.18268523328613612,0.9240625,0.42823529411764705,0.8324790784615487,0.0,0.8404255319148937,1.9259299443872359e-32,0.04070710352880714,0.5980836443178145,0.0661162012701136,0.063125,0.0965625
negative_control,19,0.75,context_table,0.07728938400971735,0.3951557284218643,0.93625,0.0,0.47251798228521985,0.0006918021445866483,1.0,0.008729088835159033,0.12447632596752822,-0.0983568824285367,0.15458060676462965,0.063125,0.0965625
negative_control,19,0.75,monolithic_logistic,0.04985779041989487,0.19252307788784273,0.9284375,0.3164179104477612,0.8237009491476166,0.0,0.8404255319148937,0.00654273848490957,0.03675958324523364,0.7371612878325039,0.0479501814358175,0.063125,0.0965625
negative_control,19,0.75,interaction_logistic,0.041509124275370575,0.16874263153336722,0.94125,0.4748603351955307,0.8549082226434785,0.0,0.1702127659574468,0.017462871657266565,0.013859640073303084,0.9091550289733499,0.05643951134713303,0.063125,0.0965625
negative_control,19,0.75,oracle_intrinsic,0.039643802244194476,0.15380062782257348,0.946875,0.42953020134228187,0.8441105951822667,0.0,0.0,0.012579333489118109,0.0123235641382254,0.9907643983288671,0.05350764656340789,0.063125,0.0965625
negative_control,0,1.0,conserved_quotient,0.05163275912192437,0.17266482981519257,0.923125,0.35602094240837695,0.8324379924621578,0.0,0.759493670886076,6.355568816477878e-33,0.04509092205109705,0.4700612358336713,0.06368753978952514,0.0521875,0.088125
negative_control,0,1.0,context_table,0.07660525725245466,0.3582682859900663,0.9284375,0.16727272727272727,0.5412241787443905,0.029129540781357093,0.7088607594936709,0.023882549665562025,0.1501267380170334,0.11838838675398988,0.17967633091630744,0.0521875,0.088125
negative_control,0,1.0,monolithic_logistic,0.04446658207094582,0.16770047019063092,0.935625,0.22556390977443608,0.8054948461139048,0.0,0.7848101265822784,0.006030373555990232,0.032753644980544616,0.646996260664254,0.046785430635550115,0.0521875,0.088125
negative_control,0,1.0,interaction_logistic,0.033839237338842795,0.15549225955815602,0.9615625,0.5099601593625498,0.8550436219549032,0.0,0.10126582278481013,0.030372854031300918,0.022385527025390983,0.9930510672263776,0.060807928468695094,0.0521875,0.088125
negative_control,0,1.0,oracle_intrinsic,0.028868045817425622,0.12069942159733874,0.9646875,0.5461847389558233,0.8540031707110013,0.0,0.0,0.03321252279047704,0.008902070864298846,1.0423286187258483,0.04450495954109999,0.0521875,0.088125
negative_control,1,1.0,conserved_quotient,0.053526595377087344,0.17916719492635927,0.920625,0.34536082474226804,0.8188354701509772,0.0,0.7560975609756098,1.8488927466117464e-32,0.0471747334814695,0.42259715666635184,0.06588669981407967,0.0503125,0.0921875
negative_control,1,1.0,context_table,0.06964086530633523,0.34662513606078954,0.943125,0.010869565217391304,0.47770903717510865,0.006196213425129088,1.0,0.013080562068189621,0.13008388346577884,-0.014227600554118883,0.15568206881060642,0.0503125,0.0921875
negative_control,1,1.0,monolithic_logistic,0.04454570197475491,0.18223166337954402,0.9421875,0.14746543778801843,0.8041444656320831,0.0,0.7682926829268293,0.0074211607613044305,0.035040173774104955,0.5959595821907381,0.034786402930396296,0.0503125,0.0921875
negative_control,1,1.0,interaction_logistic,0.035002173773194194,0.15892791193810143,0.95625,0.36363636363636365,0.8267307609768659,0.0,0.32926829268292684,0.02004237919919351,0.009258446495977488,1.0927896550606162,0.043990765504787685,0.0503125,0.0921875
negative_control,1,1.0,oracle_intrinsic,0.03323526403410704,0.13383875473786838,0.959375,0.4715447154471545,0.8373463811036239,0.0,0.0,0.02948254281018868,0.012674678612585498,0.876220600268518,0.045416152071552016,0.0503125,0.0921875
negative_control,2,1.0,conserved_quotient,0.0495977795328238,0.16767335015101723,0.91875,0.2857142857142857,0.8046104574281749,0.0,0.8333333333333334,2.850376317693109e-32,0.04426795159434503,0.4703293481961079,0.05958793269263395,0.0503125,0.08875
negative_control,2,1.0,context_table,0.07713728241895595,0.3974657867699847,0.9215625,0.052830188679245285,0.43190286114875154,0.02880658436213992,1.0,0.02259548919562051,0.13795609998663785,-0.04561127503358168,0.15013929513969906,0.0503125,0.08875
negative_control,2,1.0,monolithic_logistic,0.04433441774376798,0.18280675200113103,0.9428125,0.18666666666666668,0.8237549537176131,0.0,0.8666666666666667,0.00944342240189198,0.04116114383150265,0.625716358965906,0.031975360904129106,0.0503125,0.08875
negative_control,2,1.0,interaction_logistic,0.03219039673979142,0.14708741025149705,0.95875,0.32653061224489793,0.8663318883500007,0.0,0.6444444444444445,0.01964231002149871,0.02213876614813689,1.3676049658529283,0.028173733851863118,0.0503125,0.08875
negative_control,2,1.0,oracle_intrinsic,0.02672507846800955,0.11498283513300592,0.970625,0.6299212598425197,0.8275012824993511,0.0,0.0,0.02372186342637759,0.01028876536561829,1.000748175121096,0.04699815913672438,0.0503125,0.08875
negative_control,3,1.0,conserved_quotient,0.05293765333024516,0.17755897270932436,0.9175,0.35609756097560974,0.8196440347369758,0.0,0.7553191489361702,3.0814879110195774e-33,0.04774470179167691,0.5493476060778909,0.06392384007505565,0.0596875,0.0915625
negative_control,3,1.0,context_table,0.11468341388184179,0.6117523902048567,0.8890625,0.1486810551558753,0.5301164569119865,0.0608875128998968,0.776595744680851,0.05304439576899948,0.18284109116934996,0.09215353409991653,0.23341866929434998,0.0596875,0.0915625
negative_control,3,1.0,monolithic_logistic,0.0520189480800429,0.18448476899905242,0.9175,0.35609756097560974,0.8439863655107974,0.0,0.7553191489361702,0.002098603757383024,0.06501607237783835,0.614340503576261,0.09482850154272755,0.0596875,0.0915625
negative_control,3,1.0,interaction_logistic,0.04329421429008286,0.1823755283205751,0.9534375,0.6089238845144357,0.8371813007748135,0.0,0.0,0.015060649017382039,0.05551743229901255,0.7811594508676919,0.10790562713355918,0.0596875,0.0915625
negative_control,3,1.0,oracle_intrinsic,0.029963539200338646,0.12652320161674296,0.965,0.6083916083916084,0.8422324649089381,0.0,0.0,0.02947889498686004,0.0122197671558621,1.1074083358592075,0.047743614959649516,0.0596875,0.0915625
negative_control,4,1.0,conserved_quotient,0.05990130180945218,0.1986538450850157,0.9178125,0.34413965087281795,0.7857657582954763,0.0,0.7246376811594203,3.389636702121535e-32,0.054284007766658635,0.37343172105337896,0.068490965105297,0.0521875,0.0903125
negative_control,4,1.0,context_table,0.07540830204331986,0.35182683788440916,0.911875,0.14545454545454545,0.5117401201553372,0.04534524218481621,0.6811594202898551,0.0239778153907393,0.13094980456739916,0.10129668147228144,0.1717828008284706,0.0521875,0.0903125
negative_control,4,1.0,monolithic_logistic,0.04992111384157825,0.19287712012768282,0.92625,0.30177514792899407,0.7932937290601784,0.0,0.7246376811594203,0.008897530061139483,0.03908298185536051,0.47187853869416196,0.05489013757251402,0.0521875,0.0903125
negative_control,4,1.0,interaction_logistic,0.038536522455774526,0.15489595195603956,0.94875,0.41007194244604317,0.8552252567071593,0.0,0.2028985507246377,0.020865356222559247,0.018242717803305216,0.823862132130536,0.061849388601424325,0.0521875,0.0903125
negative_control,4,1.0,oracle_intrinsic,0.030466444929520883,0.12813939354899284,0.96375,0.5126050420168067,0.8089715721869811,0.0,0.0,0.024959239831746284,0.011788691935499158,1.0715325914864464,0.04198536818802743,0.0521875,0.0903125
negative_control,5,1.0,conserved_quotient,0.05879243457084051,0.19558971724903454,0.9125,0.2893401015228426,0.7774804569473646,0.0,0.7764705882352941,3.0814879110195774e-33,0.054942241947086454,0.38329074441801514,0.06447000803363884,0.0534375,0.0925
negative_control,5,1.0,context_table,0.07749779716149946,0.36737905090595974,0.91875,0.12751677852348994,0.48908311275602895,0.0371900826446281,0.7764705882352941,0.02301555226652742,0.13853536981182082,0.06050638039420233,0.1656127787457467,0.0534375,0.0925
negative_control,5,1.0,monolithic_logistic,0.054021448240434866,0.19629379596278482,0.919375,0.2411764705882353,0.7991288885799841,0.0,0.788235294117647,0.002539960563643947,0.051019029654920105,0.4396680698429104,0.05418198393135762,0.0534375,0.0925
negative_control,5,1.0,interaction_logistic,0.03665608725778039,0.17797929805918664,0.9534375,0.5146579804560261,0.8147054110460481,0.0,0.058823529411764705,0.025806013865595893,0.024640110213496484,0.817024665045617,0.060893169376656786,0.0534375,0.0925
negative_control,5,1.0,oracle_intrinsic,0.03138886617908563,0.13236089172309984,0.9640625,0.555984555984556,0.8003085186279223,0.0,0.0,0.02528998983427858,0.012459328822629036,0.9853699386104928,0.04607524292029166,0.0534375,0.0925
negative_control,6,1.0,conserved_quotient,0.05048221056400669,0.1656857351731567,0.92125,0.34375,0.8125604365243818,0.0,0.632183908045977,6.933347799794049e-33,0.04470399993772743,0.4310781031113796,0.06639030775598369,0.0475,0.09125
negative_control,6,1.0,context_table,0.07467069505312043,0.33659060088863113,0.9259375,0.04048582995951417,0.4708134756181793,0.02579092159559835,1.0,0.01753808355781807,0.14746657896851245,0.002626318269730201,0.17875606412176917,0.0475,0.09125
negative_control,6,1.0,monolithic_logistic,0.046528304607860414,0.16843128356236786,0.9259375,0.2796352583586626,0.8242613793341622,0.0,0.6666666666666666,0.009648626895744665,0.04250985482689146,0.4830543888702473,0.05421982314370659,0.0475,0.09125
negative_control,6,1.0,interaction_logistic,0.0342153124763794,0.140434327202248,0.9534375,0.40160642570281124,0.8632429375604366,0.0,0.367816091954023,0.027214638186551073,0.014915038401790058,0.7910670590339921,0.04733997588309235,0.0475,0.09125
negative_control,6,1.0,oracle_intrinsic,0.027330285620530092,0.1131362538441171,0.9665625,0.5523012552301255,0.8358716673573698,0.0,0.0,0.04075584199834613,0.0068551156385533996,0.9447638697220772,0.04619870913623629,0.0475,0.09125
negative_control,7,1.0,conserved_quotient,0.053966908332792086,0.17911931063969902,0.90875,0.3047619047619048,0.8283815759856087,0.0,0.7938144329896907,9.244463733058732e-33,0.05040642469027144,0.49026155993376463,0.06274181098764753,0.0565625,0.100625
negative_control,7,1.0,context_table,0.10165770654537301,0.6860292270563596,0.913125,0.027972027972027972,0.42186227556964273,0.028839471855455177,1.0,0.04254628090280246,0.13699548670267322,-0.05207896566020826,0.16650151974136448,0.0565625,0.100625
negative_control,7,1.0,monolithic_logistic,0.05410704931298985,0.18931471875574973,0.9178125,0.3168831168831169,0.8402218728897461,0.0,0.7938144329896907,0.011108649124599865,0.05547913228043097,0.5051837904999243,0.09086722017778957,0.0565625,0.100625
negative_control,7,1.0,interaction_logistic,0.04171392684653775,0.17113375745051354,0.954375,0.5921787709497207,0.8404707570286893,0.0,0.030927835051546393,0.028440786105629078,0.05007844484512604,0.7327650187487896,0.10507061287959873,0.0565625,0.100625
negative_control,7,1.0,oracle_intrinsic,0.03060575970904364,0.12738465198465157,0.9653125,0.6021505376344086,0.8522177223807232,0.0,0.0,0.03275768348841863,0.012618421550248395,0.9908636452009821,0.050952811077208816,0.0565625,0.100625
negative_control,8,1.0,conserved_quotient,0.05085033343745526,0.16555752775413296,0.92125,0.37,0.8391817347566521,0.0,0.7294117647058823,1.0014835710813626e-32,0.042546086576391653,0.45713839119669325,0.06360151042696638,0.0503125,0.09625
negative_control,8,1.0,context_table,0.06534728694962379,0.3439464085691503,0.9496875,0.0,0.4587730108997116,0.0,1.0,0.010833500870707974,0.1054459198714875,-0.06775842533127524,0.13693542652578916,0.0503125,0.09625
negative_control,8,1.0,monolithic_logistic,0.04240458856920247,0.16424147460841623,0.9428125,0.20087336244541484,0.8543325996006369,0.0,0.7647058823529411,0.011396129223913474,0.029611265374226852,0.6893054792595176,0.036769434005659164,0.0503125,0.09625
negative_control,8,1.0,interaction_logistic,0.03344185511814884,0.13570825252090338,0.95375,0.27450980392156865,0.8770864884861194,0.0,0.7176470588235294,0.024065659335590597,0.015265600536051976,1.088010368632775,0.050426928650619735,0.0503125,0.09625
negative_control,8,1.0,oracle_intrinsic,0.027235082021205698,0.1093085433185653,0.96625,0.5645161290322581,0.8634725790397708,0.0,0.0,0.02655867993055737,0.00357926188696387,1.0121119139601433,0.04735821661873356,0.0503125,0.09625
negative_control,9,1.0,conserved_quotient,0.048760533478742735,0.16212324854570695,0.9265625,0.34540389972144847,0.8442987507048629,0.0,0.7938144329896907,1.5407439555097887e-32,0.04142030550813875,0.5103958477721385,0.05834518084400572,0.051875,0.08625
negative_control,9,1.0,context_table,0.07192227995319407,0.35203212472542833,0.948125,0.0,0.5035421845589345,0.0,1.0,0.013174283067087438,0.1381930227996108,0.004595394427995933,0.16607953017222685,0.051875,0.08625
negative_control,9,1.0,monolithic_logistic,0.043667293970194795,0.1614834594084045,0.939375,0.23622047244094488,0.8600400282739395,0.0,0.8041237113402062,0.0074833841101561716,0.0370148366763284,0.6641986655079907,0.03920578445485388,0.051875,0.08625
negative_control,9,1.0,interaction_logistic,0.03125407525376067,0.13633549978290083,0.960625,0.49193548387096775,0.8725925455281905,0.0,0.2268041237113402,0.020188319491519682,0.012382764397854459,1.112459473412904,0.05049775749414044,0.051875,0.08625
negative_control,9,1.0,oracle_intrinsic,0.027739313897021133,0.11360795563803422,0.9659375,0.5886792452830188,0.864900604395168,0.0,0.0,0.02844195906532073,0.007986181765465476,0.995769589503679,0.04667451859605592,0.051875,0.08625
negative_control,10,1.0,conserved_quotient,0.05023625606710974,0.1712285860540654,0.921875,0.32432432432432434,0.796316445743422,0.0,0.797752808988764,6.162975822039155e-33,0.04406941849666776,0.4822804494326194,0.05863086761171201,0.051875,0.0884375
negative_control,10,1.0,context_table,0.06348520706694749,0.363492027565012,0.9465625,0.0,0.44369634106630873,0.0017140898183064792,1.0,0.008750806940203892,0.09781572977540935,-0.12651668144842687,0.12226376653359985,0.051875,0.0884375
negative_control,10,1.0,monolithic_logistic,0.04324506145245797,0.1930328165103813,0.9521875,0.17297297297297298,0.8010420058612829,0.0,0.8089887640449438,0.008654018028998022,0.03510604287188241,0.8315934364843347,0.025696324608334865,0.051875,0.0884375
negative_control,10,1.0,interaction_logistic,0.03262945517068317,0.16112027323435846,0.96,0.42857142857142855,0.8295204549245102,0.0,0.3707865168539326,0.021597956397911806,0.01975952944899221,1.3041390406877105,0.032115470551007795,0.051875,0.0884375
negative_control,10,1.0,oracle_intrinsic,0.031005583937980443,0.12902021948293027,0.9634375,0.5447470817120622,0.8146408971416318,0.0,0.0,0.031138260137031658,0.009480233630577957,0.9320427721469624,0.046952707572526675,0.051875,0.0884375
negative_control,11,1.0,conserved_quotient,0.045875487752953796,0.15296055418714005,0.9303125,0.2829581993569132,0.7895162154004927,0.0,0.8441558441558441,9.244463733058732e-33,0.040377105309848324,0.40406015764717046,0.05582653382464749,0.041875,0.0771875
negative_control,11,1.0,context_table,0.06905512783422102,0.35447211395716877,0.93,0.042735042735042736,0.4122805736483921,0.030138841855739926,1.0,0.014306450841561423,0.1485555624466248,-0.1005347064202694,0.16371688826629693,0.041875,0.0771875
negative_control,11,1.0,monolithic_logistic,0.04177559274025164,0.15285422071160626,0.931875,0.24305555555555555,0.8018323256515855,0.0,0.8441558441558441,0.002307881422009317,0.03720936568921616,0.4572123976067201,0.04435416947580366,0.041875,0.0771875
negative_control,11,1.0,interaction_logistic,0.02923003135922315,0.12202729906445725,0.963125,0.5,0.8355701920923757,0.0,0.03896103896103896,0.01447176099466289,0.013907659445690045,0.78527233614362,0.04650392513457964,0.041875,0.0771875
negative_control,11,1.0,oracle_intrinsic,0.025107983482622998,0.10586701005321958,0.9709375,0.5674418604651162,0.8096795864123609,0.0,0.0,0.023302926830394196,0.007411898688352675,0.913665503388241,0.041616394554878554,0.041875,0.0771875
negative_control,12,1.0,conserved_quotient,0.050142518663161176,0.15565252636957594,0.92125,0.28,0.8660638783922617,0.0,0.8095238095238095,1.560003254953661e-32,0.04893458395102307,0.352667132833337,0.06622081561109561,0.0403125,0.093125
negative_control,12,1.0,context_table,0.06500102762732879,0.35949692140343786,0.9490625,0.057803468208092484,0.5007863004500718,0.012060647829083391,0.9285714285714286,0.027016054388338834,0.1349606219470322,0.0806130420032442,0.15209642957690234,0.0403125,0.093125
negative_control,12,1.0,monolithic_logistic,0.04453575279658892,0.1567342751919646,0.9340625,0.1593625498007968,0.8406624612844843,0.0,0.8095238095238095,0.011224831678132366,0.03938518633085907,0.3601739170577609,0.06526487027819657,0.0403125,0.093125
negative_control,12,1.0,interaction_logistic,0.03223084599356854,0.12709188880168032,0.9609375,0.5674740484429066,0.8966601793724237,0.0,0.023809523809523808,0.023994143346300997,0.043282268134120165,0.6751782888444264,0.08359476813412016,0.0403125,0.093125
negative_control,12,1.0,oracle_intrinsic,0.021375846100271555,0.08733810698573918,0.9746875,0.6197183098591549,0.8978314262707651,0.0,0.0,0.026077343239108472,0.005707895011012817,0.9393392202701701,0.04556945019495682,0.0403125,0.093125
negative_control,13,1.0,conserved_quotient,0.051250645931024456,0.17518082145716132,0.9246875,0.33608815426997246,0.8247362841083412,0.0,0.7840909090909091,1.5407439555097887e-32,0.04456471962218472,0.4766472852220801,0.06039389715786063,0.0521875,0.084375
negative_control,13,1.0,context_table,0.06875695164073466,0.36190962941419014,0.9478125,0.0,0.46156944271694,0.0,1.0,0.012890506341263066,0.12987262389033571,-0.004720222643927661,0.1513740016745139,0.0521875,0.084375
negative_control,13,1.0,monolithic_logistic,0.04668604928743358,0.1692607108451674,0.925625,0.33519553072625696,0.8136723585470009,0.0,0.7840909090909091,0.002449055192555016,0.037984897568215985,0.5568153463143641,0.05713096210279401,0.0521875,0.084375
negative_control,13,1.0,interaction_logistic,0.03290484702609587,0.15011928024382903,0.9575,0.5466666666666666,0.8417724392954941,0.0,0.045454545454545456,0.01909810558107014,0.014850731991708202,0.917489368496612,0.05464209274901217,0.0521875,0.084375
negative_control,13,1.0,oracle_intrinsic,0.02867944890030066,0.12128567124949122,0.9671875,0.5914396887159533,0.8433084375265295,0.0,0.0,0.027563602953773098,0.009036130530575844,1.0153834314795371,0.044546620365423194,0.0521875,0.084375
negative_control,14,1.0,conserved_quotient,0.04556372954171351,0.15456005666246672,0.9265625,0.3665768194070081,0.8412600469272628,0.0,0.7956989247311828,6.933347799794049e-33,0.03589461866092102,0.5612983707077394,0.05914913673321017,0.0515625,0.0890625
negative_control,14,1.0,context_table,0.06512194015808398,0.32243949060860216,0.9440625,0.032432432432432434,0.5233907443462633,0.005831903945111492,1.0,0.012745457778069227,0.11301436431779537,0.08052231317072076,0.14266492691093993,0.0515625,0.0890625
negative_control,14,1.0,monolithic_logistic,0.04186517693035057,0.16002518115664963,0.94625,0.18867924528301888,0.8412480654984774,0.0,0.8279569892473119,0.005679708295350144,0.03208927971832425,0.8041592346118853,0.034537417258867734,0.0515625,0.0890625
negative_control,14,1.0,interaction_logistic,0.033561607848375995,0.14045138046795855,0.954375,0.44274809160305345,0.8498307623184065,0.0,0.17204301075268819,0.018383069871683973,0.00872999526876642,0.9447683684202283,0.046344841864569816,0.0515625,0.0890625
negative_control,14,1.0,oracle_intrinsic,0.030936315678488938,0.12314623822895061,0.9615625,0.525096525096525,0.860292546552843,0.0,0.0,0.023671101425931543,0.010645067879892733,0.9242044623197384,0.04686729514779674,0.0515625,0.0890625
negative_control,15,1.0,conserved_quotient,0.04615972952282345,0.1559993038308412,0.9275,0.33714285714285713,0.8182490144546649,0.0,0.7710843373493976,6.162975822039155e-33,0.03991844733675866,0.5097734234432033,0.059351745898548434,0.04875,0.0821875
negative_control,15,1.0,context_table,0.06318852078197251,0.3175514552975433,0.95,0.03614457831325301,0.4776841369318373,0.0017024174327545114,0.9397590361445783,0.011484815236235991,0.1180267432697355,-0.0047664900046829614,0.14577010716914626,0.04875,0.0821875
negative_control,15,1.0,monolithic_logistic,0.04026532411436725,0.17688611748437316,0.9525,0.17391304347826086,0.8313180194750497,0.0,0.7831325301204819,0.011938475619175432,0.035043343400154636,0.79601084459986,0.025977041197525575,0.04875,0.0821875
negative_control,15,1.0,interaction_logistic,0.028279367888028744,0.1475342932977716,0.9675,0.5517241379310345,0.8464276087469255,0.0,0.1566265060240964,0.02865245405701641,0.014670916825575139,1.1687498174746913,0.03597373417418222,0.04875,0.0821875
negative_control,15,1.0,oracle_intrinsic,0.026849940061000614,0.11302508297589554,0.9675,0.5666666666666667,0.8390507597964891,0.0,0.0,0.028280044271662176,0.008257756105876287,1.0067326600717095,0.043581746933243126,0.04875,0.0821875
negative_control,16,1.0,conserved_quotient,0.049878305050087016,0.16569453632990772,0.9203125,0.32,0.8037633930951154,0.0,0.7980769230769231,1.5407439555097887e-32,0.04416958448234548,0.4962932870811774,0.063641584767231,0.0521875,0.0921875
negative_control,16,1.0,context_table,0.08844149497231349,0.38396568917497065,0.8925,0.1485148514851485,0.4556919790488262,0.06746987951807229,0.6057692307692307,0.02262321030034324,0.17060757922264225,0.04032556590278096,0.20313538514369495,0.0521875,0.0921875
negative_control,16,1.0,monolithic_logistic,0.04761109021562587,0.17054461840708066,0.924375,0.29651162790697677,0.8185567539500623,0.0,0.7884615384615384,0.011627855213055706,0.04240392862607147,0.5467108879281538,0.07100300501394397,0.0521875,0.0921875
negative_control,16,1.0,interaction_logistic,0.03648819808065981,0.15118817323958475,0.9534375,0.56047197640118,0.8590079978519716,0.0,0.057692307692307696,0.0343459604901539,0.03355539260051607,0.7271353003661871,0.08574289260051607,0.0521875,0.0921875
negative_control,16,1.0,oracle_intrinsic,0.028869974107365068,0.11913630094302036,0.96625,0.6029411764705882,0.8260709046792666,0.0,0.0,0.03179782205380145,0.013185019242993725,0.9350182781958105,0.049711322478066984,0.0521875,0.0921875
negative_control,17,1.0,conserved_quotient,0.05434346156025791,0.175538526532764,0.9196875,0.3035230352303523,0.8330362448009507,0.0,0.7738095238095238,3.389636702121535e-32,0.05003637820342153,0.38710218904017807,0.06681005987987053,0.0478125,0.0909375
negative_control,17,1.0,context_table,0.0834918944006456,0.3865054926397129,0.8815625,0.08674698795180723,0.44115180258735154,0.08250257820556893,0.8214285714285714,0.019460667031318123,0.16705843708133356,-0.03778448279353483,0.1897728156420532,0.0478125,0.0909375
negative_control,17,1.0,monolithic_logistic,0.04440311623922316,0.17465860401457234,0.940625,0.18803418803418803,0.8490125291994054,0.0,0.7738095238095238,0.011489282682058965,0.038861201885348494,0.4851510931063575,0.03534957124406551,0.0478125,0.0909375
negative_control,17,1.0,interaction_logistic,0.02935799315851719,0.14459687133426263,0.9634375,0.4935064935064935,0.8258117381073423,0.0,0.20238095238095238,0.03108674118145579,0.01341097575439734,1.1096534176594883,0.03581724907145209,0.0478125,0.0909375
negative_control,17,1.0,oracle_intrinsic,0.02693404441956764,0.11177003284863889,0.9675,0.5702479338842975,0.8552867815981003,0.0,0.0,0.03198336659511993,0.006031899618946356,0.9630158201884341,0.04527828946620108,0.0478125,0.0909375
negative_control,18,1.0,conserved_quotient,0.05566535661643745,0.187426889709406,0.9153125,0.3139240506329114,0.814553866030792,0.0,0.8021978021978022,9.244463733058732e-33,0.05107495728898166,0.46758927186733973,0.06539427547079985,0.0565625,0.0921875
negative_control,18,1.0,context_table,0.07641101253834785,0.3506012065731096,0.920625,0.15333333333333332,0.5017906847790878,0.03201376936316695,0.7142857142857143,0.02492851811737158,0.1254421123691171,0.1473467620771727,0.1614164289943158,0.0565625,0.0921875
negative_control,18,1.0,monolithic_logistic,0.05158809164672899,0.1895203432707423,0.92375,0.2694610778443114,0.8129690596754624,0.0,0.8021978021978022,0.007169539418783002,0.04548697336378221,0.5401508409763767,0.05249560726410827,0.0565625,0.0921875
negative_control,18,1.0,interaction_logistic,0.033782960222622366,0.16202320632029374,0.9596875,0.5597269624573379,0.8242164267191764,0.0,0.03296703296703297,0.024088410644474142,0.016955085759496485,1.001806497374313,0.05267636716638009,0.0565625,0.0921875
negative_control,18,1.0,oracle_intrinsic,0.031632380876422166,0.1333659573466327,0.961875,0.5642857142857143,0.8369479484443826,0.0,0.0,0.03156530228918509,0.013074465448852653,1.0073848188435381,0.047375501910029046,0.0565625,0.0921875
negative_control,19,1.0,conserved_quotient,0.05870477422023729,0.19603752234748512,0.9090625,0.2885085574572127,0.811319576742228,0.0,0.8404255319148937,1.9259299443872359e-32,0.05471571514430648,0.44463450294670365,0.06564303951328058,0.058125,0.0965625
negative_control,19,1.0,context_table,0.0733091326901618,0.3825541638054102,0.94125,0.0,0.46873907428416495,0.0006918021445866483,1.0,0.010062439930701245,0.12399542382068622,-0.0922078726852985,0.14910576711778767,0.058125,0.0965625
negative_control,19,1.0,monolithic_logistic,0.05310378874884062,0.20666731403175093,0.92625,0.16901408450704225,0.8009397007513325,0.0,0.8404255319148937,0.00955939931806294,0.047411853751293656,0.5345576994398087,0.04207507992152611,0.058125,0.0965625
negative_control,19,1.0,interaction_logistic,0.036437708575412,0.16220696339883944,0.95375,0.5225806451612903,0.8464834357228989,0.0,0.14893617021276595,0.020956904022901308,0.014267405080575507,0.9971314787790148,0.05113523419390042,0.058125,0.0965625
negative_control,19,1.0,oracle_intrinsic,0.032477363644923575,0.13750164658779904,0.9615625,0.5622775800711743,0.8372933478890625,0.0,0.0,0.022363259536209972,0.014348492112503492,1.0103858731564366,0.04890498708454384,0.058125,0.0965625
