suite,seed,changed_class,magnitude,class,is_changed,residual,accessible_support,residual_auc,detected_changed_class
residual_diagnostics,0,handle,0.0,handle,0,0.02413318856315594,27,,0
residual_diagnostics,0,handle,0.0,slot,0,0.11674839479996735,29,,0
residual_diagnostics,0,handle,0.0,button,0,0.010538785231440362,31,,0
residual_diagnostics,0,handle,0.0,flat,0,0.00841008648770078,24,,0
residual_diagnostics,0,handle,0.1,handle,1,0.08697792254795511,27,0.6666666666666666,0
residual_diagnostics,0,handle,0.1,slot,0,0.11674839479996735,29,0.6666666666666666,0
residual_diagnostics,0,handle,0.1,button,0,0.010538785231440362,31,0.6666666666666666,0
residual_diagnostics,0,handle,0.1,flat,0,0.00841008648770078,24,0.6666666666666666,0
residual_diagnostics,0,handle,0.2,handle,1,0.27216310773314034,27,1.0,1
residual_diagnostics,0,handle,0.2,slot,0,0.11674839479996735,29,1.0,1
residual_diagnostics,0,handle,0.2,button,0,0.010538785231440362,31,1.0,1
residual_diagnostics,0,handle,0.2,flat,0,0.00841008648770078,24,1.0,1
residual_diagnostics,0,handle,0.35,handle,1,0.3462371818072144,27,1.0,1
residual_diagnostics,0,handle,0.35,slot,0,0.11674839479996735,29,1.0,1
residual_diagnostics,0,handle,0.35,button,0,0.010538785231440362,31,1.0,1
residual_diagnostics,0,handle,0.35,flat,0,0.00841008648770078,24,1.0,1
residual_diagnostics,0,handle,0.55,handle,1,0.5684594040294366,27,1.0,1
residual_diagnostics,0,handle,0.55,slot,0,0.11674839479996735,29,1.0,1
residual_diagnostics,0,handle,0.55,button,0,0.010538785231440362,31,1.0,1
residual_diagnostics,0,handle,0.55,flat,0,0.00841008648770078,24,1.0,1
residual_diagnostics,0,slot,0.0,handle,0,0.1352442996742671,24,,0
residual_diagnostics,0,slot,0.0,slot,0,0.060830407847497714,37,,0
residual_diagnostics,0,slot,0.0,button,0,0.1036051353640931,26,,0
residual_diagnostics,0,slot,0.0,flat,0,0.03817199124960555,28,,0
residual_diagnostics,0,slot,0.1,handle,0,0.1352442996742671,24,0.3333333333333333,0
residual_diagnostics,0,slot,0.1,slot,1,0.07430472728763748,37,0.3333333333333333,0
residual_diagnostics,0,slot,0.1,button,0,0.1036051353640931,26,0.3333333333333333,0
residual_diagnostics,0,slot,0.1,flat,0,0.03817199124960555,28,0.3333333333333333,0
residual_diagnostics,0,slot,0.2,handle,0,0.1352442996742671,24,1.0,1
residual_diagnostics,0,slot,0.2,slot,1,0.18241283539574554,37,1.0,1
residual_diagnostics,0,slot,0.2,button,0,0.1036051353640931,26,1.0,1
residual_diagnostics,0,slot,0.2,flat,0,0.03817199124960555,28,1.0,1
residual_diagnostics,0,slot,0.35,handle,0,0.1352442996742671,24,1.0,1
residual_diagnostics,0,slot,0.35,slot,1,0.26349391647682663,37,1.0,1
residual_diagnostics,0,slot,0.35,button,0,0.1036051353640931,26,1.0,1
residual_diagnostics,0,slot,0.35,flat,0,0.03817199124960555,28,1.0,1
residual_diagnostics,0,slot,0.55,handle,0,0.1352442996742671,24,1.0,1
residual_diagnostics,0,slot,0.55,slot,1,0.587818240801151,37,1.0,1
residual_diagnostics,0,slot,0.55,button,0,0.1036051353640931,26,1.0,1
residual_diagnostics,0,slot,0.55,flat,0,0.03817199124960555,28,1.0,1
residual_diagnostics,0,button,0.0,handle,0,0.0011193366893692547,22,,0
residual_diagnostics,0,button,0.0,slot,0,0.06611471909762923,33,,0
residual_diagnostics,0,button,0.0,button,0,0.09003047473060888,34,,0
residual_diagnostics,0,button,0.0,flat,0,0.0020065801789658777,32,,0
residual_diagnostics,0,button,0.1,handle,0,0.0011193366893692547,22,1.0,1
residual_diagnostics,0,button,0.1,slot,0,0.06611471909762923,33,1.0,1
residual_diagnostics,0,button,0.1,button,1,0.1488540041423736,34,1.0,1
residual_diagnostics,0,button,0.1,flat,0,0.0020065801789658777,32,1.0,1
residual_diagnostics,0,button,0.2,handle,0,0.0011193366893692547,22,1.0,1
residual_diagnostics,0,button,0.2,slot,0,0.06611471909762923,33,1.0,1
residual_diagnostics,0,button,0.2,button,1,0.20767753355413832,34,1.0,1
residual_diagnostics,0,button,0.2,flat,0,0.0020065801789658777,32,1.0,1
residual_diagnostics,0,button,0.35,handle,0,0.0011193366893692547,22,1.0,1
residual_diagnostics,0,button,0.35,slot,0,0.06611471909762923,33,1.0,1
residual_diagnostics,0,button,0.35,button,1,0.32532459237766775,34,1.0,1
residual_diagnostics,0,button,0.35,flat,0,0.0020065801789658777,32,1.0,1
residual_diagnostics,0,button,0.55,handle,0,0.0011193366893692547,22,1.0,1
residual_diagnostics,0,button,0.55,slot,0,0.06611471909762923,33,1.0,1
residual_diagnostics,0,button,0.55,button,1,0.5017951806129619,34,1.0,1
residual_diagnostics,0,button,0.55,flat,0,0.0020065801789658777,32,1.0,1
residual_diagnostics,0,flat,0.0,handle,0,0.07642077026250238,34,,0
residual_diagnostics,0,flat,0.0,slot,0,0.010301618188273243,23,,0
residual_diagnostics,0,flat,0.0,button,0,0.021719279284688642,31,,0
residual_diagnostics,0,flat,0.0,flat,0,0.07040195640639998,41,,0
residual_diagnostics,0,flat,0.1,handle,0,0.07642077026250238,34,1.0,1
residual_diagnostics,0,flat,0.1,slot,0,0.010301618188273243,23,1.0,1
residual_diagnostics,0,flat,0.1,button,0,0.021719279284688642,31,1.0,1
residual_diagnostics,0,flat,0.1,flat,1,0.16796293201615609,41,1.0,1
residual_diagnostics,0,flat,0.2,handle,0,0.07642077026250238,34,1.0,1
residual_diagnostics,0,flat,0.2,slot,0,0.010301618188273243,23,1.0,1
residual_diagnostics,0,flat,0.2,button,0,0.021719279284688642,31,1.0,1
residual_diagnostics,0,flat,0.2,flat,1,0.16796293201615609,41,1.0,1
residual_diagnostics,0,flat,0.35,handle,0,0.07642077026250238,34,1.0,1
residual_diagnostics,0,flat,0.35,slot,0,0.010301618188273243,23,1.0,1
residual_diagnostics,0,flat,0.35,button,0,0.021719279284688642,31,1.0,1
residual_diagnostics,0,flat,0.35,flat,1,0.16796293201615609,41,1.0,1
residual_diagnostics,0,flat,0.55,handle,0,0.07642077026250238,34,1.0,1
residual_diagnostics,0,flat,0.55,slot,0,0.010301618188273243,23,1.0,1
residual_diagnostics,0,flat,0.55,button,0,0.021719279284688642,31,1.0,1
residual_diagnostics,0,flat,0.55,flat,1,0.16796293201615609,41,1.0,1
residual_diagnostics,1,handle,0.0,handle,0,0.03498149593414068,23,,0
residual_diagnostics,1,handle,0.0,slot,0,0.05226607615142653,33,,0
residual_diagnostics,1,handle,0.0,button,0,0.03597153724816793,29,,0
residual_diagnostics,1,handle,0.0,flat,0,0.11946415327368165,23,,0
residual_diagnostics,1,handle,0.1,handle,1,0.008496764935424617,23,0.0,0
residual_diagnostics,1,handle,0.1,slot,0,0.05226607615142653,33,0.0,0
residual_diagnostics,1,handle,0.1,button,0,0.03597153724816793,29,0.0,0
residual_diagnostics,1,handle,0.1,flat,0,0.11946415327368165,23,0.0,0
residual_diagnostics,1,handle,0.2,handle,1,0.13893154754412018,23,1.0,1
residual_diagnostics,1,handle,0.2,slot,0,0.05226607615142653,33,1.0,1
residual_diagnostics,1,handle,0.2,button,0,0.03597153724816793,29,1.0,1
residual_diagnostics,1,handle,0.2,flat,0,0.11946415327368165,23,1.0,1
residual_diagnostics,1,handle,0.35,handle,1,0.39980111276151153,23,1.0,1
residual_diagnostics,1,handle,0.35,slot,0,0.05226607615142653,33,1.0,1
residual_diagnostics,1,handle,0.35,button,0,0.03597153724816793,29,1.0,1
residual_diagnostics,1,handle,0.35,flat,0,0.11946415327368165,23,1.0,1
residual_diagnostics,1,handle,0.55,handle,1,0.48675763450064197,23,1.0,1
residual_diagnostics,1,handle,0.55,slot,0,0.05226607615142653,33,1.0,1
residual_diagnostics,1,handle,0.55,button,0,0.03597153724816793,29,1.0,1
residual_diagnostics,1,handle,0.55,flat,0,0.11946415327368165,23,1.0,1
residual_diagnostics,1,slot,0.0,handle,0,0.0015402431962940888,25,,0
residual_diagnostics,1,slot,0.0,slot,0,0.061370287484937114,28,,0
residual_diagnostics,1,slot,0.0,button,0,0.13676729321633774,26,,0
residual_diagnostics,1,slot,0.0,flat,0,0.06356353215566923,35,,0
residual_diagnostics,1,slot,0.1,handle,0,0.0015402431962940888,25,0.3333333333333333,0
residual_diagnostics,1,slot,0.1,slot,1,0.025656001770651415,28,0.3333333333333333,0
residual_diagnostics,1,slot,0.1,button,0,0.13676729321633774,26,0.3333333333333333,0
residual_diagnostics,1,slot,0.1,flat,0,0.06356353215566923,35,0.3333333333333333,0
residual_diagnostics,1,slot,0.2,handle,0,0.0015402431962940888,25,0.3333333333333333,0
residual_diagnostics,1,slot,0.2,slot,1,0.010058283943634283,28,0.3333333333333333,0
residual_diagnostics,1,slot,0.2,button,0,0.13676729321633774,26,0.3333333333333333,0
residual_diagnostics,1,slot,0.2,flat,0,0.06356353215566923,35,0.3333333333333333,0
residual_diagnostics,1,slot,0.35,handle,0,0.0015402431962940888,25,1.0,1
residual_diagnostics,1,slot,0.35,slot,1,0.22434399822934858,28,1.0,1
residual_diagnostics,1,slot,0.35,button,0,0.13676729321633774,26,1.0,1
residual_diagnostics,1,slot,0.35,flat,0,0.06356353215566923,35,1.0,1
residual_diagnostics,1,slot,0.55,handle,0,0.0015402431962940888,25,1.0,1
residual_diagnostics,1,slot,0.55,slot,1,0.6172011410864915,28,1.0,1
residual_diagnostics,1,slot,0.55,button,0,0.13676729321633774,26,1.0,1
residual_diagnostics,1,slot,0.55,flat,0,0.06356353215566923,35,1.0,1
residual_diagnostics,1,button,0.0,handle,0,0.029648351304402243,37,,0
residual_diagnostics,1,button,0.0,slot,0,0.021963045848396257,24,,0
residual_diagnostics,1,button,0.0,button,0,0.07907498552403003,36,,0
residual_diagnostics,1,button,0.0,flat,0,0.20642067501281208,19,,0
residual_diagnostics,1,button,0.1,handle,0,0.029648351304402243,37,0.6666666666666666,0
residual_diagnostics,1,button,0.1,slot,0,0.021963045848396257,24,0.6666666666666666,0
residual_diagnostics,1,button,0.1,button,1,0.1346305410795856,36,0.6666666666666666,0
residual_diagnostics,1,button,0.1,flat,0,0.20642067501281208,19,0.6666666666666666,0
residual_diagnostics,1,button,0.2,handle,0,0.029648351304402243,37,1.0,1
residual_diagnostics,1,button,0.2,slot,0,0.021963045848396257,24,1.0,1
residual_diagnostics,1,button,0.2,button,1,0.24574165219069666,36,1.0,1
residual_diagnostics,1,button,0.2,flat,0,0.20642067501281208,19,1.0,1
residual_diagnostics,1,button,0.35,handle,0,0.029648351304402243,37,1.0,1
residual_diagnostics,1,button,0.35,slot,0,0.021963045848396257,24,1.0,1
residual_diagnostics,1,button,0.35,button,1,0.41240831885736334,36,1.0,1
residual_diagnostics,1,button,0.35,flat,0,0.20642067501281208,19,1.0,1
residual_diagnostics,1,button,0.55,handle,0,0.029648351304402243,37,1.0,1
residual_diagnostics,1,button,0.55,slot,0,0.021963045848396257,24,1.0,1
residual_diagnostics,1,button,0.55,button,1,0.5512972077462522,36,1.0,1
residual_diagnostics,1,button,0.55,flat,0,0.20642067501281208,19,1.0,1
residual_diagnostics,1,flat,0.0,handle,0,0.056675378331429216,37,,0
residual_diagnostics,1,flat,0.0,slot,0,0.0011297125150628862,32,,0
residual_diagnostics,1,flat,0.0,button,0,0.004258347809303342,30,,0
residual_diagnostics,1,flat,0.0,flat,0,0.03499210358424065,35,,0
residual_diagnostics,1,flat,0.1,handle,0,0.056675378331429216,37,1.0,1
residual_diagnostics,1,flat,0.1,slot,0,0.0011297125150628862,32,1.0,1
residual_diagnostics,1,flat,0.1,button,0,0.004258347809303342,30,1.0,1
residual_diagnostics,1,flat,0.1,flat,1,0.14927781786995495,35,1.0,1
residual_diagnostics,1,flat,0.2,handle,0,0.056675378331429216,37,1.0,1
residual_diagnostics,1,flat,0.2,slot,0,0.0011297125150628862,32,1.0,1
residual_diagnostics,1,flat,0.2,button,0,0.004258347809303342,30,1.0,1
residual_diagnostics,1,flat,0.2,flat,1,0.1778492464413835,35,1.0,1
residual_diagnostics,1,flat,0.35,handle,0,0.056675378331429216,37,1.0,1
residual_diagnostics,1,flat,0.35,slot,0,0.0011297125150628862,32,1.0,1
residual_diagnostics,1,flat,0.35,button,0,0.004258347809303342,30,1.0,1
residual_diagnostics,1,flat,0.35,flat,1,0.1778492464413835,35,1.0,1
residual_diagnostics,1,flat,0.55,handle,0,0.056675378331429216,37,1.0,1
residual_diagnostics,1,flat,0.55,slot,0,0.0011297125150628862,32,1.0,1
residual_diagnostics,1,flat,0.55,button,0,0.004258347809303342,30,1.0,1
residual_diagnostics,1,flat,0.55,flat,1,0.1778492464413835,35,1.0,1
residual_diagnostics,2,handle,0.0,handle,0,0.03613493424814174,30,,0
residual_diagnostics,2,handle,0.0,slot,0,0.23181275376164323,25,,0
residual_diagnostics,2,handle,0.0,button,0,0.025138734739178714,24,,0
residual_diagnostics,2,handle,0.0,flat,0,0.12835631349782295,32,,0
residual_diagnostics,2,handle,0.1,handle,1,0.06386506575185824,30,0.3333333333333333,0
residual_diagnostics,2,handle,0.1,slot,0,0.23181275376164323,25,0.3333333333333333,0
residual_diagnostics,2,handle,0.1,button,0,0.025138734739178714,24,0.3333333333333333,0
residual_diagnostics,2,handle,0.1,flat,0,0.12835631349782295,32,0.3333333333333333,0
residual_diagnostics,2,handle,0.2,handle,1,0.09719839908519157,30,0.3333333333333333,0
residual_diagnostics,2,handle,0.2,slot,0,0.23181275376164323,25,0.3333333333333333,0
residual_diagnostics,2,handle,0.2,button,0,0.025138734739178714,24,0.3333333333333333,0
residual_diagnostics,2,handle,0.2,flat,0,0.12835631349782295,32,0.3333333333333333,0
residual_diagnostics,2,handle,0.35,handle,1,0.29719839908519163,30,1.0,1
residual_diagnostics,2,handle,0.35,slot,0,0.23181275376164323,25,1.0,1
residual_diagnostics,2,handle,0.35,button,0,0.025138734739178714,24,1.0,1
residual_diagnostics,2,handle,0.35,flat,0,0.12835631349782295,32,1.0,1
residual_diagnostics,2,handle,0.55,handle,1,0.5638650657518582,30,1.0,1
residual_diagnostics,2,handle,0.55,slot,0,0.23181275376164323,25,1.0,1
residual_diagnostics,2,handle,0.55,button,0,0.025138734739178714,24,1.0,1
residual_diagnostics,2,handle,0.55,flat,0,0.12835631349782295,32,1.0,1
residual_diagnostics,2,slot,0.0,handle,0,0.0416428435296361,27,,0
residual_diagnostics,2,slot,0.0,slot,0,0.11602328007743268,19,,0
residual_diagnostics,2,slot,0.0,button,0,0.004305401405845344,48,,0
residual_diagnostics,2,slot,0.0,flat,0,0.04443780414923587,34,,0
residual_diagnostics,2,slot,0.1,handle,0,0.0416428435296361,27,1.0,1
residual_diagnostics,2,slot,0.1,slot,1,0.14713461465940947,19,1.0,1
residual_diagnostics,2,slot,0.1,button,0,0.004305401405845344,48,1.0,1
residual_diagnostics,2,slot,0.1,flat,0,0.04443780414923587,34,1.0,1
residual_diagnostics,2,slot,0.2,handle,0,0.0416428435296361,27,1.0,1
residual_diagnostics,2,slot,0.2,slot,1,0.3050293515015147,19,1.0,1
residual_diagnostics,2,slot,0.2,button,0,0.004305401405845344,48,1.0,1
residual_diagnostics,2,slot,0.2,flat,0,0.04443780414923587,34,1.0,1
residual_diagnostics,2,slot,0.35,handle,0,0.0416428435296361,27,1.0,1
residual_diagnostics,2,slot,0.35,slot,1,0.46292408834362,19,1.0,1
residual_diagnostics,2,slot,0.35,button,0,0.004305401405845344,48,1.0,1
residual_diagnostics,2,slot,0.35,flat,0,0.04443780414923587,34,1.0,1
residual_diagnostics,2,slot,0.55,handle,0,0.0416428435296361,27,1.0,1
residual_diagnostics,2,slot,0.55,slot,1,0.5155556672909885,19,1.0,1
residual_diagnostics,2,slot,0.55,button,0,0.004305401405845344,48,1.0,1
residual_diagnostics,2,slot,0.55,flat,0,0.04443780414923587,34,1.0,1
residual_diagnostics,2,button,0.0,handle,0,0.0416428435296361,18,,0
residual_diagnostics,2,button,0.0,slot,0,0.11038418233307179,28,,0
residual_diagnostics,2,button,0.0,button,0,0.06546131538433997,31,,0
residual_diagnostics,2,button,0.0,flat,0,0.05572117836268781,37,,0
residual_diagnostics,2,button,0.1,handle,0,0.0416428435296361,18,1.0,1
residual_diagnostics,2,button,0.1,slot,0,0.11038418233307179,28,1.0,1
residual_diagnostics,2,button,0.1,button,1,0.1622355089327271,31,1.0,1
residual_diagnostics,2,button,0.1,flat,0,0.05572117836268781,37,1.0,1
residual_diagnostics,2,button,0.2,handle,0,0.0416428435296361,18,1.0,1
residual_diagnostics,2,button,0.2,slot,0,0.11038418233307179,28,1.0,1
residual_diagnostics,2,button,0.2,button,1,0.1622355089327271,31,1.0,1
residual_diagnostics,2,button,0.2,flat,0,0.05572117836268781,37,1.0,1
residual_diagnostics,2,button,0.35,handle,0,0.0416428435296361,18,1.0,1
residual_diagnostics,2,button,0.35,slot,0,0.11038418233307179,28,1.0,1
residual_diagnostics,2,button,0.35,button,1,0.2267516379649852,31,1.0,1
residual_diagnostics,2,button,0.35,flat,0,0.05572117836268781,37,1.0,1
residual_diagnostics,2,button,0.55,handle,0,0.0416428435296361,18,1.0,1
residual_diagnostics,2,button,0.55,slot,0,0.11038418233307179,28,1.0,1
residual_diagnostics,2,button,0.55,button,1,0.38804196054563034,31,1.0,1
residual_diagnostics,2,button,0.55,flat,0,0.05572117836268781,37,1.0,1
residual_diagnostics,2,flat,0.0,handle,0,0.05553173241852494,24,,0
residual_diagnostics,2,flat,0.0,slot,0,0.12146792617543634,29,,0
residual_diagnostics,2,flat,0.0,button,0,0.030416820816376866,36,,0
residual_diagnostics,2,flat,0.0,flat,0,0.09329533788806685,41,,0
residual_diagnostics,2,flat,0.1,handle,0,0.05553173241852494,24,0.6666666666666666,0
residual_diagnostics,2,flat,0.1,slot,0,0.12146792617543634,29,0.6666666666666666,0
residual_diagnostics,2,flat,0.1,button,0,0.030416820816376866,36,0.6666666666666666,0
residual_diagnostics,2,flat,0.1,flat,1,0.11768558179050588,41,0.6666666666666666,0
residual_diagnostics,2,flat,0.2,handle,0,0.05553173241852494,24,1.0,1
residual_diagnostics,2,flat,0.2,slot,0,0.12146792617543634,29,1.0,1
residual_diagnostics,2,flat,0.2,button,0,0.030416820816376866,36,1.0,1
residual_diagnostics,2,flat,0.2,flat,1,0.16646606959538393,41,1.0,1
residual_diagnostics,2,flat,0.35,handle,0,0.05553173241852494,24,1.0,1
residual_diagnostics,2,flat,0.35,slot,0,0.12146792617543634,29,1.0,1
residual_diagnostics,2,flat,0.35,button,0,0.030416820816376866,36,1.0,1
residual_diagnostics,2,flat,0.35,flat,1,0.16646606959538393,41,1.0,1
residual_diagnostics,2,flat,0.55,handle,0,0.05553173241852494,24,1.0,1
residual_diagnostics,2,flat,0.55,slot,0,0.12146792617543634,29,1.0,1
residual_diagnostics,2,flat,0.55,button,0,0.030416820816376866,36,1.0,1
residual_diagnostics,2,flat,0.55,flat,1,0.16646606959538393,41,1.0,1
residual_diagnostics,3,handle,0.0,handle,0,0.023039079822616326,33,,0
residual_diagnostics,3,handle,0.0,slot,0,0.06938516260162608,45,,0
residual_diagnostics,3,handle,0.0,button,0,0.06514435042309608,28,,0
residual_diagnostics,3,handle,0.0,flat,0,0.09273349196906602,25,,0
residual_diagnostics,3,handle,0.1,handle,1,0.09817304138950489,33,1.0,1
residual_diagnostics,3,handle,0.1,slot,0,0.06938516260162608,45,1.0,1
residual_diagnostics,3,handle,0.1,button,0,0.06514435042309608,28,1.0,1
residual_diagnostics,3,handle,0.1,flat,0,0.09273349196906602,25,1.0,1
residual_diagnostics,3,handle,0.2,handle,1,0.2193851626016261,33,1.0,1
residual_diagnostics,3,handle,0.2,slot,0,0.06938516260162608,45,1.0,1
residual_diagnostics,3,handle,0.2,button,0,0.06514435042309608,28,1.0,1
residual_diagnostics,3,handle,0.2,flat,0,0.09273349196906602,25,1.0,1
residual_diagnostics,3,handle,0.35,handle,1,0.4012033444198079,33,1.0,1
residual_diagnostics,3,handle,0.35,slot,0,0.06938516260162608,45,1.0,1
residual_diagnostics,3,handle,0.35,button,0,0.06514435042309608,28,1.0,1
residual_diagnostics,3,handle,0.35,flat,0,0.09273349196906602,25,1.0,1
residual_diagnostics,3,handle,0.55,handle,1,0.5527184959349594,33,1.0,1
residual_diagnostics,3,handle,0.55,slot,0,0.06938516260162608,45,1.0,1
residual_diagnostics,3,handle,0.55,button,0,0.06514435042309608,28,1.0,1
residual_diagnostics,3,handle,0.55,flat,0,0.09273349196906602,25,1.0,1
residual_diagnostics,3,slot,0.0,handle,0,0.08061483739837394,30,,0
residual_diagnostics,3,slot,0.0,slot,0,0.06105182926829267,40,,0
residual_diagnostics,3,slot,0.0,button,0,0.13128422100547532,32,,0
residual_diagnostics,3,slot,0.0,flat,0,0.0437370962662281,34,,0
residual_diagnostics,3,slot,0.1,handle,0,0.08061483739837394,30,1.0,1
residual_diagnostics,3,slot,0.1,slot,1,0.18605182926829267,40,1.0,1
residual_diagnostics,3,slot,0.1,button,0,0.13128422100547532,32,1.0,1
residual_diagnostics,3,slot,0.1,flat,0,0.0437370962662281,34,1.0,1
residual_diagnostics,3,slot,0.2,handle,0,0.08061483739837394,30,1.0,1
residual_diagnostics,3,slot,0.2,slot,1,0.2860518292682927,40,1.0,1
residual_diagnostics,3,slot,0.2,button,0,0.13128422100547532,32,1.0,1
residual_diagnostics,3,slot,0.2,flat,0,0.0437370962662281,34,1.0,1
residual_diagnostics,3,slot,0.35,handle,0,0.08061483739837394,30,1.0,1
residual_diagnostics,3,slot,0.35,slot,1,0.4110518292682927,40,1.0,1
residual_diagnostics,3,slot,0.35,button,0,0.13128422100547532,32,1.0,1
residual_diagnostics,3,slot,0.35,flat,0,0.0437370962662281,34,1.0,1
residual_diagnostics,3,slot,0.55,handle,0,0.08061483739837394,30,1.0,1
residual_diagnostics,3,slot,0.55,slot,1,0.5860518292682927,40,1.0,1
residual_diagnostics,3,slot,0.55,button,0,0.13128422100547532,32,1.0,1
residual_diagnostics,3,slot,0.55,flat,0,0.0437370962662281,34,1.0,1
residual_diagnostics,3,button,0.0,handle,0,0.00605182926829273,25,,0
residual_diagnostics,3,button,0.0,slot,0,0.16848426170072517,37,,0
residual_diagnostics,3,button,0.0,button,0,0.05950525267873519,19,,0
residual_diagnostics,3,button,0.0,flat,0,0.07559984136426731,24,,0
residual_diagnostics,3,button,0.1,handle,0,0.00605182926829273,25,1.0,1
residual_diagnostics,3,button,0.1,slot,0,0.16848426170072517,37,1.0,1
residual_diagnostics,3,button,0.1,button,1,0.2173999895208405,19,1.0,1
residual_diagnostics,3,button,0.1,flat,0,0.07559984136426731,24,1.0,1
residual_diagnostics,3,button,0.2,handle,0,0.00605182926829273,25,1.0,1
residual_diagnostics,3,button,0.2,slot,0,0.16848426170072517,37,1.0,1
residual_diagnostics,3,button,0.2,button,1,0.32266314741557733,19,1.0,1
residual_diagnostics,3,button,0.2,flat,0,0.07559984136426731,24,1.0,1
residual_diagnostics,3,button,0.35,handle,0,0.00605182926829273,25,1.0,1
residual_diagnostics,3,button,0.35,slot,0,0.16848426170072517,37,1.0,1
residual_diagnostics,3,button,0.35,button,1,0.42792630531031417,19,1.0,1
residual_diagnostics,3,button,0.35,flat,0,0.07559984136426731,24,1.0,1
residual_diagnostics,3,button,0.55,handle,0,0.00605182926829273,25,1.0,1
residual_diagnostics,3,button,0.55,slot,0,0.16848426170072517,37,1.0,1
residual_diagnostics,3,button,0.55,button,1,0.4805578842576826,19,1.0,1
residual_diagnostics,3,button,0.55,flat,0,0.07559984136426731,24,1.0,1
residual_diagnostics,3,flat,0.0,handle,0,0.07394817073170723,25,,0
residual_diagnostics,3,flat,0.0,slot,0,0.22323131644777994,39,,0
residual_diagnostics,3,flat,0.0,button,0,0.08746577899452468,32,,0
residual_diagnostics,3,flat,0.0,flat,0,0.07390996255730133,17,,0
residual_diagnostics,3,flat,0.1,handle,0,0.07394817073170723,25,0.0,0
residual_diagnostics,3,flat,0.1,slot,0,0.22323131644777994,39,0.0,0
residual_diagnostics,3,flat,0.1,button,0,0.08746577899452468,32,0.0,0
residual_diagnostics,3,flat,0.1,flat,1,0.07390996255730133,17,0.0,0
residual_diagnostics,3,flat,0.2,handle,0,0.07394817073170723,25,0.6666666666666666,0
residual_diagnostics,3,flat,0.2,slot,0,0.22323131644777994,39,0.6666666666666666,0
residual_diagnostics,3,flat,0.2,button,0,0.08746577899452468,32,0.6666666666666666,0
residual_diagnostics,3,flat,0.2,flat,1,0.13273349196906603,17,0.6666666666666666,0
residual_diagnostics,3,flat,0.35,handle,0,0.07394817073170723,25,0.6666666666666666,0
residual_diagnostics,3,flat,0.35,slot,0,0.22323131644777994,39,0.6666666666666666,0
residual_diagnostics,3,flat,0.35,button,0,0.08746577899452468,32,0.6666666666666666,0
residual_diagnostics,3,flat,0.35,flat,1,0.13273349196906603,17,0.6666666666666666,0
residual_diagnostics,3,flat,0.55,handle,0,0.07394817073170723,25,0.6666666666666666,0
residual_diagnostics,3,flat,0.55,slot,0,0.22323131644777994,39,0.6666666666666666,0
residual_diagnostics,3,flat,0.55,button,0,0.08746577899452468,32,0.6666666666666666,0
residual_diagnostics,3,flat,0.55,flat,1,0.13273349196906603,17,0.6666666666666666,0
residual_diagnostics,4,handle,0.0,handle,0,0.006410522384963313,28,,0
residual_diagnostics,4,handle,0.0,slot,0,0.10521255749144287,44,,0
residual_diagnostics,4,handle,0.0,button,0,0.03374264476500888,27,,0
residual_diagnostics,4,handle,0.0,flat,0,0.012424565140220084,36,,0
residual_diagnostics,4,handle,0.1,handle,1,0.22069623667067761,28,1.0,1
residual_diagnostics,4,handle,0.1,slot,0,0.10521255749144287,44,1.0,1
residual_diagnostics,4,handle,0.1,button,0,0.03374264476500888,27,1.0,1
residual_diagnostics,4,handle,0.1,flat,0,0.012424565140220084,36,1.0,1
residual_diagnostics,4,handle,0.2,handle,1,0.3635533795278205,28,1.0,1
residual_diagnostics,4,handle,0.2,slot,0,0.10521255749144287,44,1.0,1
residual_diagnostics,4,handle,0.2,button,0,0.03374264476500888,27,1.0,1
residual_diagnostics,4,handle,0.2,flat,0,0.012424565140220084,36,1.0,1
residual_diagnostics,4,handle,0.35,handle,1,0.4706962366706776,28,1.0,1
residual_diagnostics,4,handle,0.35,slot,0,0.10521255749144287,44,1.0,1
residual_diagnostics,4,handle,0.35,button,0,0.03374264476500888,27,1.0,1
residual_diagnostics,4,handle,0.35,flat,0,0.012424565140220084,36,1.0,1
residual_diagnostics,4,handle,0.55,handle,1,0.6135533795278205,28,1.0,1
residual_diagnostics,4,handle,0.55,slot,0,0.10521255749144287,44,1.0,1
residual_diagnostics,4,handle,0.55,button,0,0.03374264476500888,27,1.0,1
residual_diagnostics,4,handle,0.55,flat,0,0.012424565140220084,36,1.0,1
residual_diagnostics,4,slot,0.0,handle,0,0.07783909381353482,21,,0
residual_diagnostics,4,slot,0.0,slot,0,0.01040736268624809,35,,0
residual_diagnostics,4,slot,0.0,button,0,0.03903365005601411,35,,0
residual_diagnostics,4,slot,0.0,flat,0,0.07936287447330648,23,,0
residual_diagnostics,4,slot,0.1,handle,0,0.07783909381353482,21,1.0,1
residual_diagnostics,4,slot,0.1,slot,1,0.12469307697196241,35,1.0,1
residual_diagnostics,4,slot,0.1,button,0,0.03903365005601411,35,1.0,1
residual_diagnostics,4,slot,0.1,flat,0,0.07936287447330648,23,1.0,1
residual_diagnostics,4,slot,0.2,handle,0,0.07783909381353482,21,1.0,1
residual_diagnostics,4,slot,0.2,slot,1,0.153264505543391,35,1.0,1
residual_diagnostics,4,slot,0.2,button,0,0.03903365005601411,35,1.0,1
residual_diagnostics,4,slot,0.2,flat,0,0.07936287447330648,23,1.0,1
residual_diagnostics,4,slot,0.35,handle,0,0.07783909381353482,21,1.0,1
residual_diagnostics,4,slot,0.35,slot,1,0.23897879125767668,35,1.0,1
residual_diagnostics,4,slot,0.35,button,0,0.03903365005601411,35,1.0,1
residual_diagnostics,4,slot,0.35,flat,0,0.07936287447330648,23,1.0,1
residual_diagnostics,4,slot,0.55,handle,0,0.07783909381353482,21,1.0,1
residual_diagnostics,4,slot,0.55,slot,1,0.5818359341148195,35,1.0,1
residual_diagnostics,4,slot,0.55,button,0,0.03903365005601411,35,1.0,1
residual_diagnostics,4,slot,0.55,flat,0,0.07936287447330648,23,1.0,1
residual_diagnostics,4,button,0.0,handle,0,0.018315284289725287,24,,0
residual_diagnostics,4,button,0.0,slot,0,0.12469307697196241,28,,0
residual_diagnostics,4,button,0.0,button,0,0.0752520642297001,35,,0
residual_diagnostics,4,button,0.0,flat,0,0.004488057203712148,42,,0
residual_diagnostics,4,button,0.1,handle,0,0.018315284289725287,24,1.0,1
residual_diagnostics,4,button,0.1,slot,0,0.12469307697196241,28,1.0,1
residual_diagnostics,4,button,0.1,button,1,0.13239492137255726,35,1.0,1
residual_diagnostics,4,button,0.1,flat,0,0.004488057203712148,42,1.0,1
residual_diagnostics,4,button,0.2,handle,0,0.018315284289725287,24,1.0,1
residual_diagnostics,4,button,0.2,slot,0,0.12469307697196241,28,1.0,1
residual_diagnostics,4,button,0.2,button,1,0.27525206422970017,35,1.0,1
residual_diagnostics,4,button,0.2,flat,0,0.004488057203712148,42,1.0,1
residual_diagnostics,4,button,0.35,handle,0,0.018315284289725287,24,1.0,1
residual_diagnostics,4,button,0.35,slot,0,0.12469307697196241,28,1.0,1
residual_diagnostics,4,button,0.35,button,1,0.41810920708684296,35,1.0,1
residual_diagnostics,4,button,0.35,flat,0,0.004488057203712148,42,1.0,1
residual_diagnostics,4,button,0.55,handle,0,0.018315284289725287,24,1.0,1
residual_diagnostics,4,button,0.55,slot,0,0.12469307697196241,28,1.0,1
residual_diagnostics,4,button,0.55,button,1,0.5895377785154144,35,1.0,1
residual_diagnostics,4,button,0.55,flat,0,0.004488057203712148,42,1.0,1
residual_diagnostics,4,flat,0.0,handle,0,0.027981012006570993,27,,0
residual_diagnostics,4,flat,0.0,slot,0,0.08321842259408219,31,,0
residual_diagnostics,4,flat,0.0,button,0,0.07077968180204586,36,,0
residual_diagnostics,4,flat,0.0,flat,0,0.0796760271285242,38,,0
residual_diagnostics,4,flat,0.1,handle,0,0.027981012006570993,27,0.6666666666666666,0
residual_diagnostics,4,flat,0.1,slot,0,0.08321842259408219,31,0.6666666666666666,0
residual_diagnostics,4,flat,0.1,button,0,0.07077968180204586,36,0.6666666666666666,0
residual_diagnostics,4,flat,0.1,flat,1,0.07821870971358108,38,0.6666666666666666,0
residual_diagnostics,4,flat,0.2,handle,0,0.027981012006570993,27,1.0,1
residual_diagnostics,4,flat,0.2,slot,0,0.08321842259408219,31,1.0,1
residual_diagnostics,4,flat,0.2,button,0,0.07077968180204586,36,1.0,1
residual_diagnostics,4,flat,0.2,flat,1,0.1571660781346337,38,1.0,1
residual_diagnostics,4,flat,0.35,handle,0,0.027981012006570993,27,1.0,1
residual_diagnostics,4,flat,0.35,slot,0,0.08321842259408219,31,1.0,1
residual_diagnostics,4,flat,0.35,button,0,0.07077968180204586,36,1.0,1
residual_diagnostics,4,flat,0.35,flat,1,0.1571660781346337,38,1.0,1
residual_diagnostics,4,flat,0.55,handle,0,0.027981012006570993,27,1.0,1
residual_diagnostics,4,flat,0.55,slot,0,0.08321842259408219,31,1.0,1
residual_diagnostics,4,flat,0.55,button,0,0.07077968180204586,36,1.0,1
residual_diagnostics,4,flat,0.55,flat,1,0.1571660781346337,38,1.0,1
residual_diagnostics,5,handle,0.0,handle,0,0.007532691253621437,27,,0
residual_diagnostics,5,handle,0.0,slot,0,0.12498152254249817,30,,0
residual_diagnostics,5,handle,0.0,button,0,0.016274571544240057,43,,0
residual_diagnostics,5,handle,0.0,flat,0,0.1506986531986532,27,,0
residual_diagnostics,5,handle,0.1,handle,1,0.10357841985748972,27,0.3333333333333333,0
residual_diagnostics,5,handle,0.1,slot,0,0.12498152254249817,30,0.3333333333333333,0
residual_diagnostics,5,handle,0.1,button,0,0.016274571544240057,43,0.3333333333333333,0
residual_diagnostics,5,handle,0.1,flat,0,0.1506986531986532,27,0.3333333333333333,0
residual_diagnostics,5,handle,0.2,handle,1,0.25172656800563786,27,1.0,1
residual_diagnostics,5,handle,0.2,slot,0,0.12498152254249817,30,1.0,1
residual_diagnostics,5,handle,0.2,button,0,0.016274571544240057,43,1.0,1
residual_diagnostics,5,handle,0.2,flat,0,0.1506986531986532,27,1.0,1
residual_diagnostics,5,handle,0.35,handle,1,0.4739487902278601,27,1.0,1
residual_diagnostics,5,handle,0.35,slot,0,0.12498152254249817,30,1.0,1
residual_diagnostics,5,handle,0.35,button,0,0.016274571544240057,43,1.0,1
residual_diagnostics,5,handle,0.35,flat,0,0.1506986531986532,27,1.0,1
residual_diagnostics,5,handle,0.55,handle,1,0.6591339754130452,27,1.0,1
residual_diagnostics,5,handle,0.55,slot,0,0.12498152254249817,30,1.0,1
residual_diagnostics,5,handle,0.55,button,0,0.016274571544240057,43,1.0,1
residual_diagnostics,5,handle,0.55,flat,0,0.1506986531986532,27,1.0,1
residual_diagnostics,5,slot,0.0,handle,0,0.019106765327695507,32,,0
residual_diagnostics,5,slot,0.0,slot,0,0.02461197339246124,41,,0
residual_diagnostics,5,slot,0.0,button,0,0.07732108317214703,40,,0
residual_diagnostics,5,slot,0.0,flat,0,0.15334415584415584,28,,0
residual_diagnostics,5,slot,0.1,handle,0,0.019106765327695507,32,0.3333333333333333,0
residual_diagnostics,5,slot,0.1,slot,1,0.07294900221729494,41,0.3333333333333333,0
residual_diagnostics,5,slot,0.1,button,0,0.07732108317214703,40,0.3333333333333333,0
residual_diagnostics,5,slot,0.1,flat,0,0.15334415584415584,28,0.3333333333333333,0
residual_diagnostics,5,slot,0.2,handle,0,0.019106765327695507,32,0.6666666666666666,0
residual_diagnostics,5,slot,0.2,slot,1,0.09733924611973388,41,0.6666666666666666,0
residual_diagnostics,5,slot,0.2,button,0,0.07732108317214703,40,0.6666666666666666,0
residual_diagnostics,5,slot,0.2,flat,0,0.15334415584415584,28,0.6666666666666666,0
residual_diagnostics,5,slot,0.35,handle,0,0.019106765327695507,32,1.0,1
residual_diagnostics,5,slot,0.35,slot,1,0.17050997782705102,41,1.0,1
residual_diagnostics,5,slot,0.35,button,0,0.07732108317214703,40,1.0,1
residual_diagnostics,5,slot,0.35,flat,0,0.15334415584415584,28,1.0,1
residual_diagnostics,5,slot,0.55,handle,0,0.019106765327695507,32,1.0,1
residual_diagnostics,5,slot,0.55,slot,1,0.4388026607538803,41,1.0,1
residual_diagnostics,5,slot,0.55,button,0,0.07732108317214703,40,1.0,1
residual_diagnostics,5,slot,0.55,flat,0,0.15334415584415584,28,1.0,1
residual_diagnostics,5,button,0.0,handle,0,0.029504345783415653,36,,0
residual_diagnostics,5,button,0.0,slot,0,0.07766969458550887,31,,0
residual_diagnostics,5,button,0.0,button,0,0.09767891682785301,40,,0
residual_diagnostics,5,button,0.0,flat,0,0.01424641148325359,38,,0
residual_diagnostics,5,button,0.1,handle,0,0.029504345783415653,36,1.0,1
residual_diagnostics,5,button,0.1,slot,0,0.07766969458550887,31,1.0,1
residual_diagnostics,5,button,0.1,button,1,0.24767891682785292,40,1.0,1
residual_diagnostics,5,button,0.1,flat,0,0.01424641148325359,38,1.0,1
residual_diagnostics,5,button,0.2,handle,0,0.029504345783415653,36,1.0,1
residual_diagnostics,5,button,0.2,slot,0,0.07766969458550887,31,1.0,1
residual_diagnostics,5,button,0.2,button,1,0.27267891682785295,40,1.0,1
residual_diagnostics,5,button,0.2,flat,0,0.01424641148325359,38,1.0,1
residual_diagnostics,5,button,0.35,handle,0,0.029504345783415653,36,1.0,1
residual_diagnostics,5,button,0.35,slot,0,0.07766969458550887,31,1.0,1
residual_diagnostics,5,button,0.35,button,1,0.447678916827853,40,1.0,1
residual_diagnostics,5,button,0.35,flat,0,0.01424641148325359,38,1.0,1
residual_diagnostics,5,button,0.55,handle,0,0.029504345783415653,36,1.0,1
residual_diagnostics,5,button,0.55,slot,0,0.07766969458550887,31,1.0,1
residual_diagnostics,5,button,0.55,button,1,0.572678916827853,40,1.0,1
residual_diagnostics,5,button,0.55,flat,0,0.01424641148325359,38,1.0,1
residual_diagnostics,5,flat,0.0,handle,0,0.030324714045644185,39,,0
residual_diagnostics,5,flat,0.0,slot,0,0.08362062799513625,31,,0
residual_diagnostics,5,flat,0.0,button,0,0.007199131952634885,41,,0
residual_diagnostics,5,flat,0.0,flat,0,0.11950956937799043,38,,0
residual_diagnostics,5,flat,0.1,handle,0,0.030324714045644185,39,1.0,1
residual_diagnostics,5,flat,0.1,slot,0,0.08362062799513625,31,1.0,1
residual_diagnostics,5,flat,0.1,button,0,0.007199131952634885,41,1.0,1
residual_diagnostics,5,flat,0.1,flat,1,0.17214114832535884,38,1.0,1
residual_diagnostics,5,flat,0.2,handle,0,0.030324714045644185,39,1.0,1
residual_diagnostics,5,flat,0.2,slot,0,0.08362062799513625,31,1.0,1
residual_diagnostics,5,flat,0.2,button,0,0.007199131952634885,41,1.0,1
residual_diagnostics,5,flat,0.2,flat,1,0.19845693779904305,38,1.0,1
residual_diagnostics,5,flat,0.35,handle,0,0.030324714045644185,39,1.0,1
residual_diagnostics,5,flat,0.35,slot,0,0.08362062799513625,31,1.0,1
residual_diagnostics,5,flat,0.35,button,0,0.007199131952634885,41,1.0,1
residual_diagnostics,5,flat,0.35,flat,1,0.19845693779904305,38,1.0,1
residual_diagnostics,5,flat,0.55,handle,0,0.030324714045644185,39,1.0,1
residual_diagnostics,5,flat,0.55,slot,0,0.08362062799513625,31,1.0,1
residual_diagnostics,5,flat,0.55,button,0,0.007199131952634885,41,1.0,1
residual_diagnostics,5,flat,0.55,flat,1,0.19845693779904305,38,1.0,1
residual_diagnostics,6,handle,0.0,handle,0,0.027099677674390366,35,,0
residual_diagnostics,6,handle,0.0,slot,0,0.10617634220864258,32,,0
residual_diagnostics,6,handle,0.0,button,0,0.11508101371001256,29,,0
residual_diagnostics,6,handle,0.0,flat,0,0.07797805642633229,24,,0
residual_diagnostics,6,handle,0.1,handle,1,0.030043179468466796,35,0.0,0
residual_diagnostics,6,handle,0.1,slot,0,0.10617634220864258,32,0.0,0
residual_diagnostics,6,handle,0.1,button,0,0.11508101371001256,29,0.0,0
residual_diagnostics,6,handle,0.1,flat,0,0.07797805642633229,24,0.0,0
residual_diagnostics,6,handle,0.2,handle,1,0.11575746518275243,35,1.0,1
residual_diagnostics,6,handle,0.2,slot,0,0.10617634220864258,32,1.0,1
residual_diagnostics,6,handle,0.2,button,0,0.11508101371001256,29,1.0,1
residual_diagnostics,6,handle,0.2,flat,0,0.07797805642633229,24,1.0,1
residual_diagnostics,6,handle,0.35,handle,1,0.2871860366113239,35,1.0,1
residual_diagnostics,6,handle,0.35,slot,0,0.10617634220864258,32,1.0,1
residual_diagnostics,6,handle,0.35,button,0,0.11508101371001256,29,1.0,1
residual_diagnostics,6,handle,0.35,flat,0,0.07797805642633229,24,1.0,1
residual_diagnostics,6,handle,0.55,handle,1,0.5157574651827525,35,1.0,1
residual_diagnostics,6,handle,0.55,slot,0,0.10617634220864258,32,1.0,1
residual_diagnostics,6,handle,0.55,button,0,0.11508101371001256,29,1.0,1
residual_diagnostics,6,handle,0.55,flat,0,0.07797805642633229,24,1.0,1
residual_diagnostics,6,slot,0.0,handle,0,0.11281396338867611,29,,0
residual_diagnostics,6,slot,0.0,slot,0,0.07046205649435688,35,,0
residual_diagnostics,6,slot,0.0,button,0,0.10500012219262433,34,,0
residual_diagnostics,6,slot,0.0,flat,0,0.07394579836181617,31,,0
residual_diagnostics,6,slot,0.1,handle,0,0.11281396338867611,29,0.0,0
residual_diagnostics,6,slot,0.1,slot,1,0.013319199351499722,35,0.0,0
residual_diagnostics,6,slot,0.1,button,0,0.10500012219262433,34,0.0,0
residual_diagnostics,6,slot,0.1,flat,0,0.07394579836181617,31,0.0,0
residual_diagnostics,6,slot,0.2,handle,0,0.11281396338867611,29,1.0,1
residual_diagnostics,6,slot,0.2,slot,1,0.21525222921992887,35,1.0,1
residual_diagnostics,6,slot,0.2,button,0,0.10500012219262433,34,1.0,1
residual_diagnostics,6,slot,0.2,flat,0,0.07394579836181617,31,1.0,1
residual_diagnostics,6,slot,0.35,handle,0,0.11281396338867611,29,1.0,1
residual_diagnostics,6,slot,0.35,slot,1,0.3866808006485003,35,1.0,1
residual_diagnostics,6,slot,0.35,button,0,0.10500012219262433,34,1.0,1
residual_diagnostics,6,slot,0.35,flat,0,0.07394579836181617,31,1.0,1
residual_diagnostics,6,slot,0.55,handle,0,0.11281396338867611,29,1.0,1
residual_diagnostics,6,slot,0.55,slot,1,0.5295379435056431,35,1.0,1
residual_diagnostics,6,slot,0.55,button,0,0.10500012219262433,34,1.0,1
residual_diagnostics,6,slot,0.55,flat,0,0.07394579836181617,31,1.0,1
residual_diagnostics,6,button,0.0,handle,0,0.03173288230759508,37,,0
residual_diagnostics,6,button,0.0,slot,0,0.031176342208642627,40,,0
residual_diagnostics,6,button,0.0,button,0,0.018312815691076345,38,,0
residual_diagnostics,6,button,0.0,flat,0,0.2029780564263323,29,,0
residual_diagnostics,6,button,0.1,handle,0,0.03173288230759508,37,0.6666666666666666,0
residual_diagnostics,6,button,0.1,slot,0,0.031176342208642627,40,0.6666666666666666,0
residual_diagnostics,6,button,0.1,button,1,0.097260184112129,38,0.6666666666666666,0
residual_diagnostics,6,button,0.1,flat,0,0.2029780564263323,29,0.6666666666666666,0
residual_diagnostics,6,button,0.2,handle,0,0.03173288230759508,37,1.0,1
residual_diagnostics,6,button,0.2,slot,0,0.031176342208642627,40,1.0,1
residual_diagnostics,6,button,0.2,button,1,0.2551549209542343,38,1.0,1
residual_diagnostics,6,button,0.2,flat,0,0.2029780564263323,29,1.0,1
residual_diagnostics,6,button,0.35,handle,0,0.03173288230759508,37,1.0,1
residual_diagnostics,6,button,0.35,slot,0,0.031176342208642627,40,1.0,1
residual_diagnostics,6,button,0.35,button,1,0.43936544727002375,38,1.0,1
residual_diagnostics,6,button,0.35,flat,0,0.2029780564263323,29,1.0,1
residual_diagnostics,6,button,0.55,handle,0,0.03173288230759508,37,1.0,1
residual_diagnostics,6,button,0.55,slot,0,0.031176342208642627,40,1.0,1
residual_diagnostics,6,button,0.55,button,1,0.7025233420068658,38,1.0,1
residual_diagnostics,6,button,0.55,flat,0,0.2029780564263323,29,1.0,1
residual_diagnostics,6,flat,0.0,handle,0,0.05875990933462205,37,,0
residual_diagnostics,6,flat,0.0,slot,0,0.022843008875309212,36,,0
residual_diagnostics,6,flat,0.0,button,0,0.07147046604266971,34,,0
residual_diagnostics,6,flat,0.0,flat,0,0.06531462650049699,41,,0
residual_diagnostics,6,flat,0.1,handle,0,0.05875990933462205,37,1.0,1
residual_diagnostics,6,flat,0.1,slot,0,0.022843008875309212,36,1.0,1
residual_diagnostics,6,flat,0.1,button,0,0.07147046604266971,34,1.0,1
residual_diagnostics,6,flat,0.1,flat,1,0.17858781252389327,41,1.0,1
residual_diagnostics,6,flat,0.2,handle,0,0.05875990933462205,37,1.0,1
residual_diagnostics,6,flat,0.2,slot,0,0.022843008875309212,36,1.0,1
residual_diagnostics,6,flat,0.2,button,0,0.07147046604266971,34,1.0,1
residual_diagnostics,6,flat,0.2,flat,1,0.17858781252389327,41,1.0,1
residual_diagnostics,6,flat,0.35,handle,0,0.05875990933462205,37,1.0,1
residual_diagnostics,6,flat,0.35,slot,0,0.022843008875309212,36,1.0,1
residual_diagnostics,6,flat,0.35,button,0,0.07147046604266971,34,1.0,1
residual_diagnostics,6,flat,0.35,flat,1,0.17858781252389327,41,1.0,1
residual_diagnostics,6,flat,0.55,handle,0,0.05875990933462205,37,1.0,1
residual_diagnostics,6,flat,0.55,slot,0,0.022843008875309212,36,1.0,1
residual_diagnostics,6,flat,0.55,button,0,0.07147046604266971,34,1.0,1
residual_diagnostics,6,flat,0.55,flat,1,0.17858781252389327,41,1.0,1
residual_diagnostics,7,handle,0.0,handle,0,0.015705664478670722,26,,0
residual_diagnostics,7,handle,0.0,slot,0,0.08743791995325734,35,,0
residual_diagnostics,7,handle,0.0,button,0,0.10861063206204702,28,,0
residual_diagnostics,7,handle,0.0,flat,0,0.016418711656441737,25,,0
residual_diagnostics,7,handle,0.1,handle,1,0.06121741244440626,26,0.3333333333333333,0
residual_diagnostics,7,handle,0.1,slot,0,0.08743791995325734,35,0.3333333333333333,0
residual_diagnostics,7,handle,0.1,button,0,0.10861063206204702,28,0.3333333333333333,0
residual_diagnostics,7,handle,0.1,flat,0,0.016418711656441737,25,0.3333333333333333,0
residual_diagnostics,7,handle,0.2,handle,1,0.17660202782902168,26,1.0,1
residual_diagnostics,7,handle,0.2,slot,0,0.08743791995325734,35,1.0,1
residual_diagnostics,7,handle,0.2,button,0,0.10861063206204702,28,1.0,1
residual_diagnostics,7,handle,0.2,flat,0,0.016418711656441737,25,1.0,1
residual_diagnostics,7,handle,0.35,handle,1,0.291986643213637,26,1.0,1
residual_diagnostics,7,handle,0.35,slot,0,0.08743791995325734,35,1.0,1
residual_diagnostics,7,handle,0.35,button,0,0.10861063206204702,28,1.0,1
residual_diagnostics,7,handle,0.35,flat,0,0.016418711656441737,25,1.0,1
residual_diagnostics,7,handle,0.55,handle,1,0.44583279705979084,26,1.0,1
residual_diagnostics,7,handle,0.55,slot,0,0.08743791995325734,35,1.0,1
residual_diagnostics,7,handle,0.55,button,0,0.10861063206204702,28,1.0,1
residual_diagnostics,7,handle,0.55,flat,0,0.016418711656441737,25,1.0,1
residual_diagnostics,7,slot,0.0,handle,0,0.05814598278105798,29,,0
residual_diagnostics,7,slot,0.0,slot,0,0.04458077709611441,40,,0
residual_diagnostics,7,slot,0.0,button,0,0.040198891747476706,24,,0
residual_diagnostics,7,slot,0.0,flat,0,0.0569146216768916,30,,0
residual_diagnostics,7,slot,0.1,handle,0,0.05814598278105798,29,1.0,1
residual_diagnostics,7,slot,0.1,slot,1,0.08041922290388559,40,1.0,1
residual_diagnostics,7,slot,0.1,button,0,0.040198891747476706,24,1.0,1
residual_diagnostics,7,slot,0.1,flat,0,0.0569146216768916,30,1.0,1
residual_diagnostics,7,slot,0.2,handle,0,0.05814598278105798,29,1.0,1
residual_diagnostics,7,slot,0.2,slot,1,0.08041922290388559,40,1.0,1
residual_diagnostics,7,slot,0.2,button,0,0.040198891747476706,24,1.0,1
residual_diagnostics,7,slot,0.2,flat,0,0.0569146216768916,30,1.0,1
residual_diagnostics,7,slot,0.35,handle,0,0.05814598278105798,29,1.0,1
residual_diagnostics,7,slot,0.35,slot,1,0.23041922290388556,40,1.0,1
residual_diagnostics,7,slot,0.35,button,0,0.040198891747476706,24,1.0,1
residual_diagnostics,7,slot,0.35,flat,0,0.0569146216768916,30,1.0,1
residual_diagnostics,7,slot,0.55,handle,0,0.05814598278105798,29,1.0,1
residual_diagnostics,7,slot,0.55,slot,1,0.5054192229038855,40,1.0,1
residual_diagnostics,7,slot,0.55,button,0,0.040198891747476706,24,1.0,1
residual_diagnostics,7,slot,0.55,flat,0,0.0569146216768916,30,1.0,1
residual_diagnostics,7,button,0.0,handle,0,0.037073185846192014,36,,0
residual_diagnostics,7,button,0.0,slot,0,0.011247443762781084,27,,0
residual_diagnostics,7,button,0.0,button,0,0.04179035556435118,31,,0
residual_diagnostics,7,button,0.0,flat,0,0.04966824486529739,23,,0
residual_diagnostics,7,button,0.1,handle,0,0.037073185846192014,36,1.0,1
residual_diagnostics,7,button,0.1,slot,0,0.011247443762781084,27,1.0,1
residual_diagnostics,7,button,0.1,button,1,0.1063064845966093,31,1.0,1
residual_diagnostics,7,button,0.1,flat,0,0.04966824486529739,23,1.0,1
residual_diagnostics,7,button,0.2,handle,0,0.037073185846192014,36,1.0,1
residual_diagnostics,7,button,0.2,slot,0,0.011247443762781084,27,1.0,1
residual_diagnostics,7,button,0.2,button,1,0.20308067814499642,31,1.0,1
residual_diagnostics,7,button,0.2,flat,0,0.04966824486529739,23,1.0,1
residual_diagnostics,7,button,0.35,handle,0,0.037073185846192014,36,1.0,1
residual_diagnostics,7,button,0.35,slot,0,0.011247443762781084,27,1.0,1
residual_diagnostics,7,button,0.35,button,1,0.4288871297578996,31,1.0,1
residual_diagnostics,7,button,0.35,flat,0,0.04966824486529739,23,1.0,1
residual_diagnostics,7,button,0.55,handle,0,0.037073185846192014,36,1.0,1
residual_diagnostics,7,button,0.55,slot,0,0.011247443762781084,27,1.0,1
residual_diagnostics,7,button,0.55,button,1,0.5579193878224158,31,1.0,1
residual_diagnostics,7,button,0.55,flat,0,0.04966824486529739,23,1.0,1
residual_diagnostics,7,flat,0.0,handle,0,0.033805211989982875,34,,0
residual_diagnostics,7,flat,0.0,slot,0,0.1445807770961145,35,,0
residual_diagnostics,7,flat,0.0,button,0,0.07579209924351427,37,,0
residual_diagnostics,7,flat,0.0,flat,0,0.09858128834355825,24,,0
residual_diagnostics,7,flat,0.1,handle,0,0.033805211989982875,34,0.6666666666666666,0
residual_diagnostics,7,flat,0.1,slot,0,0.1445807770961145,35,0.6666666666666666,0
residual_diagnostics,7,flat,0.1,button,0,0.07579209924351427,37,0.6666666666666666,0
residual_diagnostics,7,flat,0.1,flat,1,0.1402479550102249,24,0.6666666666666666,0
residual_diagnostics,7,flat,0.2,handle,0,0.033805211989982875,34,1.0,1
residual_diagnostics,7,flat,0.2,slot,0,0.1445807770961145,35,1.0,1
residual_diagnostics,7,flat,0.2,button,0,0.07579209924351427,37,1.0,1
residual_diagnostics,7,flat,0.2,flat,1,0.1819146216768916,24,1.0,1
residual_diagnostics,7,flat,0.35,handle,0,0.033805211989982875,34,1.0,1
residual_diagnostics,7,flat,0.35,slot,0,0.1445807770961145,35,1.0,1
residual_diagnostics,7,flat,0.35,button,0,0.07579209924351427,37,1.0,1
residual_diagnostics,7,flat,0.35,flat,1,0.1819146216768916,24,1.0,1
residual_diagnostics,7,flat,0.55,handle,0,0.033805211989982875,34,1.0,1
residual_diagnostics,7,flat,0.55,slot,0,0.1445807770961145,35,1.0,1
residual_diagnostics,7,flat,0.55,button,0,0.07579209924351427,37,1.0,1
residual_diagnostics,7,flat,0.55,flat,1,0.1819146216768916,24,1.0,1
residual_diagnostics,8,handle,0.0,handle,0,0.10807228915662648,23,,0
residual_diagnostics,8,handle,0.0,slot,0,0.042792413066385704,39,,0
residual_diagnostics,8,handle,0.0,button,0,0.05553908747457137,37,,0
residual_diagnostics,8,handle,0.0,flat,0,0.07830517153097796,31,,0
residual_diagnostics,8,handle,0.1,handle,1,0.28323205866946044,23,1.0,1
residual_diagnostics,8,handle,0.1,slot,0,0.042792413066385704,39,1.0,1
residual_diagnostics,8,handle,0.1,button,0,0.05553908747457137,37,1.0,1
residual_diagnostics,8,handle,0.1,flat,0,0.07830517153097796,31,1.0,1
residual_diagnostics,8,handle,0.2,handle,1,0.37018858040859093,23,1.0,1
residual_diagnostics,8,handle,0.2,slot,0,0.042792413066385704,39,1.0,1
residual_diagnostics,8,handle,0.2,button,0,0.05553908747457137,37,1.0,1
residual_diagnostics,8,handle,0.2,flat,0,0.07830517153097796,31,1.0,1
residual_diagnostics,8,handle,0.35,handle,1,0.4136668412781561,23,1.0,1
residual_diagnostics,8,handle,0.35,slot,0,0.042792413066385704,39,1.0,1
residual_diagnostics,8,handle,0.35,button,0,0.05553908747457137,37,1.0,1
residual_diagnostics,8,handle,0.35,flat,0,0.07830517153097796,31,1.0,1
residual_diagnostics,8,handle,0.55,handle,1,0.587579884756417,23,1.0,1
residual_diagnostics,8,handle,0.55,slot,0,0.042792413066385704,39,1.0,1
residual_diagnostics,8,handle,0.55,button,0,0.05553908747457137,37,1.0,1
residual_diagnostics,8,handle,0.55,flat,0,0.07830517153097796,31,1.0,1
residual_diagnostics,8,slot,0.0,handle,0,0.020959968907889648,31,,0
residual_diagnostics,8,slot,0.0,slot,0,0.09485940879596255,19,,0
residual_diagnostics,8,slot,0.0,button,0,0.06767235926628712,34,,0
residual_diagnostics,8,slot,0.0,flat,0,0.012917202917202886,37,,0
residual_diagnostics,8,slot,0.1,handle,0,0.020959968907889648,31,1.0,1
residual_diagnostics,8,slot,0.1,slot,1,0.2527541456380678,19,1.0,1
residual_diagnostics,8,slot,0.1,button,0,0.06767235926628712,34,1.0,1
residual_diagnostics,8,slot,0.1,flat,0,0.012917202917202886,37,1.0,1
residual_diagnostics,8,slot,0.2,handle,0,0.020959968907889648,31,1.0,1
residual_diagnostics,8,slot,0.2,slot,1,0.35801730353280464,19,1.0,1
residual_diagnostics,8,slot,0.2,button,0,0.06767235926628712,34,1.0,1
residual_diagnostics,8,slot,0.2,flat,0,0.012917202917202886,37,1.0,1
residual_diagnostics,8,slot,0.35,handle,0,0.020959968907889648,31,1.0,1
residual_diagnostics,8,slot,0.35,slot,1,0.6211751982696467,19,1.0,1
residual_diagnostics,8,slot,0.35,button,0,0.06767235926628712,34,1.0,1
residual_diagnostics,8,slot,0.35,flat,0,0.012917202917202886,37,1.0,1
residual_diagnostics,8,slot,0.55,handle,0,0.020959968907889648,31,1.0,1
residual_diagnostics,8,slot,0.55,slot,1,0.6738067772170151,19,1.0,1
residual_diagnostics,8,slot,0.55,button,0,0.06767235926628712,34,1.0,1
residual_diagnostics,8,slot,0.55,flat,0,0.012917202917202886,37,1.0,1
residual_diagnostics,8,button,0.0,handle,0,0.04577386468952738,39,,0
residual_diagnostics,8,button,0.0,slot,0,0.1970265914585012,34,,0
residual_diagnostics,8,button,0.0,button,0,0.15563918757467143,27,,0
residual_diagnostics,8,button,0.0,flat,0,0.05507936507936506,25,,0
residual_diagnostics,8,button,0.1,handle,0,0.04577386468952738,39,0.6666666666666666,0
residual_diagnostics,8,button,0.1,slot,0,0.1970265914585012,34,0.6666666666666666,0
residual_diagnostics,8,button,0.1,button,1,0.19267622461170852,27,0.6666666666666666,0
residual_diagnostics,8,button,0.1,flat,0,0.05507936507936506,25,0.6666666666666666,0
residual_diagnostics,8,button,0.2,handle,0,0.04577386468952738,39,1.0,1
residual_diagnostics,8,button,0.2,slot,0,0.1970265914585012,34,1.0,1
residual_diagnostics,8,button,0.2,button,1,0.2667502986857826,27,1.0,1
residual_diagnostics,8,button,0.2,flat,0,0.05507936507936506,25,1.0,1
residual_diagnostics,8,button,0.35,handle,0,0.04577386468952738,39,1.0,1
residual_diagnostics,8,button,0.35,slot,0,0.1970265914585012,34,1.0,1
residual_diagnostics,8,button,0.35,button,1,0.41489844683393073,27,1.0,1
residual_diagnostics,8,button,0.35,flat,0,0.05507936507936506,25,1.0,1
residual_diagnostics,8,button,0.55,handle,0,0.04577386468952738,39,1.0,1
residual_diagnostics,8,button,0.55,slot,0,0.1970265914585012,34,1.0,1
residual_diagnostics,8,button,0.55,button,1,0.5630465949820789,27,1.0,1
residual_diagnostics,8,button,0.55,flat,0,0.05507936507936506,25,1.0,1
residual_diagnostics,8,flat,0.0,handle,0,0.07581422464049747,31,,0
residual_diagnostics,8,flat,0.0,slot,0,0.012152641878669268,35,,0
residual_diagnostics,8,flat,0.0,button,0,0.046138382421692437,23,,0
residual_diagnostics,8,flat,0.0,flat,0,0.024920634920634954,30,,0
residual_diagnostics,8,flat,0.1,handle,0,0.07581422464049747,31,1.0,1
residual_diagnostics,8,flat,0.1,slot,0,0.012152641878669268,35,1.0,1
residual_diagnostics,8,flat,0.1,button,0,0.046138382421692437,23,1.0,1
residual_diagnostics,8,flat,0.1,flat,1,0.14174603174603173,30,1.0,1
residual_diagnostics,8,flat,0.2,handle,0,0.07581422464049747,31,1.0,1
residual_diagnostics,8,flat,0.2,slot,0,0.012152641878669268,35,1.0,1
residual_diagnostics,8,flat,0.2,button,0,0.046138382421692437,23,1.0,1
residual_diagnostics,8,flat,0.2,flat,1,0.17507936507936506,30,1.0,1
residual_diagnostics,8,flat,0.35,handle,0,0.07581422464049747,31,1.0,1
residual_diagnostics,8,flat,0.35,slot,0,0.012152641878669268,35,1.0,1
residual_diagnostics,8,flat,0.35,button,0,0.046138382421692437,23,1.0,1
residual_diagnostics,8,flat,0.35,flat,1,0.17507936507936506,30,1.0,1
residual_diagnostics,8,flat,0.55,handle,0,0.07581422464049747,31,1.0,1
residual_diagnostics,8,flat,0.55,slot,0,0.012152641878669268,35,1.0,1
residual_diagnostics,8,flat,0.55,button,0,0.046138382421692437,23,1.0,1
residual_diagnostics,8,flat,0.55,flat,1,0.17507936507936506,30,1.0,1
residual_diagnostics,9,handle,0.0,handle,0,0.07716442788508693,31,,0
residual_diagnostics,9,handle,0.0,slot,0,0.031406888996733495,34,,0
residual_diagnostics,9,handle,0.0,button,0,0.0006429740472294609,26,,0
residual_diagnostics,9,handle,0.0,flat,0,0.12316826055798553,24,,0
residual_diagnostics,9,handle,0.1,handle,1,0.14864202372781632,31,1.0,1
residual_diagnostics,9,handle,0.1,slot,0,0.031406888996733495,34,1.0,1
residual_diagnostics,9,handle,0.1,button,0,0.0006429740472294609,26,1.0,1
residual_diagnostics,9,handle,0.1,flat,0,0.12316826055798553,24,1.0,1
residual_diagnostics,9,handle,0.2,handle,1,0.34219041082459056,31,1.0,1
residual_diagnostics,9,handle,0.2,slot,0,0.031406888996733495,34,1.0,1
residual_diagnostics,9,handle,0.2,button,0,0.0006429740472294609,26,1.0,1
residual_diagnostics,9,handle,0.2,flat,0,0.12316826055798553,24,1.0,1
residual_diagnostics,9,handle,0.35,handle,1,0.5357387979213647,31,1.0,1
residual_diagnostics,9,handle,0.35,slot,0,0.031406888996733495,34,1.0,1
residual_diagnostics,9,handle,0.35,button,0,0.0006429740472294609,26,1.0,1
residual_diagnostics,9,handle,0.35,flat,0,0.12316826055798553,24,1.0,1
residual_diagnostics,9,handle,0.55,handle,1,0.7292871850181389,31,1.0,1
residual_diagnostics,9,handle,0.55,slot,0,0.031406888996733495,34,1.0,1
residual_diagnostics,9,handle,0.55,button,0,0.0006429740472294609,26,1.0,1
residual_diagnostics,9,handle,0.55,flat,0,0.12316826055798553,24,1.0,1
residual_diagnostics,9,slot,0.0,handle,0,0.015577507598784068,32,,0
residual_diagnostics,9,slot,0.0,slot,0,0.27090268731606115,28,,0
residual_diagnostics,9,slot,0.0,button,0,0.11954933364507825,32,,0
residual_diagnostics,9,slot,0.0,flat,0,0.059442770361907094,34,,0
residual_diagnostics,9,slot,0.1,handle,0,0.015577507598784068,32,1.0,1
residual_diagnostics,9,slot,0.1,slot,1,0.23518840160177545,28,1.0,1
residual_diagnostics,9,slot,0.1,button,0,0.11954933364507825,32,1.0,1
residual_diagnostics,9,slot,0.1,flat,0,0.059442770361907094,34,1.0,1
residual_diagnostics,9,slot,0.2,handle,0,0.015577507598784068,32,1.0,1
residual_diagnostics,9,slot,0.2,slot,1,0.16375983017320406,28,1.0,1
residual_diagnostics,9,slot,0.2,button,0,0.11954933364507825,32,1.0,1
residual_diagnostics,9,slot,0.2,flat,0,0.059442770361907094,34,1.0,1
residual_diagnostics,9,slot,0.35,handle,0,0.015577507598784068,32,0.6666666666666666,0
residual_diagnostics,9,slot,0.35,slot,1,0.08624016982679594,28,0.6666666666666666,0
residual_diagnostics,9,slot,0.35,button,0,0.11954933364507825,32,0.6666666666666666,0
residual_diagnostics,9,slot,0.35,flat,0,0.059442770361907094,34,0.6666666666666666,0
residual_diagnostics,9,slot,0.55,handle,0,0.015577507598784068,32,1.0,1
residual_diagnostics,9,slot,0.55,slot,1,0.37195445554108164,28,1.0,1
residual_diagnostics,9,slot,0.55,button,0,0.11954933364507825,32,1.0,1
residual_diagnostics,9,slot,0.55,flat,0,0.059442770361907094,34,1.0,1
residual_diagnostics,9,button,0.0,handle,0,0.037636331128195866,34,,0
residual_diagnostics,9,button,0.0,slot,0,0.18648710290047676,22,,0
residual_diagnostics,9,button,0.0,button,0,0.10599414461579126,23,,0
residual_diagnostics,9,button,0.0,flat,0,0.09839348578321075,37,,0
residual_diagnostics,9,button,0.1,handle,0,0.037636331128195866,34,0.0,0
residual_diagnostics,9,button,0.1,slot,0,0.18648710290047676,22,0.0,0
residual_diagnostics,9,button,0.1,button,1,0.0244406379929043,23,0.0,0
residual_diagnostics,9,button,0.1,flat,0,0.09839348578321075,37,0.0,0
residual_diagnostics,9,button,0.2,handle,0,0.037636331128195866,34,1.0,1
residual_diagnostics,9,button,0.2,slot,0,0.18648710290047676,22,1.0,1
residual_diagnostics,9,button,0.2,button,1,0.28531020321029565,23,1.0,1
residual_diagnostics,9,button,0.2,flat,0,0.09839348578321075,37,1.0,1
residual_diagnostics,9,button,0.35,handle,0,0.037636331128195866,34,1.0,1
residual_diagnostics,9,button,0.35,slot,0,0.18648710290047676,22,1.0,1
residual_diagnostics,9,button,0.35,button,1,0.4157449858189913,23,1.0,1
residual_diagnostics,9,button,0.35,flat,0,0.09839348578321075,37,1.0,1
residual_diagnostics,9,button,0.55,handle,0,0.037636331128195866,34,1.0,1
residual_diagnostics,9,button,0.55,slot,0,0.18648710290047676,22,1.0,1
residual_diagnostics,9,button,0.55,button,1,0.6331362901668174,23,1.0,1
residual_diagnostics,9,button,0.55,flat,0,0.09839348578321075,37,1.0,1
residual_diagnostics,9,flat,0.0,handle,0,0.02370820668693019,35,,0
residual_diagnostics,9,flat,0.0,slot,0,0.10820427461764848,36,,0
residual_diagnostics,9,flat,0.0,button,0,0.08183955524381059,18,,0
residual_diagnostics,9,flat,0.0,flat,0,0.06364445103417601,14,,0
residual_diagnostics,9,flat,0.1,handle,0,0.02370820668693019,35,1.0,1
residual_diagnostics,9,flat,0.1,slot,0,0.10820427461764848,36,1.0,1
residual_diagnostics,9,flat,0.1,button,0,0.08183955524381059,18,1.0,1
residual_diagnostics,9,flat,0.1,flat,1,0.20650159389131886,14,1.0,1
residual_diagnostics,9,flat,0.2,handle,0,0.02370820668693019,35,1.0,1
residual_diagnostics,9,flat,0.2,slot,0,0.10820427461764848,36,1.0,1
residual_diagnostics,9,flat,0.2,button,0,0.08183955524381059,18,1.0,1
residual_diagnostics,9,flat,0.2,flat,1,0.20650159389131886,14,1.0,1
residual_diagnostics,9,flat,0.35,handle,0,0.02370820668693019,35,1.0,1
residual_diagnostics,9,flat,0.35,slot,0,0.10820427461764848,36,1.0,1
residual_diagnostics,9,flat,0.35,button,0,0.08183955524381059,18,1.0,1
residual_diagnostics,9,flat,0.35,flat,1,0.20650159389131886,14,1.0,1
residual_diagnostics,9,flat,0.55,handle,0,0.02370820668693019,35,1.0,1
residual_diagnostics,9,flat,0.55,slot,0,0.10820427461764848,36,1.0,1
residual_diagnostics,9,flat,0.55,button,0,0.08183955524381059,18,1.0,1
residual_diagnostics,9,flat,0.55,flat,1,0.20650159389131886,14,1.0,1
residual_diagnostics,10,handle,0.0,handle,0,0.11438457412712733,30,,0
residual_diagnostics,10,handle,0.0,slot,0,0.008520486884964873,38,,0
residual_diagnostics,10,handle,0.0,button,0,0.18804162367397037,21,,0
residual_diagnostics,10,handle,0.0,flat,0,0.03652014926304492,36,,0
residual_diagnostics,10,handle,0.1,handle,1,0.04771790746046067,30,0.6666666666666666,0
residual_diagnostics,10,handle,0.1,slot,0,0.008520486884964873,38,0.6666666666666666,0
residual_diagnostics,10,handle,0.1,button,0,0.18804162367397037,21,0.6666666666666666,0
residual_diagnostics,10,handle,0.1,flat,0,0.03652014926304492,36,0.6666666666666666,0
residual_diagnostics,10,handle,0.2,handle,1,0.01894875920620598,30,0.3333333333333333,0
residual_diagnostics,10,handle,0.2,slot,0,0.008520486884964873,38,0.3333333333333333,0
residual_diagnostics,10,handle,0.2,button,0,0.18804162367397037,21,0.3333333333333333,0
residual_diagnostics,10,handle,0.2,flat,0,0.03652014926304492,36,0.3333333333333333,0
residual_diagnostics,10,handle,0.35,handle,1,0.11894875920620607,30,0.6666666666666666,0
residual_diagnostics,10,handle,0.35,slot,0,0.008520486884964873,38,0.6666666666666666,0
residual_diagnostics,10,handle,0.35,button,0,0.18804162367397037,21,0.6666666666666666,0
residual_diagnostics,10,handle,0.35,flat,0,0.03652014926304492,36,0.6666666666666666,0
residual_diagnostics,10,handle,0.55,handle,1,0.418948759206206,30,1.0,1
residual_diagnostics,10,handle,0.55,slot,0,0.008520486884964873,38,1.0,1
residual_diagnostics,10,handle,0.55,button,0,0.18804162367397037,21,1.0,1
residual_diagnostics,10,handle,0.55,flat,0,0.03652014926304492,36,1.0,1
residual_diagnostics,10,slot,0.0,handle,0,0.07364383338638658,27,,0
residual_diagnostics,10,slot,0.0,slot,0,0.01981959408669509,26,,0
residual_diagnostics,10,slot,0.0,button,0,0.029778318351841526,34,,0
residual_diagnostics,10,slot,0.0,flat,0,0.042075704818600485,35,,0
residual_diagnostics,10,slot,0.1,handle,0,0.07364383338638658,27,1.0,1
residual_diagnostics,10,slot,0.1,slot,1,0.09674267100977196,26,1.0,1
residual_diagnostics,10,slot,0.1,button,0,0.029778318351841526,34,1.0,1
residual_diagnostics,10,slot,0.1,flat,0,0.042075704818600485,35,1.0,1
residual_diagnostics,10,slot,0.2,handle,0,0.07364383338638658,27,1.0,1
residual_diagnostics,10,slot,0.2,slot,1,0.1736657479328489,26,1.0,1
residual_diagnostics,10,slot,0.2,button,0,0.029778318351841526,34,1.0,1
residual_diagnostics,10,slot,0.2,flat,0,0.042075704818600485,35,1.0,1
residual_diagnostics,10,slot,0.35,handle,0,0.07364383338638658,27,1.0,1
residual_diagnostics,10,slot,0.35,slot,1,0.32751190177900275,26,1.0,1
residual_diagnostics,10,slot,0.35,button,0,0.029778318351841526,34,1.0,1
residual_diagnostics,10,slot,0.35,flat,0,0.042075704818600485,35,1.0,1
residual_diagnostics,10,slot,0.55,handle,0,0.07364383338638658,27,1.0,1
residual_diagnostics,10,slot,0.55,slot,1,0.5582811325482335,26,1.0,1
residual_diagnostics,10,slot,0.55,button,0,0.029778318351841526,34,1.0,1
residual_diagnostics,10,slot,0.55,flat,0,0.042075704818600485,35,1.0,1
residual_diagnostics,10,button,0.0,handle,0,0.03746727772472458,27,,0
residual_diagnostics,10,button,0.0,slot,0,0.02394698416264185,29,,0
residual_diagnostics,10,button,0.0,button,0,0.037066601434254665,33,,0
residual_diagnostics,10,button,0.0,flat,0,0.04681318407028842,36,,0
residual_diagnostics,10,button,0.1,handle,0,0.03746727772472458,27,1.0,1
residual_diagnostics,10,button,0.1,slot,0,0.02394698416264185,29,1.0,1
residual_diagnostics,10,button,0.1,button,1,0.21888478325243654,33,1.0,1
residual_diagnostics,10,button,0.1,flat,0,0.04681318407028842,36,1.0,1
residual_diagnostics,10,button,0.2,handle,0,0.03746727772472458,27,1.0,1
residual_diagnostics,10,button,0.2,slot,0,0.02394698416264185,29,1.0,1
residual_diagnostics,10,button,0.2,button,1,0.21888478325243654,33,1.0,1
residual_diagnostics,10,button,0.2,flat,0,0.04681318407028842,36,1.0,1
residual_diagnostics,10,button,0.35,handle,0,0.03746727772472458,27,1.0,1
residual_diagnostics,10,button,0.35,slot,0,0.02394698416264185,29,1.0,1
residual_diagnostics,10,button,0.35,button,1,0.4007029650706183,33,1.0,1
residual_diagnostics,10,button,0.35,flat,0,0.04681318407028842,36,1.0,1
residual_diagnostics,10,button,0.55,handle,0,0.03746727772472458,27,1.0,1
residual_diagnostics,10,button,0.55,slot,0,0.02394698416264185,29,1.0,1
residual_diagnostics,10,button,0.55,button,1,0.5825211468888001,33,1.0,1
residual_diagnostics,10,button,0.55,flat,0,0.04681318407028842,36,1.0,1
residual_diagnostics,10,flat,0.0,handle,0,0.02271790746046065,32,,0
residual_diagnostics,10,flat,0.0,slot,0,0.14611447184737092,35,,0
residual_diagnostics,10,flat,0.0,button,0,0.12454956018190688,27,,0
residual_diagnostics,10,flat,0.0,flat,0,0.010865471651987757,34,,0
residual_diagnostics,10,flat,0.1,handle,0,0.02271790746046065,32,0.3333333333333333,0
residual_diagnostics,10,flat,0.1,slot,0,0.14611447184737092,35,0.3333333333333333,0
residual_diagnostics,10,flat,0.1,button,0,0.12454956018190688,27,0.3333333333333333,0
residual_diagnostics,10,flat,0.1,flat,1,0.06968900106375246,34,0.3333333333333333,0
residual_diagnostics,10,flat,0.2,handle,0,0.02271790746046065,32,0.3333333333333333,0
residual_diagnostics,10,flat,0.2,slot,0,0.14611447184737092,35,0.3333333333333333,0
residual_diagnostics,10,flat,0.2,button,0,0.12454956018190688,27,0.3333333333333333,0
residual_diagnostics,10,flat,0.2,flat,1,0.09910076576963482,34,0.3333333333333333,0
residual_diagnostics,10,flat,0.35,handle,0,0.02271790746046065,32,0.3333333333333333,0
residual_diagnostics,10,flat,0.35,slot,0,0.14611447184737092,35,0.3333333333333333,0
residual_diagnostics,10,flat,0.35,button,0,0.12454956018190688,27,0.3333333333333333,0
residual_diagnostics,10,flat,0.35,flat,1,0.09910076576963482,34,0.3333333333333333,0
residual_diagnostics,10,flat,0.55,handle,0,0.02271790746046065,32,0.3333333333333333,0
residual_diagnostics,10,flat,0.55,slot,0,0.14611447184737092,35,0.3333333333333333,0
residual_diagnostics,10,flat,0.55,button,0,0.12454956018190688,27,0.3333333333333333,0
residual_diagnostics,10,flat,0.55,flat,1,0.09910076576963482,34,0.3333333333333333,0
residual_diagnostics,11,handle,0.0,handle,0,0.08262268763991987,23,,0
residual_diagnostics,11,handle,0.0,slot,0,0.14524680603948903,50,,0
residual_diagnostics,11,handle,0.0,button,0,0.07773370584876416,26,,0
residual_diagnostics,11,handle,0.0,flat,0,0.025992608071860768,34,,0
residual_diagnostics,11,handle,0.1,handle,1,0.004333834099210621,23,0.0,0
residual_diagnostics,11,handle,0.1,slot,0,0.14524680603948903,50,0.0,0
residual_diagnostics,11,handle,0.1,button,0,0.07773370584876416,26,0.0,0
residual_diagnostics,11,handle,0.1,flat,0,0.025992608071860768,34,0.0,0
residual_diagnostics,11,handle,0.2,handle,1,0.04781209496877581,23,0.3333333333333333,0
residual_diagnostics,11,handle,0.2,slot,0,0.14524680603948903,50,0.3333333333333333,0
residual_diagnostics,11,handle,0.2,button,0,0.07773370584876416,26,0.3333333333333333,0
residual_diagnostics,11,handle,0.2,flat,0,0.025992608071860768,34,0.3333333333333333,0
residual_diagnostics,11,handle,0.35,handle,1,0.22172513844703667,23,1.0,1
residual_diagnostics,11,handle,0.35,slot,0,0.14524680603948903,50,1.0,1
residual_diagnostics,11,handle,0.35,button,0,0.07773370584876416,26,1.0,1
residual_diagnostics,11,handle,0.35,flat,0,0.025992608071860768,34,1.0,1
residual_diagnostics,11,handle,0.55,handle,1,0.5260729645339932,23,1.0,1
residual_diagnostics,11,handle,0.55,slot,0,0.14524680603948903,50,1.0,1
residual_diagnostics,11,handle,0.55,button,0,0.07773370584876416,26,1.0,1
residual_diagnostics,11,handle,0.55,flat,0,0.025992608071860768,34,1.0,1
residual_diagnostics,11,slot,0.0,handle,0,0.029326754961097934,31,,0
residual_diagnostics,11,slot,0.0,slot,0,0.010047311607569887,34,,0
residual_diagnostics,11,slot,0.0,button,0,0.019702191587133266,30,,0
residual_diagnostics,11,slot,0.0,flat,0,0.05275502001163068,31,,0
residual_diagnostics,11,slot,0.1,handle,0,0.029326754961097934,31,1.0,1
residual_diagnostics,11,slot,0.1,slot,1,0.07818798251007719,34,1.0,1
residual_diagnostics,11,slot,0.1,button,0,0.019702191587133266,30,1.0,1
residual_diagnostics,11,slot,0.1,flat,0,0.05275502001163068,31,1.0,1
residual_diagnostics,11,slot,0.2,handle,0,0.029326754961097934,31,1.0,1
residual_diagnostics,11,slot,0.2,slot,1,0.16642327662772427,34,1.0,1
residual_diagnostics,11,slot,0.2,button,0,0.019702191587133266,30,1.0,1
residual_diagnostics,11,slot,0.2,flat,0,0.05275502001163068,31,1.0,1
residual_diagnostics,11,slot,0.35,handle,0,0.029326754961097934,31,1.0,1
residual_diagnostics,11,slot,0.35,slot,1,0.3428938648630184,34,1.0,1
residual_diagnostics,11,slot,0.35,button,0,0.019702191587133266,30,1.0,1
residual_diagnostics,11,slot,0.35,flat,0,0.05275502001163068,31,1.0,1
residual_diagnostics,11,slot,0.55,handle,0,0.029326754961097934,31,1.0,1
residual_diagnostics,11,slot,0.55,slot,1,0.6370115119218419,34,1.0,1
residual_diagnostics,11,slot,0.55,button,0,0.019702191587133266,30,1.0,1
residual_diagnostics,11,slot,0.55,flat,0,0.05275502001163068,31,1.0,1
residual_diagnostics,11,button,0.0,handle,0,0.05571723330869671,22,,0
residual_diagnostics,11,button,0.0,slot,0,0.015569386684650244,31,,0
residual_diagnostics,11,button,0.0,button,0,0.06918669730175564,36,,0
residual_diagnostics,11,button,0.0,flat,0,0.02049695549550165,31,,0
residual_diagnostics,11,button,0.1,handle,0,0.05571723330869671,22,1.0,1
residual_diagnostics,11,button,0.1,slot,0,0.015569386684650244,31,1.0,1
residual_diagnostics,11,button,0.1,button,1,0.09696447507953343,36,1.0,1
residual_diagnostics,11,button,0.1,flat,0,0.02049695549550165,31,1.0,1
residual_diagnostics,11,button,0.2,handle,0,0.05571723330869671,22,1.0,1
residual_diagnostics,11,button,0.2,slot,0,0.015569386684650244,31,1.0,1
residual_diagnostics,11,button,0.2,button,1,0.26363114174620006,36,1.0,1
residual_diagnostics,11,button,0.2,flat,0,0.02049695549550165,31,1.0,1
residual_diagnostics,11,button,0.35,handle,0,0.05571723330869671,22,1.0,1
residual_diagnostics,11,button,0.35,slot,0,0.015569386684650244,31,1.0,1
residual_diagnostics,11,button,0.35,button,1,0.5414089195239778,36,1.0,1
residual_diagnostics,11,button,0.35,flat,0,0.02049695549550165,31,1.0,1
residual_diagnostics,11,button,0.55,handle,0,0.05571723330869671,22,1.0,1
residual_diagnostics,11,button,0.55,slot,0,0.015569386684650244,31,1.0,1
residual_diagnostics,11,button,0.55,button,1,0.7358533639684224,36,1.0,1
residual_diagnostics,11,button,0.55,flat,0,0.02049695549550165,31,1.0,1
residual_diagnostics,11,flat,0.0,handle,0,0.022652672647416106,29,,0
residual_diagnostics,11,flat,0.0,slot,0,0.10024680603948899,32,,0
residual_diagnostics,11,flat,0.0,button,0,0.04192441380935541,27,,0
residual_diagnostics,11,flat,0.0,flat,0,0.030194288744129688,28,,0
residual_diagnostics,11,flat,0.1,handle,0,0.022652672647416106,29,1.0,1
residual_diagnostics,11,flat,0.1,slot,0,0.10024680603948899,32,1.0,1
residual_diagnostics,11,flat,0.1,button,0,0.04192441380935541,27,1.0,1
residual_diagnostics,11,flat,0.1,flat,1,0.1373371458869868,28,1.0,1
residual_diagnostics,11,flat,0.2,handle,0,0.022652672647416106,29,1.0,1
residual_diagnostics,11,flat,0.2,slot,0,0.10024680603948899,32,1.0,1
residual_diagnostics,11,flat,0.2,button,0,0.04192441380935541,27,1.0,1
residual_diagnostics,11,flat,0.2,flat,1,0.1373371458869868,28,1.0,1
residual_diagnostics,11,flat,0.35,handle,0,0.022652672647416106,29,1.0,1
residual_diagnostics,11,flat,0.35,slot,0,0.10024680603948899,32,1.0,1
residual_diagnostics,11,flat,0.35,button,0,0.04192441380935541,27,1.0,1
residual_diagnostics,11,flat,0.35,flat,1,0.1373371458869868,28,1.0,1
residual_diagnostics,11,flat,0.55,handle,0,0.022652672647416106,29,1.0,1
residual_diagnostics,11,flat,0.55,slot,0,0.10024680603948899,32,1.0,1
residual_diagnostics,11,flat,0.55,button,0,0.04192441380935541,27,1.0,1
residual_diagnostics,11,flat,0.55,flat,1,0.1373371458869868,28,1.0,1
residual_diagnostics,12,handle,0.0,handle,0,0.12682712813221964,32,,0
residual_diagnostics,12,handle,0.0,slot,0,0.09291816477052894,27,,0
residual_diagnostics,12,handle,0.0,button,0,0.01845611588814,39,,0
residual_diagnostics,12,handle,0.0,flat,0,0.07749244712990938,25,,0
residual_diagnostics,12,handle,0.1,handle,1,0.25182712813221964,32,1.0,1
residual_diagnostics,12,handle,0.1,slot,0,0.09291816477052894,27,1.0,1
residual_diagnostics,12,handle,0.1,button,0,0.01845611588814,39,1.0,1
residual_diagnostics,12,handle,0.1,flat,0,0.07749244712990938,25,1.0,1
residual_diagnostics,12,handle,0.2,handle,1,0.34557712813221964,32,1.0,1
residual_diagnostics,12,handle,0.2,slot,0,0.09291816477052894,27,1.0,1
residual_diagnostics,12,handle,0.2,button,0,0.01845611588814,39,1.0,1
residual_diagnostics,12,handle,0.2,flat,0,0.07749244712990938,25,1.0,1
residual_diagnostics,12,handle,0.35,handle,1,0.40807712813221964,32,1.0,1
residual_diagnostics,12,handle,0.35,slot,0,0.09291816477052894,27,1.0,1
residual_diagnostics,12,handle,0.35,button,0,0.01845611588814,39,1.0,1
residual_diagnostics,12,handle,0.35,flat,0,0.07749244712990938,25,1.0,1
residual_diagnostics,12,handle,0.55,handle,1,0.6580771281322196,32,1.0,1
residual_diagnostics,12,handle,0.55,slot,0,0.09291816477052894,27,1.0,1
residual_diagnostics,12,handle,0.55,button,0,0.01845611588814,39,1.0,1
residual_diagnostics,12,handle,0.55,flat,0,0.07749244712990938,25,1.0,1
residual_diagnostics,12,slot,0.0,handle,0,0.036367316312224784,36,,0
residual_diagnostics,12,slot,0.0,slot,0,0.055229983377619196,33,,0
residual_diagnostics,12,slot,0.0,button,0,0.044082971041190855,41,,0
residual_diagnostics,12,slot,0.0,flat,0,0.04364629328375552,26,,0
residual_diagnostics,12,slot,0.1,handle,0,0.036367316312224784,36,1.0,1
residual_diagnostics,12,slot,0.1,slot,1,0.06598213783450202,33,1.0,1
residual_diagnostics,12,slot,0.1,button,0,0.044082971041190855,41,1.0,1
residual_diagnostics,12,slot,0.1,flat,0,0.04364629328375552,26,1.0,1
residual_diagnostics,12,slot,0.2,handle,0,0.036367316312224784,36,1.0,1
residual_diagnostics,12,slot,0.2,slot,1,0.18719425904662318,33,1.0,1
residual_diagnostics,12,slot,0.2,button,0,0.044082971041190855,41,1.0,1
residual_diagnostics,12,slot,0.2,flat,0,0.04364629328375552,26,1.0,1
residual_diagnostics,12,slot,0.35,handle,0,0.036367316312224784,36,1.0,1
residual_diagnostics,12,slot,0.35,slot,1,0.3387094105617747,33,1.0,1
residual_diagnostics,12,slot,0.35,button,0,0.044082971041190855,41,1.0,1
residual_diagnostics,12,slot,0.35,flat,0,0.04364629328375552,26,1.0,1
residual_diagnostics,12,slot,0.55,handle,0,0.036367316312224784,36,1.0,1
residual_diagnostics,12,slot,0.55,slot,1,0.5811336529860172,33,1.0,1
residual_diagnostics,12,slot,0.55,button,0,0.044082971041190855,41,1.0,1
residual_diagnostics,12,slot,0.55,flat,0,0.04364629328375552,26,1.0,1
residual_diagnostics,12,button,0.0,handle,0,0.03965607550064065,38,,0
residual_diagnostics,12,button,0.0,slot,0,0.06713474528238117,28,,0
residual_diagnostics,12,button,0.0,button,0,0.030261832829808766,30,,0
residual_diagnostics,12,button,0.0,flat,0,0.13499244712990938,32,,0
residual_diagnostics,12,button,0.1,handle,0,0.03965607550064065,38,0.6666666666666666,0
residual_diagnostics,12,button,0.1,slot,0,0.06713474528238117,28,0.6666666666666666,0
residual_diagnostics,12,button,0.1,button,1,0.06973816717019132,30,0.6666666666666666,0
residual_diagnostics,12,button,0.1,flat,0,0.13499244712990938,32,0.6666666666666666,0
residual_diagnostics,12,button,0.2,handle,0,0.03965607550064065,38,1.0,1
residual_diagnostics,12,button,0.2,slot,0,0.06713474528238117,28,1.0,1
residual_diagnostics,12,button,0.2,button,1,0.13640483383685797,30,1.0,1
residual_diagnostics,12,button,0.2,flat,0,0.13499244712990938,32,1.0,1
residual_diagnostics,12,button,0.35,handle,0,0.03965607550064065,38,1.0,1
residual_diagnostics,12,button,0.35,slot,0,0.06713474528238117,28,1.0,1
residual_diagnostics,12,button,0.35,button,1,0.2697381671701913,30,1.0,1
residual_diagnostics,12,button,0.35,flat,0,0.13499244712990938,32,1.0,1
residual_diagnostics,12,button,0.55,handle,0,0.03965607550064065,38,1.0,1
residual_diagnostics,12,button,0.55,slot,0,0.06713474528238117,28,1.0,1
residual_diagnostics,12,button,0.55,button,1,0.4697381671701913,30,1.0,1
residual_diagnostics,12,button,0.55,flat,0,0.13499244712990938,32,1.0,1
residual_diagnostics,12,flat,0.0,handle,0,0.008077128132219613,30,,0
residual_diagnostics,12,flat,0.0,slot,0,0.10731331671095257,32,,0
residual_diagnostics,12,flat,0.0,button,0,0.06359516616314209,25,,0
residual_diagnostics,12,flat,0.0,flat,0,0.07249244712990938,32,,0
residual_diagnostics,12,flat,0.1,handle,0,0.008077128132219613,30,0.6666666666666666,0
residual_diagnostics,12,flat,0.1,slot,0,0.10731331671095257,32,0.6666666666666666,0
residual_diagnostics,12,flat,0.1,button,0,0.06359516616314209,25,0.6666666666666666,0
residual_diagnostics,12,flat,0.1,flat,1,0.10374244712990938,32,0.6666666666666666,0
residual_diagnostics,12,flat,0.2,handle,0,0.008077128132219613,30,1.0,1
residual_diagnostics,12,flat,0.2,slot,0,0.10731331671095257,32,1.0,1
residual_diagnostics,12,flat,0.2,button,0,0.06359516616314209,25,1.0,1
residual_diagnostics,12,flat,0.2,flat,1,0.13499244712990938,32,1.0,1
residual_diagnostics,12,flat,0.35,handle,0,0.008077128132219613,30,1.0,1
residual_diagnostics,12,flat,0.35,slot,0,0.10731331671095257,32,1.0,1
residual_diagnostics,12,flat,0.35,button,0,0.06359516616314209,25,1.0,1
residual_diagnostics,12,flat,0.35,flat,1,0.13499244712990938,32,1.0,1
residual_diagnostics,12,flat,0.55,handle,0,0.008077128132219613,30,1.0,1
residual_diagnostics,12,flat,0.55,slot,0,0.10731331671095257,32,1.0,1
residual_diagnostics,12,flat,0.55,button,0,0.06359516616314209,25,1.0,1
residual_diagnostics,12,flat,0.55,flat,1,0.13499244712990938,32,1.0,1
residual_diagnostics,13,handle,0.0,handle,0,0.011984379298909609,33,,0
residual_diagnostics,13,handle,0.0,slot,0,0.11035361020540346,27,,0
residual_diagnostics,13,handle,0.0,button,0,0.04558050300603145,39,,0
residual_diagnostics,13,handle,0.0,flat,0,0.13774459964224162,31,,0
residual_diagnostics,13,handle,0.1,handle,1,0.13319650051103082,33,0.6666666666666666,0
residual_diagnostics,13,handle,0.1,slot,0,0.11035361020540346,27,0.6666666666666666,0
residual_diagnostics,13,handle,0.1,button,0,0.04558050300603145,39,0.6666666666666666,0
residual_diagnostics,13,handle,0.1,flat,0,0.13774459964224162,31,0.6666666666666666,0
residual_diagnostics,13,handle,0.2,handle,1,0.1634995308140611,33,1.0,1
residual_diagnostics,13,handle,0.2,slot,0,0.11035361020540346,27,1.0,1
residual_diagnostics,13,handle,0.2,button,0,0.04558050300603145,39,1.0,1
residual_diagnostics,13,handle,0.2,flat,0,0.13774459964224162,31,1.0,1
residual_diagnostics,13,handle,0.35,handle,1,0.3150146823292126,33,1.0,1
residual_diagnostics,13,handle,0.35,slot,0,0.11035361020540346,27,1.0,1
residual_diagnostics,13,handle,0.35,button,0,0.04558050300603145,39,1.0,1
residual_diagnostics,13,handle,0.35,flat,0,0.13774459964224162,31,1.0,1
residual_diagnostics,13,handle,0.55,handle,1,0.5271358944504247,33,1.0,1
residual_diagnostics,13,handle,0.55,slot,0,0.11035361020540346,27,1.0,1
residual_diagnostics,13,handle,0.55,button,0,0.04558050300603145,39,1.0,1
residual_diagnostics,13,handle,0.55,flat,0,0.13774459964224162,31,1.0,1
residual_diagnostics,13,slot,0.0,handle,0,0.061608694294163935,21,,0
residual_diagnostics,13,slot,0.0,slot,0,0.13019488004667334,28,,0
residual_diagnostics,13,slot,0.0,button,0,0.041348827825738455,41,,0
residual_diagnostics,13,slot,0.0,flat,0,0.0122965709684065,27,,0
residual_diagnostics,13,slot,0.1,handle,0,0.061608694294163935,21,1.0,1
residual_diagnostics,13,slot,0.1,slot,1,0.3087663086181019,28,1.0,1
residual_diagnostics,13,slot,0.1,button,0,0.041348827825738455,41,1.0,1
residual_diagnostics,13,slot,0.1,flat,0,0.0122965709684065,27,1.0,1
residual_diagnostics,13,slot,0.2,handle,0,0.061608694294163935,21,1.0,1
residual_diagnostics,13,slot,0.2,slot,1,0.3087663086181019,28,1.0,1
residual_diagnostics,13,slot,0.2,button,0,0.041348827825738455,41,1.0,1
residual_diagnostics,13,slot,0.2,flat,0,0.0122965709684065,27,1.0,1
residual_diagnostics,13,slot,0.35,handle,0,0.061608694294163935,21,1.0,1
residual_diagnostics,13,slot,0.35,slot,1,0.45162345147524474,28,1.0,1
residual_diagnostics,13,slot,0.35,button,0,0.041348827825738455,41,1.0,1
residual_diagnostics,13,slot,0.35,flat,0,0.0122965709684065,27,1.0,1
residual_diagnostics,13,slot,0.55,handle,0,0.061608694294163935,21,1.0,1
residual_diagnostics,13,slot,0.55,slot,1,0.5944805943323876,28,1.0,1
residual_diagnostics,13,slot,0.55,button,0,0.041348827825738455,41,1.0,1
residual_diagnostics,13,slot,0.55,flat,0,0.0122965709684065,27,1.0,1
residual_diagnostics,13,button,0.0,handle,0,0.011984379298909609,33,,0
residual_diagnostics,13,button,0.0,slot,0,0.10180660165839495,39,,0
residual_diagnostics,13,button,0.0,button,0,0.04292239194847636,31,,0
residual_diagnostics,13,button,0.0,flat,0,0.09166165033348586,28,,0
residual_diagnostics,13,button,0.1,handle,0,0.011984379298909609,33,0.0,0
residual_diagnostics,13,button,0.1,slot,0,0.10180660165839495,39,0.0,0
residual_diagnostics,13,button,0.1,button,1,0.010664327432347354,31,0.0,0
residual_diagnostics,13,button,0.1,flat,0,0.09166165033348586,28,0.0,0
residual_diagnostics,13,button,0.2,handle,0,0.011984379298909609,33,0.3333333333333333,0
residual_diagnostics,13,button,0.2,slot,0,0.10180660165839495,39,0.3333333333333333,0
residual_diagnostics,13,button,0.2,button,1,0.053851801599910654,31,0.3333333333333333,0
residual_diagnostics,13,button,0.2,flat,0,0.09166165033348586,28,0.3333333333333333,0
residual_diagnostics,13,button,0.35,handle,0,0.011984379298909609,33,1.0,1
residual_diagnostics,13,button,0.35,slot,0,0.10180660165839495,39,1.0,1
residual_diagnostics,13,button,0.35,button,1,0.31191631772894296,31,1.0,1
residual_diagnostics,13,button,0.35,flat,0,0.09166165033348586,28,1.0,1
residual_diagnostics,13,button,0.55,handle,0,0.011984379298909609,33,1.0,1
residual_diagnostics,13,button,0.55,slot,0,0.10180660165839495,39,1.0,1
residual_diagnostics,13,button,0.55,button,1,0.5699808338579753,31,1.0,1
residual_diagnostics,13,button,0.55,flat,0,0.09166165033348586,28,1.0,1
residual_diagnostics,13,flat,0.0,handle,0,0.015772258086788393,40,,0
residual_diagnostics,13,flat,0.0,slot,0,0.11752206898676554,31,,0
residual_diagnostics,13,flat,0.0,button,0,0.12535966793413944,27,,0
residual_diagnostics,13,flat,0.0,flat,0,0.08067263934447486,26,,0
residual_diagnostics,13,flat,0.1,handle,0,0.015772258086788393,40,1.0,1
residual_diagnostics,13,flat,0.1,slot,0,0.11752206898676554,31,1.0,1
residual_diagnostics,13,flat,0.1,button,0,0.12535966793413944,27,1.0,1
residual_diagnostics,13,flat,0.1,flat,1,0.19605725472909025,26,1.0,1
residual_diagnostics,13,flat,0.2,handle,0,0.015772258086788393,40,1.0,1
residual_diagnostics,13,flat,0.2,slot,0,0.11752206898676554,31,1.0,1
residual_diagnostics,13,flat,0.2,button,0,0.12535966793413944,27,1.0,1
residual_diagnostics,13,flat,0.2,flat,1,0.2345187931906287,26,1.0,1
residual_diagnostics,13,flat,0.35,handle,0,0.015772258086788393,40,1.0,1
residual_diagnostics,13,flat,0.35,slot,0,0.11752206898676554,31,1.0,1
residual_diagnostics,13,flat,0.35,button,0,0.12535966793413944,27,1.0,1
residual_diagnostics,13,flat,0.35,flat,1,0.2345187931906287,26,1.0,1
residual_diagnostics,13,flat,0.55,handle,0,0.015772258086788393,40,1.0,1
residual_diagnostics,13,flat,0.55,slot,0,0.11752206898676554,31,1.0,1
residual_diagnostics,13,flat,0.55,button,0,0.12535966793413944,27,1.0,1
residual_diagnostics,13,flat,0.55,flat,1,0.2345187931906287,26,1.0,1
residual_diagnostics,14,handle,0.0,handle,0,0.03284693722450216,43,,0
residual_diagnostics,14,handle,0.0,slot,0,0.026322445440092546,37,,0
residual_diagnostics,14,handle,0.0,button,0,0.04970863847547058,36,,0
residual_diagnostics,14,handle,0.0,flat,0,0.05548623742878189,43,,0
residual_diagnostics,14,handle,0.1,handle,1,0.1066879464964281,43,1.0,1
residual_diagnostics,14,handle,0.1,slot,0,0.026322445440092546,37,1.0,1
residual_diagnostics,14,handle,0.1,button,0,0.04970863847547058,36,1.0,1
residual_diagnostics,14,handle,0.1,flat,0,0.05548623742878189,43,1.0,1
residual_diagnostics,14,handle,0.2,handle,1,0.17645538835689323,43,1.0,1
residual_diagnostics,14,handle,0.2,slot,0,0.026322445440092546,37,1.0,1
residual_diagnostics,14,handle,0.2,button,0,0.04970863847547058,36,1.0,1
residual_diagnostics,14,handle,0.2,flat,0,0.05548623742878189,43,1.0,1
residual_diagnostics,14,handle,0.35,handle,1,0.2927344581243351,43,1.0,1
residual_diagnostics,14,handle,0.35,slot,0,0.026322445440092546,37,1.0,1
residual_diagnostics,14,handle,0.35,button,0,0.04970863847547058,36,1.0,1
residual_diagnostics,14,handle,0.35,flat,0,0.05548623742878189,43,1.0,1
residual_diagnostics,14,handle,0.55,handle,1,0.5485484116127071,43,1.0,1
residual_diagnostics,14,handle,0.55,slot,0,0.026322445440092546,37,1.0,1
residual_diagnostics,14,handle,0.55,button,0,0.04970863847547058,36,1.0,1
residual_diagnostics,14,handle,0.55,flat,0,0.05548623742878189,43,1.0,1
residual_diagnostics,14,slot,0.0,handle,0,0.06405228758169934,36,,0
residual_diagnostics,14,slot,0.0,slot,0,0.03556853363354917,38,,0
residual_diagnostics,14,slot,0.0,button,0,0.1012959400627721,28,,0
residual_diagnostics,14,slot,0.0,flat,0,0.016395369336545812,33,,0
residual_diagnostics,14,slot,0.1,handle,0,0.06405228758169934,36,0.3333333333333333,0
residual_diagnostics,14,slot,0.1,slot,1,0.043378834787503484,38,0.3333333333333333,0
residual_diagnostics,14,slot,0.1,button,0,0.1012959400627721,28,0.3333333333333333,0
residual_diagnostics,14,slot,0.1,flat,0,0.016395369336545812,33,0.3333333333333333,0
residual_diagnostics,14,slot,0.2,handle,0,0.06405228758169934,36,1.0,1
residual_diagnostics,14,slot,0.2,slot,1,0.12232620320855614,38,1.0,1
residual_diagnostics,14,slot,0.2,button,0,0.1012959400627721,28,1.0,1
residual_diagnostics,14,slot,0.2,flat,0,0.016395369336545812,33,1.0,1
residual_diagnostics,14,slot,0.35,handle,0,0.06405228758169934,36,1.0,1
residual_diagnostics,14,slot,0.35,slot,1,0.2802209400506614,38,1.0,1
residual_diagnostics,14,slot,0.35,button,0,0.1012959400627721,28,1.0,1
residual_diagnostics,14,slot,0.35,flat,0,0.016395369336545812,33,1.0,1
residual_diagnostics,14,slot,0.55,handle,0,0.06405228758169934,36,1.0,1
residual_diagnostics,14,slot,0.55,slot,1,0.5170630453138193,38,1.0,1
residual_diagnostics,14,slot,0.55,button,0,0.1012959400627721,28,1.0,1
residual_diagnostics,14,slot,0.55,flat,0,0.016395369336545812,33,1.0,1
residual_diagnostics,14,button,0.0,handle,0,0.005840185536580167,31,,0
residual_diagnostics,14,button,0.0,slot,0,0.18536610448375157,26,,0
residual_diagnostics,14,button,0.0,button,0,0.09899179259733437,31,,0
residual_diagnostics,14,button,0.0,flat,0,0.021727797818879402,31,,0
residual_diagnostics,14,button,0.1,handle,0,0.005840185536580167,31,0.6666666666666666,0
residual_diagnostics,14,button,0.1,slot,0,0.18536610448375157,26,0.6666666666666666,0
residual_diagnostics,14,button,0.1,button,1,0.16350792162959238,31,0.6666666666666666,0
residual_diagnostics,14,button,0.1,flat,0,0.021727797818879402,31,0.6666666666666666,0
residual_diagnostics,14,button,0.2,handle,0,0.005840185536580167,31,1.0,1
residual_diagnostics,14,button,0.2,slot,0,0.18536610448375157,26,1.0,1
residual_diagnostics,14,button,0.2,button,1,0.2280240506618505,31,1.0,1
residual_diagnostics,14,button,0.2,flat,0,0.021727797818879402,31,1.0,1
residual_diagnostics,14,button,0.35,handle,0,0.005840185536580167,31,1.0,1
residual_diagnostics,14,button,0.35,slot,0,0.18536610448375157,26,1.0,1
residual_diagnostics,14,button,0.35,button,1,0.32479824421023756,31,1.0,1
residual_diagnostics,14,button,0.35,flat,0,0.021727797818879402,31,1.0,1
residual_diagnostics,14,button,0.55,handle,0,0.005840185536580167,31,1.0,1
residual_diagnostics,14,button,0.55,slot,0,0.18536610448375157,26,1.0,1
residual_diagnostics,14,button,0.55,button,1,0.48608856679088275,31,1.0,1
residual_diagnostics,14,button,0.55,flat,0,0.021727797818879402,31,1.0,1
residual_diagnostics,14,flat,0.0,handle,0,0.002614379084967311,30,,0
residual_diagnostics,14,flat,0.0,slot,0,0.0007045815869345384,37,,0
residual_diagnostics,14,flat,0.0,button,0,0.008858965272856123,34,,0
residual_diagnostics,14,flat,0.0,flat,0,0.0038066508654743814,27,,0
residual_diagnostics,14,flat,0.1,handle,0,0.002614379084967311,30,1.0,1
residual_diagnostics,14,flat,0.1,slot,0,0.0007045815869345384,37,1.0,1
residual_diagnostics,14,flat,0.1,button,0,0.008858965272856123,34,1.0,1
residual_diagnostics,14,flat,0.1,flat,1,0.07026742320859969,27,1.0,1
residual_diagnostics,14,flat,0.2,handle,0,0.002614379084967311,30,1.0,1
residual_diagnostics,14,flat,0.2,slot,0,0.0007045815869345384,37,1.0,1
residual_diagnostics,14,flat,0.2,button,0,0.008858965272856123,34,1.0,1
residual_diagnostics,14,flat,0.2,flat,1,0.07026742320859969,27,1.0,1
residual_diagnostics,14,flat,0.35,handle,0,0.002614379084967311,30,1.0,1
residual_diagnostics,14,flat,0.35,slot,0,0.0007045815869345384,37,1.0,1
residual_diagnostics,14,flat,0.35,button,0,0.008858965272856123,34,1.0,1
residual_diagnostics,14,flat,0.35,flat,1,0.07026742320859969,27,1.0,1
residual_diagnostics,14,flat,0.55,handle,0,0.002614379084967311,30,1.0,1
residual_diagnostics,14,flat,0.55,slot,0,0.0007045815869345384,37,1.0,1
residual_diagnostics,14,flat,0.55,button,0,0.008858965272856123,34,1.0,1
residual_diagnostics,14,flat,0.55,flat,1,0.07026742320859969,27,1.0,1
residual_diagnostics,15,handle,0.0,handle,0,0.005139572611322474,32,,0
residual_diagnostics,15,handle,0.0,slot,0,0.4363556932364271,21,,0
residual_diagnostics,15,handle,0.0,button,0,0.03860618838680263,28,,0
residual_diagnostics,15,handle,0.0,flat,0,0.07573840269189841,29,,0
residual_diagnostics,15,handle,0.1,handle,1,0.06763957261132247,32,0.3333333333333333,0
residual_diagnostics,15,handle,0.1,slot,0,0.4363556932364271,21,0.3333333333333333,0
residual_diagnostics,15,handle,0.1,button,0,0.03860618838680263,28,0.3333333333333333,0
residual_diagnostics,15,handle,0.1,flat,0,0.07573840269189841,29,0.3333333333333333,0
residual_diagnostics,15,handle,0.2,handle,1,0.16138957261132247,32,0.6666666666666666,0
residual_diagnostics,15,handle,0.2,slot,0,0.4363556932364271,21,0.6666666666666666,0
residual_diagnostics,15,handle,0.2,button,0,0.03860618838680263,28,0.6666666666666666,0
residual_diagnostics,15,handle,0.2,flat,0,0.07573840269189841,29,0.6666666666666666,0
residual_diagnostics,15,handle,0.35,handle,1,0.3176395726113225,32,0.6666666666666666,0
residual_diagnostics,15,handle,0.35,slot,0,0.4363556932364271,21,0.6666666666666666,0
residual_diagnostics,15,handle,0.35,button,0,0.03860618838680263,28,0.6666666666666666,0
residual_diagnostics,15,handle,0.35,flat,0,0.07573840269189841,29,0.6666666666666666,0
residual_diagnostics,15,handle,0.55,handle,1,0.6926395726113225,32,1.0,1
residual_diagnostics,15,handle,0.55,slot,0,0.4363556932364271,21,1.0,1
residual_diagnostics,15,handle,0.55,button,0,0.03860618838680263,28,1.0,1
residual_diagnostics,15,handle,0.55,flat,0,0.07573840269189841,29,1.0,1
residual_diagnostics,15,slot,0.0,handle,0,0.08861042738867753,29,,0
residual_diagnostics,15,slot,0.0,slot,0,0.13103356438488656,34,,0
residual_diagnostics,15,slot,0.0,button,0,0.032822383041768766,21,,0
residual_diagnostics,15,slot,0.0,flat,0,0.06958179435243655,28,,0
residual_diagnostics,15,slot,0.1,handle,0,0.08861042738867753,29,0.6666666666666666,0
residual_diagnostics,15,slot,0.1,slot,1,0.07221003497312184,34,0.6666666666666666,0
residual_diagnostics,15,slot,0.1,button,0,0.032822383041768766,21,0.6666666666666666,0
residual_diagnostics,15,slot,0.1,flat,0,0.06958179435243655,28,0.6666666666666666,0
residual_diagnostics,15,slot,0.2,handle,0,0.08861042738867753,29,1.0,1
residual_diagnostics,15,slot,0.2,slot,1,0.13367231796805468,34,1.0,1
residual_diagnostics,15,slot,0.2,button,0,0.032822383041768766,21,1.0,1
residual_diagnostics,15,slot,0.2,flat,0,0.06958179435243655,28,1.0,1
residual_diagnostics,15,slot,0.35,handle,0,0.08861042738867753,29,1.0,1
residual_diagnostics,15,slot,0.35,slot,1,0.2807311414974664,34,1.0,1
residual_diagnostics,15,slot,0.35,button,0,0.032822383041768766,21,1.0,1
residual_diagnostics,15,slot,0.35,flat,0,0.06958179435243655,28,1.0,1
residual_diagnostics,15,slot,0.55,handle,0,0.08861042738867753,29,1.0,1
residual_diagnostics,15,slot,0.55,slot,1,0.42778996502687816,34,1.0,1
residual_diagnostics,15,slot,0.55,button,0,0.032822383041768766,21,1.0,1
residual_diagnostics,15,slot,0.55,flat,0,0.06958179435243655,28,1.0,1
residual_diagnostics,15,button,0.0,handle,0,0.026110427388677526,32,,0
residual_diagnostics,15,button,0.0,slot,0,0.23397474085547476,32,,0
residual_diagnostics,15,button,0.0,button,0,0.16593538093338644,23,,0
residual_diagnostics,15,button,0.0,flat,0,0.11022116131258806,29,,0
residual_diagnostics,15,button,0.1,handle,0,0.026110427388677526,32,0.3333333333333333,0
residual_diagnostics,15,button,0.1,slot,0,0.23397474085547476,32,0.3333333333333333,0
residual_diagnostics,15,button,0.1,button,1,0.07897885919425607,23,0.3333333333333333,0
residual_diagnostics,15,button,0.1,flat,0,0.11022116131258806,29,0.3333333333333333,0
residual_diagnostics,15,button,0.2,handle,0,0.026110427388677526,32,0.0,0
residual_diagnostics,15,button,0.2,slot,0,0.23397474085547476,32,0.0,0
residual_diagnostics,15,button,0.2,button,1,0.00797766254487442,23,0.0,0
residual_diagnostics,15,button,0.2,flat,0,0.11022116131258806,29,0.0,0
residual_diagnostics,15,button,0.35,handle,0,0.026110427388677526,32,0.3333333333333333,0
residual_diagnostics,15,button,0.35,slot,0,0.23397474085547476,32,0.3333333333333333,0
residual_diagnostics,15,button,0.35,button,1,0.0949341842840048,23,0.3333333333333333,0
residual_diagnostics,15,button,0.35,flat,0,0.11022116131258806,29,0.3333333333333333,0
residual_diagnostics,15,button,0.55,handle,0,0.026110427388677526,32,1.0,1
residual_diagnostics,15,button,0.55,slot,0,0.23397474085547476,32,1.0,1
residual_diagnostics,15,button,0.55,button,1,0.26884722776226566,23,1.0,1
residual_diagnostics,15,button,0.55,flat,0,0.11022116131258806,29,1.0,1
residual_diagnostics,15,flat,0.0,handle,0,0.011687350465600654,26,,0
residual_diagnostics,15,flat,0.0,slot,0,0.14186947769758007,38,,0
residual_diagnostics,15,flat,0.0,button,0,0.030669680450294723,18,,0
residual_diagnostics,15,flat,0.0,flat,0,0.08756106279042059,35,,0
residual_diagnostics,15,flat,0.1,handle,0,0.011687350465600654,26,1.0,1
residual_diagnostics,15,flat,0.1,slot,0,0.14186947769758007,38,1.0,1
residual_diagnostics,15,flat,0.1,button,0,0.030669680450294723,18,1.0,1
residual_diagnostics,15,flat,0.1,flat,1,0.14470391993327772,35,1.0,1
residual_diagnostics,15,flat,0.2,handle,0,0.011687350465600654,26,1.0,1
residual_diagnostics,15,flat,0.2,slot,0,0.14186947769758007,38,1.0,1
residual_diagnostics,15,flat,0.2,button,0,0.030669680450294723,18,1.0,1
residual_diagnostics,15,flat,0.2,flat,1,0.14470391993327772,35,1.0,1
residual_diagnostics,15,flat,0.35,handle,0,0.011687350465600654,26,1.0,1
residual_diagnostics,15,flat,0.35,slot,0,0.14186947769758007,38,1.0,1
residual_diagnostics,15,flat,0.35,button,0,0.030669680450294723,18,1.0,1
residual_diagnostics,15,flat,0.35,flat,1,0.14470391993327772,35,1.0,1
residual_diagnostics,15,flat,0.55,handle,0,0.011687350465600654,26,1.0,1
residual_diagnostics,15,flat,0.55,slot,0,0.14186947769758007,38,1.0,1
residual_diagnostics,15,flat,0.55,button,0,0.030669680450294723,18,1.0,1
residual_diagnostics,15,flat,0.55,flat,1,0.14470391993327772,35,1.0,1
residual_diagnostics,16,handle,0.0,handle,0,0.007365589026595565,28,,0
residual_diagnostics,16,handle,0.0,slot,0,0.11745027124773966,35,,0
residual_diagnostics,16,handle,0.0,button,0,0.18169368569102073,27,,0
residual_diagnostics,16,handle,0.0,flat,0,0.014618495077355825,32,,0
residual_diagnostics,16,handle,0.1,handle,1,0.07879416045516707,28,0.3333333333333333,0
residual_diagnostics,16,handle,0.1,slot,0,0.11745027124773966,35,0.3333333333333333,0
residual_diagnostics,16,handle,0.1,button,0,0.18169368569102073,27,0.3333333333333333,0
residual_diagnostics,16,handle,0.1,flat,0,0.014618495077355825,32,0.3333333333333333,0
residual_diagnostics,16,handle,0.2,handle,1,0.11450844616945277,28,0.3333333333333333,0
residual_diagnostics,16,handle,0.2,slot,0,0.11745027124773966,35,0.3333333333333333,0
residual_diagnostics,16,handle,0.2,button,0,0.18169368569102073,27,0.3333333333333333,0
residual_diagnostics,16,handle,0.2,flat,0,0.014618495077355825,32,0.3333333333333333,0
residual_diagnostics,16,handle,0.35,handle,1,0.43593701759802417,28,1.0,1
residual_diagnostics,16,handle,0.35,slot,0,0.11745027124773966,35,1.0,1
residual_diagnostics,16,handle,0.35,button,0,0.18169368569102073,27,1.0,1
residual_diagnostics,16,handle,0.35,flat,0,0.014618495077355825,32,1.0,1
residual_diagnostics,16,handle,0.55,handle,1,0.6145084461694528,28,1.0,1
residual_diagnostics,16,handle,0.55,slot,0,0.11745027124773966,35,1.0,1
residual_diagnostics,16,handle,0.55,button,0,0.18169368569102073,27,1.0,1
residual_diagnostics,16,handle,0.55,flat,0,0.014618495077355825,32,1.0,1
residual_diagnostics,16,slot,0.0,handle,0,0.1783612600222666,33,,0
residual_diagnostics,16,slot,0.0,slot,0,0.18094233473980315,36,,0
residual_diagnostics,16,slot,0.0,button,0,0.1457459732727201,34,,0
residual_diagnostics,16,slot,0.0,flat,0,0.01005255755422313,38,,0
residual_diagnostics,16,slot,0.1,handle,0,0.1783612600222666,33,0.3333333333333333,0
residual_diagnostics,16,slot,0.1,slot,1,0.09760900140646978,36,0.3333333333333333,0
residual_diagnostics,16,slot,0.1,button,0,0.1457459732727201,34,0.3333333333333333,0
residual_diagnostics,16,slot,0.1,flat,0,0.01005255755422313,38,0.3333333333333333,0
residual_diagnostics,16,slot,0.2,handle,0,0.1783612600222666,33,0.3333333333333333,0
residual_diagnostics,16,slot,0.2,slot,1,0.014275668073136516,36,0.3333333333333333,0
residual_diagnostics,16,slot,0.2,button,0,0.1457459732727201,34,0.3333333333333333,0
residual_diagnostics,16,slot,0.2,flat,0,0.01005255755422313,38,0.3333333333333333,0
residual_diagnostics,16,slot,0.35,handle,0,0.1783612600222666,33,0.3333333333333333,0
residual_diagnostics,16,slot,0.35,slot,1,0.12461322081575243,36,0.3333333333333333,0
residual_diagnostics,16,slot,0.35,button,0,0.1457459732727201,34,0.3333333333333333,0
residual_diagnostics,16,slot,0.35,flat,0,0.01005255755422313,38,0.3333333333333333,0
residual_diagnostics,16,slot,0.55,handle,0,0.1783612600222666,33,1.0,1
residual_diagnostics,16,slot,0.55,slot,1,0.4023909985935302,36,1.0,1
residual_diagnostics,16,slot,0.55,button,0,0.1457459732727201,34,1.0,1
residual_diagnostics,16,slot,0.55,flat,0,0.01005255755422313,38,1.0,1
residual_diagnostics,16,button,0.0,handle,0,0.1026036842646908,30,,0
residual_diagnostics,16,button,0.0,slot,0,0.01606778276847698,31,,0
residual_diagnostics,16,button,0.0,button,0,0.012804796802131868,25,,0
residual_diagnostics,16,button,0.0,flat,0,0.03818322906057521,29,,0
residual_diagnostics,16,button,0.1,handle,0,0.1026036842646908,30,0.3333333333333333,0
residual_diagnostics,16,button,0.1,slot,0,0.01606778276847698,31,0.3333333333333333,0
residual_diagnostics,16,button,0.1,button,1,0.027195203197868056,25,0.3333333333333333,0
residual_diagnostics,16,button,0.1,flat,0,0.03818322906057521,29,0.3333333333333333,0
residual_diagnostics,16,button,0.2,handle,0,0.1026036842646908,30,0.6666666666666666,0
residual_diagnostics,16,button,0.2,slot,0,0.01606778276847698,31,0.6666666666666666,0
residual_diagnostics,16,button,0.2,button,1,0.06719520319786809,25,0.6666666666666666,0
residual_diagnostics,16,button,0.2,flat,0,0.03818322906057521,29,0.6666666666666666,0
residual_diagnostics,16,button,0.35,handle,0,0.1026036842646908,30,1.0,1
residual_diagnostics,16,button,0.35,slot,0,0.01606778276847698,31,1.0,1
residual_diagnostics,16,button,0.35,button,1,0.2671952031978681,25,1.0,1
residual_diagnostics,16,button,0.35,flat,0,0.03818322906057521,29,1.0,1
residual_diagnostics,16,button,0.55,handle,0,0.1026036842646908,30,1.0,1
residual_diagnostics,16,button,0.55,slot,0,0.01606778276847698,31,1.0,1
residual_diagnostics,16,button,0.55,button,1,0.5071952031978681,25,1.0,1
residual_diagnostics,16,button,0.55,flat,0,0.03818322906057521,29,1.0,1
residual_diagnostics,16,flat,0.0,handle,0,0.0004531466302822862,31,,0
residual_diagnostics,16,flat,0.0,slot,0,0.018549172346640774,26,,0
residual_diagnostics,16,flat,0.0,button,0,0.00719520319786815,30,,0
residual_diagnostics,16,flat,0.0,flat,0,0.03052039381153307,36,,0
residual_diagnostics,16,flat,0.1,handle,0,0.0004531466302822862,31,1.0,1
residual_diagnostics,16,flat,0.1,slot,0,0.018549172346640774,26,1.0,1
residual_diagnostics,16,flat,0.1,button,0,0.00719520319786815,30,1.0,1
residual_diagnostics,16,flat,0.1,flat,1,0.14163150492264417,36,1.0,1
residual_diagnostics,16,flat,0.2,handle,0,0.0004531466302822862,31,1.0,1
residual_diagnostics,16,flat,0.2,slot,0,0.018549172346640774,26,1.0,1
residual_diagnostics,16,flat,0.2,button,0,0.00719520319786815,30,1.0,1
residual_diagnostics,16,flat,0.2,flat,1,0.14163150492264417,36,1.0,1
residual_diagnostics,16,flat,0.35,handle,0,0.0004531466302822862,31,1.0,1
residual_diagnostics,16,flat,0.35,slot,0,0.018549172346640774,26,1.0,1
residual_diagnostics,16,flat,0.35,button,0,0.00719520319786815,30,1.0,1
residual_diagnostics,16,flat,0.35,flat,1,0.14163150492264417,36,1.0,1
residual_diagnostics,16,flat,0.55,handle,0,0.0004531466302822862,31,1.0,1
residual_diagnostics,16,flat,0.55,slot,0,0.018549172346640774,26,1.0,1
residual_diagnostics,16,flat,0.55,button,0,0.00719520319786815,30,1.0,1
residual_diagnostics,16,flat,0.55,flat,1,0.14163150492264417,36,1.0,1
residual_diagnostics,17,handle,0.0,handle,0,0.10057806464992103,33,,0
residual_diagnostics,17,handle,0.0,slot,0,0.022547693985842332,31,,0
residual_diagnostics,17,handle,0.0,button,0,0.05608029224569733,30,,0
residual_diagnostics,17,handle,0.0,flat,0,0.0898444868504749,35,,0
residual_diagnostics,17,handle,0.1,handle,1,0.020634056562200187,33,0.0,0
residual_diagnostics,17,handle,0.1,slot,0,0.022547693985842332,31,0.0,0
residual_diagnostics,17,handle,0.1,button,0,0.05608029224569733,30,0.0,0
residual_diagnostics,17,handle,0.1,flat,0,0.0898444868504749,35,0.0,0
residual_diagnostics,17,handle,0.2,handle,1,0.1418461777743214,33,1.0,1
residual_diagnostics,17,handle,0.2,slot,0,0.022547693985842332,31,1.0,1
residual_diagnostics,17,handle,0.2,button,0,0.05608029224569733,30,1.0,1
residual_diagnostics,17,handle,0.2,flat,0,0.0898444868504749,35,1.0,1
residual_diagnostics,17,handle,0.35,handle,1,0.23275526868341234,33,1.0,1
residual_diagnostics,17,handle,0.35,slot,0,0.022547693985842332,31,1.0,1
residual_diagnostics,17,handle,0.35,button,0,0.05608029224569733,30,1.0,1
residual_diagnostics,17,handle,0.35,flat,0,0.0898444868504749,35,1.0,1
residual_diagnostics,17,handle,0.55,handle,1,0.44487648080462444,33,1.0,1
residual_diagnostics,17,handle,0.55,slot,0,0.022547693985842332,31,1.0,1
residual_diagnostics,17,handle,0.55,button,0,0.05608029224569733,30,1.0,1
residual_diagnostics,17,handle,0.55,flat,0,0.0898444868504749,35,1.0,1
residual_diagnostics,17,slot,0.0,handle,0,0.06421442828628465,30,,0
residual_diagnostics,17,slot,0.0,slot,0,0.022547693985842332,31,,0
residual_diagnostics,17,slot,0.0,button,0,0.11614192997652495,36,,0
residual_diagnostics,17,slot,0.0,flat,0,0.09301909002507808,27,,0
residual_diagnostics,17,slot,0.1,handle,0,0.06421442828628465,30,0.0,0
residual_diagnostics,17,slot,0.1,slot,1,0.009710370530286672,31,0.0,0
residual_diagnostics,17,slot,0.1,button,0,0.11614192997652495,36,0.0,0
residual_diagnostics,17,slot,0.1,flat,0,0.09301909002507808,27,0.0,0
residual_diagnostics,17,slot,0.2,handle,0,0.06421442828628465,30,0.6666666666666666,0
residual_diagnostics,17,slot,0.2,slot,1,0.1064845640786738,31,0.6666666666666666,0
residual_diagnostics,17,slot,0.2,button,0,0.11614192997652495,36,0.6666666666666666,0
residual_diagnostics,17,slot,0.2,flat,0,0.09301909002507808,27,0.6666666666666666,0
residual_diagnostics,17,slot,0.35,handle,0,0.06421442828628465,30,1.0,1
residual_diagnostics,17,slot,0.35,slot,1,0.39680714472383505,31,1.0,1
residual_diagnostics,17,slot,0.35,button,0,0.11614192997652495,36,1.0,1
residual_diagnostics,17,slot,0.35,flat,0,0.09301909002507808,27,1.0,1
residual_diagnostics,17,slot,0.55,handle,0,0.06421442828628465,30,1.0,1
residual_diagnostics,17,slot,0.55,slot,1,0.5903555318206093,31,1.0,1
residual_diagnostics,17,slot,0.55,button,0,0.11614192997652495,36,1.0,1
residual_diagnostics,17,slot,0.55,flat,0,0.09301909002507808,27,1.0,1
residual_diagnostics,17,button,0.0,handle,0,0.030409227627693824,31,,0
residual_diagnostics,17,button,0.0,slot,0,0.05385699189855586,34,,0
residual_diagnostics,17,button,0.0,button,0,0.012943037343736474,51,,0
residual_diagnostics,17,button,0.0,flat,0,0.0266390296330416,26,,0
residual_diagnostics,17,button,0.1,handle,0,0.030409227627693824,31,1.0,1
residual_diagnostics,17,button,0.1,slot,0,0.05385699189855586,34,1.0,1
residual_diagnostics,17,button,0.1,button,1,0.16352755089155757,51,1.0,1
residual_diagnostics,17,button,0.1,flat,0,0.0266390296330416,26,1.0,1
residual_diagnostics,17,button,0.2,handle,0,0.030409227627693824,31,1.0,1
residual_diagnostics,17,button,0.2,slot,0,0.05385699189855586,34,1.0,1
residual_diagnostics,17,button,0.2,button,1,0.30078245285234195,51,1.0,1
residual_diagnostics,17,button,0.2,flat,0,0.0266390296330416,26,1.0,1
residual_diagnostics,17,button,0.35,handle,0,0.030409227627693824,31,1.0,1
residual_diagnostics,17,button,0.35,slot,0,0.05385699189855586,34,1.0,1
residual_diagnostics,17,button,0.35,button,1,0.4380373548131262,51,1.0,1
residual_diagnostics,17,button,0.35,flat,0,0.0266390296330416,26,1.0,1
residual_diagnostics,17,button,0.55,handle,0,0.030409227627693824,31,1.0,1
residual_diagnostics,17,button,0.55,slot,0,0.05385699189855586,34,1.0,1
residual_diagnostics,17,button,0.55,button,1,0.7125471587346949,51,1.0,1
residual_diagnostics,17,button,0.55,flat,0,0.0266390296330416,26,1.0,1
residual_diagnostics,17,flat,0.0,handle,0,0.10310331717517351,36,,0
residual_diagnostics,17,flat,0.0,slot,0,0.03123255750941556,26,,0
residual_diagnostics,17,flat,0.0,button,0,0.09850453466993969,33,,0
residual_diagnostics,17,flat,0.0,flat,0,0.08874558575157379,26,,0
residual_diagnostics,17,flat,0.1,handle,0,0.10310331717517351,36,1.0,1
residual_diagnostics,17,flat,0.1,slot,0,0.03123255750941556,26,1.0,1
residual_diagnostics,17,flat,0.1,button,0,0.09850453466993969,33,1.0,1
residual_diagnostics,17,flat,0.1,flat,1,0.16566866267465072,26,1.0,1
residual_diagnostics,17,flat,0.2,handle,0,0.10310331717517351,36,1.0,1
residual_diagnostics,17,flat,0.2,slot,0,0.03123255750941556,26,1.0,1
residual_diagnostics,17,flat,0.2,button,0,0.09850453466993969,33,1.0,1
residual_diagnostics,17,flat,0.2,flat,1,0.20413020113618918,26,1.0,1
residual_diagnostics,17,flat,0.35,handle,0,0.10310331717517351,36,1.0,1
residual_diagnostics,17,flat,0.35,slot,0,0.03123255750941556,26,1.0,1
residual_diagnostics,17,flat,0.35,button,0,0.09850453466993969,33,1.0,1
residual_diagnostics,17,flat,0.35,flat,1,0.20413020113618918,26,1.0,1
residual_diagnostics,17,flat,0.55,handle,0,0.10310331717517351,36,1.0,1
residual_diagnostics,17,flat,0.55,slot,0,0.03123255750941556,26,1.0,1
residual_diagnostics,17,flat,0.55,button,0,0.09850453466993969,33,1.0,1
residual_diagnostics,17,flat,0.55,flat,1,0.20413020113618918,26,1.0,1
residual_diagnostics,18,handle,0.0,handle,0,0.05540713126920027,29,,0
residual_diagnostics,18,handle,0.0,slot,0,0.007887887887887857,25,,0
residual_diagnostics,18,handle,0.0,button,0,0.04263313086842491,34,,0
residual_diagnostics,18,handle,0.0,flat,0,0.05016615361442947,33,,0
residual_diagnostics,18,handle,0.1,handle,1,0.020924372648510547,29,0.3333333333333333,0
residual_diagnostics,18,handle,0.1,slot,0,0.007887887887887857,25,0.3333333333333333,0
residual_diagnostics,18,handle,0.1,button,0,0.04263313086842491,34,0.3333333333333333,0
residual_diagnostics,18,handle,0.1,flat,0,0.05016615361442947,33,0.3333333333333333,0
residual_diagnostics,18,handle,0.2,handle,1,0.18597217907562735,29,1.0,1
residual_diagnostics,18,handle,0.2,slot,0,0.007887887887887857,25,1.0,1
residual_diagnostics,18,handle,0.2,button,0,0.04263313086842491,34,1.0,1
residual_diagnostics,18,handle,0.2,flat,0,0.05016615361442947,33,1.0,1
residual_diagnostics,18,handle,0.35,handle,1,0.2894204549376963,29,1.0,1
residual_diagnostics,18,handle,0.35,slot,0,0.007887887887887857,25,1.0,1
residual_diagnostics,18,handle,0.35,button,0,0.04263313086842491,34,1.0,1
residual_diagnostics,18,handle,0.35,flat,0,0.05016615361442947,33,1.0,1
residual_diagnostics,18,handle,0.55,handle,1,0.6342480411445929,29,1.0,1
residual_diagnostics,18,handle,0.55,slot,0,0.007887887887887857,25,1.0,1
residual_diagnostics,18,handle,0.55,button,0,0.04263313086842491,34,1.0,1
residual_diagnostics,18,handle,0.55,flat,0,0.05016615361442947,33,1.0,1
residual_diagnostics,18,slot,0.0,handle,0,0.06488988988988986,40,,0
residual_diagnostics,18,slot,0.0,slot,0,0.026397826397826396,42,,0
residual_diagnostics,18,slot,0.0,button,0,0.018991518991519074,21,,0
residual_diagnostics,18,slot,0.0,flat,0,0.015128274826550686,32,,0
residual_diagnostics,18,slot,0.1,handle,0,0.06488988988988986,40,1.0,1
residual_diagnostics,18,slot,0.1,slot,1,0.06884026884026884,42,1.0,1
residual_diagnostics,18,slot,0.1,button,0,0.018991518991519074,21,1.0,1
residual_diagnostics,18,slot,0.1,flat,0,0.015128274826550686,32,1.0,1
residual_diagnostics,18,slot,0.2,handle,0,0.06488988988988986,40,1.0,1
residual_diagnostics,18,slot,0.2,slot,1,0.21169741169741174,42,1.0,1
residual_diagnostics,18,slot,0.2,button,0,0.018991518991519074,21,1.0,1
residual_diagnostics,18,slot,0.2,flat,0,0.015128274826550686,32,1.0,1
residual_diagnostics,18,slot,0.35,handle,0,0.06488988988988986,40,1.0,1
residual_diagnostics,18,slot,0.35,slot,1,0.25931645931645936,42,1.0,1
residual_diagnostics,18,slot,0.35,button,0,0.018991518991519074,21,1.0,1
residual_diagnostics,18,slot,0.35,flat,0,0.015128274826550686,32,1.0,1
residual_diagnostics,18,slot,0.55,handle,0,0.06488988988988986,40,1.0,1
residual_diagnostics,18,slot,0.55,slot,1,0.5212212212212213,42,1.0,1
residual_diagnostics,18,slot,0.55,button,0,0.018991518991519074,21,1.0,1
residual_diagnostics,18,slot,0.55,flat,0,0.015128274826550686,32,1.0,1
residual_diagnostics,18,button,0.0,handle,0,0.008808808808808855,37,,0
residual_diagnostics,18,button,0.0,slot,0,0.1521736021736022,28,,0
residual_diagnostics,18,button,0.0,button,0,0.11565544324165011,29,,0
residual_diagnostics,18,button,0.0,flat,0,0.07762827482655069,32,,0
residual_diagnostics,18,button,0.1,handle,0,0.008808808808808855,37,0.3333333333333333,0
residual_diagnostics,18,button,0.1,slot,0,0.1521736021736022,28,0.3333333333333333,0
residual_diagnostics,18,button,0.1,button,1,0.046689926000270776,29,0.3333333333333333,0
residual_diagnostics,18,button,0.1,flat,0,0.07762827482655069,32,0.3333333333333333,0
residual_diagnostics,18,button,0.2,handle,0,0.008808808808808855,37,0.6666666666666666,0
residual_diagnostics,18,button,0.2,slot,0,0.1521736021736022,28,0.6666666666666666,0
residual_diagnostics,18,button,0.2,button,1,0.09124110848248779,29,0.6666666666666666,0
residual_diagnostics,18,button,0.2,flat,0,0.07762827482655069,32,0.6666666666666666,0
residual_diagnostics,18,button,0.35,handle,0,0.008808808808808855,37,1.0,1
residual_diagnostics,18,button,0.35,slot,0,0.1521736021736022,28,1.0,1
residual_diagnostics,18,button,0.35,button,1,0.29813766020662574,29,1.0,1
residual_diagnostics,18,button,0.35,flat,0,0.07762827482655069,32,1.0,1
residual_diagnostics,18,button,0.55,handle,0,0.008808808808808855,37,1.0,1
residual_diagnostics,18,button,0.55,slot,0,0.1521736021736022,28,1.0,1
residual_diagnostics,18,button,0.55,button,1,0.47055145331007403,29,1.0,1
residual_diagnostics,18,button,0.55,flat,0,0.07762827482655069,32,1.0,1
residual_diagnostics,18,flat,0.0,handle,0,0.11011011011011007,30,,0
residual_diagnostics,18,flat,0.0,slot,0,0.030745030745030766,35,,0
residual_diagnostics,18,flat,0.0,button,0,0.056758349861798174,29,,0
residual_diagnostics,18,flat,0.0,flat,0,0.06391584282050813,34,,0
residual_diagnostics,18,flat,0.1,handle,0,0.11011011011011007,30,1.0,1
residual_diagnostics,18,flat,0.1,slot,0,0.030745030745030766,35,1.0,1
residual_diagnostics,18,flat,0.1,button,0,0.056758349861798174,29,1.0,1
residual_diagnostics,18,flat,0.1,flat,1,0.14196651012066833,34,1.0,1
residual_diagnostics,18,flat,0.2,handle,0,0.11011011011011007,30,1.0,1
residual_diagnostics,18,flat,0.2,slot,0,0.030745030745030766,35,1.0,1
residual_diagnostics,18,flat,0.2,button,0,0.056758349861798174,29,1.0,1
residual_diagnostics,18,flat,0.2,flat,1,0.14196651012066833,34,1.0,1
residual_diagnostics,18,flat,0.35,handle,0,0.11011011011011007,30,1.0,1
residual_diagnostics,18,flat,0.35,slot,0,0.030745030745030766,35,1.0,1
residual_diagnostics,18,flat,0.35,button,0,0.056758349861798174,29,1.0,1
residual_diagnostics,18,flat,0.35,flat,1,0.14196651012066833,34,1.0,1
residual_diagnostics,18,flat,0.55,handle,0,0.11011011011011007,30,1.0,1
residual_diagnostics,18,flat,0.55,slot,0,0.030745030745030766,35,1.0,1
residual_diagnostics,18,flat,0.55,button,0,0.056758349861798174,29,1.0,1
residual_diagnostics,18,flat,0.55,flat,1,0.14196651012066833,34,1.0,1
residual_diagnostics,19,handle,0.0,handle,0,0.0023664638269100813,34,,0
residual_diagnostics,19,handle,0.0,slot,0,0.01876909646442604,29,,0
residual_diagnostics,19,handle,0.0,button,0,0.05238095238095242,28,,0
residual_diagnostics,19,handle,0.0,flat,0,0.07085561497326204,33,,0
residual_diagnostics,19,handle,0.1,handle,1,0.027045300878972278,34,0.3333333333333333,0
residual_diagnostics,19,handle,0.1,slot,0,0.01876909646442604,29,0.3333333333333333,0
residual_diagnostics,19,handle,0.1,button,0,0.05238095238095242,28,0.3333333333333333,0
residual_diagnostics,19,handle,0.1,flat,0,0.07085561497326204,33,0.3333333333333333,0
residual_diagnostics,19,handle,0.2,handle,1,0.11528059499661925,34,1.0,1
residual_diagnostics,19,handle,0.2,slot,0,0.01876909646442604,29,1.0,1
residual_diagnostics,19,handle,0.2,button,0,0.05238095238095242,28,1.0,1
residual_diagnostics,19,handle,0.2,flat,0,0.07085561497326204,33,1.0,1
residual_diagnostics,19,handle,0.35,handle,1,0.32116294793779576,34,1.0,1
residual_diagnostics,19,handle,0.35,slot,0,0.01876909646442604,29,1.0,1
residual_diagnostics,19,handle,0.35,button,0,0.05238095238095242,28,1.0,1
residual_diagnostics,19,handle,0.35,flat,0,0.07085561497326204,33,1.0,1
residual_diagnostics,19,handle,0.55,handle,1,0.5270453008789722,34,1.0,1
residual_diagnostics,19,handle,0.55,slot,0,0.01876909646442604,29,1.0,1
residual_diagnostics,19,handle,0.55,button,0,0.05238095238095242,28,1.0,1
residual_diagnostics,19,handle,0.55,flat,0,0.07085561497326204,33,1.0,1
residual_diagnostics,19,slot,0.0,handle,0,0.04597701149425293,29,,0
residual_diagnostics,19,slot,0.0,slot,0,0.05325185508511565,29,,0
residual_diagnostics,19,slot,0.0,button,0,0.036904761904761885,40,,0
residual_diagnostics,19,slot,0.0,flat,0,0.03823529411764706,35,,0
residual_diagnostics,19,slot,0.1,handle,0,0.04597701149425293,29,0.0,0
residual_diagnostics,19,slot,0.1,slot,1,0.01876909646442604,29,0.0,0
residual_diagnostics,19,slot,0.1,button,0,0.036904761904761885,40,0.0,0
residual_diagnostics,19,slot,0.1,flat,0,0.03823529411764706,35,0.0,0
residual_diagnostics,19,slot,0.2,handle,0,0.04597701149425293,29,1.0,1
residual_diagnostics,19,slot,0.2,slot,1,0.08467917939764302,29,1.0,1
residual_diagnostics,19,slot,0.2,button,0,0.036904761904761885,40,1.0,1
residual_diagnostics,19,slot,0.2,flat,0,0.03823529411764706,35,1.0,1
residual_diagnostics,19,slot,0.35,handle,0,0.04597701149425293,29,1.0,1
residual_diagnostics,19,slot,0.35,slot,1,0.2226102138804016,29,1.0,1
residual_diagnostics,19,slot,0.35,button,0,0.036904761904761885,40,1.0,1
residual_diagnostics,19,slot,0.35,flat,0,0.03823529411764706,35,1.0,1
residual_diagnostics,19,slot,0.55,handle,0,0.04597701149425293,29,1.0,1
residual_diagnostics,19,slot,0.55,slot,1,0.5674378000872982,29,1.0,1
residual_diagnostics,19,slot,0.55,button,0,0.036904761904761885,40,1.0,1
residual_diagnostics,19,slot,0.55,flat,0,0.03823529411764706,35,1.0,1
residual_diagnostics,19,button,0.0,handle,0,0.01724137931034475,30,,0
residual_diagnostics,19,button,0.0,slot,0,0.11289770783441666,37,,0
residual_diagnostics,19,button,0.0,button,0,0.05760743321718931,41,,0
residual_diagnostics,19,button,0.0,flat,0,0.0189075630252101,28,,0
residual_diagnostics,19,button,0.1,handle,0,0.01724137931034475,30,1.0,1
residual_diagnostics,19,button,0.1,slot,0,0.11289770783441666,37,1.0,1
residual_diagnostics,19,button,0.1,button,1,0.15516840882694538,41,1.0,1
residual_diagnostics,19,button,0.1,flat,0,0.0189075630252101,28,1.0,1
residual_diagnostics,19,button,0.2,handle,0,0.01724137931034475,30,1.0,1
residual_diagnostics,19,button,0.2,slot,0,0.11289770783441666,37,1.0,1
residual_diagnostics,19,button,0.2,button,1,0.22833914053426252,41,1.0,1
residual_diagnostics,19,button,0.2,flat,0,0.0189075630252101,28,1.0,1
residual_diagnostics,19,button,0.35,handle,0,0.01724137931034475,30,1.0,1
residual_diagnostics,19,button,0.35,slot,0,0.11289770783441666,37,1.0,1
residual_diagnostics,19,button,0.35,button,1,0.3990708478513357,41,1.0,1
residual_diagnostics,19,button,0.35,flat,0,0.0189075630252101,28,1.0,1
residual_diagnostics,19,button,0.55,handle,0,0.01724137931034475,30,1.0,1
residual_diagnostics,19,button,0.55,slot,0,0.11289770783441666,37,1.0,1
residual_diagnostics,19,button,0.55,button,1,0.6185830429732869,41,1.0,1
residual_diagnostics,19,button,0.55,flat,0,0.0189075630252101,28,1.0,1
residual_diagnostics,19,flat,0.0,handle,0,0.08866995073891626,21,,0
residual_diagnostics,19,flat,0.0,slot,0,0.01661392405063289,32,,0
residual_diagnostics,19,flat,0.0,button,0,0.0714285714285714,30,,0
residual_diagnostics,19,flat,0.0,flat,0,0.028431372549019618,30,,0
residual_diagnostics,19,flat,0.1,handle,0,0.08866995073891626,21,0.3333333333333333,0
residual_diagnostics,19,flat,0.1,slot,0,0.01661392405063289,32,0.3333333333333333,0
residual_diagnostics,19,flat,0.1,button,0,0.0714285714285714,30,0.3333333333333333,0
residual_diagnostics,19,flat,0.1,flat,1,0.061764705882352944,30,0.3333333333333333,0
residual_diagnostics,19,flat,0.2,handle,0,0.08866995073891626,21,1.0,1
residual_diagnostics,19,flat,0.2,slot,0,0.01661392405063289,32,1.0,1
residual_diagnostics,19,flat,0.2,button,0,0.0714285714285714,30,1.0,1
residual_diagnostics,19,flat,0.2,flat,1,0.09509803921568628,30,1.0,1
residual_diagnostics,19,flat,0.35,handle,0,0.08866995073891626,21,1.0,1
residual_diagnostics,19,flat,0.35,slot,0,0.01661392405063289,32,1.0,1
residual_diagnostics,19,flat,0.35,button,0,0.0714285714285714,30,1.0,1
residual_diagnostics,19,flat,0.35,flat,1,0.09509803921568628,30,1.0,1
residual_diagnostics,19,flat,0.55,handle,0,0.08866995073891626,21,1.0,1
residual_diagnostics,19,flat,0.55,slot,0,0.01661392405063289,32,1.0,1
residual_diagnostics,19,flat,0.55,button,0,0.0714285714285714,30,1.0,1
residual_diagnostics,19,flat,0.55,flat,1,0.09509803921568628,30,1.0,1
