suite,seed,n_train,n_test,context_bins,model,brier,log_loss,accuracy,f1,auc,blocked_false_positive_rate,affordance_loss_rate,accessible_prediction_variance,ece,reliability_slope,mean_prediction,positive_rate,access_rate
support_burden,0,80,3000,4,conserved_quotient,0.03266718775273998,0.13021089997668983,0.9516666666666667,0.692144373673036,0.8735036348635564,0.0,0.0,9.244463733058732e-33,0.019875436507936512,0.8988317070529026,0.07061960317460318,0.069,0.088
support_burden,0,80,3000,4,object_only,0.07294174014293413,0.28592001798401123,0.931,0.0,0.5355625087563629,0.0,1.0,6.2592723192585165e-34,0.08244151453684925,0.03824668942536819,0.15144151453684923,0.069,0.088
support_burden,0,80,3000,4,access_only,0.03568328333333333,0.1360787521168085,0.9516666666666667,0.692144373673036,0.8659052738817368,0.0,0.0,0.0,0.011713333333333333,0.8875902156150749,0.06962,0.069,0.088
support_burden,0,80,3000,4,context_table,0.07728450389051097,0.3560635062432728,0.9023333333333333,0.07570977917981073,0.5175308872595568,0.034722222222222224,0.9261083743842364,0.01039631479698949,0.0948228280144242,0.01656274554526766,0.14184942801442416,0.069,0.088
support_burden,0,80,3000,8,conserved_quotient,0.03266718775273998,0.13021089997668983,0.9516666666666667,0.692144373673036,0.8735036348635564,0.0,0.0,9.244463733058732e-33,0.019875436507936512,0.8988317070529026,0.07061960317460318,0.069,0.088
support_burden,0,80,3000,8,object_only,0.07294174014293413,0.28592001798401123,0.931,0.0,0.5355625087563629,0.0,1.0,6.2592723192585165e-34,0.08244151453684925,0.03824668942536819,0.15144151453684923,0.069,0.088
support_burden,0,80,3000,8,access_only,0.03568328333333333,0.1360787521168085,0.9516666666666667,0.692144373673036,0.8659052738817368,0.0,0.0,0.0,0.011713333333333333,0.8875902156150749,0.06962,0.069,0.088
support_burden,0,80,3000,8,context_table,0.07346457416978772,0.3531088624310671,0.925,0.025974025974025976,0.5027596596736839,0.006944444444444444,0.9901477832512315,0.007343995140347281,0.08952580065359478,-0.06019427273973601,0.134773022875817,0.069,0.088
support_burden,0,80,3000,8,monolithic_logistic,0.053637267199118696,0.2152064326476606,0.93,0.5070422535211268,0.8708711046076199,0.019736842105263157,0.3251231527093596,0.07964728725740627,0.03608252740265068,0.6196456521055027,0.09061702175899196,0.069,0.088
support_burden,0,80,3000,12,conserved_quotient,0.03266718775273998,0.13021089997668983,0.9516666666666667,0.692144373673036,0.8735036348635564,0.0,0.0,9.244463733058732e-33,0.019875436507936512,0.8988317070529026,0.07061960317460318,0.069,0.088
support_burden,0,80,3000,12,object_only,0.07294174014293413,0.28592001798401123,0.931,0.0,0.5355625087563629,0.0,1.0,6.2592723192585165e-34,0.08244151453684925,0.03824668942536819,0.15144151453684923,0.069,0.088
support_burden,0,80,3000,12,access_only,0.03568328333333333,0.1360787521168085,0.9516666666666667,0.692144373673036,0.8659052738817368,0.0,0.0,0.0,0.011713333333333333,0.8875902156150749,0.06962,0.069,0.088
support_burden,0,80,3000,12,context_table,0.07312906914621287,0.33314225819559085,0.9283333333333333,0.0182648401826484,0.5375481491859393,0.0029239766081871343,0.9950738916256158,0.005588489543583288,0.08422184117647061,0.055563197156637684,0.13964037450980393,0.069,0.088
support_burden,1,80,3000,4,conserved_quotient,0.02988754836445402,0.1203234731997512,0.9556666666666667,0.5957446808510638,0.8749466415460494,0.0,0.3717277486910995,1.232595164407831e-32,0.016103011695906427,1.0902856352593573,0.060024181286549703,0.06966666666666667,0.08733333333333333
support_burden,1,80,3000,4,object_only,0.08336805664971271,0.4388967623112625,0.9303333333333333,0.0,0.5122360149420815,0.0,1.0,7.234274766864287e-33,0.1112054724637681,0.06430617677508171,0.14121119420289854,0.06966666666666667,0.08733333333333333
support_burden,1,80,3000,4,access_only,0.03358432299168975,0.1289936249294763,0.955,0.7133757961783439,0.8657767019418191,0.0,0.0,5.238529448733282e-32,0.0053821052631578955,1.0075098952494943,0.06428456140350877,0.06966666666666667,0.08733333333333333
support_burden,1,80,3000,4,context_table,0.10503897255933954,0.6359185838272342,0.9026666666666666,0.09876543209876543,0.49657048716054164,0.036523009495982466,0.9214659685863874,0.02955046625247827,0.1094589674258109,0.06744489082052353,0.1596470167011732,0.06966666666666667,0.08733333333333333
support_burden,1,80,3000,8,conserved_quotient,0.02988754836445402,0.1203234731997512,0.9556666666666667,0.5957446808510638,0.8749466415460494,0.0,0.3717277486910995,1.232595164407831e-32,0.016103011695906427,1.0902856352593573,0.060024181286549703,0.06966666666666667,0.08733333333333333
support_burden,1,80,3000,8,object_only,0.08336805664971271,0.4388967623112625,0.9303333333333333,0.0,0.5122360149420815,0.0,1.0,7.234274766864287e-33,0.1112054724637681,0.06430617677508171,0.14121119420289854,0.06966666666666667,0.08733333333333333
support_burden,1,80,3000,8,access_only,0.03358432299168975,0.1289936249294763,0.955,0.7133757961783439,0.8657767019418191,0.0,0.0,5.238529448733282e-32,0.0053821052631578955,1.0075098952494943,0.06428456140350877,0.06966666666666667,0.08733333333333333
support_burden,1,80,3000,8,context_table,0.08155796455474348,0.3855320072437972,0.9256666666666666,0.04291845493562232,0.5080564836735988,0.006939371804236669,0.9738219895287958,0.012185010551354446,0.08391366443524272,0.1049476116206003,0.13945587313089486,0.06966666666666667,0.08733333333333333
support_burden,1,80,3000,8,monolithic_logistic,0.05482396780094981,0.3337098905705411,0.9386666666666666,0.22033898305084745,0.8236008084770083,0.0,0.8586387434554974,0.027194738760676268,0.05673909318710631,1.4370858615612696,0.012934992260874306,0.06966666666666667,0.08733333333333333
support_burden,1,80,3000,12,conserved_quotient,0.02988754836445402,0.1203234731997512,0.9556666666666667,0.5957446808510638,0.8749466415460494,0.0,0.3717277486910995,1.232595164407831e-32,0.016103011695906427,1.0902856352593573,0.060024181286549703,0.06966666666666667,0.08733333333333333
support_burden,1,80,3000,12,object_only,0.08336805664971271,0.4388967623112625,0.9303333333333333,0.0,0.5122360149420815,0.0,1.0,7.234274766864287e-33,0.1112054724637681,0.06430617677508171,0.14121119420289854,0.06966666666666667,0.08733333333333333
support_burden,1,80,3000,12,access_only,0.03358432299168975,0.1289936249294763,0.955,0.7133757961783439,0.8657767019418191,0.0,0.0,5.238529448733282e-32,0.0053821052631578955,1.0075098952494943,0.06428456140350877,0.06966666666666667,0.08733333333333333
support_burden,1,80,3000,12,context_table,0.08951528966651799,0.44874681634104197,0.9173333333333333,0.03875968992248062,0.49670591905972544,0.016070124178232285,0.9738219895287958,0.011856296465671346,0.08882096183574878,0.05117440392066267,0.15081132705314007,0.06966666666666667,0.08733333333333333
support_burden,2,80,3000,4,conserved_quotient,0.03312574995843317,0.14108590465779874,0.9626666666666667,0.7383177570093458,0.8703170616857636,0.0,0.0,7.896312771987667e-33,0.011193729603729602,1.0015436905574282,0.06552421911421911,0.07666666666666666,0.09233333333333334
support_burden,2,80,3000,4,object_only,0.11119383973770637,0.4319702705805668,0.9233333333333333,0.0,0.5760257416418145,0.0,1.0,3.08148809469057e-33,0.17702965507246374,0.1433886207681082,0.23241672173913044,0.07666666666666666,0.09233333333333334
support_burden,2,80,3000,4,access_only,0.039965954043392496,0.15586327164015443,0.947,0.6863905325443787,0.8633652487835505,0.0,0.0,1.8488927466117464e-32,0.01076948717948719,1.0036483858779526,0.06589717948717949,0.07666666666666666,0.09233333333333334
support_burden,2,80,3000,4,context_table,0.10626732796221802,0.3925669078463189,0.894,0.13114754098360656,0.5881729712760948,0.04113110539845758,0.8787878787878788,0.005422473233914086,0.16151177101449274,0.21527724980478163,0.23817843768115943,0.07666666666666666,0.09233333333333334
support_burden,2,80,3000,8,conserved_quotient,0.03312574995843317,0.14108590465779874,0.9626666666666667,0.7383177570093458,0.8703170616857636,0.0,0.0,7.896312771987667e-33,0.011193729603729602,1.0015436905574282,0.06552421911421911,0.07666666666666666,0.09233333333333334
support_burden,2,80,3000,8,object_only,0.11119383973770637,0.4319702705805668,0.9233333333333333,0.0,0.5760257416418145,0.0,1.0,3.08148809469057e-33,0.17702965507246374,0.1433886207681082,0.23241672173913044,0.07666666666666666,0.09233333333333334
support_burden,2,80,3000,8,access_only,0.039965954043392496,0.15586327164015443,0.947,0.6863905325443787,0.8633652487835505,0.0,0.0,1.8488927466117464e-32,0.01076948717948719,1.0036483858779526,0.06589717948717949,0.07666666666666666,0.09233333333333334
support_burden,2,80,3000,8,context_table,0.1264085509795863,0.6417109058238275,0.8996666666666666,0.11209439528023599,0.5736713231831737,0.033419023136246784,0.9090909090909091,0.03181614418519536,0.1763756291925466,0.1368641783845291,0.25304229585921323,0.07666666666666666,0.09233333333333334
support_burden,2,80,3000,8,monolithic_logistic,0.24980072024469094,1.0505231201251206,0.6923333333333334,0.26804123711340205,0.7982514518913828,0.2912229159015791,0.045454545454545456,0.049230793683528624,0.28456146889355954,0.18166313746226606,0.3538502043021522,0.07666666666666666,0.09233333333333334
support_burden,2,80,3000,12,conserved_quotient,0.03312574995843317,0.14108590465779874,0.9626666666666667,0.7383177570093458,0.8703170616857636,0.0,0.0,7.896312771987667e-33,0.011193729603729602,1.0015436905574282,0.06552421911421911,0.07666666666666666,0.09233333333333334
support_burden,2,80,3000,12,object_only,0.11119383973770637,0.4319702705805668,0.9233333333333333,0.0,0.5760257416418145,0.0,1.0,3.08148809469057e-33,0.17702965507246374,0.1433886207681082,0.23241672173913044,0.07666666666666666,0.09233333333333334
support_burden,2,80,3000,12,access_only,0.039965954043392496,0.15586327164015443,0.947,0.6863905325443787,0.8633652487835505,0.0,0.0,1.8488927466117464e-32,0.01076948717948719,1.0036483858779526,0.06589717948717949,0.07666666666666666,0.09233333333333334
support_burden,2,80,3000,12,context_table,0.1239903964642092,0.6139817284761435,0.9,0.07407407407407407,0.5391633966410296,0.030113845023870732,0.9393939393939394,0.02722478858200604,0.16961157681159422,0.09455138460253824,0.24627824347826088,0.07666666666666666,0.09233333333333334
support_burden,3,80,3000,4,conserved_quotient,0.028679497455025616,0.11857206799560538,0.967,0.7567567567567568,0.8778840219922017,0.0,0.0,6.355568816477878e-33,0.00856133126133126,1.0032015607267841,0.0639029267029267,0.068,0.08833333333333333
support_burden,3,80,3000,4,object_only,0.0951495547852153,0.33481873427735553,0.932,0.0,0.5732085752756038,0.0,1.0,3.5750074592688066e-33,0.14010945842868036,0.12874427389540694,0.20810945842868037,0.068,0.08833333333333333
support_burden,3,80,3000,4,access_only,0.034526413214990136,0.13109522146181443,0.9523333333333334,0.6950959488272921,0.8711657409745014,0.0,0.0,1.8488927466117464e-32,0.007921794871794875,1.0585271702952594,0.06007820512820513,0.068,0.08833333333333333
support_burden,3,80,3000,4,context_table,0.08831194367828793,0.3968107813856969,0.9296666666666666,0.018604651162790697,0.5291330051333838,0.0029250457038391227,0.9852216748768473,0.0060236008889352904,0.11816911263787487,0.10501929992997723,0.18616911263787486,0.068,0.08833333333333333
support_burden,3,80,3000,8,conserved_quotient,0.028679497455025616,0.11857206799560538,0.967,0.7567567567567568,0.8778840219922017,0.0,0.0,6.355568816477878e-33,0.00856133126133126,1.0032015607267841,0.0639029267029267,0.068,0.08833333333333333
support_burden,3,80,3000,8,object_only,0.0951495547852153,0.33481873427735553,0.932,0.0,0.5732085752756038,0.0,1.0,3.5750074592688066e-33,0.14010945842868036,0.12874427389540694,0.20810945842868037,0.068,0.08833333333333333
support_burden,3,80,3000,8,access_only,0.034526413214990136,0.13109522146181443,0.9523333333333334,0.6950959488272921,0.8711657409745014,0.0,0.0,1.8488927466117464e-32,0.007921794871794875,1.0585271702952594,0.06007820512820513,0.068,0.08833333333333333
support_burden,3,80,3000,8,context_table,0.08841961240558818,0.3919652445385748,0.9303333333333333,0.009478672985781991,0.5267837106230189,0.0021937842778793418,0.9950738916256158,0.004932818227661417,0.12049277209690894,0.1057422059328041,0.18849277209690893,0.068,0.08833333333333333
support_burden,3,80,3000,8,monolithic_logistic,0.032777027788126155,0.1497173814195545,0.9663333333333334,0.7518427518427518,0.8938767567112682,0.0,0.0049261083743842365,0.009028836798527768,0.027938685067254856,0.82705405288433,0.09520353387189566,0.068,0.08833333333333333
support_burden,3,80,3000,12,conserved_quotient,0.028679497455025616,0.11857206799560538,0.967,0.7567567567567568,0.8778840219922017,0.0,0.0,6.355568816477878e-33,0.00856133126133126,1.0032015607267841,0.0639029267029267,0.068,0.08833333333333333
support_burden,3,80,3000,12,object_only,0.0951495547852153,0.33481873427735553,0.932,0.0,0.5732085752756038,0.0,1.0,3.5750074592688066e-33,0.14010945842868036,0.12874427389540694,0.20810945842868037,0.068,0.08833333333333333
support_burden,3,80,3000,12,access_only,0.034526413214990136,0.13109522146181443,0.9523333333333334,0.6950959488272921,0.8711657409745014,0.0,0.0,1.8488927466117464e-32,0.007921794871794875,1.0585271702952594,0.06007820512820513,0.068,0.08833333333333333
support_burden,3,80,3000,12,context_table,0.0894395452433066,0.382867933777119,0.9293333333333333,0.009345794392523364,0.5465037588712166,0.0032906764168190127,0.9950738916256158,0.004002948557867856,0.12517765516327048,0.11038217682718619,0.19317765516327048,0.068,0.08833333333333333
support_burden,4,80,3000,4,conserved_quotient,0.02752392811791383,0.11375157664441715,0.963,0.6312292358803987,0.8886832125198022,0.0,0.372972972972973,5.642974737054601e-32,0.015143333333333318,1.2569274293182455,0.04848904761904761,0.06166666666666667,0.07966666666666666
support_burden,4,80,3000,4,object_only,0.06726323201231137,0.2627932744038126,0.9383333333333334,0.0,0.6072430512217368,0.0,1.0,3.76760045370753e-33,0.08144309555179119,0.21736587924896333,0.14310976221845784,0.06166666666666667,0.07966666666666666
support_burden,4,80,3000,4,access_only,0.034382166666666665,0.128366296633601,0.9383333333333334,0.0,0.877995295473093,0.0,1.0,2.0029671421627253e-32,0.017409999999999988,1.377225711958397,0.04425666666666667,0.06166666666666667,0.07966666666666666
support_burden,4,80,3000,4,context_table,0.06517611904410668,0.26775009155400303,0.9373333333333334,0.030927835051546393,0.6026767797993375,0.0021731256791017745,0.9837837837837838,0.0019197143989738708,0.07478471192358367,0.4205696825143639,0.13645137859025033,0.06166666666666667,0.07966666666666666
support_burden,4,80,3000,8,conserved_quotient,0.02752392811791383,0.11375157664441715,0.963,0.6312292358803987,0.8886832125198022,0.0,0.372972972972973,5.642974737054601e-32,0.015143333333333318,1.2569274293182455,0.04848904761904761,0.06166666666666667,0.07966666666666666
support_burden,4,80,3000,8,object_only,0.06726323201231137,0.2627932744038126,0.9383333333333334,0.0,0.6072430512217368,0.0,1.0,3.76760045370753e-33,0.08144309555179119,0.21736587924896333,0.14310976221845784,0.06166666666666667,0.07966666666666666
support_burden,4,80,3000,8,access_only,0.034382166666666665,0.128366296633601,0.9383333333333334,0.0,0.877995295473093,0.0,1.0,2.0029671421627253e-32,0.017409999999999988,1.377225711958397,0.04425666666666667,0.06166666666666667,0.07966666666666666
support_burden,4,80,3000,8,context_table,0.06580293294477824,0.2719716210370757,0.9333333333333333,0.0196078431372549,0.601762757428832,0.006157189424121695,0.9891891891891892,0.001612381013699532,0.07588195118577076,0.3791243465569591,0.1375486178524374,0.06166666666666667,0.07966666666666666
support_burden,4,80,3000,8,monolithic_logistic,0.049639116714689784,0.205831854394099,0.9383333333333334,0.4668587896253602,0.8582074792376746,0.021369069177834116,0.4486486486486487,0.07143050498874959,0.037088648141962,0.6045677438053736,0.07043873901798228,0.06166666666666667,0.07966666666666666
support_burden,4,80,3000,12,conserved_quotient,0.02752392811791383,0.11375157664441715,0.963,0.6312292358803987,0.8886832125198022,0.0,0.372972972972973,5.642974737054601e-32,0.015143333333333318,1.2569274293182455,0.04848904761904761,0.06166666666666667,0.07966666666666666
support_burden,4,80,3000,12,object_only,0.06726323201231137,0.2627932744038126,0.9383333333333334,0.0,0.6072430512217368,0.0,1.0,3.76760045370753e-33,0.08144309555179119,0.21736587924896333,0.14310976221845784,0.06166666666666667,0.07966666666666666
support_burden,4,80,3000,12,access_only,0.034382166666666665,0.128366296633601,0.9383333333333334,0.0,0.877995295473093,0.0,1.0,2.0029671421627253e-32,0.017409999999999988,1.377225711958397,0.04425666666666667,0.06166666666666667,0.07966666666666666
support_burden,4,80,3000,12,context_table,0.06783519318800521,0.2935019267803574,0.9346666666666666,0.02,0.6039863664730449,0.004708438971387179,0.9891891891891892,0.0014319140678729586,0.07778059108476065,0.2504570093257579,0.13944725775142733,0.06166666666666667,0.07966666666666666
support_burden,5,80,3000,4,conserved_quotient,0.030689638264299806,0.11603742301592282,0.9516666666666667,0.7058823529411765,0.918521285961626,0.0,0.0,1.5407439555097887e-32,0.016835384615384627,0.828352705512495,0.08177487179487179,0.069,0.09533333333333334
support_burden,5,80,3000,4,object_only,0.11370320626792109,0.3901605016871093,0.931,0.0,0.6294134231368622,0.0,1.0,8.185202263645752e-34,0.20768587531631005,0.2330281623168128,0.2766858753163101,0.069,0.09533333333333334
support_burden,5,80,3000,4,access_only,0.036049953846153844,0.12959890009435052,0.9516666666666667,0.7058823529411765,0.9073321675479243,0.0,0.0,2.1570415377137042e-32,0.017286666666666672,0.785311209588793,0.08238000000000001,0.069,0.09533333333333334
support_burden,5,80,3000,4,context_table,0.1378105167482112,0.7115813321248449,0.8973333333333333,0.09411764705882353,0.6234322867209432,0.040899042004421515,0.8921568627450981,0.04014781807300933,0.22813290186335405,0.1219242253778039,0.29180923519668733,0.069,0.09533333333333334
support_burden,5,80,3000,8,conserved_quotient,0.030689638264299806,0.11603742301592282,0.9516666666666667,0.7058823529411765,0.918521285961626,0.0,0.0,1.5407439555097887e-32,0.016835384615384627,0.828352705512495,0.08177487179487179,0.069,0.09533333333333334
support_burden,5,80,3000,8,object_only,0.11370320626792109,0.3901605016871093,0.931,0.0,0.6294134231368622,0.0,1.0,8.185202263645752e-34,0.20768587531631005,0.2330281623168128,0.2766858753163101,0.069,0.09533333333333334
support_burden,5,80,3000,8,access_only,0.036049953846153844,0.12959890009435052,0.9516666666666667,0.7058823529411765,0.9073321675479243,0.0,0.0,2.1570415377137042e-32,0.017286666666666672,0.785311209588793,0.08238000000000001,0.069,0.09533333333333334
support_burden,5,80,3000,8,context_table,0.11946422874018142,0.4911035370803559,0.905,0.13897280966767372,0.611592819176997,0.03721444362564481,0.8872549019607843,0.010155518368843482,0.21775474557165858,0.1691740856555816,0.28209201223832525,0.069,0.09533333333333334
support_burden,5,80,3000,8,monolithic_logistic,0.16687994911233123,0.5809947479004882,0.7786666666666666,0.3464566929133858,0.8830028833297876,0.19638909358879883,0.024509803921568627,0.018436388177052895,0.21629355261580605,0.28153567143987374,0.2852935526158061,0.069,0.09533333333333334
support_burden,5,80,3000,12,conserved_quotient,0.030689638264299806,0.11603742301592282,0.9516666666666667,0.7058823529411765,0.918521285961626,0.0,0.0,1.5407439555097887e-32,0.016835384615384627,0.828352705512495,0.08177487179487179,0.069,0.09533333333333334
support_burden,5,80,3000,12,object_only,0.11370320626792109,0.3901605016871093,0.931,0.0,0.6294134231368622,0.0,1.0,8.185202263645752e-34,0.20768587531631005,0.2330281623168128,0.2766858753163101,0.069,0.09533333333333334
support_burden,5,80,3000,12,access_only,0.036049953846153844,0.12959890009435052,0.9516666666666667,0.7058823529411765,0.9073321675479243,0.0,0.0,2.1570415377137042e-32,0.017286666666666672,0.785311209588793,0.08238000000000001,0.069,0.09533333333333334
support_burden,5,80,3000,12,context_table,0.11792034479994921,0.5132677830066861,0.921,0.06324110671936758,0.5639962570331972,0.01400147383935151,0.9607843137254902,0.020810009054911118,0.21684896924315616,0.1343678624500962,0.2738559025764895,0.069,0.09533333333333334
support_burden,6,80,3000,4,conserved_quotient,0.025421746419871136,0.11124298971092793,0.966,0.6577181208053692,0.8910045225471502,0.0,0.34705882352941175,3.158525108795067e-32,0.015676859504132234,1.173681695705531,0.0500504132231405,0.06233333333333333,0.07333333333333333
support_burden,6,80,3000,4,object_only,0.08309129408563752,0.30251047482005283,0.9376666666666666,0.0,0.6103594655067858,0.0,1.0,4.333342374871281e-34,0.12066801346801351,0.15794127472840835,0.1830013468013468,0.06233333333333333,0.07333333333333333
support_burden,6,80,3000,4,access_only,0.03195084848484848,0.12583794791241992,0.9596666666666667,0.7027027027027027,0.8837045725442036,0.0,0.0,3.0814879110195774e-33,0.013066666666666681,1.1843632055306523,0.04926666666666666,0.06233333333333333,0.07333333333333333
support_burden,6,80,3000,4,context_table,0.07961936615461178,0.38740960448388134,0.935,0.01015228426395939,0.5234900604717212,0.0028776978417266188,0.9882352941176471,0.007087982955815421,0.10383528787878786,0.09336624914250245,0.16560562121212122,0.06233333333333333,0.07333333333333333
support_burden,6,80,3000,8,conserved_quotient,0.025421746419871136,0.11124298971092793,0.966,0.6577181208053692,0.8910045225471502,0.0,0.34705882352941175,3.158525108795067e-32,0.015676859504132234,1.173681695705531,0.0500504132231405,0.06233333333333333,0.07333333333333333
support_burden,6,80,3000,8,object_only,0.08309129408563752,0.30251047482005283,0.9376666666666666,0.0,0.6103594655067858,0.0,1.0,4.333342374871281e-34,0.12066801346801351,0.15794127472840835,0.1830013468013468,0.06233333333333333,0.07333333333333333
support_burden,6,80,3000,8,access_only,0.03195084848484848,0.12583794791241992,0.9596666666666667,0.7027027027027027,0.8837045725442036,0.0,0.0,3.0814879110195774e-33,0.013066666666666681,1.1843632055306523,0.04926666666666666,0.06233333333333333,0.07333333333333333
support_burden,6,80,3000,8,context_table,0.07994774243586962,0.33461486829841014,0.9343333333333333,0.0,0.5854654953795498,0.002158273381294964,0.9941176470588236,0.014597834411368436,0.11836464983164979,0.14575237596638582,0.18069798316498314,0.06233333333333333,0.07333333333333333
support_burden,6,80,3000,8,monolithic_logistic,0.056184397620626804,0.2857054886720329,0.9393333333333334,0.07142857142857142,0.7943714343831447,0.0,0.9470588235294117,0.020959005297702553,0.05175429835374671,1.3103915259504237,0.010890992462411405,0.06233333333333333,0.07333333333333333
support_burden,6,80,3000,12,conserved_quotient,0.025421746419871136,0.11124298971092793,0.966,0.6577181208053692,0.8910045225471502,0.0,0.34705882352941175,3.158525108795067e-32,0.015676859504132234,1.173681695705531,0.0500504132231405,0.06233333333333333,0.07333333333333333
support_burden,6,80,3000,12,object_only,0.08309129408563752,0.30251047482005283,0.9376666666666666,0.0,0.6103594655067858,0.0,1.0,4.333342374871281e-34,0.12066801346801351,0.15794127472840835,0.1830013468013468,0.06233333333333333,0.07333333333333333
support_burden,6,80,3000,12,access_only,0.03195084848484848,0.12583794791241992,0.9596666666666667,0.7027027027027027,0.8837045725442036,0.0,0.0,3.0814879110195774e-33,0.013066666666666681,1.1843632055306523,0.04926666666666666,0.06233333333333333,0.07333333333333333
support_burden,6,80,3000,12,context_table,0.0788799345077026,0.3282836960705739,0.936,0.0,0.5801007925388427,0.0007194244604316547,0.9941176470588236,0.010665310441055476,0.11849902558922557,0.17245379806130062,0.18083235892255892,0.06233333333333333,0.07333333333333333
support_burden,7,80,3000,4,conserved_quotient,0.027184850231481476,0.11054814641837178,0.969,0.7737226277372263,0.9114921687944685,0.0,0.0,1.8488927466117464e-32,0.010566944444444455,0.9563195084357345,0.06972472222222222,0.07033333333333333,0.08766666666666667
support_burden,7,80,3000,4,object_only,0.08511293981481481,0.31404857007707127,0.9296666666666666,0.0,0.5924000686515577,0.0,1.0,3.659266894335748e-33,0.11805277777777776,0.21790865394492692,0.1883861111111111,0.07033333333333333,0.08766666666666667
support_burden,7,80,3000,4,access_only,0.031014566666666663,0.11861912936510578,0.9593333333333334,0.7426160337552743,0.9062005611075331,0.0,0.0,9.244463733058732e-32,0.005243333333333345,0.9513243436628712,0.07049,0.07033333333333333,0.08766666666666667
support_burden,7,80,3000,4,context_table,0.08280658923078231,0.36315635320512124,0.9296666666666666,0.0,0.5597141104440431,0.0,1.0,0.005032045096990562,0.10819923809523807,0.20850006505942092,0.1785325714285714,0.07033333333333333,0.08766666666666667
support_burden,7,80,3000,8,conserved_quotient,0.027184850231481476,0.11054814641837178,0.969,0.7737226277372263,0.9114921687944685,0.0,0.0,1.8488927466117464e-32,0.010566944444444455,0.9563195084357345,0.06972472222222222,0.07033333333333333,0.08766666666666667
support_burden,7,80,3000,8,object_only,0.08511293981481481,0.31404857007707127,0.9296666666666666,0.0,0.5924000686515577,0.0,1.0,3.659266894335748e-33,0.11805277777777776,0.21790865394492692,0.1883861111111111,0.07033333333333333,0.08766666666666667
support_burden,7,80,3000,8,access_only,0.031014566666666663,0.11861912936510578,0.9593333333333334,0.7426160337552743,0.9062005611075331,0.0,0.0,9.244463733058732e-32,0.005243333333333345,0.9513243436628712,0.07049,0.07033333333333333,0.08766666666666667
support_burden,7,80,3000,8,context_table,0.08254548059259259,0.36098906791474983,0.9293333333333333,0.018518518518518517,0.5399428016972568,0.0014614541468761417,0.995,0.005345545411073435,0.10786138888888888,0.1965644138893448,0.1781947222222222,0.07033333333333333,0.08766666666666667
support_burden,7,80,3000,8,monolithic_logistic,0.03792900750491022,0.17201933837234237,0.954,0.6187845303867403,0.9022140127345241,0.0010960906101571063,0.345,0.07572430097126795,0.023279330116511926,0.9029323303959512,0.05677692221998773,0.07033333333333333,0.08766666666666667
support_burden,7,80,3000,12,conserved_quotient,0.027184850231481476,0.11054814641837178,0.969,0.7737226277372263,0.9114921687944685,0.0,0.0,1.8488927466117464e-32,0.010566944444444455,0.9563195084357345,0.06972472222222222,0.07033333333333333,0.08766666666666667
support_burden,7,80,3000,12,object_only,0.08511293981481481,0.31404857007707127,0.9296666666666666,0.0,0.5924000686515577,0.0,1.0,3.659266894335748e-33,0.11805277777777776,0.21790865394492692,0.1883861111111111,0.07033333333333333,0.08766666666666667
support_burden,7,80,3000,12,access_only,0.031014566666666663,0.11861912936510578,0.9593333333333334,0.7426160337552743,0.9062005611075331,0.0,0.0,9.244463733058732e-32,0.005243333333333345,0.9513243436628712,0.07049,0.07033333333333333,0.08766666666666667
support_burden,7,80,3000,12,context_table,0.08343757618259258,0.352661481449764,0.9283333333333333,0.027149321266968326,0.542627689348303,0.0021921812203142127,0.98,0.008053358894033878,0.11509424444444442,0.24158321978857594,0.18542757777777777,0.07033333333333333,0.08766666666666667
support_burden,8,80,3000,4,conserved_quotient,0.029140305555555558,0.1187625279533998,0.9683333333333334,0.7775175644028103,0.9015022026504049,0.0,0.0,3.851859888774472e-33,0.013973333333333334,0.9789176028809443,0.07009666666666667,0.073,0.09233333333333334
support_burden,8,80,3000,4,object_only,0.09464230439821357,0.3367786834761671,0.927,0.0,0.5330249786959456,0.0,1.0,6.223161132801256e-33,0.11806378446115284,0.113835021990594,0.18557431077694234,0.073,0.09233333333333334
support_burden,8,80,3000,4,access_only,0.033414933333333334,0.12691208353293534,0.9553333333333334,0.7298387096774194,0.8964483391047208,0.0,0.0,6.162975822039155e-33,0.003906666666666662,0.9991787600212655,0.06909333333333334,0.073,0.09233333333333334
support_burden,8,80,3000,4,context_table,0.12152055218288016,0.6460696995956752,0.8653333333333333,0.15833333333333333,0.5665745543388847,0.08079324274697025,0.8028846153846154,0.022657201681660827,0.15094624160401005,0.09307359659727914,0.22394624160401,0.073,0.09233333333333334
support_burden,8,80,3000,8,conserved_quotient,0.029140305555555558,0.1187625279533998,0.9683333333333334,0.7775175644028103,0.9015022026504049,0.0,0.0,3.851859888774472e-33,0.013973333333333334,0.9789176028809443,0.07009666666666667,0.073,0.09233333333333334
support_burden,8,80,3000,8,object_only,0.09464230439821357,0.3367786834761671,0.927,0.0,0.5330249786959456,0.0,1.0,6.223161132801256e-33,0.11806378446115284,0.113835021990594,0.18557431077694234,0.073,0.09233333333333334
support_burden,8,80,3000,8,access_only,0.033414933333333334,0.12691208353293534,0.9553333333333334,0.7298387096774194,0.8964483391047208,0.0,0.0,6.162975822039155e-33,0.003906666666666662,0.9991787600212655,0.06909333333333334,0.073,0.09233333333333334
support_burden,8,80,3000,8,context_table,0.09807970626236996,0.4853937080078489,0.9163333333333333,0.06691449814126393,0.49996962427693464,0.015056922511935366,0.9567307692307693,0.01675607022649809,0.11279261461988303,0.09172289809781846,0.18579261461988306,0.073,0.09233333333333334
support_burden,8,80,3000,8,monolithic_logistic,0.2457011056401193,1.150039879526083,0.7073333333333334,0.296474358974359,0.8624423066503131,0.2842453176643408,0.0,0.03329840123649313,0.28465629464552034,0.20573335383399793,0.3532899751840517,0.073,0.09233333333333334
support_burden,8,80,3000,12,conserved_quotient,0.029140305555555558,0.1187625279533998,0.9683333333333334,0.7775175644028103,0.9015022026504049,0.0,0.0,3.851859888774472e-33,0.013973333333333334,0.9789176028809443,0.07009666666666667,0.073,0.09233333333333334
support_burden,8,80,3000,12,object_only,0.09464230439821357,0.3367786834761671,0.927,0.0,0.5330249786959456,0.0,1.0,6.223161132801256e-33,0.11806378446115284,0.113835021990594,0.18557431077694234,0.073,0.09233333333333334
support_burden,8,80,3000,12,access_only,0.033414933333333334,0.12691208353293534,0.9553333333333334,0.7298387096774194,0.8964483391047208,0.0,0.0,6.162975822039155e-33,0.003906666666666662,0.9991787600212655,0.06909333333333334,0.073,0.09233333333333334
support_burden,8,80,3000,12,context_table,0.09131672285144403,0.405828450036548,0.9236666666666666,0.04184100418410042,0.5104451439070404,0.005508630187293426,0.9759615384615384,0.016868086874916442,0.1098309590643275,0.13094863795667316,0.18283095906432748,0.073,0.09233333333333334
support_burden,9,80,3000,4,conserved_quotient,0.027932545167652856,0.11429184336380747,0.9696666666666667,0.7858823529411765,0.9110448393885854,0.0,0.0,3.4666738998970245e-32,0.012715897435897445,0.8827907167161639,0.07982256410256411,0.07233333333333333,0.09466666666666666
support_burden,9,80,3000,4,object_only,0.07300409958424856,0.3196222388510232,0.9276666666666666,0.0,0.5483192059757149,0.0,1.0,3.274081089129293e-33,0.06954315353535354,0.2576789188820377,0.1252608868686869,0.07233333333333333,0.09466666666666666
support_burden,9,80,3000,4,access_only,0.034872979092702164,0.12848086136094447,0.9543333333333334,0.7265469061876247,0.9029161581756252,0.0,0.0,4.622231866529366e-32,0.014767179487179477,0.8270982920260469,0.08187384615384616,0.07233333333333333,0.09466666666666666
support_burden,9,80,3000,4,context_table,0.07282619634371212,0.37561494438759496,0.9276666666666666,0.0,0.4644277054069225,0.0,1.0,0.003183578611687786,0.06202798333333333,0.11861757570942591,0.10576368333333334,0.07233333333333333,0.09466666666666666
support_burden,9,80,3000,8,conserved_quotient,0.027932545167652856,0.11429184336380747,0.9696666666666667,0.7858823529411765,0.9110448393885854,0.0,0.0,3.4666738998970245e-32,0.012715897435897445,0.8827907167161639,0.07982256410256411,0.07233333333333333,0.09466666666666666
support_burden,9,80,3000,8,object_only,0.07300409958424856,0.3196222388510232,0.9276666666666666,0.0,0.5483192059757149,0.0,1.0,3.274081089129293e-33,0.06954315353535354,0.2576789188820377,0.1252608868686869,0.07233333333333333,0.09466666666666666
support_burden,9,80,3000,8,access_only,0.034872979092702164,0.12848086136094447,0.9543333333333334,0.7265469061876247,0.9029161581756252,0.0,0.0,4.622231866529366e-32,0.014767179487179477,0.8270982920260469,0.08187384615384616,0.07233333333333333,0.09466666666666666
support_burden,9,80,3000,8,context_table,0.07197280643985204,0.31925289030961496,0.9276666666666666,0.0,0.5131915133190156,0.0,1.0,0.0020826459976640683,0.05745429783549783,0.2691320533974453,0.1198408645021645,0.07233333333333333,0.09466666666666666
support_burden,9,80,3000,8,monolithic_logistic,0.05432354098332585,0.29325756838501715,0.9356666666666666,0.26053639846743293,0.8760198108661706,0.0,0.7884615384615384,0.055256399972021114,0.05587275027321617,1.1959538197258268,0.01881250349632842,0.07233333333333333,0.09466666666666666
support_burden,9,80,3000,12,conserved_quotient,0.027932545167652856,0.11429184336380747,0.9696666666666667,0.7858823529411765,0.9110448393885854,0.0,0.0,3.4666738998970245e-32,0.012715897435897445,0.8827907167161639,0.07982256410256411,0.07233333333333333,0.09466666666666666
support_burden,9,80,3000,12,object_only,0.07300409958424856,0.3196222388510232,0.9276666666666666,0.0,0.5483192059757149,0.0,1.0,3.274081089129293e-33,0.06954315353535354,0.2576789188820377,0.1252608868686869,0.07233333333333333,0.09466666666666666
support_burden,9,80,3000,12,access_only,0.034872979092702164,0.12848086136094447,0.9543333333333334,0.7265469061876247,0.9029161581756252,0.0,0.0,4.622231866529366e-32,0.014767179487179477,0.8270982920260469,0.08187384615384616,0.07233333333333333,0.09466666666666666
support_burden,9,80,3000,12,context_table,0.07156786024913299,0.31311981504823494,0.9276666666666666,0.0,0.5311229634830298,0.0,1.0,0.0017430629244367657,0.0554565722222222,0.2970721515370577,0.11859370555555555,0.07233333333333333,0.09466666666666666
support_burden,10,80,3000,4,conserved_quotient,0.03117193616898148,0.12114361198396,0.954,0.7076271186440678,0.8955317820976746,0.0,0.0,1.5407439555097887e-32,0.020742638888888894,0.8882727834384156,0.07344902777777777,0.068,0.08933333333333333
support_burden,10,80,3000,4,object_only,0.07134902997520638,0.29425488630120933,0.932,0.0,0.5692691239585963,0.0,1.0,9.629653854533506e-34,0.06989217577919157,0.23981378803963244,0.12728024244585823,0.068,0.08933333333333333
support_burden,10,80,3000,4,access_only,0.0345944,0.12851186285976735,0.954,0.7076271186440678,0.8911014334202922,0.0,0.0,0.0,0.014560000000000003,0.8237718061585546,0.07610666666666667,0.068,0.08933333333333333
support_burden,10,80,3000,4,context_table,0.09948878254644461,0.6440939945227458,0.9043333333333333,0.08306709265175719,0.4975455131981262,0.033308931185944364,0.9121951219512195,0.034325388708176564,0.09730619635627527,0.05654913547708916,0.14932592968960862,0.068,0.08933333333333333
support_burden,10,80,3000,8,conserved_quotient,0.03117193616898148,0.12114361198396,0.954,0.7076271186440678,0.8955317820976746,0.0,0.0,1.5407439555097887e-32,0.020742638888888894,0.8882727834384156,0.07344902777777777,0.068,0.08933333333333333
support_burden,10,80,3000,8,object_only,0.07134902997520638,0.29425488630120933,0.932,0.0,0.5692691239585963,0.0,1.0,9.629653854533506e-34,0.06989217577919157,0.23981378803963244,0.12728024244585823,0.068,0.08933333333333333
support_burden,10,80,3000,8,access_only,0.0345944,0.12851186285976735,0.954,0.7076271186440678,0.8911014334202922,0.0,0.0,0.0,0.014560000000000003,0.8237718061585546,0.07610666666666667,0.068,0.08933333333333333
support_burden,10,80,3000,8,context_table,0.07672362183272463,0.3884190136306355,0.9246666666666666,0.008771929824561403,0.5232106791214339,0.008052708638360176,0.9902439024390244,0.00443433885648584,0.07070470350877192,0.058031155993186874,0.13205017017543857,0.068,0.08933333333333333
support_burden,10,80,3000,8,monolithic_logistic,0.05885072022778161,0.3169404962735035,0.9343333333333333,0.20883534136546184,0.802005315717131,0.003294289897510981,0.8439024390243902,0.08039528123945537,0.052549711225838874,0.731845108282153,0.02416993196680032,0.068,0.08933333333333333
support_burden,10,80,3000,12,conserved_quotient,0.03117193616898148,0.12114361198396,0.954,0.7076271186440678,0.8955317820976746,0.0,0.0,1.5407439555097887e-32,0.020742638888888894,0.8882727834384156,0.07344902777777777,0.068,0.08933333333333333
support_burden,10,80,3000,12,object_only,0.07134902997520638,0.29425488630120933,0.932,0.0,0.5692691239585963,0.0,1.0,9.629653854533506e-34,0.06989217577919157,0.23981378803963244,0.12728024244585823,0.068,0.08933333333333333
support_burden,10,80,3000,12,access_only,0.0345944,0.12851186285976735,0.954,0.7076271186440678,0.8911014334202922,0.0,0.0,0.0,0.014560000000000003,0.8237718061585546,0.07610666666666667,0.068,0.08933333333333333
support_burden,10,80,3000,12,context_table,0.07285519548167503,0.3416688195630933,0.9283333333333333,0.009216589861751152,0.52742889001094,0.004026354319180088,0.9902439024390244,0.005222859348584543,0.06246151911830857,0.13738828804235662,0.12868291911830856,0.068,0.08933333333333333
support_burden,11,80,3000,4,conserved_quotient,0.03624957093306458,0.14801511790110064,0.9473333333333334,0.5611111111111111,0.8778751491408847,0.0,0.37089201877934275,2.5422275265911513e-32,0.023209153439153436,1.189754849646312,0.05774322751322751,0.07533333333333334,0.09366666666666666
support_burden,11,80,3000,4,object_only,0.0736501088089557,0.28572143463492605,0.9246666666666666,0.0,0.5762532619583873,0.0,1.0,1.5407439555097887e-33,0.06438624338624338,0.0,0.13971957671957672,0.07533333333333334,0.09366666666666666
support_burden,11,80,3000,4,access_only,0.04232198631897203,0.16085284623462745,0.9246666666666666,0.0,0.8693462046436251,0.0,1.0,3.0814879110195774e-33,0.021666825396825403,1.2535356875991528,0.05366650793650793,0.07533333333333334,0.09366666666666666
support_burden,11,80,3000,4,context_table,0.07573725965717282,0.36883775798714674,0.9246666666666666,0.0,0.5189384997224544,0.0,1.0,0.0030100408865712295,0.07692536383442264,-0.24641058285159329,0.12561603050108933,0.07533333333333334,0.09366666666666666
support_burden,11,80,3000,8,conserved_quotient,0.03624957093306458,0.14801511790110064,0.9473333333333334,0.5611111111111111,0.8778751491408847,0.0,0.37089201877934275,2.5422275265911513e-32,0.023209153439153436,1.189754849646312,0.05774322751322751,0.07533333333333334,0.09366666666666666
support_burden,11,80,3000,8,object_only,0.0736501088089557,0.28572143463492605,0.9246666666666666,0.0,0.5762532619583873,0.0,1.0,1.5407439555097887e-33,0.06438624338624338,0.0,0.13971957671957672,0.07533333333333334,0.09366666666666666
support_burden,11,80,3000,8,access_only,0.04232198631897203,0.16085284623462745,0.9246666666666666,0.0,0.8693462046436251,0.0,1.0,3.0814879110195774e-33,0.021666825396825403,1.2535356875991528,0.05366650793650793,0.07533333333333334,0.09366666666666666
support_burden,11,80,3000,8,context_table,0.07937127444471397,0.384662151569519,0.9183333333333333,0.01606425702811245,0.5332400737569466,0.008091210003677823,0.9953051643192489,0.004500914470476324,0.07894167309368191,-0.08648294048202128,0.13562140642701526,0.07533333333333334,0.09366666666666666
support_burden,11,80,3000,8,monolithic_logistic,0.057171480957402196,0.25381148101842654,0.9306666666666666,0.5207373271889401,0.8344217161888842,0.016917984553144538,0.3004694835680751,0.07631024758959766,0.041697982440333056,0.6526983126257226,0.08303875324549187,0.07533333333333334,0.09366666666666666
support_burden,11,80,3000,12,conserved_quotient,0.03624957093306458,0.14801511790110064,0.9473333333333334,0.5611111111111111,0.8778751491408847,0.0,0.37089201877934275,2.5422275265911513e-32,0.023209153439153436,1.189754849646312,0.05774322751322751,0.07533333333333334,0.09366666666666666
support_burden,11,80,3000,12,object_only,0.0736501088089557,0.28572143463492605,0.9246666666666666,0.0,0.5762532619583873,0.0,1.0,1.5407439555097887e-33,0.06438624338624338,0.0,0.13971957671957672,0.07533333333333334,0.09366666666666666
support_burden,11,80,3000,12,access_only,0.04232198631897203,0.16085284623462745,0.9246666666666666,0.0,0.8693462046436251,0.0,1.0,3.0814879110195774e-33,0.021666825396825403,1.2535356875991528,0.05366650793650793,0.07533333333333334,0.09366666666666666
support_burden,11,80,3000,12,context_table,0.07916579314437464,0.37263489236617736,0.92,0.01639344262295082,0.5421486495970803,0.005884516366311144,0.9953051643192489,0.0067451540155257575,0.07538627135076252,-0.03089719951881516,0.13806233801742918,0.07533333333333334,0.09366666666666666
support_burden,12,80,3000,4,conserved_quotient,0.032782531275720166,0.13651132337336042,0.958,0.6519337016574586,0.8723339282549809,0.0,0.3399014778325123,1.8488927466117464e-32,0.02628037037037038,1.173964398012177,0.060252962962962966,0.076,0.08833333333333333
support_burden,12,80,3000,4,object_only,0.07905672430083144,0.2964363506216543,0.924,0.0,0.5985576314523683,0.0,1.0,2.8888949165808538e-34,0.06945476190476191,0.19678635527213698,0.14360079365079365,0.076,0.08833333333333333
support_burden,12,80,3000,4,access_only,0.0371445,0.14596302856197974,0.953,0.7139959432048681,0.8640192653350548,0.0,0.0,1.8488927466117464e-32,0.013883333333333345,1.0934544852902917,0.06211666666666667,0.076,0.08833333333333333
support_burden,12,80,3000,4,context_table,0.07730493110599815,0.3361853299747613,0.924,0.0,0.572384243436875,0.0,1.0,0.0010990771714868691,0.06206387513227515,0.26670121782194023,0.13806387513227514,0.076,0.08833333333333333
support_burden,12,80,3000,8,conserved_quotient,0.032782531275720166,0.13651132337336042,0.958,0.6519337016574586,0.8723339282549809,0.0,0.3399014778325123,1.8488927466117464e-32,0.02628037037037038,1.173964398012177,0.060252962962962966,0.076,0.08833333333333333
support_burden,12,80,3000,8,object_only,0.07905672430083144,0.2964363506216543,0.924,0.0,0.5985576314523683,0.0,1.0,2.8888949165808538e-34,0.06945476190476191,0.19678635527213698,0.14360079365079365,0.076,0.08833333333333333
support_burden,12,80,3000,8,access_only,0.0371445,0.14596302856197974,0.953,0.7139959432048681,0.8640192653350548,0.0,0.0,1.8488927466117464e-32,0.013883333333333345,1.0934544852902917,0.06211666666666667,0.076,0.08833333333333333
support_burden,12,80,3000,8,context_table,0.07790963926074074,0.3485693202911973,0.9236666666666666,0.02553191489361702,0.5795960861750336,0.0010968921389396709,0.9802955665024631,0.012983249953331891,0.06588473333333333,0.3031432556858773,0.14188473333333335,0.076,0.08833333333333333
support_burden,12,80,3000,8,monolithic_logistic,0.04142958413437728,0.19007444573962431,0.952,0.6855895196506551,0.8688245234297866,0.0029250457038391227,0.08866995073891626,0.041898152918629486,0.027827555524831717,0.7729601223678444,0.09471253168271736,0.076,0.08833333333333333
support_burden,12,80,3000,12,conserved_quotient,0.032782531275720166,0.13651132337336042,0.958,0.6519337016574586,0.8723339282549809,0.0,0.3399014778325123,1.8488927466117464e-32,0.02628037037037038,1.173964398012177,0.060252962962962966,0.076,0.08833333333333333
support_burden,12,80,3000,12,object_only,0.07905672430083144,0.2964363506216543,0.924,0.0,0.5985576314523683,0.0,1.0,2.8888949165808538e-34,0.06945476190476191,0.19678635527213698,0.14360079365079365,0.076,0.08833333333333333
support_burden,12,80,3000,12,access_only,0.0371445,0.14596302856197974,0.953,0.7139959432048681,0.8640192653350548,0.0,0.0,1.8488927466117464e-32,0.013883333333333345,1.0934544852902917,0.06211666666666667,0.076,0.08833333333333333
support_burden,12,80,3000,12,context_table,0.07975975020763416,0.35627227569430425,0.9206666666666666,0.032520325203252036,0.5770233664970507,0.004753199268738574,0.9753694581280788,0.007319476410181581,0.06767596507936507,0.21128791982121514,0.1436759650793651,0.076,0.08833333333333333
support_burden,13,80,3000,4,conserved_quotient,0.031629748148148146,0.12631601381447397,0.9556666666666667,0.710239651416122,0.886067826571259,0.0,0.0,1.8488927466117464e-32,0.015228888888888879,0.9583993120668864,0.06643777777777778,0.069,0.084
support_burden,13,80,3000,4,object_only,0.07556644147098693,0.29723723089902154,0.931,0.0,0.5557769510041495,0.0,1.0,2.1185229388259594e-33,0.10185353535353533,0.09516601929940259,0.17085353535353534,0.069,0.084
support_burden,13,80,3000,4,access_only,0.033687155555555556,0.13122363421481215,0.9556666666666667,0.710239651416122,0.8785403813190672,0.0,0.0,2.465190328815662e-32,0.00717333333333332,0.9606300791768397,0.06516,0.069,0.084
support_burden,13,80,3000,4,context_table,0.07696506799538215,0.3810700937302043,0.931,0.0,0.4830641130085393,0.0,1.0,0.004874478746121394,0.10983803088023084,-0.28813664697105656,0.15152743088023085,0.069,0.084
support_burden,13,80,3000,8,conserved_quotient,0.031629748148148146,0.12631601381447397,0.9556666666666667,0.710239651416122,0.886067826571259,0.0,0.0,1.8488927466117464e-32,0.015228888888888879,0.9583993120668864,0.06643777777777778,0.069,0.084
support_burden,13,80,3000,8,object_only,0.07556644147098693,0.29723723089902154,0.931,0.0,0.5557769510041495,0.0,1.0,2.1185229388259594e-33,0.10185353535353533,0.09516601929940259,0.17085353535353534,0.069,0.084
support_burden,13,80,3000,8,access_only,0.033687155555555556,0.13122363421481215,0.9556666666666667,0.710239651416122,0.8785403813190672,0.0,0.0,2.465190328815662e-32,0.00717333333333332,0.9606300791768397,0.06516,0.069,0.084
support_burden,13,80,3000,8,context_table,0.0780871037047689,0.354786422189477,0.929,0.0,0.5280506303716503,0.002183406113537118,1.0,0.0034531713744370917,0.10936433737373734,-0.12333405157781323,0.16570773737373737,0.069,0.084
support_burden,13,80,3000,8,monolithic_logistic,0.09897371271421677,0.44702905876063764,0.88,0.09090909090909091,0.6358356207980268,0.06040756914119359,0.9109947643979057,0.06499840012056521,0.10526869129396875,0.06322126337791766,0.08456755044135661,0.069,0.084
support_burden,13,80,3000,12,conserved_quotient,0.031629748148148146,0.12631601381447397,0.9556666666666667,0.710239651416122,0.886067826571259,0.0,0.0,1.8488927466117464e-32,0.015228888888888879,0.9583993120668864,0.06643777777777778,0.069,0.084
support_burden,13,80,3000,12,object_only,0.07556644147098693,0.29723723089902154,0.931,0.0,0.5557769510041495,0.0,1.0,2.1185229388259594e-33,0.10185353535353533,0.09516601929940259,0.17085353535353534,0.069,0.084
support_burden,13,80,3000,12,access_only,0.033687155555555556,0.13122363421481215,0.9556666666666667,0.710239651416122,0.8785403813190672,0.0,0.0,2.465190328815662e-32,0.00717333333333332,0.9606300791768397,0.06516,0.069,0.084
support_burden,13,80,3000,12,context_table,0.07607078145440159,0.3364296756174504,0.9306666666666666,0.009523809523809525,0.53639274168859,0.000727802037845706,0.9947643979057592,0.005566807980033418,0.10645384747474747,-0.005681438135086391,0.16413044747474748,0.069,0.084
support_burden,14,80,3000,4,conserved_quotient,0.02833605873036695,0.11664722214245492,0.9673333333333334,0.7792792792792793,0.8980097808391545,0.0,0.0,0.0,0.011875266955266958,1.149697559668322,0.06212473304473305,0.074,0.092
support_burden,14,80,3000,4,object_only,0.08191527028814108,0.30317909235990936,0.926,0.0,0.6009800297057316,0.0,1.0,1.0111132208032988e-33,0.09556475561238988,0.31696976389493586,0.1695647556123899,0.074,0.092
support_burden,14,80,3000,4,access_only,0.034657246280991726,0.13027872519581057,0.956,0.7349397590361446,0.8931890854137075,0.0,0.0,9.244463733058732e-33,0.014738181818181819,1.2115431704729074,0.05926181818181818,0.074,0.092
support_burden,14,80,3000,4,context_table,0.08137160188937322,0.42745406819176535,0.9236666666666666,0.04184100418410042,0.5007296713560212,0.004405286343612335,0.9774774774774775,0.00830228013997084,0.08734600971867006,0.1417420367820748,0.1436276319408923,0.074,0.092
support_burden,14,80,3000,8,conserved_quotient,0.02833605873036695,0.11664722214245492,0.9673333333333334,0.7792792792792793,0.8980097808391545,0.0,0.0,0.0,0.011875266955266958,1.149697559668322,0.06212473304473305,0.074,0.092
support_burden,14,80,3000,8,object_only,0.08191527028814108,0.30317909235990936,0.926,0.0,0.6009800297057316,0.0,1.0,1.0111132208032988e-33,0.09556475561238988,0.31696976389493586,0.1695647556123899,0.074,0.092
support_burden,14,80,3000,8,access_only,0.034657246280991726,0.13027872519581057,0.956,0.7349397590361446,0.8931890854137075,0.0,0.0,9.244463733058732e-33,0.014738181818181819,1.2115431704729074,0.05926181818181818,0.074,0.092
support_burden,14,80,3000,8,context_table,0.08047183285700116,0.3787298070973488,0.925,0.025974025974025976,0.5391120061746412,0.0022026431718061676,0.9864864864864865,0.005959305374625021,0.0812039588235294,0.2404743973700064,0.15400710326797384,0.074,0.092
support_burden,14,80,3000,8,monolithic_logistic,0.04288355420501719,0.19228903542092907,0.942,0.44936708860759494,0.8901066293074933,0.0018355359765051395,0.6171171171171171,0.04387727670459704,0.03221405619333869,1.1424656062193557,0.04419331193381208,0.074,0.092
support_burden,14,80,3000,12,conserved_quotient,0.02833605873036695,0.11664722214245492,0.9673333333333334,0.7792792792792793,0.8980097808391545,0.0,0.0,0.0,0.011875266955266958,1.149697559668322,0.06212473304473305,0.074,0.092
support_burden,14,80,3000,12,object_only,0.08191527028814108,0.30317909235990936,0.926,0.0,0.6009800297057316,0.0,1.0,1.0111132208032988e-33,0.09556475561238988,0.31696976389493586,0.1695647556123899,0.074,0.092
support_burden,14,80,3000,12,access_only,0.034657246280991726,0.13027872519581057,0.956,0.7349397590361446,0.8931890854137075,0.0,0.0,9.244463733058732e-33,0.014738181818181819,1.2115431704729074,0.05926181818181818,0.074,0.092
support_burden,14,80,3000,12,context_table,0.08262548137831939,0.3880687290823978,0.9226666666666666,0.008547008547008548,0.5421750043780281,0.004038179148311307,0.9954954954954955,0.003983316217356321,0.08406650215970443,0.1596922486237983,0.15806650215970444,0.074,0.092
support_burden,15,80,3000,4,conserved_quotient,0.02858948053640473,0.1176775295287887,0.968,0.7692307692307693,0.8777866329979489,0.0,0.0,3.851859888774472e-33,0.012700511525511509,0.8952854380503955,0.07456717819217819,0.07033333333333333,0.09
support_burden,15,80,3000,4,object_only,0.10534581571493504,0.36776595270526774,0.9296666666666666,0.0,0.5819952793557629,0.0,1.0,1.552781017662209e-33,0.17919197813374013,0.20777534405838352,0.24952531146707346,0.07033333333333333,0.09
support_burden,15,80,3000,4,access_only,0.03491210453648915,0.13159470198576842,0.9536666666666667,0.7110187110187111,0.8702009757357527,0.0,0.0,2.7733391199176196e-32,0.013002564102564094,0.8583625552675714,0.07486923076923077,0.07033333333333333,0.09
support_burden,15,80,3000,4,context_table,0.12993817362788584,0.824471331161264,0.8963333333333333,0.09329446064139942,0.4584836502237123,0.041025641025641026,0.9024390243902439,0.043665837663931215,0.2051499403593525,-0.004551447639180388,0.2221944736926858,0.07033333333333333,0.09
support_burden,15,80,3000,8,conserved_quotient,0.02858948053640473,0.1176775295287887,0.968,0.7692307692307693,0.8777866329979489,0.0,0.0,3.851859888774472e-33,0.012700511525511509,0.8952854380503955,0.07456717819217819,0.07033333333333333,0.09
support_burden,15,80,3000,8,object_only,0.10534581571493504,0.36776595270526774,0.9296666666666666,0.0,0.5819952793557629,0.0,1.0,1.552781017662209e-33,0.17919197813374013,0.20777534405838352,0.24952531146707346,0.07033333333333333,0.09
support_burden,15,80,3000,8,access_only,0.03491210453648915,0.13159470198576842,0.9536666666666667,0.7110187110187111,0.8702009757357527,0.0,0.0,2.7733391199176196e-32,0.013002564102564094,0.8583625552675714,0.07486923076923077,0.07033333333333333,0.09
support_burden,15,80,3000,8,context_table,0.10622689282131191,0.4754842663655699,0.9206666666666666,0.04032258064516129,0.5553622134349739,0.011355311355311355,0.9707317073170731,0.014556402854927163,0.18454274134248666,0.09670401204253154,0.23755780800915333,0.07033333333333333,0.09
support_burden,15,80,3000,8,monolithic_logistic,0.0502001718695372,0.23695836835802603,0.9396666666666667,0.37800687285223367,0.848801741438522,0.004395604395604396,0.6682926829268293,0.07040717520334641,0.0407798341946828,0.9473076769172988,0.03625733069699772,0.07033333333333333,0.09
support_burden,15,80,3000,12,conserved_quotient,0.02858948053640473,0.1176775295287887,0.968,0.7692307692307693,0.8777866329979489,0.0,0.0,3.851859888774472e-33,0.012700511525511509,0.8952854380503955,0.07456717819217819,0.07033333333333333,0.09
support_burden,15,80,3000,12,object_only,0.10534581571493504,0.36776595270526774,0.9296666666666666,0.0,0.5819952793557629,0.0,1.0,1.552781017662209e-33,0.17919197813374013,0.20777534405838352,0.24952531146707346,0.07033333333333333,0.09
support_burden,15,80,3000,12,access_only,0.03491210453648915,0.13159470198576842,0.9536666666666667,0.7110187110187111,0.8702009757357527,0.0,0.0,2.7733391199176196e-32,0.013002564102564094,0.8583625552675714,0.07486923076923077,0.07033333333333333,0.09
support_burden,15,80,3000,12,context_table,0.10384805124606472,0.45718932834136167,0.926,0.017699115044247787,0.5380718768214329,0.004395604395604396,0.9853658536585366,0.011321076990845226,0.1842784981184846,0.049207028914574145,0.23395956478515123,0.07033333333333333,0.09
support_burden,16,80,3000,4,conserved_quotient,0.02682681820987654,0.10954143760250455,0.968,0.7563451776649747,0.8992194101532296,0.0,0.0,1.617781153285278e-32,0.009549444444444454,1.0158044292873492,0.06337277777777776,0.06633333333333333,0.085
support_burden,16,80,3000,4,object_only,0.07578276808179894,0.32779214064719897,0.9336666666666666,0.0,0.5895704872093419,0.0,1.0,7.703721614258867e-34,0.11006971111111111,0.21478226805598738,0.16111917777777776,0.06633333333333333,0.085
support_burden,16,80,3000,4,access_only,0.031464,0.11993791243321834,0.9573333333333334,0.7180616740088106,0.8918153782120168,0.0,0.0,6.162975822039155e-33,0.0037666666666666742,0.978282706525233,0.0644,0.06633333333333333,0.085
support_burden,16,80,3000,4,context_table,0.10351119003071428,0.6993080027110018,0.9046666666666666,0.08333333333333333,0.43820494834041684,0.034972677595628415,0.9128205128205128,0.04138481365674872,0.1304621333333333,0.024926304633502122,0.16272836666666665,0.06633333333333333,0.085
support_burden,16,80,3000,8,conserved_quotient,0.02682681820987654,0.10954143760250455,0.968,0.7563451776649747,0.8992194101532296,0.0,0.0,1.617781153285278e-32,0.009549444444444454,1.0158044292873492,0.06337277777777776,0.06633333333333333,0.085
support_burden,16,80,3000,8,object_only,0.07578276808179894,0.32779214064719897,0.9336666666666666,0.0,0.5895704872093419,0.0,1.0,7.703721614258867e-34,0.11006971111111111,0.21478226805598738,0.16111917777777776,0.06633333333333333,0.085
support_burden,16,80,3000,8,access_only,0.031464,0.11993791243321834,0.9573333333333334,0.7180616740088106,0.8918153782120168,0.0,0.0,6.162975822039155e-33,0.0037666666666666742,0.978282706525233,0.0644,0.06633333333333333,0.085
support_burden,16,80,3000,8,context_table,0.08172779072328232,0.4186013542732816,0.925,0.017467248908296942,0.5157562177183669,0.009836065573770493,0.9846153846153847,0.008640199886733193,0.09898009285714285,0.06532420415226385,0.15682399285714282,0.06633333333333333,0.085
support_burden,16,80,3000,8,monolithic_logistic,0.04897456899107478,0.2348379290901155,0.9406666666666667,0.3597122302158273,0.8835663501369755,0.004007285974499089,0.6717948717948717,0.10005161199638712,0.04346220962825187,0.8276775162251364,0.03251940188277169,0.06633333333333333,0.085
support_burden,16,80,3000,12,conserved_quotient,0.02682681820987654,0.10954143760250455,0.968,0.7563451776649747,0.8992194101532296,0.0,0.0,1.617781153285278e-32,0.009549444444444454,1.0158044292873492,0.06337277777777776,0.06633333333333333,0.085
support_burden,16,80,3000,12,object_only,0.07578276808179894,0.32779214064719897,0.9336666666666666,0.0,0.5895704872093419,0.0,1.0,7.703721614258867e-34,0.11006971111111111,0.21478226805598738,0.16111917777777776,0.06633333333333333,0.085
support_burden,16,80,3000,12,access_only,0.031464,0.11993791243321834,0.9573333333333334,0.7180616740088106,0.8918153782120168,0.0,0.0,6.162975822039155e-33,0.0037666666666666742,0.978282706525233,0.0644,0.06633333333333333,0.085
support_burden,16,80,3000,12,context_table,0.07733950156869802,0.3564335257690065,0.9276666666666666,0.035555555555555556,0.5607562984504816,0.007650273224043716,0.9743589743589743,0.005987941410224143,0.09207886587301586,0.156594660433229,0.15841219920634922,0.06633333333333333,0.085
support_burden,17,80,3000,4,conserved_quotient,0.03239443333333333,0.12669246815137558,0.946,0.43356643356643354,0.8841157770464124,0.0,0.6699029126213593,4.044452883213195e-33,0.01995666666666667,1.2863494051707092,0.05271000000000001,0.07266666666666667,0.09966666666666667
support_burden,17,80,3000,4,object_only,0.08014922898935205,0.34429068322932965,0.9273333333333333,0.0,0.5981324899913599,0.0,1.0,2.5037089736211547e-33,0.10316858031189086,0.24468178641627877,0.15788678031189085,0.07266666666666667,0.09966666666666667
support_burden,17,80,3000,4,access_only,0.0392855,0.14096312318213633,0.9273333333333333,0.0,0.8748573727567126,0.0,1.0,1.1555579666323415e-32,0.019810000000000008,1.3586583970394934,0.05285666666666666,0.07266666666666667,0.09966666666666667
support_burden,17,80,3000,4,context_table,0.10524756067702037,0.628330495332872,0.8996666666666666,0.09063444108761329,0.5773237523001734,0.03480192521288412,0.9077669902912622,0.03845340696366613,0.11589820545808971,0.10012394102155592,0.17644973879142303,0.07266666666666667,0.09966666666666667
support_burden,17,80,3000,8,conserved_quotient,0.03239443333333333,0.12669246815137558,0.946,0.43356643356643354,0.8841157770464124,0.0,0.6699029126213593,4.044452883213195e-33,0.01995666666666667,1.2863494051707092,0.05271000000000001,0.07266666666666667,0.09966666666666667
support_burden,17,80,3000,8,object_only,0.08014922898935205,0.34429068322932965,0.9273333333333333,0.0,0.5981324899913599,0.0,1.0,2.5037089736211547e-33,0.10316858031189086,0.24468178641627877,0.15788678031189085,0.07266666666666667,0.09966666666666667
support_burden,17,80,3000,8,access_only,0.0392855,0.14096312318213633,0.9273333333333333,0.0,0.8748573727567126,0.0,1.0,1.1555579666323415e-32,0.019810000000000008,1.3586583970394934,0.05285666666666666,0.07266666666666667,0.09966666666666667
support_burden,17,80,3000,8,context_table,0.09782635212944836,0.54160101560686,0.905,0.10094637223974763,0.5877198767964437,0.029988893002591634,0.912621359223301,0.033568411931016055,0.10555777582846007,0.1320005299908888,0.17176917582846007,0.07266666666666667,0.09966666666666667
support_burden,17,80,3000,8,monolithic_logistic,0.1697841982936136,0.6806468268835759,0.7956666666666666,0.3372972972972973,0.8090344877620879,0.18807848944835245,0.06796116504854369,0.02759371003088875,0.19905102174358452,0.23734613145667055,0.25512369959212267,0.07266666666666667,0.09966666666666667
support_burden,17,80,3000,12,conserved_quotient,0.03239443333333333,0.12669246815137558,0.946,0.43356643356643354,0.8841157770464124,0.0,0.6699029126213593,4.044452883213195e-33,0.01995666666666667,1.2863494051707092,0.05271000000000001,0.07266666666666667,0.09966666666666667
support_burden,17,80,3000,12,object_only,0.08014922898935205,0.34429068322932965,0.9273333333333333,0.0,0.5981324899913599,0.0,1.0,2.5037089736211547e-33,0.10316858031189086,0.24468178641627877,0.15788678031189085,0.07266666666666667,0.09966666666666667
support_burden,17,80,3000,12,access_only,0.0392855,0.14096312318213633,0.9273333333333333,0.0,0.8748573727567126,0.0,1.0,1.1555579666323415e-32,0.019810000000000008,1.3586583970394934,0.05285666666666666,0.07266666666666667,0.09966666666666667
support_burden,17,80,3000,12,context_table,0.09061042700240529,0.46505908407003166,0.912,0.08333333333333333,0.5859176620344416,0.021103295075897817,0.9368932038834952,0.025197961353534023,0.09725413255360627,0.1522867870658486,0.16549346588693958,0.07266666666666667,0.09966666666666667
support_burden,18,80,3000,4,conserved_quotient,0.028689660583771637,0.12439151764498606,0.9676666666666667,0.7467362924281984,0.8634267035668389,0.0,0.0,3.129636159629258e-33,0.0125549358974359,1.0970330299602042,0.0544450641025641,0.067,0.08033333333333334
support_burden,18,80,3000,4,object_only,0.08654479698359978,0.3541016722264858,0.933,0.0,0.5915047840468967,0.0,1.0,1.540744139180781e-33,0.13856568073316278,0.18561260988402115,0.19094668073316284,0.067,0.08033333333333334
support_burden,18,80,3000,4,access_only,0.036508633333333325,0.1415111132138289,0.9533333333333334,0.6832579185520362,0.8572820072556119,0.0,0.0,0.0,0.01763666666666667,1.2417010376375137,0.049363333333333335,0.067,0.08033333333333334
support_burden,18,80,3000,4,context_table,0.10673099853629696,0.615876608934823,0.905,0.10094637223974763,0.5539824990801618,0.034795215657847045,0.8901098901098901,0.03917183369538111,0.14008184964478546,0.08080393146426657,0.19862738297811877,0.067,0.08033333333333334
support_burden,18,80,3000,8,conserved_quotient,0.028689660583771637,0.12439151764498606,0.9676666666666667,0.7467362924281984,0.8634267035668389,0.0,0.0,3.129636159629258e-33,0.0125549358974359,1.0970330299602042,0.0544450641025641,0.067,0.08033333333333334
support_burden,18,80,3000,8,object_only,0.08654479698359978,0.3541016722264858,0.933,0.0,0.5915047840468967,0.0,1.0,1.540744139180781e-33,0.13856568073316278,0.18561260988402115,0.19094668073316284,0.067,0.08033333333333334
support_burden,18,80,3000,8,access_only,0.036508633333333325,0.1415111132138289,0.9533333333333334,0.6832579185520362,0.8572820072556119,0.0,0.0,0.0,0.01763666666666667,1.2417010376375137,0.049363333333333335,0.067,0.08033333333333334
support_burden,18,80,3000,8,context_table,0.08229859254856821,0.3431693636948717,0.9283333333333333,0.0611353711790393,0.5940590011713494,0.007249003262051468,0.9560439560439561,0.012522037811927808,0.11824191824381929,0.25006367251824885,0.18524191824381928,0.067,0.08033333333333334
support_burden,18,80,3000,8,monolithic_logistic,0.03336430883161763,0.1827957706254384,0.9626666666666667,0.68,0.8488692656759077,0.0,0.1813186813186813,0.03959361310107885,0.022827351337081147,0.9292950260191505,0.05521191774372761,0.067,0.08033333333333334
support_burden,18,80,3000,12,conserved_quotient,0.028689660583771637,0.12439151764498606,0.9676666666666667,0.7467362924281984,0.8634267035668389,0.0,0.0,3.129636159629258e-33,0.0125549358974359,1.0970330299602042,0.0544450641025641,0.067,0.08033333333333334
support_burden,18,80,3000,12,object_only,0.08654479698359978,0.3541016722264858,0.933,0.0,0.5915047840468967,0.0,1.0,1.540744139180781e-33,0.13856568073316278,0.18561260988402115,0.19094668073316284,0.067,0.08033333333333334
support_burden,18,80,3000,12,access_only,0.036508633333333325,0.1415111132138289,0.9533333333333334,0.6832579185520362,0.8572820072556119,0.0,0.0,0.0,0.01763666666666667,1.2417010376375137,0.049363333333333335,0.067,0.08033333333333334
support_burden,18,80,3000,12,context_table,0.08098617442082479,0.3374529985708816,0.9306666666666666,0.037037037037037035,0.5775285771926363,0.003986951794128307,0.978021978021978,0.006536618131857002,0.11409326760443307,0.2179594157351942,0.1810932676044331,0.067,0.08033333333333334
support_burden,19,80,3000,4,conserved_quotient,0.03097946462959026,0.1257947447709939,0.9666666666666667,0.7757847533632287,0.9055419483051061,0.0,0.0,1.5407439555097887e-32,0.016985436507936498,1.0920884559870776,0.06570900793650794,0.076,0.09566666666666666
support_burden,19,80,3000,4,object_only,0.09246243020473773,0.32870666780953955,0.924,0.0,0.565202463228779,0.0,1.0,3.851859888774472e-34,0.102950225943647,0.11090130771970284,0.17895022594364696,0.076,0.09566666666666666
support_burden,19,80,3000,4,access_only,0.036090225,0.13728398998133126,0.9516666666666667,0.7184466019417476,0.8968333080175186,0.0,0.0,0.0,0.007165000000000003,1.022357219774507,0.068835,0.076,0.09566666666666666
support_burden,19,80,3000,4,context_table,0.08553264127761899,0.3713668400350207,0.924,0.0,0.5295498848130427,0.0,1.0,0.00592915718224876,0.08708450645933015,0.08077322727063238,0.15774338827751197,0.076,0.09566666666666666
support_burden,19,80,3000,8,conserved_quotient,0.03097946462959026,0.1257947447709939,0.9666666666666667,0.7757847533632287,0.9055419483051061,0.0,0.0,1.5407439555097887e-32,0.016985436507936498,1.0920884559870776,0.06570900793650794,0.076,0.09566666666666666
support_burden,19,80,3000,8,object_only,0.09246243020473773,0.32870666780953955,0.924,0.0,0.565202463228779,0.0,1.0,3.851859888774472e-34,0.102950225943647,0.11090130771970284,0.17895022594364696,0.076,0.09566666666666666
support_burden,19,80,3000,8,access_only,0.036090225,0.13728398998133126,0.9516666666666667,0.7184466019417476,0.8968333080175186,0.0,0.0,0.0,0.007165000000000003,1.022357219774507,0.068835,0.076,0.09566666666666666
support_burden,19,80,3000,8,context_table,0.08627733823383267,0.3648384994320932,0.924,0.0,0.5232873851294904,0.0,1.0,0.005588246730691009,0.08916005901116428,0.07463123415118939,0.1651600590111643,0.076,0.09566666666666666
support_burden,19,80,3000,8,monolithic_logistic,0.05310871656839872,0.27731035806799875,0.9393333333333334,0.44171779141104295,0.8563818004607479,0.004054552156284556,0.6238532110091743,0.05766126158477969,0.04392912408650594,0.8107336179503137,0.04385225386614727,0.076,0.09566666666666666
support_burden,19,80,3000,12,conserved_quotient,0.03097946462959026,0.1257947447709939,0.9666666666666667,0.7757847533632287,0.9055419483051061,0.0,0.0,1.5407439555097887e-32,0.016985436507936498,1.0920884559870776,0.06570900793650794,0.076,0.09566666666666666
support_burden,19,80,3000,12,object_only,0.09246243020473773,0.32870666780953955,0.924,0.0,0.565202463228779,0.0,1.0,3.851859888774472e-34,0.102950225943647,0.11090130771970284,0.17895022594364696,0.076,0.09566666666666666
support_burden,19,80,3000,12,access_only,0.036090225,0.13728398998133126,0.9516666666666667,0.7184466019417476,0.8968333080175186,0.0,0.0,0.0,0.007165000000000003,1.022357219774507,0.068835,0.076,0.09566666666666666
support_burden,19,80,3000,12,context_table,0.08577688817838308,0.3467456144576678,0.924,0.0,0.546815270499481,0.0,1.0,0.004181575131312972,0.09217517743221691,0.11717323109699135,0.16817517743221694,0.076,0.09566666666666666
support_burden,0,160,3000,4,conserved_quotient,0.028301303875001675,0.11746005564017027,0.9666666666666667,0.7354497354497355,0.863678838412881,0.0,0.0,9.244463733058732e-33,0.010471733821733827,0.906005796056159,0.06350506715506715,0.06266666666666666,0.08166666666666667
support_burden,0,160,3000,4,object_only,0.0879722777104051,0.3222911112227902,0.9373333333333334,0.0,0.5613612632789564,0.0,1.0,3.863896950926892e-33,0.14606463911729567,0.19897787091615962,0.20873130578396232,0.06266666666666666,0.08166666666666667
support_burden,0,160,3000,4,access_only,0.033751182445759365,0.12924765980293967,0.953,0.674364896073903,0.8572550013619442,0.0,0.0,3.0814879110195774e-33,0.009547435897435914,0.9018821574125291,0.06258076923076923,0.06266666666666666,0.08166666666666667
support_burden,0,160,3000,4,context_table,0.11186433638363466,0.6307650759500301,0.9076666666666666,0.06734006734006734,0.555930510577767,0.033030852994555354,0.9052631578947369,0.02657282004873838,0.16134230791592624,0.08395971774207736,0.2240089745825929,0.06266666666666666,0.08166666666666667
support_burden,0,160,3000,8,conserved_quotient,0.028301303875001675,0.11746005564017027,0.9666666666666667,0.7354497354497355,0.863678838412881,0.0,0.0,9.244463733058732e-33,0.010471733821733827,0.906005796056159,0.06350506715506715,0.06266666666666666,0.08166666666666667
support_burden,0,160,3000,8,object_only,0.0879722777104051,0.3222911112227902,0.9373333333333334,0.0,0.5613612632789564,0.0,1.0,3.863896950926892e-33,0.14606463911729567,0.19897787091615962,0.20873130578396232,0.06266666666666666,0.08166666666666667
support_burden,0,160,3000,8,access_only,0.033751182445759365,0.12924765980293967,0.953,0.674364896073903,0.8572550013619442,0.0,0.0,3.0814879110195774e-33,0.009547435897435914,0.9018821574125291,0.06258076923076923,0.06266666666666666,0.08166666666666667
support_burden,0,160,3000,8,context_table,0.08716891908114602,0.38585902348225476,0.9323333333333333,0.046948356807511735,0.5601165975606065,0.005807622504537205,0.9526315789473684,0.012852110685796123,0.14076645502622337,0.19928386059915082,0.20333788359765192,0.06266666666666666,0.08166666666666667
support_burden,0,160,3000,12,conserved_quotient,0.028301303875001675,0.11746005564017027,0.9666666666666667,0.7354497354497355,0.863678838412881,0.0,0.0,9.244463733058732e-33,0.010471733821733827,0.906005796056159,0.06350506715506715,0.06266666666666666,0.08166666666666667
support_burden,0,160,3000,12,object_only,0.0879722777104051,0.3222911112227902,0.9373333333333334,0.0,0.5613612632789564,0.0,1.0,3.863896950926892e-33,0.14606463911729567,0.19897787091615962,0.20873130578396232,0.06266666666666666,0.08166666666666667
support_burden,0,160,3000,12,access_only,0.033751182445759365,0.12924765980293967,0.953,0.674364896073903,0.8572550013619442,0.0,0.0,3.0814879110195774e-33,0.009547435897435914,0.9018821574125291,0.06258076923076923,0.06266666666666666,0.08166666666666667
support_burden,0,160,3000,12,context_table,0.08499415242314073,0.3589249215730967,0.9343333333333333,0.0,0.5586241336521292,0.0029038112522686023,0.9947368421052631,0.003919901934855198,0.13800632586746658,0.18426639034041462,0.20067299253413323,0.06266666666666666,0.08166666666666667
support_burden,1,160,3000,4,conserved_quotient,0.030441963184709535,0.12648261537225372,0.9623333333333334,0.6904109589041096,0.8893606932635709,0.0,0.275,1.6948183510607676e-32,0.01850710817660398,1.122637037023533,0.05914255168734161,0.07333333333333333,0.09033333333333333
support_burden,1,160,3000,4,object_only,0.08002771703143265,0.29899085008040976,0.9266666666666666,0.0,0.6278155657292348,0.0,1.0,1.396299209680746e-33,0.09529999472072642,0.3168970493845345,0.16863332805405976,0.07333333333333333,0.09033333333333333
support_burden,1,160,3000,4,access_only,0.03704199463340892,0.14177031558042327,0.9516666666666667,0.7046843177189409,0.8797351209941138,0.0,0.0,2.7733391199176196e-32,0.014768412698412696,1.1553793726575454,0.058564920634920636,0.07333333333333333,0.09033333333333333
support_burden,1,160,3000,4,context_table,0.10844941002346684,0.6567695195587925,0.875,0.1900647948164147,0.5808453237410072,0.07182117991938439,0.765,0.04495631777929762,0.12125097505732749,0.1438197722485342,0.18501788049822804,0.07333333333333333,0.09033333333333333
support_burden,1,160,3000,8,conserved_quotient,0.030441963184709535,0.12648261537225372,0.9623333333333334,0.6904109589041096,0.8893606932635709,0.0,0.275,1.6948183510607676e-32,0.01850710817660398,1.122637037023533,0.05914255168734161,0.07333333333333333,0.09033333333333333
support_burden,1,160,3000,8,object_only,0.08002771703143265,0.29899085008040976,0.9266666666666666,0.0,0.6278155657292348,0.0,1.0,1.396299209680746e-33,0.09529999472072642,0.3168970493845345,0.16863332805405976,0.07333333333333333,0.09033333333333333
support_burden,1,160,3000,8,access_only,0.03704199463340892,0.14177031558042327,0.9516666666666667,0.7046843177189409,0.8797351209941138,0.0,0.0,2.7733391199176196e-32,0.014768412698412696,1.1553793726575454,0.058564920634920636,0.07333333333333333,0.09033333333333333
support_burden,1,160,3000,8,context_table,0.08716450552492455,0.4476721802073516,0.9006666666666666,0.15819209039548024,0.5777844996729888,0.03810919750824478,0.85,0.0201334725434245,0.09640999359448142,0.20481231046916498,0.16304621852673074,0.07333333333333333,0.09033333333333333
support_burden,1,160,3000,12,conserved_quotient,0.030441963184709535,0.12648261537225372,0.9623333333333334,0.6904109589041096,0.8893606932635709,0.0,0.275,1.6948183510607676e-32,0.01850710817660398,1.122637037023533,0.05914255168734161,0.07333333333333333,0.09033333333333333
support_burden,1,160,3000,12,object_only,0.08002771703143265,0.29899085008040976,0.9266666666666666,0.0,0.6278155657292348,0.0,1.0,1.396299209680746e-33,0.09529999472072642,0.3168970493845345,0.16863332805405976,0.07333333333333333,0.09033333333333333
support_burden,1,160,3000,12,access_only,0.03704199463340892,0.14177031558042327,0.9516666666666667,0.7046843177189409,0.8797351209941138,0.0,0.0,2.7733391199176196e-32,0.014768412698412696,1.1553793726575454,0.058564920634920636,0.07333333333333333,0.09033333333333333
support_burden,1,160,3000,12,context_table,0.08748623777727589,0.440021201705119,0.9053333333333333,0.15476190476190477,0.5893476128188359,0.03261267863686332,0.865,0.016806383021305146,0.09519471811846689,0.20401477993194558,0.16852805145180022,0.07333333333333333,0.09033333333333333
support_burden,2,160,3000,4,conserved_quotient,0.03313531755523069,0.1363969821439242,0.9643333333333334,0.7396593673965937,0.8790981587407624,0.0,0.0,6.933347799794049e-33,0.02066075793823402,1.1886132968427567,0.055949090546614476,0.07166666666666667,0.088
support_burden,2,160,3000,4,object_only,0.07823207849336836,0.29948306508162176,0.9283333333333333,0.0,0.5715652791115193,0.0,1.0,1.7333369499485123e-33,0.10136936047978172,0.3465507142955688,0.1730360271464484,0.07166666666666667,0.088
support_burden,2,160,3000,4,access_only,0.03831180606060605,0.14740053314058066,0.9496666666666667,0.6847599164926931,0.871320612918041,0.0,0.0,6.162975822039155e-33,0.01654666666666669,1.1752286300858532,0.05512,0.07166666666666667,0.088
support_burden,2,160,3000,4,context_table,0.10468667139552745,0.674694540034574,0.9026666666666666,0.12048192771084337,0.4985896204751367,0.033625730994152045,0.8724489795918368,0.04660333686342268,0.1097884181093087,0.10972693001930342,0.17583074865642118,0.07166666666666667,0.088
support_burden,2,160,3000,8,conserved_quotient,0.03313531755523069,0.1363969821439242,0.9643333333333334,0.7396593673965937,0.8790981587407624,0.0,0.0,6.933347799794049e-33,0.02066075793823402,1.1886132968427567,0.055949090546614476,0.07166666666666667,0.088
support_burden,2,160,3000,8,object_only,0.07823207849336836,0.29948306508162176,0.9283333333333333,0.0,0.5715652791115193,0.0,1.0,1.7333369499485123e-33,0.10136936047978172,0.3465507142955688,0.1730360271464484,0.07166666666666667,0.088
support_burden,2,160,3000,8,access_only,0.03831180606060605,0.14740053314058066,0.9496666666666667,0.6847599164926931,0.871320612918041,0.0,0.0,6.162975822039155e-33,0.01654666666666669,1.1752286300858532,0.05512,0.07166666666666667,0.088
support_burden,2,160,3000,8,context_table,0.09915314186761473,0.5652603990753567,0.906,0.12422360248447205,0.5436816834370173,0.03033625730994152,0.8775510204081632,0.04196895409021789,0.11672550660328553,0.15294885919029197,0.1883921732699522,0.07166666666666667,0.088
support_burden,2,160,3000,12,conserved_quotient,0.03313531755523069,0.1363969821439242,0.9643333333333334,0.7396593673965937,0.8790981587407624,0.0,0.0,6.933347799794049e-33,0.02066075793823402,1.1886132968427567,0.055949090546614476,0.07166666666666667,0.088
support_burden,2,160,3000,12,object_only,0.07823207849336836,0.29948306508162176,0.9283333333333333,0.0,0.5715652791115193,0.0,1.0,1.7333369499485123e-33,0.10136936047978172,0.3465507142955688,0.1730360271464484,0.07166666666666667,0.088
support_burden,2,160,3000,12,access_only,0.03831180606060605,0.14740053314058066,0.9496666666666667,0.6847599164926931,0.871320612918041,0.0,0.0,6.162975822039155e-33,0.01654666666666669,1.1752286300858532,0.05512,0.07166666666666667,0.088
support_burden,2,160,3000,12,context_table,0.0948529642486595,0.5195266682874461,0.912,0.08333333333333333,0.526003924679554,0.021564327485380116,0.9285714285714286,0.03292447443640283,0.11198854536936571,0.12792083987648661,0.18365521203603236,0.07166666666666667,0.088
support_burden,3,160,3000,4,conserved_quotient,0.030099283252357053,0.11382379576422037,0.9523333333333334,0.7075664621676891,0.9228935707315512,0.0,0.0,1.8488927466117464e-32,0.02212965574108432,0.8764260340989953,0.07574480313337456,0.067,0.096
support_burden,3,160,3000,4,object_only,0.08208679120854792,0.3140293298863917,0.933,0.0,0.5276262488913063,0.0,1.0,8.666684749742561e-34,0.12665339825790387,0.15968039112895144,0.1936533982579039,0.067,0.096
support_burden,3,160,3000,4,access_only,0.0330375201814059,0.11828578733611254,0.9523333333333334,0.7075664621676891,0.9108441358765301,0.0,0.0,9.244463733058732e-33,0.008912380952380967,0.8675835671127569,0.07532571428571429,0.067,0.096
support_burden,3,160,3000,4,context_table,0.15419812128647875,0.9611021169374574,0.8126666666666666,0.1661721068249258,0.5633301872203825,0.1415929203539823,0.697560975609756,0.09312886551742446,0.21457495333264445,0.09666102301085697,0.26977410484779596,0.067,0.096
support_burden,3,160,3000,8,conserved_quotient,0.030099283252357053,0.11382379576422037,0.9523333333333334,0.7075664621676891,0.9228935707315512,0.0,0.0,1.8488927466117464e-32,0.02212965574108432,0.8764260340989953,0.07574480313337456,0.067,0.096
support_burden,3,160,3000,8,object_only,0.08208679120854792,0.3140293298863917,0.933,0.0,0.5276262488913063,0.0,1.0,8.666684749742561e-34,0.12665339825790387,0.15968039112895144,0.1936533982579039,0.067,0.096
support_burden,3,160,3000,8,access_only,0.0330375201814059,0.11828578733611254,0.9523333333333334,0.7075664621676891,0.9108441358765301,0.0,0.0,9.244463733058732e-33,0.008912380952380967,0.8675835671127569,0.07532571428571429,0.067,0.096
support_burden,3,160,3000,8,context_table,0.14243206680930656,0.9333836247995497,0.846,0.1348314606741573,0.5495086198162457,0.096976401179941,0.7804878048780488,0.08783894954712514,0.19233213898103357,0.07706333631968511,0.24801647231436694,0.067,0.096
support_burden,3,160,3000,12,conserved_quotient,0.030099283252357053,0.11382379576422037,0.9523333333333334,0.7075664621676891,0.9228935707315512,0.0,0.0,1.8488927466117464e-32,0.02212965574108432,0.8764260340989953,0.07574480313337456,0.067,0.096
support_burden,3,160,3000,12,object_only,0.08208679120854792,0.3140293298863917,0.933,0.0,0.5276262488913063,0.0,1.0,8.666684749742561e-34,0.12665339825790387,0.15968039112895144,0.1936533982579039,0.067,0.096
support_burden,3,160,3000,12,access_only,0.0330375201814059,0.11828578733611254,0.9523333333333334,0.7075664621676891,0.9108441358765301,0.0,0.0,9.244463733058732e-33,0.008912380952380967,0.8675835671127569,0.07532571428571429,0.067,0.096
support_burden,3,160,3000,12,context_table,0.1330377861089116,0.8575126635154517,0.8623333333333333,0.12314225053078556,0.5216077525910995,0.07964601769911504,0.824390243902439,0.08079400412228507,0.1858219330372881,0.06319922832572958,0.23750273303728814,0.067,0.096
support_burden,4,160,3000,4,conserved_quotient,0.027576261823496463,0.11406914391973438,0.9683333333333334,0.7764705882352941,0.8973217369039016,0.0,0.0,9.244463733058732e-33,0.012105555555555557,1.1624398001510938,0.05949589371980676,0.071,0.09333333333333334
support_burden,4,160,3000,4,object_only,0.07641223448564599,0.28847562647016567,0.929,0.0,0.6144439896164452,0.0,1.0,9.62964972193618e-34,0.08941851490197356,0.32411275319509747,0.15950695027612322,0.071,0.09333333333333334
support_burden,4,160,3000,4,access_only,0.03537419533711405,0.13108406031002376,0.9523333333333334,0.7099391480730223,0.889133148369947,0.0,0.0,9.244463733058732e-33,0.013237681159420294,1.1940251886651005,0.05776231884057972,0.071,0.09333333333333334
support_burden,4,160,3000,4,context_table,0.10033477995961,0.5881073516763996,0.9026666666666666,0.05806451612903226,0.5907525045019549,0.031985294117647056,0.9528301886792453,0.024989290788620482,0.1012703025138604,0.07855366655607529,0.1684549533075112,0.071,0.09333333333333334
support_burden,4,160,3000,8,conserved_quotient,0.027576261823496463,0.11406914391973438,0.9683333333333334,0.7764705882352941,0.8973217369039016,0.0,0.0,9.244463733058732e-33,0.012105555555555557,1.1624398001510938,0.05949589371980676,0.071,0.09333333333333334
support_burden,4,160,3000,8,object_only,0.07641223448564599,0.28847562647016567,0.929,0.0,0.6144439896164452,0.0,1.0,9.62964972193618e-34,0.08941851490197356,0.32411275319509747,0.15950695027612322,0.071,0.09333333333333334
support_burden,4,160,3000,8,access_only,0.03537419533711405,0.13108406031002376,0.9523333333333334,0.7099391480730223,0.889133148369947,0.0,0.0,9.244463733058732e-33,0.013237681159420294,1.1940251886651005,0.05776231884057972,0.071,0.09333333333333334
support_burden,4,160,3000,8,context_table,0.07760185382198558,0.3602786895632685,0.924,0.04201680672268908,0.5957370824636854,0.008088235294117648,0.9858490566037735,0.010001562507740213,0.07966852350930803,0.24478052703107545,0.14986576679935132,0.071,0.09333333333333334
support_burden,4,160,3000,12,conserved_quotient,0.027576261823496463,0.11406914391973438,0.9683333333333334,0.7764705882352941,0.8973217369039016,0.0,0.0,9.244463733058732e-33,0.012105555555555557,1.1624398001510938,0.05949589371980676,0.071,0.09333333333333334
support_burden,4,160,3000,12,object_only,0.07641223448564599,0.28847562647016567,0.929,0.0,0.6144439896164452,0.0,1.0,9.62964972193618e-34,0.08941851490197356,0.32411275319509747,0.15950695027612322,0.071,0.09333333333333334
support_burden,4,160,3000,12,access_only,0.03537419533711405,0.13108406031002376,0.9523333333333334,0.7099391480730223,0.889133148369947,0.0,0.0,9.244463733058732e-33,0.013237681159420294,1.1940251886651005,0.05776231884057972,0.071,0.09333333333333334
support_burden,4,160,3000,12,context_table,0.07868508204818617,0.35606035530343527,0.924,0.02564102564102564,0.6077546489317438,0.00625,0.9811320754716981,0.011715225568912625,0.08222851588820537,0.2182488077686362,0.15322851588820538,0.071,0.09333333333333334
support_burden,5,160,3000,4,conserved_quotient,0.025492252831573803,0.103060237527976,0.9693333333333334,0.7578947368421053,0.9115478205258191,0.0,0.0,3.0814879110195774e-33,0.009685133053221287,0.9677585297455745,0.06438748599439777,0.06066666666666667,0.08966666666666667
support_burden,5,160,3000,4,object_only,0.07409385371428734,0.29280647264707144,0.9393333333333334,0.0,0.6171589234044876,0.0,1.0,5.7777898331617076e-34,0.12905421905421904,0.46762269864774547,0.18972088572088577,0.06066666666666667,0.08966666666666667
support_burden,5,160,3000,4,access_only,0.032431033333333324,0.11838438603996652,0.9503333333333334,0.6696230598669624,0.8996229108010513,0.0,0.0,6.162975822039155e-33,0.004696666666666653,0.9321815873545272,0.06290333333333334,0.06066666666666667,0.08966666666666667
support_burden,5,160,3000,4,context_table,0.10263974983404421,0.6212216413190381,0.887,0.1546134663341646,0.5659301663560002,0.06774075430245331,0.8282828282828283,0.028309123678136462,0.16659773653053647,0.08406930500785186,0.20262346986386987,0.06066666666666667,0.08966666666666667
support_burden,5,160,3000,8,conserved_quotient,0.025492252831573803,0.103060237527976,0.9693333333333334,0.7578947368421053,0.9115478205258191,0.0,0.0,3.0814879110195774e-33,0.009685133053221287,0.9677585297455745,0.06438748599439777,0.06066666666666667,0.08966666666666667
support_burden,5,160,3000,8,object_only,0.07409385371428734,0.29280647264707144,0.9393333333333334,0.0,0.6171589234044876,0.0,1.0,5.7777898331617076e-34,0.12905421905421904,0.46762269864774547,0.18972088572088577,0.06066666666666667,0.08966666666666667
support_burden,5,160,3000,8,access_only,0.032431033333333324,0.11838438603996652,0.9503333333333334,0.6696230598669624,0.8996229108010513,0.0,0.0,6.162975822039155e-33,0.004696666666666653,0.9321815873545272,0.06290333333333334,0.06066666666666667,0.08966666666666667
support_burden,5,160,3000,8,context_table,0.08700386594532468,0.5142832666723097,0.9266666666666666,0.03508771929824561,0.4965391244667327,0.015012815818381545,0.9747474747474747,0.020938332493700668,0.1453859425481425,-0.033902981642442764,0.17341560921480917,0.06066666666666667,0.08966666666666667
support_burden,5,160,3000,12,conserved_quotient,0.025492252831573803,0.103060237527976,0.9693333333333334,0.7578947368421053,0.9115478205258191,0.0,0.0,3.0814879110195774e-33,0.009685133053221287,0.9677585297455745,0.06438748599439777,0.06066666666666667,0.08966666666666667
support_burden,5,160,3000,12,object_only,0.07409385371428734,0.29280647264707144,0.9393333333333334,0.0,0.6171589234044876,0.0,1.0,5.7777898331617076e-34,0.12905421905421904,0.46762269864774547,0.18972088572088577,0.06066666666666667,0.08966666666666667
support_burden,5,160,3000,12,access_only,0.032431033333333324,0.11838438603996652,0.9503333333333334,0.6696230598669624,0.8996229108010513,0.0,0.0,6.162975822039155e-33,0.004696666666666653,0.9321815873545272,0.06290333333333334,0.06066666666666667,0.08966666666666667
support_burden,5,160,3000,12,context_table,0.0780034729531024,0.37888982636288415,0.9333333333333333,0.038461538461538464,0.5764180815635748,0.007689491028927133,0.9747474747474747,0.013598016134428079,0.13251478155463156,0.09000057273533191,0.1798639815546315,0.06066666666666667,0.08966666666666667
support_burden,6,160,3000,4,conserved_quotient,0.025152591597088308,0.09893999438509722,0.969,0.7852193995381063,0.9301651412006123,0.0,0.0,7.703719777548943e-34,0.007062841094771245,0.9890982985761455,0.07046735498366014,0.06966666666666667,0.098
support_burden,6,160,3000,4,object_only,0.09008406837913238,0.3637215434928039,0.9303333333333333,0.0,0.5956603505114697,0.0,1.0,3.8518603020342044e-33,0.14572660882694544,0.20176190073810596,0.2007768754936121,0.06966666666666667,0.098
support_burden,6,160,3000,4,access_only,0.03124384583333333,0.11223339626946961,0.955,0.731610337972167,0.9217135049604076,0.0,0.0,1.8488927466117464e-32,0.002644999999999999,0.9697692446424072,0.07231166666666666,0.06966666666666667,0.098
support_burden,6,160,3000,4,context_table,0.08734683178520576,0.34077109054118127,0.9303333333333333,0.0,0.5939923095253198,0.0,1.0,0.0013784337321736994,0.1363172554570091,0.26637331382202295,0.2047111948509485,0.06966666666666667,0.098
support_burden,6,160,3000,8,conserved_quotient,0.025152591597088308,0.09893999438509722,0.969,0.7852193995381063,0.9301651412006123,0.0,0.0,7.703719777548943e-34,0.007062841094771245,0.9890982985761455,0.07046735498366014,0.06966666666666667,0.098
support_burden,6,160,3000,8,object_only,0.09008406837913238,0.3637215434928039,0.9303333333333333,0.0,0.5956603505114697,0.0,1.0,3.8518603020342044e-33,0.14572660882694544,0.20176190073810596,0.2007768754936121,0.06966666666666667,0.098
support_burden,6,160,3000,8,access_only,0.03124384583333333,0.11223339626946961,0.955,0.731610337972167,0.9217135049604076,0.0,0.0,1.8488927466117464e-32,0.002644999999999999,0.9697692446424072,0.07231166666666666,0.06966666666666667,0.098
support_burden,6,160,3000,8,context_table,0.090499543661101,0.36211782046348995,0.9063333333333333,0.09646302250803858,0.5816902929614842,0.030303030303030304,0.9107142857142857,0.006810623588819884,0.1373958383694671,0.22090082525370436,0.20706250503613371,0.06966666666666667,0.098
support_burden,6,160,3000,12,conserved_quotient,0.025152591597088308,0.09893999438509722,0.969,0.7852193995381063,0.9301651412006123,0.0,0.0,7.703719777548943e-34,0.007062841094771245,0.9890982985761455,0.07046735498366014,0.06966666666666667,0.098
support_burden,6,160,3000,12,object_only,0.09008406837913238,0.3637215434928039,0.9303333333333333,0.0,0.5956603505114697,0.0,1.0,3.8518603020342044e-33,0.14572660882694544,0.20176190073810596,0.2007768754936121,0.06966666666666667,0.098
support_burden,6,160,3000,12,access_only,0.03124384583333333,0.11223339626946961,0.955,0.731610337972167,0.9217135049604076,0.0,0.0,1.8488927466117464e-32,0.002644999999999999,0.9697692446424072,0.07231166666666666,0.06966666666666667,0.098
support_burden,6,160,3000,12,context_table,0.090779209918221,0.3671347858575032,0.9126666666666666,0.08391608391608392,0.5800359665980364,0.02254249815225425,0.9285714285714286,0.005726827982030116,0.13768689183120403,0.1947372823824701,0.20735355849787068,0.06966666666666667,0.098
support_burden,7,160,3000,4,conserved_quotient,0.029876390211640208,0.12315499782754552,0.9656666666666667,0.739240506329114,0.8811766795419439,0.0,0.0,3.0814879110195774e-32,0.013308730158730159,1.0325125187894353,0.06192142857142857,0.06633333333333333,0.09
support_burden,7,160,3000,4,object_only,0.07364123226803522,0.28455294786657837,0.9336666666666666,0.0,0.5689891801025836,0.0,1.0,3.972230510298674e-34,0.0951397988897989,0.25216035828642935,0.1614731322231322,0.06633333333333333,0.09
support_burden,7,160,3000,4,access_only,0.036120659863945574,0.13635580582350257,0.9476666666666667,0.6652452025586354,0.8727536289085557,0.0,0.0,0.0,0.0068047619047619,0.9603388203876407,0.06267142857142857,0.06633333333333333,0.09
support_burden,7,160,3000,4,context_table,0.10740162219651472,0.6134139394805876,0.8763333333333333,0.14318706697459585,0.5932716061564517,0.07362637362637363,0.8316326530612245,0.035606143751076416,0.13791424107213274,0.12199405989575383,0.20424757440546606,0.06633333333333333,0.09
support_burden,7,160,3000,8,conserved_quotient,0.029876390211640208,0.12315499782754552,0.9656666666666667,0.739240506329114,0.8811766795419439,0.0,0.0,3.0814879110195774e-32,0.013308730158730159,1.0325125187894353,0.06192142857142857,0.06633333333333333,0.09
support_burden,7,160,3000,8,object_only,0.07364123226803522,0.28455294786657837,0.9336666666666666,0.0,0.5689891801025836,0.0,1.0,3.972230510298674e-34,0.0951397988897989,0.25216035828642935,0.1614731322231322,0.06633333333333333,0.09
support_burden,7,160,3000,8,access_only,0.036120659863945574,0.13635580582350257,0.9476666666666667,0.6652452025586354,0.8727536289085557,0.0,0.0,0.0,0.0068047619047619,0.9603388203876407,0.06267142857142857,0.06633333333333333,0.09
support_burden,7,160,3000,8,context_table,0.10361333079493712,0.5797024243622191,0.8823333333333333,0.13691931540342298,0.5793300669717742,0.0652014652014652,0.8520408163265306,0.04203054749298003,0.13235417097571264,0.12465744200537879,0.198687504309046,0.06633333333333333,0.09
support_burden,7,160,3000,12,conserved_quotient,0.029876390211640208,0.12315499782754552,0.9656666666666667,0.739240506329114,0.8811766795419439,0.0,0.0,3.0814879110195774e-32,0.013308730158730159,1.0325125187894353,0.06192142857142857,0.06633333333333333,0.09
support_burden,7,160,3000,12,object_only,0.07364123226803522,0.28455294786657837,0.9336666666666666,0.0,0.5689891801025836,0.0,1.0,3.972230510298674e-34,0.0951397988897989,0.25216035828642935,0.1614731322231322,0.06633333333333333,0.09
support_burden,7,160,3000,12,access_only,0.036120659863945574,0.13635580582350257,0.9476666666666667,0.6652452025586354,0.8727536289085557,0.0,0.0,0.0,0.0068047619047619,0.9603388203876407,0.06267142857142857,0.06633333333333333,0.09
support_burden,7,160,3000,12,context_table,0.10398634010129533,0.617304287162336,0.902,0.06369426751592357,0.5541362650453266,0.03736263736263736,0.9489795918367347,0.036283019992703495,0.12292585998466,0.05471676645345542,0.18925919331799332,0.06633333333333333,0.09
support_burden,8,160,3000,4,conserved_quotient,0.030417087610014968,0.12035785488000397,0.9636666666666667,0.7347931873479319,0.8997559463298221,0.0,0.0,6.933347799794049e-33,0.01353428457097123,0.8665466864113331,0.07300761790430457,0.066,0.093
support_burden,8,160,3000,4,object_only,0.087864302387281,0.3332104834519587,0.934,0.0,0.5973889501726761,0.0,1.0,1.7333369499485123e-33,0.15793645699614892,0.3612100452177523,0.22393645699614892,0.066,0.093
support_burden,8,160,3000,4,access_only,0.03573949355823962,0.1310270249549415,0.9483333333333334,0.6750524109014675,0.8907256000403752,0.0,0.0,1.232595164407831e-32,0.012229319727891142,0.8492675025641313,0.07170265306122449,0.066,0.093
support_burden,8,160,3000,4,context_table,0.09393918113117967,0.42079129624845335,0.8953333333333333,0.03680981595092025,0.4945871996193195,0.04005880191106211,0.9812206572769953,0.014796605496582602,0.16645513155969696,-0.0701464505374733,0.20811469519606052,0.066,0.093
support_burden,8,160,3000,8,conserved_quotient,0.030417087610014968,0.12035785488000397,0.9636666666666667,0.7347931873479319,0.8997559463298221,0.0,0.0,6.933347799794049e-33,0.01353428457097123,0.8665466864113331,0.07300761790430457,0.066,0.093
support_burden,8,160,3000,8,object_only,0.087864302387281,0.3332104834519587,0.934,0.0,0.5973889501726761,0.0,1.0,1.7333369499485123e-33,0.15793645699614892,0.3612100452177523,0.22393645699614892,0.066,0.093
support_burden,8,160,3000,8,access_only,0.03573949355823962,0.1310270249549415,0.9483333333333334,0.6750524109014675,0.8907256000403752,0.0,0.0,1.232595164407831e-32,0.012229319727891142,0.8492675025641313,0.07170265306122449,0.066,0.093
support_burden,8,160,3000,8,context_table,0.08737200563958589,0.3735187155584993,0.924,0.017241379310344827,0.5479275265142503,0.010290334435869165,0.9953051643192489,0.008211297171967974,0.15503952380933858,0.06319147926561242,0.2067530935063083,0.066,0.093
support_burden,8,160,3000,12,conserved_quotient,0.030417087610014968,0.12035785488000397,0.9636666666666667,0.7347931873479319,0.8997559463298221,0.0,0.0,6.933347799794049e-33,0.01353428457097123,0.8665466864113331,0.07300761790430457,0.066,0.093
support_burden,8,160,3000,12,object_only,0.087864302387281,0.3332104834519587,0.934,0.0,0.5973889501726761,0.0,1.0,1.7333369499485123e-33,0.15793645699614892,0.3612100452177523,0.22393645699614892,0.066,0.093
support_burden,8,160,3000,12,access_only,0.03573949355823962,0.1310270249549415,0.9483333333333334,0.6750524109014675,0.8907256000403752,0.0,0.0,1.232595164407831e-32,0.012229319727891142,0.8492675025641313,0.07170265306122449,0.066,0.093
support_burden,8,160,3000,12,context_table,0.08817035058288245,0.38124401142995407,0.9283333333333333,0.0182648401826484,0.5754908110368496,0.006615214994487321,0.9906103286384976,0.009027645844609446,0.1550715034904334,0.11694201320519867,0.2104191034904334,0.066,0.093
support_burden,9,160,3000,4,conserved_quotient,0.0274294309786817,0.11508270932085347,0.9706666666666667,0.7821782178217822,0.8921146897609794,0.0,0.0,1.560003254953661e-32,0.015772640351159613,1.175520105614576,0.05665535153525012,0.069,0.08633333333333333
support_burden,9,160,3000,4,object_only,0.08630865729166794,0.31840340082097063,0.931,0.0,0.6255649475656013,0.0,1.0,3.9000081373841526e-33,0.13573271502399403,0.3122146678871131,0.2047327150239941,0.069,0.08633333333333333
support_burden,9,160,3000,4,access_only,0.034331608442330554,0.13034930655951713,0.9553333333333334,0.7124463519313304,0.8822850777737996,0.0,0.0,3.0814879110195774e-33,0.013719655172413803,1.1934969951415386,0.0552803448275862,0.069,0.08633333333333333
support_burden,9,160,3000,4,context_table,0.09150960393395376,0.410226692341447,0.9046666666666666,0.10062893081761007,0.5833458733099138,0.03392922291134622,0.9086294416243654,0.01952426446552531,0.11782308903654486,0.1631954215962725,0.18682308903654485,0.069,0.08633333333333333
support_burden,9,160,3000,8,conserved_quotient,0.0274294309786817,0.11508270932085347,0.9706666666666667,0.7821782178217822,0.8921146897609794,0.0,0.0,1.560003254953661e-32,0.015772640351159613,1.175520105614576,0.05665535153525012,0.069,0.08633333333333333
support_burden,9,160,3000,8,object_only,0.08630865729166794,0.31840340082097063,0.931,0.0,0.6255649475656013,0.0,1.0,3.9000081373841526e-33,0.13573271502399403,0.3122146678871131,0.2047327150239941,0.069,0.08633333333333333
support_burden,9,160,3000,8,access_only,0.034331608442330554,0.13034930655951713,0.9553333333333334,0.7124463519313304,0.8822850777737996,0.0,0.0,3.0814879110195774e-33,0.013719655172413803,1.1934969951415386,0.0552803448275862,0.069,0.08633333333333333
support_burden,9,160,3000,8,context_table,0.10561232670350633,0.6042834580465081,0.9036666666666666,0.12158054711246201,0.5944312126070871,0.036483035388544326,0.8883248730964467,0.037958670902658205,0.13819577364341085,0.14204818165115127,0.20719577364341085,0.069,0.08633333333333333
support_burden,9,160,3000,12,conserved_quotient,0.0274294309786817,0.11508270932085347,0.9706666666666667,0.7821782178217822,0.8921146897609794,0.0,0.0,1.560003254953661e-32,0.015772640351159613,1.175520105614576,0.05665535153525012,0.069,0.08633333333333333
support_burden,9,160,3000,12,object_only,0.08630865729166794,0.31840340082097063,0.931,0.0,0.6255649475656013,0.0,1.0,3.9000081373841526e-33,0.13573271502399403,0.3122146678871131,0.2047327150239941,0.069,0.08633333333333333
support_burden,9,160,3000,12,access_only,0.034331608442330554,0.13034930655951713,0.9553333333333334,0.7124463519313304,0.8822850777737996,0.0,0.0,3.0814879110195774e-33,0.013719655172413803,1.1934969951415386,0.0552803448275862,0.069,0.08633333333333333
support_burden,9,160,3000,12,context_table,0.09974471101310498,0.5151672519936995,0.9073333333333333,0.10897435897435898,0.6176189265434117,0.031740240788033565,0.9086294416243654,0.031404054886772885,0.1420364248062015,0.1856616055865046,0.2109530914728682,0.069,0.08633333333333333
support_burden,10,160,3000,4,conserved_quotient,0.025931536786128088,0.1107412236727918,0.9716666666666667,0.782608695652174,0.9019910714285714,0.0,0.0,1.5407439555097887e-32,0.010796137707608303,1.0216234994396687,0.06408349192202133,0.06666666666666667,0.089
support_burden,10,160,3000,4,object_only,0.0891382263258194,0.3276332424249559,0.9333333333333333,0.0,0.5805410714285715,0.0,1.0,9.62964972193618e-34,0.14766273858611795,0.2210477833362729,0.21432940525278457,0.06666666666666667,0.089
support_burden,10,160,3000,4,access_only,0.03413708958333333,0.12868091717860342,0.9516666666666667,0.6895074946466809,0.8928392857142857,0.0,0.0,9.244463733058732e-33,0.003994166666666663,0.9908435709690931,0.06288083333333333,0.06666666666666667,0.089
support_burden,10,160,3000,4,context_table,0.09047574749757373,0.3920743443962776,0.9,0.07975460122699386,0.571375,0.03951701427003293,0.9057591623036649,0.0091829877985618,0.15254321767476092,0.09272452932746461,0.1977418176747609,0.06666666666666667,0.089
support_burden,10,160,3000,8,conserved_quotient,0.025931536786128088,0.1107412236727918,0.9716666666666667,0.782608695652174,0.9019910714285714,0.0,0.0,1.5407439555097887e-32,0.010796137707608303,1.0216234994396687,0.06408349192202133,0.06666666666666667,0.089
support_burden,10,160,3000,8,object_only,0.0891382263258194,0.3276332424249559,0.9333333333333333,0.0,0.5805410714285715,0.0,1.0,9.62964972193618e-34,0.14766273858611795,0.2210477833362729,0.21432940525278457,0.06666666666666667,0.089
support_burden,10,160,3000,8,access_only,0.03413708958333333,0.12868091717860342,0.9516666666666667,0.6895074946466809,0.8928392857142857,0.0,0.0,9.244463733058732e-33,0.003994166666666663,0.9908435709690931,0.06288083333333333,0.06666666666666667,0.089
support_burden,10,160,3000,8,context_table,0.08584998860766731,0.37970209244551717,0.9233333333333333,0.03361344537815126,0.5538410714285714,0.012074643249176729,0.9738219895287958,0.007217418226933645,0.1433174270100911,0.04334987647854705,0.19012260478786888,0.06666666666666667,0.089
support_burden,10,160,3000,12,conserved_quotient,0.025931536786128088,0.1107412236727918,0.9716666666666667,0.782608695652174,0.9019910714285714,0.0,0.0,1.5407439555097887e-32,0.010796137707608303,1.0216234994396687,0.06408349192202133,0.06666666666666667,0.089
support_burden,10,160,3000,12,object_only,0.0891382263258194,0.3276332424249559,0.9333333333333333,0.0,0.5805410714285715,0.0,1.0,9.62964972193618e-34,0.14766273858611795,0.2210477833362729,0.21432940525278457,0.06666666666666667,0.089
support_burden,10,160,3000,12,access_only,0.03413708958333333,0.12868091717860342,0.9516666666666667,0.6895074946466809,0.8928392857142857,0.0,0.0,9.244463733058732e-33,0.003994166666666663,0.9908435709690931,0.06288083333333333,0.06666666666666667,0.089
support_burden,10,160,3000,12,context_table,0.08782504861709521,0.3856008945751698,0.9163333333333333,0.023346303501945526,0.5602910714285714,0.0190267105744603,0.9738219895287958,0.006546497739692662,0.14702381191714195,0.027910944564634742,0.19504774525047525,0.06666666666666667,0.089
support_burden,11,160,3000,4,conserved_quotient,0.029361568071890307,0.12154965194682935,0.967,0.7755102040816326,0.9062244328968292,0.0,0.0,6.933347799794049e-33,0.011253916076234419,0.9278256907754949,0.07702058274290108,0.07566666666666666,0.095
support_burden,11,160,3000,4,object_only,0.11037313008163663,0.3795627072742362,0.9243333333333333,0.0,0.5669681367370379,0.0,1.0,4.2851941262616e-33,0.1758856836244634,0.1273188741932142,0.2515523502911301,0.07566666666666666,0.095
support_burden,11,160,3000,4,access_only,0.03600196482122261,0.13630881802454484,0.9526666666666667,0.72265625,0.8982192984267743,0.0,0.0,9.244463733058732e-33,0.01220490196078431,0.8856210710236133,0.07797156862745097,0.07566666666666666,0.095
support_burden,11,160,3000,4,context_table,0.11800973264453936,0.4584956288344964,0.8526666666666667,0.2078853046594982,0.5892471615054545,0.09797421731123389,0.6962616822429907,0.024186669885655675,0.19851907592202092,0.15262992097542788,0.2528782759220209,0.07566666666666666,0.095
support_burden,11,160,3000,8,conserved_quotient,0.029361568071890307,0.12154965194682935,0.967,0.7755102040816326,0.9062244328968292,0.0,0.0,6.933347799794049e-33,0.011253916076234419,0.9278256907754949,0.07702058274290108,0.07566666666666666,0.095
support_burden,11,160,3000,8,object_only,0.11037313008163663,0.3795627072742362,0.9243333333333333,0.0,0.5669681367370379,0.0,1.0,4.2851941262616e-33,0.1758856836244634,0.1273188741932142,0.2515523502911301,0.07566666666666666,0.095
support_burden,11,160,3000,8,access_only,0.03600196482122261,0.13630881802454484,0.9526666666666667,0.72265625,0.8982192984267743,0.0,0.0,9.244463733058732e-33,0.01220490196078431,0.8856210710236133,0.07797156862745097,0.07566666666666666,0.095
support_burden,11,160,3000,8,context_table,0.13433666019140303,0.7440823629200792,0.877,0.18181818181818182,0.5794087416259049,0.06519337016574586,0.7850467289719626,0.056044997755800074,0.21177314614131776,0.12573037999707393,0.2647940794746511,0.07566666666666666,0.095
support_burden,11,160,3000,12,conserved_quotient,0.029361568071890307,0.12154965194682935,0.967,0.7755102040816326,0.9062244328968292,0.0,0.0,6.933347799794049e-33,0.011253916076234419,0.9278256907754949,0.07702058274290108,0.07566666666666666,0.095
support_burden,11,160,3000,12,object_only,0.11037313008163663,0.3795627072742362,0.9243333333333333,0.0,0.5669681367370379,0.0,1.0,4.2851941262616e-33,0.1758856836244634,0.1273188741932142,0.2515523502911301,0.07566666666666666,0.095
support_burden,11,160,3000,12,access_only,0.03600196482122261,0.13630881802454484,0.9526666666666667,0.72265625,0.8982192984267743,0.0,0.0,9.244463733058732e-33,0.01220490196078431,0.8856210710236133,0.07797156862745097,0.07566666666666666,0.095
support_burden,11,160,3000,12,context_table,0.1275657793765665,0.6744097231452757,0.8993333333333333,0.10119047619047619,0.5687569403515015,0.032780847145488026,0.9112149532710281,0.04303499927510643,0.1952917763581362,0.10777082798221235,0.25564270969146946,0.07566666666666666,0.095
support_burden,12,160,3000,4,conserved_quotient,0.029406248237857233,0.12364750766122995,0.965,0.7540983606557377,0.8768151561699948,0.0,0.0,1.560003254953661e-32,0.013122875816993467,0.9130893857037666,0.06933398692810458,0.07,0.09166666666666666
support_burden,12,160,3000,4,object_only,0.11857172114133074,0.38770621272665395,0.93,0.0,0.5976241679467486,0.0,1.0,6.945384861946469e-33,0.1850822206822207,0.13891859258776926,0.25508222068222064,0.07,0.09166666666666666
support_burden,12,160,3000,4,access_only,0.03676046296296296,0.13887612867249752,0.949,0.6845360824742268,0.8659088581669226,0.0,0.0,3.0814879110195774e-32,0.011361111111111108,0.8946541745871138,0.07019444444444443,0.07,0.09166666666666666
support_burden,12,160,3000,4,context_table,0.1607785589865144,1.0060889433948235,0.87,0.14847161572052403,0.5997729988052569,0.07596330275229357,0.8110599078341014,0.0674285671767524,0.21513808114598118,0.10437032790649246,0.28513808114598116,0.07,0.09166666666666666
support_burden,12,160,3000,8,conserved_quotient,0.029406248237857233,0.12364750766122995,0.965,0.7540983606557377,0.8768151561699948,0.0,0.0,1.560003254953661e-32,0.013122875816993467,0.9130893857037666,0.06933398692810458,0.07,0.09166666666666666
support_burden,12,160,3000,8,object_only,0.11857172114133074,0.38770621272665395,0.93,0.0,0.5976241679467486,0.0,1.0,6.945384861946469e-33,0.1850822206822207,0.13891859258776926,0.25508222068222064,0.07,0.09166666666666666
support_burden,12,160,3000,8,access_only,0.03676046296296296,0.13887612867249752,0.949,0.6845360824742268,0.8659088581669226,0.0,0.0,3.0814879110195774e-32,0.011361111111111108,0.8946541745871138,0.07019444444444443,0.07,0.09166666666666666
support_burden,12,160,3000,8,context_table,0.1309313777502934,0.6997716863121289,0.8996666666666666,0.10682492581602374,0.577936507936508,0.04,0.9170506912442397,0.03445943211844905,0.1857921225203225,0.11855834487459607,0.2557921225203225,0.07,0.09166666666666666
support_burden,12,160,3000,12,conserved_quotient,0.029406248237857233,0.12364750766122995,0.965,0.7540983606557377,0.8768151561699948,0.0,0.0,1.560003254953661e-32,0.013122875816993467,0.9130893857037666,0.06933398692810458,0.07,0.09166666666666666
support_burden,12,160,3000,12,object_only,0.11857172114133074,0.38770621272665395,0.93,0.0,0.5976241679467486,0.0,1.0,6.945384861946469e-33,0.1850822206822207,0.13891859258776926,0.25508222068222064,0.07,0.09166666666666666
support_burden,12,160,3000,12,access_only,0.03676046296296296,0.13887612867249752,0.949,0.6845360824742268,0.8659088581669226,0.0,0.0,3.0814879110195774e-32,0.011361111111111108,0.8946541745871138,0.07019444444444443,0.07,0.09166666666666666
support_burden,12,160,3000,12,context_table,0.1260533049965126,0.617875565241175,0.9073333333333333,0.0915032679738562,0.5863167776071002,0.030091743119266056,0.9354838709677419,0.02882471483122064,0.1886930548768549,0.13125589028486023,0.2586930548768549,0.07,0.09166666666666666
support_burden,13,160,3000,4,conserved_quotient,0.027485897002628025,0.11246754218351566,0.9676666666666667,0.7728337236533958,0.8919807720011723,0.0,0.0,6.933347799794049e-33,0.006392232854864436,0.9901051212572497,0.07000170653907496,0.07233333333333333,0.09233333333333334
support_burden,13,160,3000,4,object_only,0.08317319155748717,0.31437559833738105,0.9276666666666666,0.0,0.5477727678416191,0.0,1.0,1.7453740121009325e-33,0.11201997354497353,0.1859020314321201,0.1770699735449735,0.07233333333333333,0.09233333333333334
support_burden,13,160,3000,4,access_only,0.03277669259259259,0.12388244780454861,0.956,0.7327935222672065,0.8827095383260116,0.0,0.0,9.244463733058732e-33,0.004145555555555546,0.9749373966069784,0.07063222222222222,0.07233333333333333,0.09233333333333334
support_burden,13,160,3000,4,context_table,0.08106808152411203,0.42001156005317913,0.9276666666666666,0.0,0.4965764822962324,0.0,1.0,0.005351521794785274,0.09783419456469454,0.05283111364716143,0.14777741678691678,0.07233333333333333,0.09233333333333334
support_burden,13,160,3000,8,conserved_quotient,0.027485897002628025,0.11246754218351566,0.9676666666666667,0.7728337236533958,0.8919807720011723,0.0,0.0,6.933347799794049e-33,0.006392232854864436,0.9901051212572497,0.07000170653907496,0.07233333333333333,0.09233333333333334
support_burden,13,160,3000,8,object_only,0.08317319155748717,0.31437559833738105,0.9276666666666666,0.0,0.5477727678416191,0.0,1.0,1.7453740121009325e-33,0.11201997354497353,0.1859020314321201,0.1770699735449735,0.07233333333333333,0.09233333333333334
support_burden,13,160,3000,8,access_only,0.03277669259259259,0.12388244780454861,0.956,0.7327935222672065,0.8827095383260116,0.0,0.0,9.244463733058732e-33,0.004145555555555546,0.9749373966069784,0.07063222222222222,0.07233333333333333,0.09233333333333334
support_burden,13,160,3000,8,context_table,0.08021302116864201,0.3689511958157688,0.9256666666666666,0.008888888888888889,0.5267564260296633,0.001836210062431142,0.9857142857142858,0.0043525462621661366,0.09211672987012985,0.14988807607546037,0.1577729743145743,0.07233333333333333,0.09233333333333334
support_burden,13,160,3000,12,conserved_quotient,0.027485897002628025,0.11246754218351566,0.9676666666666667,0.7728337236533958,0.8919807720011723,0.0,0.0,6.933347799794049e-33,0.006392232854864436,0.9901051212572497,0.07000170653907496,0.07233333333333333,0.09233333333333334
support_burden,13,160,3000,12,object_only,0.08317319155748717,0.31437559833738105,0.9276666666666666,0.0,0.5477727678416191,0.0,1.0,1.7453740121009325e-33,0.11201997354497353,0.1859020314321201,0.1770699735449735,0.07233333333333333,0.09233333333333334
support_burden,13,160,3000,12,access_only,0.03277669259259259,0.12388244780454861,0.956,0.7327935222672065,0.8827095383260116,0.0,0.0,9.244463733058732e-33,0.004145555555555546,0.9749373966069784,0.07063222222222222,0.07233333333333333,0.09233333333333334
support_burden,13,160,3000,12,context_table,0.08135269571737781,0.36219442602630714,0.926,0.0,0.5309673114084691,0.0014689680499449136,0.9952380952380953,0.005440247792028386,0.0911789239057239,0.13648759163659369,0.1635122572390572,0.07233333333333333,0.09233333333333334
support_burden,14,160,3000,4,conserved_quotient,0.03271773892992715,0.12766460488438208,0.951,0.6993865030674846,0.8931726948222044,0.0,0.0,5.854827030937197e-32,0.00926619883040936,0.9407631714911063,0.07000426900584795,0.071,0.092
support_burden,14,160,3000,4,object_only,0.08088318660255459,0.3014709090269513,0.929,0.0,0.5672715879056182,0.0,1.0,3.707415142945429e-33,0.0957449145978558,0.2131870521960175,0.16674491459785576,0.071,0.092
support_burden,14,160,3000,4,access_only,0.03625678337950138,0.1363262736415013,0.951,0.6993865030674846,0.8858971313829634,0.0,0.0,4.930380657631324e-32,0.013288421052631571,0.8624183011708914,0.07444842105263158,0.071,0.092
support_burden,14,160,3000,4,context_table,0.0813813791434329,0.3436147151476857,0.9036666666666666,0.10526315789473684,0.5297903916742892,0.033773861967694566,0.9154929577464789,0.009016770862860133,0.10319311295279085,0.14152678373575506,0.1604539371952151,0.071,0.092
support_burden,14,160,3000,8,conserved_quotient,0.03271773892992715,0.12766460488438208,0.951,0.6993865030674846,0.8931726948222044,0.0,0.0,5.854827030937197e-32,0.00926619883040936,0.9407631714911063,0.07000426900584795,0.071,0.092
support_burden,14,160,3000,8,object_only,0.08088318660255459,0.3014709090269513,0.929,0.0,0.5672715879056182,0.0,1.0,3.707415142945429e-33,0.0957449145978558,0.2131870521960175,0.16674491459785576,0.071,0.092
support_burden,14,160,3000,8,access_only,0.03625678337950138,0.1363262736415013,0.951,0.6993865030674846,0.8858971313829634,0.0,0.0,4.930380657631324e-32,0.013288421052631571,0.8624183011708914,0.07444842105263158,0.071,0.092
support_burden,14,160,3000,8,context_table,0.08195864991154186,0.3313739910362062,0.9056666666666666,0.09584664536741214,0.5532291945669954,0.0315712187958884,0.9342723004694836,0.005506849700742534,0.10799118245829861,0.16799934746525297,0.1703357824582986,0.071,0.092
support_burden,14,160,3000,12,conserved_quotient,0.03271773892992715,0.12766460488438208,0.951,0.6993865030674846,0.8931726948222044,0.0,0.0,5.854827030937197e-32,0.00926619883040936,0.9407631714911063,0.07000426900584795,0.071,0.092
support_burden,14,160,3000,12,object_only,0.08088318660255459,0.3014709090269513,0.929,0.0,0.5672715879056182,0.0,1.0,3.707415142945429e-33,0.0957449145978558,0.2131870521960175,0.16674491459785576,0.071,0.092
support_burden,14,160,3000,12,access_only,0.03625678337950138,0.1363262736415013,0.951,0.6993865030674846,0.8858971313829634,0.0,0.0,4.930380657631324e-32,0.013288421052631571,0.8624183011708914,0.07444842105263158,0.071,0.092
support_burden,14,160,3000,12,context_table,0.08165452221847415,0.3254834340522673,0.908,0.0547945205479452,0.5422695243341402,0.026064610866372982,0.9624413145539906,0.0040456985082531205,0.10685946877062613,0.1372984792699718,0.16994874351810088,0.071,0.092
support_burden,15,160,3000,4,conserved_quotient,0.028943844240227938,0.12277433918194941,0.9693333333333334,0.766497461928934,0.8950446829878381,0.0,0.0,3.0814879110195774e-32,0.013006667893509998,1.0370343320992845,0.06139438719175561,0.07033333333333333,0.085
support_burden,15,160,3000,4,object_only,0.07773388461697478,0.2946327970954704,0.9296666666666666,0.0,0.5748242503130953,0.0,1.0,1.925929944387236e-33,0.08988920021149711,0.1862123235268775,0.15525762126412868,0.07033333333333333,0.085
support_burden,15,160,3000,4,access_only,0.03455029963065558,0.13488470469383218,0.9546666666666667,0.7081545064377682,0.8863850706652234,0.0,0.0,3.0814879110195774e-32,0.007499122807017563,1.0140322236620345,0.06283421052631578,0.07033333333333333,0.085
support_burden,15,160,3000,4,context_table,0.07645671506404603,0.41301221047304215,0.9296666666666666,0.0,0.47285969422868107,0.0,1.0,0.0061717846117305035,0.0827504934302984,0.0015743031716804817,0.12547477062328088,0.07033333333333333,0.085
support_burden,15,160,3000,8,conserved_quotient,0.028943844240227938,0.12277433918194941,0.9693333333333334,0.766497461928934,0.8950446829878381,0.0,0.0,3.0814879110195774e-32,0.013006667893509998,1.0370343320992845,0.06139438719175561,0.07033333333333333,0.085
support_burden,15,160,3000,8,object_only,0.07773388461697478,0.2946327970954704,0.9296666666666666,0.0,0.5748242503130953,0.0,1.0,1.925929944387236e-33,0.08988920021149711,0.1862123235268775,0.15525762126412868,0.07033333333333333,0.085
support_burden,15,160,3000,8,access_only,0.03455029963065558,0.13488470469383218,0.9546666666666667,0.7081545064377682,0.8863850706652234,0.0,0.0,3.0814879110195774e-32,0.007499122807017563,1.0140322236620345,0.06283421052631578,0.07033333333333333,0.085
support_burden,15,160,3000,8,context_table,0.07862307436312459,0.38778340900921043,0.9263333333333333,0.008968609865470852,0.5301939406503885,0.004007285974499089,0.994535519125683,0.005956901280639299,0.08035812069650411,0.07775427071399832,0.14219908560878483,0.07033333333333333,0.085
support_burden,15,160,3000,12,conserved_quotient,0.028943844240227938,0.12277433918194941,0.9693333333333334,0.766497461928934,0.8950446829878381,0.0,0.0,3.0814879110195774e-32,0.013006667893509998,1.0370343320992845,0.06139438719175561,0.07033333333333333,0.085
support_burden,15,160,3000,12,object_only,0.07773388461697478,0.2946327970954704,0.9296666666666666,0.0,0.5748242503130953,0.0,1.0,1.925929944387236e-33,0.08988920021149711,0.1862123235268775,0.15525762126412868,0.07033333333333333,0.085
support_burden,15,160,3000,12,access_only,0.03455029963065558,0.13488470469383218,0.9546666666666667,0.7081545064377682,0.8863850706652234,0.0,0.0,3.0814879110195774e-32,0.007499122807017563,1.0140322236620345,0.06283421052631578,0.07033333333333333,0.085
support_burden,15,160,3000,12,context_table,0.07832316537639572,0.36509656501116683,0.9263333333333333,0.008968609865470852,0.542345606215345,0.004007285974499089,0.994535519125683,0.004744647992818385,0.07805118447364569,0.10939167527433033,0.14705169324557552,0.07033333333333333,0.085
support_burden,16,160,3000,4,conserved_quotient,0.031313001940687514,0.1304741972966934,0.963,0.7388235294117647,0.8820408333681266,0.0,0.0,2.792598419361492e-32,0.010665085470085489,0.9324896971193257,0.06849175213675214,0.07166666666666667,0.092
support_burden,16,160,3000,4,object_only,0.08577055594028932,0.31491927439857953,0.9283333333333333,0.0,0.6137296981336896,0.0,1.0,2.3231529954171032e-33,0.11880614035087717,0.2672618210050969,0.19003947368421048,0.07166666666666667,0.092
support_burden,16,160,3000,4,access_only,0.03778215802469135,0.14442776904887325,0.9476666666666667,0.6802443991853361,0.8729372468790447,0.0,0.0,4.0059342843254506e-32,0.008497777777777769,0.9595393585377496,0.06632444444444445,0.07166666666666667,0.092
support_burden,16,160,3000,4,context_table,0.114081779029959,0.6930008811232504,0.8756666666666667,0.17660044150110377,0.5613644524236984,0.0723201174743025,0.8047619047619048,0.04884087644868862,0.14144609949874687,0.12941813161658455,0.2020295328320802,0.07166666666666667,0.092
support_burden,16,160,3000,8,conserved_quotient,0.031313001940687514,0.1304741972966934,0.963,0.7388235294117647,0.8820408333681266,0.0,0.0,2.792598419361492e-32,0.010665085470085489,0.9324896971193257,0.06849175213675214,0.07166666666666667,0.092
support_burden,16,160,3000,8,object_only,0.08577055594028932,0.31491927439857953,0.9283333333333333,0.0,0.6137296981336896,0.0,1.0,2.3231529954171032e-33,0.11880614035087717,0.2672618210050969,0.19003947368421048,0.07166666666666667,0.092
support_burden,16,160,3000,8,access_only,0.03778215802469135,0.14442776904887325,0.9476666666666667,0.6802443991853361,0.8729372468790447,0.0,0.0,4.0059342843254506e-32,0.008497777777777769,0.9595393585377496,0.06632444444444445,0.07166666666666667,0.092
support_burden,16,160,3000,8,context_table,0.10976699086714323,0.6201195390659765,0.88,0.1743119266055046,0.5878101123126384,0.06681350954478708,0.8142857142857143,0.04032990107308113,0.1375999522290575,0.15521660994948067,0.20926661889572415,0.07166666666666667,0.092
support_burden,16,160,3000,12,conserved_quotient,0.031313001940687514,0.1304741972966934,0.963,0.7388235294117647,0.8820408333681266,0.0,0.0,2.792598419361492e-32,0.010665085470085489,0.9324896971193257,0.06849175213675214,0.07166666666666667,0.092
support_burden,16,160,3000,12,object_only,0.08577055594028932,0.31491927439857953,0.9283333333333333,0.0,0.6137296981336896,0.0,1.0,2.3231529954171032e-33,0.11880614035087717,0.2672618210050969,0.19003947368421048,0.07166666666666667,0.092
support_burden,16,160,3000,12,access_only,0.03778215802469135,0.14442776904887325,0.9476666666666667,0.6802443991853361,0.8729372468790447,0.0,0.0,4.0059342843254506e-32,0.008497777777777769,0.9595393585377496,0.06632444444444445,0.07166666666666667,0.092
support_burden,16,160,3000,12,context_table,0.1019756918651292,0.5387848161428663,0.893,0.15748031496062992,0.597007223080456,0.04955947136563876,0.8523809523809524,0.03599132152119928,0.13254052082985238,0.18704170098712236,0.20420718749651906,0.07166666666666667,0.092
support_burden,17,160,3000,4,conserved_quotient,0.02254522152879776,0.0988300546145844,0.9773333333333334,0.8333333333333334,0.9219599380760102,0.0,0.0,2.5422275265911513e-32,0.013329684343434354,1.1735769697878533,0.06154693903318902,0.071,0.083
support_burden,17,160,3000,4,object_only,0.07829959697136771,0.29684380459162574,0.929,0.0,0.6010838382766399,0.0,1.0,3.382414464830083e-33,0.10043100788100788,0.31861805046148933,0.17143100788100787,0.071,0.083
support_burden,17,160,3000,4,access_only,0.028891376308539937,0.11262201152816514,0.9653333333333334,0.7748917748917749,0.9148292457772589,0.0,0.0,4.622231866529366e-32,0.010898181818181824,1.1704337287133848,0.06010181818181819,0.071,0.083
support_burden,17,160,3000,4,context_table,0.07837645647602715,0.45067564973162816,0.925,0.017467248908296942,0.4944115115282052,0.004725554343874954,0.9846153846153847,0.008105469854729009,0.08647202334054832,0.04405795941523391,0.1264241996031746,0.071,0.083
support_burden,17,160,3000,8,conserved_quotient,0.02254522152879776,0.0988300546145844,0.9773333333333334,0.8333333333333334,0.9219599380760102,0.0,0.0,2.5422275265911513e-32,0.013329684343434354,1.1735769697878533,0.06154693903318902,0.071,0.083
support_burden,17,160,3000,8,object_only,0.07829959697136771,0.29684380459162574,0.929,0.0,0.6010838382766399,0.0,1.0,3.382414464830083e-33,0.10043100788100788,0.31861805046148933,0.17143100788100787,0.071,0.083
support_burden,17,160,3000,8,access_only,0.028891376308539937,0.11262201152816514,0.9653333333333334,0.7748917748917749,0.9148292457772589,0.0,0.0,4.622231866529366e-32,0.010898181818181824,1.1704337287133848,0.06010181818181819,0.071,0.083
support_burden,17,160,3000,8,context_table,0.0795741706744568,0.4241122155936878,0.9253333333333333,0.008849557522123894,0.5122458227417369,0.004362050163576881,0.9948717948717949,0.00918118073334286,0.08221870084915085,0.0903449145046017,0.14087836495171494,0.071,0.083
support_burden,17,160,3000,12,conserved_quotient,0.02254522152879776,0.0988300546145844,0.9773333333333334,0.8333333333333334,0.9219599380760102,0.0,0.0,2.5422275265911513e-32,0.013329684343434354,1.1735769697878533,0.06154693903318902,0.071,0.083
support_burden,17,160,3000,12,object_only,0.07829959697136771,0.29684380459162574,0.929,0.0,0.6010838382766399,0.0,1.0,3.382414464830083e-33,0.10043100788100788,0.31861805046148933,0.17143100788100787,0.071,0.083
support_burden,17,160,3000,12,access_only,0.028891376308539937,0.11262201152816514,0.9653333333333334,0.7748917748917749,0.9148292457772589,0.0,0.0,4.622231866529366e-32,0.010898181818181824,1.1704337287133848,0.06010181818181819,0.071,0.083
support_burden,17,160,3000,12,context_table,0.07892986123042357,0.38855811191718054,0.926,0.017699115044247787,0.5327012908692437,0.003998545983278807,0.9897435897435898,0.010464479669758237,0.07965287153124652,0.16091767184681643,0.15065287153124654,0.071,0.083
support_burden,18,160,3000,4,conserved_quotient,0.02635123476552485,0.11138186172153713,0.9703333333333334,0.7746835443037975,0.897205133579081,0.0,0.0,1.5407439555097887e-32,0.00908949110413397,1.0833410451088872,0.06013159733124019,0.06766666666666667,0.08633333333333333
support_burden,18,160,3000,4,object_only,0.07882017696374807,0.2982696114236932,0.9323333333333333,0.0,0.5923500020253931,0.0,1.0,1.552781017662209e-33,0.10880407239819005,0.26938727646619154,0.17530834590246355,0.06766666666666667,0.08633333333333333
support_burden,18,160,3000,4,access_only,0.033007292592592594,0.12592105763378778,0.9553333333333334,0.70995670995671,0.8880609238258443,0.0,0.0,0.0,0.0071411111111111085,1.0576485953999284,0.06052555555555556,0.06766666666666667,0.08633333333333333
support_burden,18,160,3000,4,context_table,0.07746841746774814,0.42474694482248476,0.9323333333333333,0.0,0.46481715983522104,0.0,1.0,0.0073530507975134276,0.09337122978350626,0.0018767354817328784,0.13897313840821485,0.06766666666666667,0.08633333333333333
support_burden,18,160,3000,8,conserved_quotient,0.02635123476552485,0.11138186172153713,0.9703333333333334,0.7746835443037975,0.897205133579081,0.0,0.0,1.5407439555097887e-32,0.00908949110413397,1.0833410451088872,0.06013159733124019,0.06766666666666667,0.08633333333333333
support_burden,18,160,3000,8,object_only,0.07882017696374807,0.2982696114236932,0.9323333333333333,0.0,0.5923500020253931,0.0,1.0,1.552781017662209e-33,0.10880407239819005,0.26938727646619154,0.17530834590246355,0.06766666666666667,0.08633333333333333
support_burden,18,160,3000,8,access_only,0.033007292592592594,0.12592105763378778,0.9553333333333334,0.70995670995671,0.8880609238258443,0.0,0.0,0.0,0.0071411111111111085,1.0576485953999284,0.06052555555555556,0.06766666666666667,0.08633333333333333
support_burden,18,160,3000,8,context_table,0.07969407505261346,0.41225992378038107,0.9293333333333333,0.009345794392523364,0.5156580502332725,0.003283473184968989,0.9895833333333334,0.009558854744137247,0.09464988149824032,0.08257680788380604,0.15260559431875315,0.06766666666666667,0.08633333333333333
support_burden,18,160,3000,12,conserved_quotient,0.02635123476552485,0.11138186172153713,0.9703333333333334,0.7746835443037975,0.897205133579081,0.0,0.0,1.5407439555097887e-32,0.00908949110413397,1.0833410451088872,0.06013159733124019,0.06766666666666667,0.08633333333333333
support_burden,18,160,3000,12,object_only,0.07882017696374807,0.2982696114236932,0.9323333333333333,0.0,0.5923500020253931,0.0,1.0,1.552781017662209e-33,0.10880407239819005,0.26938727646619154,0.17530834590246355,0.06766666666666667,0.08633333333333333
support_burden,18,160,3000,12,access_only,0.033007292592592594,0.12592105763378778,0.9553333333333334,0.70995670995671,0.8880609238258443,0.0,0.0,0.0,0.0071411111111111085,1.0576485953999284,0.06052555555555556,0.06766666666666667,0.08633333333333333
support_burden,18,160,3000,12,context_table,0.07812885675639462,0.3757642344414366,0.9306666666666666,0.0,0.5360564010348878,0.0018241517694272164,1.0,0.004959950409077915,0.09208805186861066,0.12126881414722562,0.15720523135579018,0.06766666666666667,0.08633333333333333
support_burden,19,160,3000,4,conserved_quotient,0.028390194295521476,0.11699275374382107,0.967,0.762589928057554,0.9149510441108044,0.0,0.0,1.8488927466117464e-32,0.012418405220963364,1.030771755031085,0.06462572119525609,0.07233333333333333,0.08966666666666667
support_burden,19,160,3000,4,object_only,0.08348765761488448,0.31419238920936216,0.9276666666666666,0.0,0.5648928401701575,0.0,1.0,3.4696831654351296e-33,0.11096656712852364,0.17830673900704655,0.1767284718904284,0.07233333333333333,0.08966666666666667
support_burden,19,160,3000,4,access_only,0.033194833585722006,0.12688545813859672,0.9566666666666667,0.7325102880658436,0.9068505127411158,0.0,0.0,6.162975822039155e-33,0.009012945736434116,1.088755213723788,0.06332038759689923,0.07233333333333333,0.08966666666666667
support_burden,19,160,3000,4,context_table,0.10846096520782364,0.6186859922603972,0.9,0.07975460122699386,0.5504138854897493,0.03515195898938118,0.935,0.033717087742947904,0.1246520447045708,0.07642102339000288,0.1969853780379041,0.07233333333333333,0.08966666666666667
support_burden,19,160,3000,8,conserved_quotient,0.028390194295521476,0.11699275374382107,0.967,0.762589928057554,0.9149510441108044,0.0,0.0,1.8488927466117464e-32,0.012418405220963364,1.030771755031085,0.06462572119525609,0.07233333333333333,0.08966666666666667
support_burden,19,160,3000,8,object_only,0.08348765761488448,0.31419238920936216,0.9276666666666666,0.0,0.5648928401701575,0.0,1.0,3.4696831654351296e-33,0.11096656712852364,0.17830673900704655,0.1767284718904284,0.07233333333333333,0.08966666666666667
support_burden,19,160,3000,8,access_only,0.033194833585722006,0.12688545813859672,0.9566666666666667,0.7325102880658436,0.9068505127411158,0.0,0.0,6.162975822039155e-33,0.009012945736434116,1.088755213723788,0.06332038759689923,0.07233333333333333,0.08966666666666667
support_burden,19,160,3000,8,context_table,0.1061865152777731,0.5719272778139783,0.9023333333333333,0.06984126984126984,0.5665536809231824,0.03149029659465397,0.94,0.028527454130617153,0.12951229925762642,0.0736431173792669,0.20184563259095975,0.07233333333333333,0.08966666666666667
support_burden,19,160,3000,12,conserved_quotient,0.028390194295521476,0.11699275374382107,0.967,0.762589928057554,0.9149510441108044,0.0,0.0,1.8488927466117464e-32,0.012418405220963364,1.030771755031085,0.06462572119525609,0.07233333333333333,0.08966666666666667
support_burden,19,160,3000,12,object_only,0.08348765761488448,0.31419238920936216,0.9276666666666666,0.0,0.5648928401701575,0.0,1.0,3.4696831654351296e-33,0.11096656712852364,0.17830673900704655,0.1767284718904284,0.07233333333333333,0.08966666666666667
support_burden,19,160,3000,12,access_only,0.033194833585722006,0.12688545813859672,0.9566666666666667,0.7325102880658436,0.9068505127411158,0.0,0.0,6.162975822039155e-33,0.009012945736434116,1.088755213723788,0.06332038759689923,0.07233333333333333,0.08966666666666667
support_burden,19,160,3000,12,context_table,0.10177563140132626,0.523894612940028,0.906,0.06,0.5662937088412034,0.027096301720981326,0.955,0.02379260192772962,0.12569995002787068,0.0758398062899084,0.198033283361204,0.07233333333333333,0.08966666666666667
support_burden,0,320,3000,4,conserved_quotient,0.0314541309592631,0.12719877094072096,0.9633333333333334,0.7417840375586855,0.895755479668033,0.0,0.0,2.7733391199176196e-32,0.013268243727598567,0.890114356653498,0.07278222222222223,0.07133333333333333,0.09333333333333334
support_burden,0,320,3000,4,object_only,0.08456521115298221,0.3181570570176689,0.9286666666666666,0.0,0.6232916921053867,0.0,1.0,4.670380115139047e-33,0.12948272444858655,0.34139411187054464,0.20081605778191985,0.07133333333333333,0.09333333333333334
support_burden,0,320,3000,4,access_only,0.03608669086985008,0.13603000772330276,0.95,0.6963562753036437,0.8869799598795043,0.0,0.0,3.0814879110195774e-33,0.008818637992831536,0.927127384997615,0.0702853046594982,0.07133333333333333,0.09333333333333334
support_burden,0,320,3000,4,context_table,0.1474023457269798,1.0910827691865332,0.872,0.13513513513513514,0.4519627510046897,0.0713235294117647,0.8301886792452831,0.08954308324845096,0.2126424716453845,0.01520945117736701,0.2276337192644321,0.07133333333333333,0.09333333333333334
support_burden,0,320,3000,8,conserved_quotient,0.0314541309592631,0.12719877094072096,0.9633333333333334,0.7417840375586855,0.895755479668033,0.0,0.0,2.7733391199176196e-32,0.013268243727598567,0.890114356653498,0.07278222222222223,0.07133333333333333,0.09333333333333334
support_burden,0,320,3000,8,object_only,0.08456521115298221,0.3181570570176689,0.9286666666666666,0.0,0.6232916921053867,0.0,1.0,4.670380115139047e-33,0.12948272444858655,0.34139411187054464,0.20081605778191985,0.07133333333333333,0.09333333333333334
support_burden,0,320,3000,8,access_only,0.03608669086985008,0.13603000772330276,0.95,0.6963562753036437,0.8869799598795043,0.0,0.0,3.0814879110195774e-33,0.008818637992831536,0.927127384997615,0.0702853046594982,0.07133333333333333,0.09333333333333334
support_burden,0,320,3000,8,context_table,0.13332130792493294,0.9252521275052379,0.8786666666666667,0.11650485436893204,0.4905619553038893,0.06139705882352941,0.8537735849056604,0.070113194814152,0.1916847726275806,0.01600804474539231,0.22009459167519965,0.07133333333333333,0.09333333333333334
support_burden,0,320,3000,8,monolithic_logistic,0.03227725950403748,0.15098003855093495,0.961,0.7096774193548387,0.8937813231712636,0.0,0.10849056603773585,0.00915104492517756,0.016438608474138534,0.9197514164322905,0.0668209294311856,0.07133333333333333,0.09333333333333334
support_burden,0,320,3000,12,conserved_quotient,0.0314541309592631,0.12719877094072096,0.9633333333333334,0.7417840375586855,0.895755479668033,0.0,0.0,2.7733391199176196e-32,0.013268243727598567,0.890114356653498,0.07278222222222223,0.07133333333333333,0.09333333333333334
support_burden,0,320,3000,12,object_only,0.08456521115298221,0.3181570570176689,0.9286666666666666,0.0,0.6232916921053867,0.0,1.0,4.670380115139047e-33,0.12948272444858655,0.34139411187054464,0.20081605778191985,0.07133333333333333,0.09333333333333334
support_burden,0,320,3000,12,access_only,0.03608669086985008,0.13603000772330276,0.95,0.6963562753036437,0.8869799598795043,0.0,0.0,3.0814879110195774e-33,0.008818637992831536,0.927127384997615,0.0702853046594982,0.07133333333333333,0.09333333333333334
support_burden,0,320,3000,12,context_table,0.11362724718025342,0.6983323841346846,0.897,0.08849557522123894,0.5403553146238536,0.04007352941176471,0.9245283018867925,0.0399300927205754,0.16705155135397973,0.02869567433733759,0.20788414183017023,0.07133333333333333,0.09333333333333334
support_burden,1,320,3000,4,conserved_quotient,0.03059068667737722,0.12658451399774304,0.9643333333333334,0.7505827505827506,0.887324128668279,0.0,0.0,4.8148248609680896e-33,0.013225736237757522,1.0394140646134957,0.06531369300911853,0.073,0.09633333333333334
support_burden,1,320,3000,4,object_only,0.081908666000058,0.30831706712293255,0.927,0.0,0.5891625987826724,0.0,1.0,1.552781017662209e-33,0.10973443641022297,0.3238383373359873,0.182734436410223,0.073,0.09633333333333334
support_burden,1,320,3000,4,access_only,0.03789769275690357,0.14281782743185692,0.9466666666666667,0.6850393700787402,0.8777648065230634,0.0,0.0,6.162975822039155e-33,0.0075980851063829815,1.0180326648275673,0.06540191489361702,0.073,0.09633333333333334
support_burden,1,320,3000,4,context_table,0.1126629652273886,0.7222850509503806,0.8956666666666667,0.11331444759206799,0.5245756018908477,0.041313168572482475,0.8952380952380953,0.0367323471680686,0.1265290992052882,0.0942322488467368,0.1885320427238067,0.073,0.09633333333333334
support_burden,1,320,3000,8,conserved_quotient,0.03059068667737722,0.12658451399774304,0.9643333333333334,0.7505827505827506,0.887324128668279,0.0,0.0,4.8148248609680896e-33,0.013225736237757522,1.0394140646134957,0.06531369300911853,0.073,0.09633333333333334
support_burden,1,320,3000,8,object_only,0.081908666000058,0.30831706712293255,0.927,0.0,0.5891625987826724,0.0,1.0,1.552781017662209e-33,0.10973443641022297,0.3238383373359873,0.182734436410223,0.073,0.09633333333333334
support_burden,1,320,3000,8,access_only,0.03789769275690357,0.14281782743185692,0.9466666666666667,0.6850393700787402,0.8777648065230634,0.0,0.0,6.162975822039155e-33,0.0075980851063829815,1.0180326648275673,0.06540191489361702,0.073,0.09633333333333334
support_burden,1,320,3000,8,context_table,0.0892897425641955,0.46257647183222134,0.9193333333333333,0.016260162601626018,0.5294275079264218,0.009221689413500553,0.9904761904761905,0.011323405118007206,0.1051819331499383,0.07992131386896485,0.16722804965320626,0.073,0.09633333333333334
support_burden,1,320,3000,8,monolithic_logistic,0.03779188757498207,0.177151662060604,0.9536666666666667,0.7085953878406709,0.8803935380164488,0.0,0.004761904761904762,0.013206401601929482,0.028025464965845653,0.749465112117568,0.08940891032991832,0.073,0.09633333333333334
support_burden,1,320,3000,12,conserved_quotient,0.03059068667737722,0.12658451399774304,0.9643333333333334,0.7505827505827506,0.887324128668279,0.0,0.0,4.8148248609680896e-33,0.013225736237757522,1.0394140646134957,0.06531369300911853,0.073,0.09633333333333334
support_burden,1,320,3000,12,object_only,0.081908666000058,0.30831706712293255,0.927,0.0,0.5891625987826724,0.0,1.0,1.552781017662209e-33,0.10973443641022297,0.3238383373359873,0.182734436410223,0.073,0.09633333333333334
support_burden,1,320,3000,12,access_only,0.03789769275690357,0.14281782743185692,0.9466666666666667,0.6850393700787402,0.8777648065230634,0.0,0.0,6.162975822039155e-33,0.0075980851063829815,1.0180326648275673,0.06540191489361702,0.073,0.09633333333333334
support_burden,1,320,3000,12,context_table,0.0893953190429282,0.4297770084289864,0.895,0.09221902017291066,0.539141171583429,0.03799336038362228,0.8809523809523809,0.01735881489254101,0.10633112817397172,0.11889527881895012,0.17236584210466027,0.073,0.09633333333333334
support_burden,2,320,3000,4,conserved_quotient,0.027430119412802347,0.1101424913848751,0.9643333333333334,0.703601108033241,0.8908541087231353,0.0,0.0,2.792598419361492e-32,0.006249140686952981,1.0218613392246019,0.05257351941156918,0.058333333333333334,0.08233333333333333
support_burden,2,320,3000,4,object_only,0.06846005641353874,0.2712685985253527,0.9416666666666667,0.0,0.5771853350189633,0.0,1.0,1.2037062152420224e-33,0.10272098912573596,0.24357243657906763,0.1610543224590693,0.058333333333333334,0.08233333333333333
support_burden,2,320,3000,4,access_only,0.032047934368256474,0.11978070451310482,0.9526666666666667,0.6635071090047393,0.8832242730720606,0.0,0.0,4.0059342843254506e-32,0.007516819923371655,1.117683162091114,0.0508165134099617,0.058333333333333334,0.08233333333333333
support_burden,2,320,3000,4,context_table,0.1047295660461455,0.7329479649952925,0.9043333333333333,0.03367003367003367,0.46337901390644753,0.036687250272430076,1.0,0.05693097710843986,0.12739024953885467,-0.02253514711626586,0.16406633463986478,0.058333333333333334,0.08233333333333333
support_burden,2,320,3000,8,conserved_quotient,0.027430119412802347,0.1101424913848751,0.9643333333333334,0.703601108033241,0.8908541087231353,0.0,0.0,2.792598419361492e-32,0.006249140686952981,1.0218613392246019,0.05257351941156918,0.058333333333333334,0.08233333333333333
support_burden,2,320,3000,8,object_only,0.06846005641353874,0.2712685985253527,0.9416666666666667,0.0,0.5771853350189633,0.0,1.0,1.2037062152420224e-33,0.10272098912573596,0.24357243657906763,0.1610543224590693,0.058333333333333334,0.08233333333333333
support_burden,2,320,3000,8,access_only,0.032047934368256474,0.11978070451310482,0.9526666666666667,0.6635071090047393,0.8832242730720606,0.0,0.0,4.0059342843254506e-32,0.007516819923371655,1.117683162091114,0.0508165134099617,0.058333333333333334,0.08233333333333333
support_burden,2,320,3000,8,context_table,0.07416494798979449,0.4065892010184837,0.9353333333333333,0.0,0.4950857142857143,0.005085361423901199,1.0,0.01989474672593259,0.09322599996018983,-0.012858950616877907,0.14790327800344286,0.058333333333333334,0.08233333333333333
support_burden,2,320,3000,8,monolithic_logistic,0.028912281217112073,0.12026382943660678,0.9623333333333334,0.6143344709897611,0.8872273072060682,0.0,0.3655913978494624,0.006953608701101116,0.009673281972684763,1.1851369633480686,0.048798239932666965,0.058333333333333334,0.08233333333333333
support_burden,2,320,3000,12,conserved_quotient,0.027430119412802347,0.1101424913848751,0.9643333333333334,0.703601108033241,0.8908541087231353,0.0,0.0,2.792598419361492e-32,0.006249140686952981,1.0218613392246019,0.05257351941156918,0.058333333333333334,0.08233333333333333
support_burden,2,320,3000,12,object_only,0.06846005641353874,0.2712685985253527,0.9416666666666667,0.0,0.5771853350189633,0.0,1.0,1.2037062152420224e-33,0.10272098912573596,0.24357243657906763,0.1610543224590693,0.058333333333333334,0.08233333333333333
support_burden,2,320,3000,12,access_only,0.032047934368256474,0.11978070451310482,0.9526666666666667,0.6635071090047393,0.8832242730720606,0.0,0.0,4.0059342843254506e-32,0.007516819923371655,1.117683162091114,0.0508165134099617,0.058333333333333334,0.08233333333333333
support_burden,2,320,3000,12,context_table,0.07552944421004935,0.39480890735774166,0.931,0.009569377990430622,0.5231777496839444,0.010533962949509626,1.0,0.020185342443690184,0.09731131482158842,0.04038394279684068,0.1556446481549217,0.058333333333333334,0.08233333333333333
support_burden,3,320,3000,4,conserved_quotient,0.02530757392933565,0.10622236889209688,0.9716666666666667,0.8179871520342612,0.9237080060119631,0.0,0.0,1.5455587803707568e-32,0.00958557517018577,1.0928888719887764,0.06974775816314757,0.07933333333333334,0.10133333333333333
support_burden,3,320,3000,4,object_only,0.09086434772728383,0.3264986835676715,0.9206666666666666,0.0,0.6180577951673066,0.0,1.0,1.7453740121009325e-33,0.1143391339336848,0.29155798541414046,0.19367246726701814,0.07933333333333334,0.10133333333333333
support_burden,3,320,3000,4,access_only,0.03515585962092759,0.12771961291614384,0.956,0.7564575645756457,0.9130319035651915,0.0,0.0,1.232595164407831e-32,0.01636535825545174,1.2666706090160509,0.06296797507788161,0.07933333333333334,0.10133333333333333
support_burden,3,320,3000,4,context_table,0.08744429592249647,0.4272101929539596,0.9206666666666666,0.0,0.5755617960435442,0.0,1.0,0.007871803079676816,0.10029348634434056,0.23926341489723593,0.16155501924963753,0.07933333333333334,0.10133333333333333
support_burden,3,320,3000,8,conserved_quotient,0.02530757392933565,0.10622236889209688,0.9716666666666667,0.8179871520342612,0.9237080060119631,0.0,0.0,1.5455587803707568e-32,0.00958557517018577,1.0928888719887764,0.06974775816314757,0.07933333333333334,0.10133333333333333
support_burden,3,320,3000,8,object_only,0.09086434772728383,0.3264986835676715,0.9206666666666666,0.0,0.6180577951673066,0.0,1.0,1.7453740121009325e-33,0.1143391339336848,0.29155798541414046,0.19367246726701814,0.07933333333333334,0.10133333333333333
support_burden,3,320,3000,8,access_only,0.03515585962092759,0.12771961291614384,0.956,0.7564575645756457,0.9130319035651915,0.0,0.0,1.232595164407831e-32,0.01636535825545174,1.2666706090160509,0.06296797507788161,0.07933333333333334,0.10133333333333333
support_burden,3,320,3000,8,context_table,0.09200077717322593,0.4980400973373745,0.915,0.0449438202247191,0.4937568075745867,0.008531157270029673,0.9737991266375546,0.013449421939249896,0.11215353122674097,0.06999478434300775,0.15626527120343092,0.07933333333333334,0.10133333333333333
support_burden,3,320,3000,8,monolithic_logistic,0.04213783825932582,0.182533808970902,0.9393333333333334,0.4090909090909091,0.924611625968273,0.0,0.6943231441048034,0.01851270896968891,0.048420938064705175,1.6744457210652568,0.031520285158990836,0.07933333333333334,0.10133333333333333
support_burden,3,320,3000,12,conserved_quotient,0.02530757392933565,0.10622236889209688,0.9716666666666667,0.8179871520342612,0.9237080060119631,0.0,0.0,1.5455587803707568e-32,0.00958557517018577,1.0928888719887764,0.06974775816314757,0.07933333333333334,0.10133333333333333
support_burden,3,320,3000,12,object_only,0.09086434772728383,0.3264986835676715,0.9206666666666666,0.0,0.6180577951673066,0.0,1.0,1.7453740121009325e-33,0.1143391339336848,0.29155798541414046,0.19367246726701814,0.07933333333333334,0.10133333333333333
support_burden,3,320,3000,12,access_only,0.03515585962092759,0.12771961291614384,0.956,0.7564575645756457,0.9130319035651915,0.0,0.0,1.232595164407831e-32,0.01636535825545174,1.2666706090160509,0.06296797507788161,0.07933333333333334,0.10133333333333333
support_burden,3,320,3000,12,context_table,0.09099089906065497,0.46329235755108167,0.9176666666666666,0.023715415019762844,0.5334080772062627,0.004451038575667656,0.9868995633187773,0.012455824120914193,0.10445822539601037,0.15055062510176703,0.16414669945968077,0.07933333333333334,0.10133333333333333
support_burden,4,320,3000,4,conserved_quotient,0.02664214443980267,0.11190278044475069,0.9696666666666667,0.789838337182448,0.8966677567037279,0.0,0.0,5.238529448733282e-32,0.007328716931216926,1.0247590914802909,0.06849562169312169,0.07333333333333333,0.09433333333333334
support_burden,4,320,3000,4,object_only,0.08836607458832554,0.3247109053509593,0.9266666666666666,0.0,0.5978744277305429,0.0,1.0,1.0712985315654e-33,0.1328711315082513,0.3531814079612666,0.20620446484158467,0.07333333333333333,0.09433333333333334
support_burden,4,320,3000,4,access_only,0.034155260544217685,0.12877547962305327,0.9536666666666667,0.7236580516898609,0.8881605624591236,0.0,0.0,5.546678239835239e-32,0.003633809523809512,0.9941003807111056,0.06969952380952382,0.07333333333333333,0.09433333333333334
support_burden,4,320,3000,4,context_table,0.1078716830503727,0.6280822380308362,0.909,0.14420062695924765,0.5305526487900588,0.027972027972027972,0.892018779342723,0.03919821450912097,0.16106646570306501,0.14070254487802067,0.20422304870960095,0.07333333333333333,0.09433333333333334
support_burden,4,320,3000,8,conserved_quotient,0.02664214443980267,0.11190278044475069,0.9696666666666667,0.789838337182448,0.8966677567037279,0.0,0.0,5.238529448733282e-32,0.007328716931216926,1.0247590914802909,0.06849562169312169,0.07333333333333333,0.09433333333333334
support_burden,4,320,3000,8,object_only,0.08836607458832554,0.3247109053509593,0.9266666666666666,0.0,0.5978744277305429,0.0,1.0,1.0712985315654e-33,0.1328711315082513,0.3531814079612666,0.20620446484158467,0.07333333333333333,0.09433333333333334
support_burden,4,320,3000,8,access_only,0.034155260544217685,0.12877547962305327,0.9536666666666667,0.7236580516898609,0.8881605624591236,0.0,0.0,5.546678239835239e-32,0.003633809523809512,0.9941003807111056,0.06969952380952382,0.07333333333333333,0.09433333333333334
support_burden,4,320,3000,8,context_table,0.09790519312332073,0.42834184523620955,0.875,0.08312958435207823,0.5662818835840419,0.0610967979389032,0.9342723004694836,0.016966683197544734,0.1484631492950324,0.11605091065976685,0.2042486455913287,0.07333333333333333,0.09433333333333334
support_burden,4,320,3000,8,monolithic_logistic,0.03477732183548636,0.1533250104129116,0.968,0.7808219178082192,0.9209303466317855,0.0,0.0,0.005847618228716108,0.062341191525943876,0.8741780270252876,0.13484577429330413,0.07333333333333333,0.09433333333333334
support_burden,4,320,3000,12,conserved_quotient,0.02664214443980267,0.11190278044475069,0.9696666666666667,0.789838337182448,0.8966677567037279,0.0,0.0,5.238529448733282e-32,0.007328716931216926,1.0247590914802909,0.06849562169312169,0.07333333333333333,0.09433333333333334
support_burden,4,320,3000,12,object_only,0.08836607458832554,0.3247109053509593,0.9266666666666666,0.0,0.5978744277305429,0.0,1.0,1.0712985315654e-33,0.1328711315082513,0.3531814079612666,0.20620446484158467,0.07333333333333333,0.09433333333333334
support_burden,4,320,3000,12,access_only,0.034155260544217685,0.12877547962305327,0.9536666666666667,0.7236580516898609,0.8881605624591236,0.0,0.0,5.546678239835239e-32,0.003633809523809512,0.9941003807111056,0.06969952380952382,0.07333333333333333,0.09433333333333334
support_burden,4,320,3000,12,context_table,0.12621004121692095,0.7894624838024297,0.8856666666666667,0.09973753280839895,0.5623920863309353,0.05042326094957674,0.9248826291079812,0.052184758701103034,0.1694679657288395,0.07002752540722135,0.2213550614553352,0.07333333333333333,0.09433333333333334
support_burden,5,320,3000,4,conserved_quotient,0.02516377902507378,0.10419675843123029,0.972,0.7910447761194029,0.9218674462236572,0.0,0.0,3.851859888774472e-33,0.010243385245993941,1.1756743099322224,0.058089948087339395,0.06833333333333333,0.08633333333333333
support_burden,5,320,3000,4,object_only,0.07974670360828241,0.30592449624631307,0.9316666666666666,0.0,0.564490597321,0.0,1.0,1.396299209680746e-33,0.12143749046723272,0.3575945794862619,0.18977082380056606,0.06833333333333333,0.08633333333333333
support_burden,5,320,3000,4,access_only,0.031123561914600542,0.11689806869681243,0.96,0.7413793103448276,0.9161865700946813,0.0,0.0,1.5407439555097887e-32,0.011124696969696975,1.192449856452018,0.057208636363636364,0.06833333333333333,0.08633333333333333
support_burden,5,320,3000,4,context_table,0.11341841274205668,0.7501020379581715,0.8776666666666667,0.13238770685579196,0.49038265194816527,0.067493615468807,0.8324873096446701,0.053011474885559164,0.16402516412216953,0.047125273498289225,0.18654004037489283,0.06833333333333333,0.08633333333333333
support_burden,5,320,3000,8,conserved_quotient,0.02516377902507378,0.10419675843123029,0.972,0.7910447761194029,0.9218674462236572,0.0,0.0,3.851859888774472e-33,0.010243385245993941,1.1756743099322224,0.058089948087339395,0.06833333333333333,0.08633333333333333
support_burden,5,320,3000,8,object_only,0.07974670360828241,0.30592449624631307,0.9316666666666666,0.0,0.564490597321,0.0,1.0,1.396299209680746e-33,0.12143749046723272,0.3575945794862619,0.18977082380056606,0.06833333333333333,0.08633333333333333
support_burden,5,320,3000,8,access_only,0.031123561914600542,0.11689806869681243,0.96,0.7413793103448276,0.9161865700946813,0.0,0.0,1.5407439555097887e-32,0.011124696969696975,1.192449856452018,0.057208636363636364,0.06833333333333333,0.08633333333333333
support_burden,5,320,3000,8,context_table,0.10778582410622546,0.6612784028038075,0.9006666666666666,0.1130952380952381,0.5553750163619704,0.0379423568040861,0.868020304568528,0.04725820696426129,0.14942509039145266,0.09156755603985038,0.19736157643133867,0.06833333333333333,0.08633333333333333
support_burden,5,320,3000,8,monolithic_logistic,0.026160720481454413,0.10948629384443748,0.9703333333333334,0.7735368956743003,0.9179370827697544,0.0,0.04568527918781726,0.00793843728264069,0.0179085007103274,1.1644044400075377,0.06949585558892835,0.06833333333333333,0.08633333333333333
support_burden,5,320,3000,12,conserved_quotient,0.02516377902507378,0.10419675843123029,0.972,0.7910447761194029,0.9218674462236572,0.0,0.0,3.851859888774472e-33,0.010243385245993941,1.1756743099322224,0.058089948087339395,0.06833333333333333,0.08633333333333333
support_burden,5,320,3000,12,object_only,0.07974670360828241,0.30592449624631307,0.9316666666666666,0.0,0.564490597321,0.0,1.0,1.396299209680746e-33,0.12143749046723272,0.3575945794862619,0.18977082380056606,0.06833333333333333,0.08633333333333333
support_burden,5,320,3000,12,access_only,0.031123561914600542,0.11689806869681243,0.96,0.7413793103448276,0.9161865700946813,0.0,0.0,1.5407439555097887e-32,0.011124696969696975,1.192449856452018,0.057208636363636364,0.06833333333333333,0.08633333333333333
support_burden,5,320,3000,12,context_table,0.10389216394031882,0.6193195992577175,0.9053333333333333,0.07792207792207792,0.5381020114315633,0.031740240788033565,0.9238578680203046,0.03752589170168633,0.14565821313813052,0.06813318641570337,0.19211463023214762,0.06833333333333333,0.08633333333333333
support_burden,6,320,3000,4,conserved_quotient,0.02691438974681004,0.11188308021365363,0.9686666666666667,0.7661691542288557,0.9190086270957332,0.0,0.0,1.232595164407831e-32,0.006915341293322069,0.9782419480707456,0.06252844568892647,0.06733333333333333,0.086
support_burden,6,320,3000,4,object_only,0.0914014651179896,0.33221170084672647,0.9326666666666666,0.0,0.6004164926857232,0.0,1.0,4.817834126506195e-33,0.1484278153153153,0.2040681164712786,0.209369481981982,0.06733333333333333,0.086
support_burden,6,320,3000,4,access_only,0.03205380631163708,0.12218293645227099,0.9566666666666667,0.717391304347826,0.9104505339740551,0.0,0.0,1.8488927466117464e-32,0.00527025641025642,1.0341212308101229,0.06206307692307693,0.06733333333333333,0.086
support_burden,6,320,3000,4,context_table,0.11876995384898584,0.6552907638559803,0.8786666666666667,0.11650485436893204,0.5868990580258884,0.06528081692195478,0.845,0.03299457597835118,0.16423349603123438,0.0944491292522591,0.23156682936456768,0.06733333333333333,0.086
support_burden,6,320,3000,8,conserved_quotient,0.02691438974681004,0.11188308021365363,0.9686666666666667,0.7661691542288557,0.9190086270957332,0.0,0.0,1.232595164407831e-32,0.006915341293322069,0.9782419480707456,0.06252844568892647,0.06733333333333333,0.086
support_burden,6,320,3000,8,object_only,0.0914014651179896,0.33221170084672647,0.9326666666666666,0.0,0.6004164926857232,0.0,1.0,4.817834126506195e-33,0.1484278153153153,0.2040681164712786,0.209369481981982,0.06733333333333333,0.086
support_burden,6,320,3000,8,access_only,0.03205380631163708,0.12218293645227099,0.9566666666666667,0.717391304347826,0.9104505339740551,0.0,0.0,1.8488927466117464e-32,0.00527025641025642,1.0341212308101229,0.06206307692307693,0.06733333333333333,0.086
support_burden,6,320,3000,8,context_table,0.09362318943982958,0.4143908523522814,0.9063333333333333,0.11356466876971609,0.5900908711314305,0.03391684901531729,0.89,0.021561483632832754,0.14117282603620102,0.1842620994228719,0.2085061593695344,0.06733333333333333,0.086
support_burden,6,320,3000,8,monolithic_logistic,0.02803124024380313,0.1263410034792314,0.9686666666666667,0.7661691542288557,0.9031274106681576,0.0,0.0,0.004715453061462755,0.012549973022245753,0.9583285622976676,0.06522122389199199,0.06733333333333333,0.086
support_burden,6,320,3000,12,conserved_quotient,0.02691438974681004,0.11188308021365363,0.9686666666666667,0.7661691542288557,0.9190086270957332,0.0,0.0,1.232595164407831e-32,0.006915341293322069,0.9782419480707456,0.06252844568892647,0.06733333333333333,0.086
support_burden,6,320,3000,12,object_only,0.0914014651179896,0.33221170084672647,0.9326666666666666,0.0,0.6004164926857232,0.0,1.0,4.817834126506195e-33,0.1484278153153153,0.2040681164712786,0.209369481981982,0.06733333333333333,0.086
support_burden,6,320,3000,12,access_only,0.03205380631163708,0.12218293645227099,0.9566666666666667,0.717391304347826,0.9104505339740551,0.0,0.0,1.8488927466117464e-32,0.00527025641025642,1.0341212308101229,0.06206307692307693,0.06733333333333333,0.086
support_burden,6,320,3000,12,context_table,0.09546752298466216,0.4413645475477277,0.908,0.10967741935483871,0.5685072081189534,0.032458059810357404,0.905,0.022173382209875612,0.1422402796903685,0.16379270448809785,0.2093981744272106,0.06733333333333333,0.086
support_burden,7,320,3000,4,conserved_quotient,0.028502602343480305,0.11853284543621471,0.9633333333333334,0.6839080459770115,0.8979140460487453,0.0,0.3140096618357488,1.6370404527291505e-32,0.01155761877851439,1.0582314848063896,0.061994009316892515,0.06866666666666667,0.09433333333333334
support_burden,7,320,3000,4,object_only,0.07740544250508097,0.29452792909866776,0.9313333333333333,0.0,0.6172658470647922,0.0,1.0,1.0592614694129797e-33,0.10387287168095619,0.3006423278593756,0.17253953834762284,0.06866666666666667,0.09433333333333334
support_burden,7,320,3000,4,access_only,0.036523186720605394,0.13619820564899923,0.947,0.6748466257668712,0.8859327546545649,0.0,0.0,4.0059342843254506e-32,0.007778498168498179,1.0528280986116667,0.06088816849816851,0.06866666666666667,0.09433333333333334
support_burden,7,320,3000,4,context_table,0.10798984340784235,0.6759816530517473,0.8766666666666667,0.13145539906103287,0.547176334864585,0.06772175193227825,0.8260869565217391,0.037534535060091065,0.12989447830900638,0.11053597935520648,0.1859000049219096,0.06866666666666667,0.09433333333333334
support_burden,7,320,3000,8,conserved_quotient,0.028502602343480305,0.11853284543621471,0.9633333333333334,0.6839080459770115,0.8979140460487453,0.0,0.3140096618357488,1.6370404527291505e-32,0.01155761877851439,1.0582314848063896,0.061994009316892515,0.06866666666666667,0.09433333333333334
support_burden,7,320,3000,8,object_only,0.07740544250508097,0.29452792909866776,0.9313333333333333,0.0,0.6172658470647922,0.0,1.0,1.0592614694129797e-33,0.10387287168095619,0.3006423278593756,0.17253953834762284,0.06866666666666667,0.09433333333333334
support_burden,7,320,3000,8,access_only,0.036523186720605394,0.13619820564899923,0.947,0.6748466257668712,0.8859327546545649,0.0,0.0,4.0059342843254506e-32,0.007778498168498179,1.0528280986116667,0.06088816849816851,0.06866666666666667,0.09433333333333334
support_burden,7,320,3000,8,context_table,0.08657970247417984,0.4580531338712775,0.902,0.057692307692307696,0.5328495180379593,0.03422892896577107,0.9371980676328503,0.012754875352998758,0.10245032361597811,0.08010718664513719,0.15997303281420158,0.06866666666666667,0.09433333333333334
support_burden,7,320,3000,8,monolithic_logistic,0.03656904667941742,0.14937673701832482,0.9516666666666667,0.5084745762711864,0.8841223565059663,0.0,0.5748792270531401,0.02308056574591683,0.020054666673298867,1.3282877256649956,0.050142266576265984,0.06866666666666667,0.09433333333333334
support_burden,7,320,3000,12,conserved_quotient,0.028502602343480305,0.11853284543621471,0.9633333333333334,0.6839080459770115,0.8979140460487453,0.0,0.3140096618357488,1.6370404527291505e-32,0.01155761877851439,1.0582314848063896,0.061994009316892515,0.06866666666666667,0.09433333333333334
support_burden,7,320,3000,12,object_only,0.07740544250508097,0.29452792909866776,0.9313333333333333,0.0,0.6172658470647922,0.0,1.0,1.0592614694129797e-33,0.10387287168095619,0.3006423278593756,0.17253953834762284,0.06866666666666667,0.09433333333333334
support_burden,7,320,3000,12,access_only,0.036523186720605394,0.13619820564899923,0.947,0.6748466257668712,0.8859327546545649,0.0,0.0,4.0059342843254506e-32,0.007778498168498179,1.0528280986116667,0.06088816849816851,0.06866666666666667,0.09433333333333334
support_burden,7,320,3000,12,context_table,0.08268032081150839,0.39177035094312307,0.909,0.05536332179930796,0.5593504805720997,0.026499815973500183,0.9468599033816425,0.00966601212513673,0.09769400948421392,0.13381735797732472,0.1663606761508806,0.06866666666666667,0.09433333333333334
support_burden,8,320,3000,4,conserved_quotient,0.02581957193898139,0.10651401814613821,0.9706666666666667,0.7684210526315789,0.8952526160542389,0.0,0.0,4.179267979320302e-32,0.007763100852486381,1.084493048432893,0.057526296924353355,0.06433333333333334,0.08333333333333333
support_burden,8,320,3000,4,object_only,0.08588176438046835,0.32345141096157004,0.9356666666666666,0.0,0.5999970466136657,0.0,1.0,2.9370431651905347e-33,0.15010030013196468,0.2620510837441873,0.21443363346529798,0.06433333333333334,0.08333333333333333
support_burden,8,320,3000,4,access_only,0.03094084189524617,0.11771922295363474,0.9576666666666667,0.7133182844243793,0.8871086532373729,0.0,0.0,4.622231866529366e-32,0.004195792880258906,1.0292898323235582,0.06013754045307443,0.06433333333333334,0.08333333333333333
support_burden,8,320,3000,4,context_table,0.14410771621007176,0.9201600865154124,0.8253333333333334,0.17350157728706625,0.5997921554367228,0.1338181818181818,0.6096256684491979,0.04970360304890687,0.21589743823518798,0.092032176299694,0.25920221636430524,0.06433333333333334,0.08333333333333333
support_burden,8,320,3000,8,conserved_quotient,0.02581957193898139,0.10651401814613821,0.9706666666666667,0.7684210526315789,0.8952526160542389,0.0,0.0,4.179267979320302e-32,0.007763100852486381,1.084493048432893,0.057526296924353355,0.06433333333333334,0.08333333333333333
support_burden,8,320,3000,8,object_only,0.08588176438046835,0.32345141096157004,0.9356666666666666,0.0,0.5999970466136657,0.0,1.0,2.9370431651905347e-33,0.15010030013196468,0.2620510837441873,0.21443363346529798,0.06433333333333334,0.08333333333333333
support_burden,8,320,3000,8,access_only,0.03094084189524617,0.11771922295363474,0.9576666666666667,0.7133182844243793,0.8871086532373729,0.0,0.0,4.622231866529366e-32,0.004195792880258906,1.0292898323235582,0.06013754045307443,0.06433333333333334,0.08333333333333333
support_burden,8,320,3000,8,context_table,0.13734064614680636,0.9491222108061682,0.8806666666666667,0.13106796116504854,0.568310902979413,0.06581818181818182,0.7967914438502673,0.0800809239657445,0.19965983593661807,0.06840002754852824,0.23780334704772918,0.06433333333333334,0.08333333333333333
support_burden,8,320,3000,8,monolithic_logistic,0.031144522024776307,0.1317675890750896,0.964,0.71875,0.9164247043383399,0.001090909090909091,0.11229946524064172,0.02323266903818145,0.035335436498178795,0.9490581344029893,0.09743043066725154,0.06433333333333334,0.08333333333333333
support_burden,8,320,3000,12,conserved_quotient,0.02581957193898139,0.10651401814613821,0.9706666666666667,0.7684210526315789,0.8952526160542389,0.0,0.0,4.179267979320302e-32,0.007763100852486381,1.084493048432893,0.057526296924353355,0.06433333333333334,0.08333333333333333
support_burden,8,320,3000,12,object_only,0.08588176438046835,0.32345141096157004,0.9356666666666666,0.0,0.5999970466136657,0.0,1.0,2.9370431651905347e-33,0.15010030013196468,0.2620510837441873,0.21443363346529798,0.06433333333333334,0.08333333333333333
support_burden,8,320,3000,12,access_only,0.03094084189524617,0.11771922295363474,0.9576666666666667,0.7133182844243793,0.8871086532373729,0.0,0.0,4.622231866529366e-32,0.004195792880258906,1.0292898323235582,0.06013754045307443,0.06433333333333334,0.08333333333333333
support_burden,8,320,3000,12,context_table,0.12345510039544257,0.804142787437228,0.896,0.13333333333333333,0.5627954540000849,0.04872727272727273,0.8235294117647058,0.07335168070436708,0.1895151425892866,0.08269061829505535,0.22854507592261988,0.06433333333333334,0.08333333333333333
support_burden,9,320,3000,4,conserved_quotient,0.025197342442747222,0.1035332726549597,0.971,0.7990762124711316,0.9163916537370573,0.0,0.0,4.3333423748712807e-32,0.0029051349914965977,1.0022549779646825,0.07087309630102041,0.07233333333333333,0.09533333333333334
support_burden,9,320,3000,4,object_only,0.10004457769039585,0.3576099329570553,0.9276666666666666,0.0,0.5560670363679416,0.0,1.0,1.552781017662209e-33,0.16415697594145873,0.20470116708050648,0.23649030927479206,0.07233333333333333,0.09533333333333334
support_burden,9,320,3000,4,access_only,0.031921161819727886,0.11833344675028559,0.9563333333333334,0.7395626242544732,0.9072826956289917,0.0,0.0,4.930380657631324e-32,0.00285214285714287,1.0240393285925813,0.06948119047619047,0.07233333333333333,0.09533333333333334
support_burden,9,320,3000,4,context_table,0.1257514122381298,0.8230494328627048,0.9,0.08536585365853659,0.4283793472879282,0.034266764922623434,0.9166666666666666,0.04617990223522801,0.19835143029880492,-0.025365949109438155,0.20952090908668372,0.07233333333333333,0.09533333333333334
support_burden,9,320,3000,8,conserved_quotient,0.025197342442747222,0.1035332726549597,0.971,0.7990762124711316,0.9163916537370573,0.0,0.0,4.3333423748712807e-32,0.0029051349914965977,1.0022549779646825,0.07087309630102041,0.07233333333333333,0.09533333333333334
support_burden,9,320,3000,8,object_only,0.10004457769039585,0.3576099329570553,0.9276666666666666,0.0,0.5560670363679416,0.0,1.0,1.552781017662209e-33,0.16415697594145873,0.20470116708050648,0.23649030927479206,0.07233333333333333,0.09533333333333334
support_burden,9,320,3000,8,access_only,0.031921161819727886,0.11833344675028559,0.9563333333333334,0.7395626242544732,0.9072826956289917,0.0,0.0,4.930380657631324e-32,0.00285214285714287,1.0240393285925813,0.06948119047619047,0.07233333333333333,0.09533333333333334
support_burden,9,320,3000,8,context_table,0.10150677830172199,0.5371995089748925,0.9226666666666666,0.03333333333333333,0.4755353023872723,0.006632277081798084,0.9768518518518519,0.020812155873088194,0.1729391718942038,-0.04449458462307436,0.19731277189420382,0.07233333333333333,0.09533333333333334
support_burden,9,320,3000,8,monolithic_logistic,0.029924177659951104,0.12990843505368913,0.9586666666666667,0.6648648648648648,0.9124937283805064,0.0,0.2916666666666667,0.012581945500277138,0.023571426140189176,1.255491809302095,0.05030355599207575,0.07233333333333333,0.09533333333333334
support_burden,9,320,3000,12,conserved_quotient,0.025197342442747222,0.1035332726549597,0.971,0.7990762124711316,0.9163916537370573,0.0,0.0,4.3333423748712807e-32,0.0029051349914965977,1.0022549779646825,0.07087309630102041,0.07233333333333333,0.09533333333333334
support_burden,9,320,3000,12,object_only,0.10004457769039585,0.3576099329570553,0.9276666666666666,0.0,0.5560670363679416,0.0,1.0,1.552781017662209e-33,0.16415697594145873,0.20470116708050648,0.23649030927479206,0.07233333333333333,0.09533333333333334
support_burden,9,320,3000,12,access_only,0.031921161819727886,0.11833344675028559,0.9563333333333334,0.7395626242544732,0.9072826956289917,0.0,0.0,4.930380657631324e-32,0.00285214285714287,1.0240393285925813,0.06948119047619047,0.07233333333333333,0.09533333333333334
support_burden,9,320,3000,12,context_table,0.09832454100028669,0.46012326428660216,0.9223333333333333,0.0411522633744856,0.507402580843866,0.006632277081798084,0.9675925925925926,0.018379976955766198,0.16716961217435544,0.038183913482939674,0.20968634158612015,0.07233333333333333,0.09533333333333334
support_burden,10,320,3000,4,conserved_quotient,0.027638225978807128,0.11867534416591972,0.969,0.7726161369193154,0.8938619729845925,0.0,0.0,3.4666738998970245e-32,0.01343404090040454,1.0772105145663737,0.062273029806666165,0.07033333333333333,0.08366666666666667
support_burden,10,320,3000,4,object_only,0.08818754885333635,0.324658086749847,0.9296666666666666,0.0,0.5868382729035361,0.0,1.0,9.62964972193618e-34,0.13562832080200496,0.2530095995787471,0.20596165413533835,0.07033333333333333,0.08366666666666667
support_burden,10,320,3000,4,access_only,0.03353193194231881,0.13169830583535483,0.9566666666666667,0.7186147186147186,0.886575391815171,0.0,0.0,5.546678239835239e-32,0.006237340067340056,0.9975552926176449,0.06409599326599327,0.07033333333333333,0.08366666666666667
support_burden,10,320,3000,4,context_table,0.11591292713547392,0.6864556122870891,0.8996666666666666,0.0851063829787234,0.5744113213895483,0.035649327028010186,0.898989898989899,0.04318356785891499,0.1695628922619047,0.07893234054796584,0.21858742559523808,0.07033333333333333,0.08366666666666667
support_burden,10,320,3000,8,conserved_quotient,0.027638225978807128,0.11867534416591972,0.969,0.7726161369193154,0.8938619729845925,0.0,0.0,3.4666738998970245e-32,0.01343404090040454,1.0772105145663737,0.062273029806666165,0.07033333333333333,0.08366666666666667
support_burden,10,320,3000,8,object_only,0.08818754885333635,0.324658086749847,0.9296666666666666,0.0,0.5868382729035361,0.0,1.0,9.62964972193618e-34,0.13562832080200496,0.2530095995787471,0.20596165413533835,0.07033333333333333,0.08366666666666667
support_burden,10,320,3000,8,access_only,0.03353193194231881,0.13169830583535483,0.9566666666666667,0.7186147186147186,0.886575391815171,0.0,0.0,5.546678239835239e-32,0.006237340067340056,0.9975552926176449,0.06409599326599327,0.07033333333333333,0.08366666666666667
support_burden,10,320,3000,8,context_table,0.09367639426253413,0.4840439765544477,0.9143333333333333,0.07220216606498195,0.5034929028903325,0.018915969443433975,0.9292929292929293,0.018851592987930887,0.15088470744284954,-0.016009793164002466,0.18624764077618292,0.07033333333333333,0.08366666666666667
support_burden,10,320,3000,8,monolithic_logistic,0.029448823408907296,0.1340109945723306,0.9673333333333334,0.7574257425742574,0.8867929017008254,0.0,0.05555555555555555,0.016800292218408664,0.014351748263769915,0.9873696434735478,0.064504576588269,0.07033333333333333,0.08366666666666667
support_burden,10,320,3000,12,conserved_quotient,0.027638225978807128,0.11867534416591972,0.969,0.7726161369193154,0.8938619729845925,0.0,0.0,3.4666738998970245e-32,0.01343404090040454,1.0772105145663737,0.062273029806666165,0.07033333333333333,0.08366666666666667
support_burden,10,320,3000,12,object_only,0.08818754885333635,0.324658086749847,0.9296666666666666,0.0,0.5868382729035361,0.0,1.0,9.62964972193618e-34,0.13562832080200496,0.2530095995787471,0.20596165413533835,0.07033333333333333,0.08366666666666667
support_burden,10,320,3000,12,access_only,0.03353193194231881,0.13169830583535483,0.9566666666666667,0.7186147186147186,0.886575391815171,0.0,0.0,5.546678239835239e-32,0.006237340067340056,0.9975552926176449,0.06409599326599327,0.07033333333333333,0.08366666666666667
support_burden,10,320,3000,12,context_table,0.09126519168933923,0.4470439850038796,0.9166666666666666,0.07407407407407407,0.49877225865324,0.01709712622771917,0.9393939393939394,0.013045850765604414,0.14900162698020505,-0.032483646148422224,0.18802736031353834,0.07033333333333333,0.08366666666666667
support_burden,11,320,3000,4,conserved_quotient,0.030310401739173178,0.12656707506997358,0.965,0.7575057736720554,0.880043582580877,0.0,0.0,1.617781153285278e-32,0.011549620571658622,1.0224451423113732,0.06705580414653783,0.07233333333333333,0.098
support_burden,11,320,3000,4,object_only,0.08333055895855287,0.310741937933977,0.9276666666666666,0.0,0.5601239255453204,0.0,1.0,1.937967006539656e-33,0.1138880955284485,0.3249023166850931,0.18622142886178183,0.07233333333333333,0.098
support_burden,11,320,3000,4,access_only,0.03858194543163201,0.14449722541079166,0.9443333333333334,0.6731898238747553,0.8683431830186898,0.0,0.0,1.8488927466117464e-32,0.006168405797101456,0.9851770115024054,0.06654173913043479,0.07233333333333333,0.098
support_burden,11,320,3000,4,context_table,0.08140068504419953,0.4119654060398191,0.9276666666666666,0.0,0.4801667795420186,0.0,1.0,0.006111133428026712,0.09518694945375325,0.07534758472371902,0.15194667336679674,0.07233333333333333,0.098
support_burden,11,320,3000,8,conserved_quotient,0.030310401739173178,0.12656707506997358,0.965,0.7575057736720554,0.880043582580877,0.0,0.0,1.617781153285278e-32,0.011549620571658622,1.0224451423113732,0.06705580414653783,0.07233333333333333,0.098
support_burden,11,320,3000,8,object_only,0.08333055895855287,0.310741937933977,0.9276666666666666,0.0,0.5601239255453204,0.0,1.0,1.937967006539656e-33,0.1138880955284485,0.3249023166850931,0.18622142886178183,0.07233333333333333,0.098
support_burden,11,320,3000,8,access_only,0.03858194543163201,0.14449722541079166,0.9443333333333334,0.6731898238747553,0.8683431830186898,0.0,0.0,1.8488927466117464e-32,0.006168405797101456,0.9851770115024054,0.06654173913043479,0.07233333333333333,0.098
support_burden,11,320,3000,8,context_table,0.0813192545046919,0.3970297459987134,0.9276666666666666,0.0,0.4986695059371331,0.0,1.0,0.005663548522818627,0.0905990805753095,0.12169115860383763,0.15764397224197618,0.07233333333333333,0.098
support_burden,11,320,3000,8,monolithic_logistic,0.042568719007552595,0.19356307092847222,0.933,0.20553359683794467,0.8725722830019655,0.0,0.8333333333333334,0.015099291869413294,0.043671086691302916,1.6868311334763857,0.029599978828519512,0.07233333333333333,0.098
support_burden,11,320,3000,12,conserved_quotient,0.030310401739173178,0.12656707506997358,0.965,0.7575057736720554,0.880043582580877,0.0,0.0,1.617781153285278e-32,0.011549620571658622,1.0224451423113732,0.06705580414653783,0.07233333333333333,0.098
support_burden,11,320,3000,12,object_only,0.08333055895855287,0.310741937933977,0.9276666666666666,0.0,0.5601239255453204,0.0,1.0,1.937967006539656e-33,0.1138880955284485,0.3249023166850931,0.18622142886178183,0.07233333333333333,0.098
support_burden,11,320,3000,12,access_only,0.03858194543163201,0.14449722541079166,0.9443333333333334,0.6731898238747553,0.8683431830186898,0.0,0.0,1.8488927466117464e-32,0.006168405797101456,0.9851770115024054,0.06654173913043479,0.07233333333333333,0.098
support_burden,11,320,3000,12,context_table,0.08263490240293477,0.3966961616364313,0.9236666666666666,0.008658008658008658,0.499749135220256,0.004804138950480414,0.9953703703703703,0.0066311990177314135,0.09405708178505784,0.10491201217561702,0.16147463292465897,0.07233333333333333,0.098
support_burden,12,320,3000,4,conserved_quotient,0.026350247450655614,0.11109682222432676,0.97,0.7704081632653061,0.9088594345072629,0.0,0.0,1.8681520460556188e-32,0.009772151979565788,1.0092023398875969,0.06202190932311622,0.06566666666666666,0.084
support_burden,12,320,3000,4,object_only,0.07749873051540007,0.29562938894650725,0.9343333333333333,0.0,0.6081029933483161,0.0,1.0,9.750020343460382e-34,0.11647918890805069,0.3480492243374239,0.18214585557471735,0.06566666666666666,0.084
support_burden,12,320,3000,4,access_only,0.03248043075703527,0.12443521761554051,0.9556666666666667,0.7037861915367484,0.9008585797305643,0.0,0.0,3.0814879110195774e-33,0.004368735632183908,1.0034425539321252,0.06129793103448276,0.06566666666666666,0.084
support_burden,12,320,3000,4,context_table,0.07650883635263848,0.39247282212138984,0.9343333333333333,0.0,0.510352396181756,0.0,1.0,0.006131226125654593,0.09564336643646683,0.11734964677965158,0.15082564082671074,0.06566666666666666,0.084
support_burden,12,320,3000,8,conserved_quotient,0.026350247450655614,0.11109682222432676,0.97,0.7704081632653061,0.9088594345072629,0.0,0.0,1.8681520460556188e-32,0.009772151979565788,1.0092023398875969,0.06202190932311622,0.06566666666666666,0.084
support_burden,12,320,3000,8,object_only,0.07749873051540007,0.29562938894650725,0.9343333333333333,0.0,0.6081029933483161,0.0,1.0,9.750020343460382e-34,0.11647918890805069,0.3480492243374239,0.18214585557471735,0.06566666666666666,0.084
support_burden,12,320,3000,8,access_only,0.03248043075703527,0.12443521761554051,0.9556666666666667,0.7037861915367484,0.9008585797305643,0.0,0.0,3.0814879110195774e-33,0.004368735632183908,1.0034425539321252,0.06129793103448276,0.06566666666666666,0.084
support_burden,12,320,3000,8,context_table,0.07600588396373417,0.3615706325386852,0.9323333333333333,0.01932367149758454,0.5533701201214797,0.002911208151382824,0.9897435897435898,0.004882164830698537,0.09368184933460831,0.21829817425628087,0.15934851600127498,0.06566666666666666,0.084
support_burden,12,320,3000,8,monolithic_logistic,0.04499886938072153,0.189741382764575,0.9426666666666667,0.24561403508771928,0.8813852453227234,0.0,0.841025641025641,0.02594239404443521,0.04275684918553651,1.5821108218486877,0.023489224739681035,0.06566666666666666,0.084
support_burden,12,320,3000,12,conserved_quotient,0.026350247450655614,0.11109682222432676,0.97,0.7704081632653061,0.9088594345072629,0.0,0.0,1.8681520460556188e-32,0.009772151979565788,1.0092023398875969,0.06202190932311622,0.06566666666666666,0.084
support_burden,12,320,3000,12,object_only,0.07749873051540007,0.29562938894650725,0.9343333333333333,0.0,0.6081029933483161,0.0,1.0,9.750020343460382e-34,0.11647918890805069,0.3480492243374239,0.18214585557471735,0.06566666666666666,0.084
support_burden,12,320,3000,12,access_only,0.03248043075703527,0.12443521761554051,0.9556666666666667,0.7037861915367484,0.9008585797305643,0.0,0.0,3.0814879110195774e-33,0.004368735632183908,1.0034425539321252,0.06129793103448276,0.06566666666666666,0.084
support_burden,12,320,3000,12,context_table,0.07686917600825982,0.3797408810517589,0.9323333333333333,0.01932367149758454,0.5165676369227314,0.002911208151382824,0.9897435897435898,0.006157826987730887,0.09501038854743064,0.14727582496971586,0.15801167327449223,0.06566666666666666,0.084
support_burden,13,320,3000,4,conserved_quotient,0.03221593436873125,0.13477853198607076,0.9606666666666667,0.719047619047619,0.8661852684009637,0.0,0.0,9.244463733058732e-33,0.015945961816541093,0.9672494792614644,0.0655547883710058,0.07066666666666667,0.09066666666666667
support_burden,13,320,3000,4,object_only,0.07515420594122017,0.2926123766977832,0.9293333333333333,0.0,0.6062928047426979,0.0,1.0,2.407412430484045e-34,0.09819255960413859,0.5337834579366895,0.16885922627080524,0.07066666666666667,0.09066666666666667
support_burden,13,320,3000,4,access_only,0.03927053174548117,0.15068417224228461,0.9453333333333334,0.6611570247933884,0.8560390216832247,0.0,0.0,3.0814879110195774e-33,0.012827813620071692,1.0787274318364357,0.05783885304659498,0.07066666666666667,0.09066666666666667
support_burden,13,320,3000,4,context_table,0.0796414296547587,0.5107362937474051,0.9293333333333333,0.0,0.409436669283452,0.0,1.0,0.007850216144851974,0.12131648524918923,-0.37704609288964663,0.12309839636030034,0.07066666666666667,0.09066666666666667
support_burden,13,320,3000,8,conserved_quotient,0.03221593436873125,0.13477853198607076,0.9606666666666667,0.719047619047619,0.8661852684009637,0.0,0.0,9.244463733058732e-33,0.015945961816541093,0.9672494792614644,0.0655547883710058,0.07066666666666667,0.09066666666666667
support_burden,13,320,3000,8,object_only,0.07515420594122017,0.2926123766977832,0.9293333333333333,0.0,0.6062928047426979,0.0,1.0,2.407412430484045e-34,0.09819255960413859,0.5337834579366895,0.16885922627080524,0.07066666666666667,0.09066666666666667
support_burden,13,320,3000,8,access_only,0.03927053174548117,0.15068417224228461,0.9453333333333334,0.6611570247933884,0.8560390216832247,0.0,0.0,3.0814879110195774e-33,0.012827813620071692,1.0787274318364357,0.05783885304659498,0.07066666666666667,0.09066666666666667
support_burden,13,320,3000,8,context_table,0.078407119459236,0.46324402971459827,0.9293333333333333,0.0,0.4543664221325898,0.0,1.0,0.0071993904049274275,0.11273348598302486,-0.2623384005022,0.12888904272772944,0.07066666666666667,0.09066666666666667
support_burden,13,320,3000,8,monolithic_logistic,0.040532731317233055,0.17299563715431968,0.9536666666666667,0.6917960088691796,0.8666403860209523,0.0,0.0,0.006324392233546569,0.047151258877241684,0.7693400441522511,0.11752853188146058,0.07066666666666667,0.09066666666666667
support_burden,13,320,3000,12,conserved_quotient,0.03221593436873125,0.13477853198607076,0.9606666666666667,0.719047619047619,0.8661852684009637,0.0,0.0,9.244463733058732e-33,0.015945961816541093,0.9672494792614644,0.0655547883710058,0.07066666666666667,0.09066666666666667
support_burden,13,320,3000,12,object_only,0.07515420594122017,0.2926123766977832,0.9293333333333333,0.0,0.6062928047426979,0.0,1.0,2.407412430484045e-34,0.09819255960413859,0.5337834579366895,0.16885922627080524,0.07066666666666667,0.09066666666666667
support_burden,13,320,3000,12,access_only,0.03927053174548117,0.15068417224228461,0.9453333333333334,0.6611570247933884,0.8560390216832247,0.0,0.0,3.0814879110195774e-33,0.012827813620071692,1.0787274318364357,0.05783885304659498,0.07066666666666667,0.09066666666666667
support_burden,13,320,3000,12,context_table,0.07661781491135732,0.4169797843588439,0.9293333333333333,0.0,0.49861096072114997,0.0,1.0,0.006114081381685668,0.10516771778036778,-0.13706647466516628,0.13391758848743848,0.07066666666666667,0.09066666666666667
support_burden,14,320,3000,4,conserved_quotient,0.02761022010227155,0.11477462985100116,0.9673333333333334,0.7231638418079096,0.8774969849037249,0.0,0.0,1.0977800683007244e-32,0.005802685185185188,0.9900554053876144,0.05602676256613756,0.059666666666666666,0.07866666666666666
support_burden,14,320,3000,4,object_only,0.07437339123171353,0.294338266589176,0.9403333333333334,0.0,0.5760546895886597,0.0,1.0,1.7333369499485123e-33,0.12729734866510348,0.2386172859731608,0.1869640153317702,0.059666666666666666,0.07866666666666666
support_burden,14,320,3000,4,access_only,0.03259353958333333,0.12546503301971074,0.9536666666666667,0.6650602409638554,0.8695696086216901,0.0,0.0,0.0,0.005161666666666669,0.9762949690487321,0.05592166666666666,0.059666666666666666,0.07866666666666666
support_burden,14,320,3000,4,context_table,0.07356393481481054,0.39859747482073493,0.9403333333333334,0.0,0.5088116064868633,0.0,1.0,0.006715538738987801,0.12636488063666335,-0.03052218813994684,0.14778418434036705,0.059666666666666666,0.07866666666666666
support_burden,14,320,3000,8,conserved_quotient,0.02761022010227155,0.11477462985100116,0.9673333333333334,0.7231638418079096,0.8774969849037249,0.0,0.0,1.0977800683007244e-32,0.005802685185185188,0.9900554053876144,0.05602676256613756,0.059666666666666666,0.07866666666666666
support_burden,14,320,3000,8,object_only,0.07437339123171353,0.294338266589176,0.9403333333333334,0.0,0.5760546895886597,0.0,1.0,1.7333369499485123e-33,0.12729734866510348,0.2386172859731608,0.1869640153317702,0.059666666666666666,0.07866666666666666
support_burden,14,320,3000,8,access_only,0.03259353958333333,0.12546503301971074,0.9536666666666667,0.6650602409638554,0.8695696086216901,0.0,0.0,0.0,0.005161666666666669,0.9762949690487321,0.05592166666666666,0.059666666666666666,0.07866666666666666
support_burden,14,320,3000,8,context_table,0.07440587625766218,0.38832661234993415,0.9343333333333333,0.029556650246305417,0.48793466400242397,0.006874095513748191,0.9771428571428571,0.01101730570147936,0.13047469554684588,-0.11842986374820623,0.15709723913658946,0.059666666666666666,0.07866666666666666
support_burden,14,320,3000,8,monolithic_logistic,0.03535102773613214,0.1626676937272136,0.951,0.334841628959276,0.8694646496052155,0.0,0.76,0.016481326471442837,0.034374537150632885,1.6851309270180899,0.025631231191956858,0.059666666666666666,0.07866666666666666
support_burden,14,320,3000,12,conserved_quotient,0.02761022010227155,0.11477462985100116,0.9673333333333334,0.7231638418079096,0.8774969849037249,0.0,0.0,1.0977800683007244e-32,0.005802685185185188,0.9900554053876144,0.05602676256613756,0.059666666666666666,0.07866666666666666
support_burden,14,320,3000,12,object_only,0.07437339123171353,0.294338266589176,0.9403333333333334,0.0,0.5760546895886597,0.0,1.0,1.7333369499485123e-33,0.12729734866510348,0.2386172859731608,0.1869640153317702,0.059666666666666666,0.07866666666666666
support_burden,14,320,3000,12,access_only,0.03259353958333333,0.12546503301971074,0.9536666666666667,0.6650602409638554,0.8695696086216901,0.0,0.0,0.0,0.005161666666666669,0.9762949690487321,0.05592166666666666,0.059666666666666666,0.07866666666666666
support_burden,14,320,3000,12,context_table,0.07992889750330466,0.43018257640508273,0.9323333333333333,0.037914691943127965,0.5184717967201298,0.009406657018813314,0.9657142857142857,0.021426231872088263,0.1352552054025551,0.006356990025021993,0.17028053873588844,0.059666666666666666,0.07866666666666666
support_burden,15,320,3000,4,conserved_quotient,0.031070193863276415,0.12633511112741985,0.963,0.7400468384074942,0.888120174298601,0.0,0.0,6.162975822039155e-33,0.012951903064256007,0.9018970299764488,0.07104523639758933,0.06866666666666667,0.09533333333333334
support_burden,15,320,3000,4,object_only,0.08034847150801537,0.3039312623028791,0.9313333333333333,0.0,0.5886643361989283,0.0,1.0,0.0,0.11458550011908931,0.2806158639247105,0.18325216678575595,0.06866666666666667,0.09533333333333334
support_burden,15,320,3000,4,access_only,0.03807138938869665,0.14130747909369426,0.9446666666666667,0.6626016260162602,0.8781334482351224,0.0,0.0,6.162975822039155e-33,0.012639607843137264,0.8697568834092898,0.07073294117647058,0.06866666666666667,0.09533333333333334
support_burden,15,320,3000,4,context_table,0.09271420070501639,0.48017950218257327,0.9003333333333333,0.0856269113149847,0.48534828446532446,0.03758290346352248,0.9140271493212669,0.024714970640030854,0.124987122720688,0.05776297287170503,0.16694164090250618,0.06866666666666667,0.09533333333333334
support_burden,15,320,3000,8,conserved_quotient,0.031070193863276415,0.12633511112741985,0.963,0.7400468384074942,0.888120174298601,0.0,0.0,6.162975822039155e-33,0.012951903064256007,0.9018970299764488,0.07104523639758933,0.06866666666666667,0.09533333333333334
support_burden,15,320,3000,8,object_only,0.08034847150801537,0.3039312623028791,0.9313333333333333,0.0,0.5886643361989283,0.0,1.0,0.0,0.11458550011908931,0.2806158639247105,0.18325216678575595,0.06866666666666667,0.09533333333333334
support_burden,15,320,3000,8,access_only,0.03807138938869665,0.14130747909369426,0.9446666666666667,0.6626016260162602,0.8781334482351224,0.0,0.0,6.162975822039155e-33,0.012639607843137264,0.8697568834092898,0.07073294117647058,0.06866666666666667,0.09533333333333334
support_burden,15,320,3000,8,context_table,0.10808227759791021,0.683937620534708,0.9,0.11764705882352941,0.5031725403256632,0.04126750184229919,0.9004524886877828,0.04617691949484082,0.13333050144395162,0.0923054041364433,0.19054874343529357,0.06866666666666667,0.09533333333333334
support_burden,15,320,3000,8,monolithic_logistic,0.037414156632121186,0.17726074940008907,0.9423333333333334,0.397212543554007,0.8729020578076461,0.0,0.6334841628959276,0.021512137411528843,0.03333237004079063,1.3212762513720264,0.03665376357775899,0.06866666666666667,0.09533333333333334
support_burden,15,320,3000,12,conserved_quotient,0.031070193863276415,0.12633511112741985,0.963,0.7400468384074942,0.888120174298601,0.0,0.0,6.162975822039155e-33,0.012951903064256007,0.9018970299764488,0.07104523639758933,0.06866666666666667,0.09533333333333334
support_burden,15,320,3000,12,object_only,0.08034847150801537,0.3039312623028791,0.9313333333333333,0.0,0.5886643361989283,0.0,1.0,0.0,0.11458550011908931,0.2806158639247105,0.18325216678575595,0.06866666666666667,0.09533333333333334
support_burden,15,320,3000,12,access_only,0.03807138938869665,0.14130747909369426,0.9446666666666667,0.6626016260162602,0.8781334482351224,0.0,0.0,6.162975822039155e-33,0.012639607843137264,0.8697568834092898,0.07073294117647058,0.06866666666666667,0.09533333333333334
support_burden,15,320,3000,12,context_table,0.08222469261827985,0.41860830707707464,0.9236666666666666,0.08764940239043825,0.5085446622790862,0.011422254974207811,0.9366515837104072,0.013231094278119688,0.10782431181546107,0.12556731370499863,0.1657314966639459,0.06866666666666667,0.09533333333333334
support_burden,16,320,3000,4,conserved_quotient,0.028969305109657815,0.1207396308958402,0.9673333333333334,0.7677725118483413,0.8801285121328225,0.0,0.0,6.162975822039155e-33,0.012736494252873574,1.016812474210907,0.06695316091954023,0.072,0.09333333333333334
support_burden,16,320,3000,4,object_only,0.0797723457957379,0.29939846535151016,0.928,0.0,0.6109165469348659,0.0,1.0,2.046300565911438e-34,0.1009288439287728,0.3183306888794544,0.1729288439287728,0.072,0.09333333333333334
support_burden,16,320,3000,4,access_only,0.03595881481481482,0.13577859287893895,0.9506666666666667,0.7016129032258065,0.8721563697318008,0.0,0.0,1.232595164407831e-32,0.009155555555555552,0.9228234440984516,0.07128888888888889,0.072,0.09333333333333334
support_burden,16,320,3000,4,context_table,0.08080855313676763,0.4838411836941758,0.928,0.0,0.46836586047254153,0.0,1.0,0.008284015239890407,0.09571858433549431,-0.013237654539325319,0.1272282407457507,0.072,0.09333333333333334
support_burden,16,320,3000,8,conserved_quotient,0.028969305109657815,0.1207396308958402,0.9673333333333334,0.7677725118483413,0.8801285121328225,0.0,0.0,6.162975822039155e-33,0.012736494252873574,1.016812474210907,0.06695316091954023,0.072,0.09333333333333334
support_burden,16,320,3000,8,object_only,0.0797723457957379,0.29939846535151016,0.928,0.0,0.6109165469348659,0.0,1.0,2.046300565911438e-34,0.1009288439287728,0.3183306888794544,0.1729288439287728,0.072,0.09333333333333334
support_burden,16,320,3000,8,access_only,0.03595881481481482,0.13577859287893895,0.9506666666666667,0.7016129032258065,0.8721563697318008,0.0,0.0,1.232595164407831e-32,0.009155555555555552,0.9228234440984516,0.07128888888888889,0.072,0.09333333333333334
support_burden,16,320,3000,8,context_table,0.08057495841103103,0.45272797488403965,0.928,0.0,0.5051734115581098,0.0,1.0,0.00804115638485026,0.09508333942112608,0.05587632261399242,0.13874900242478908,0.072,0.09333333333333334
support_burden,16,320,3000,8,monolithic_logistic,0.02936351276240274,0.14042375026125745,0.967,0.7591240875912408,0.8878462244572158,0.0,0.05825242718446602,0.008443618842601981,0.01662925962358975,1.0198278594835657,0.06286977821372437,0.072,0.09333333333333334
support_burden,16,320,3000,12,conserved_quotient,0.028969305109657815,0.1207396308958402,0.9673333333333334,0.7677725118483413,0.8801285121328225,0.0,0.0,6.162975822039155e-33,0.012736494252873574,1.016812474210907,0.06695316091954023,0.072,0.09333333333333334
support_burden,16,320,3000,12,object_only,0.0797723457957379,0.29939846535151016,0.928,0.0,0.6109165469348659,0.0,1.0,2.046300565911438e-34,0.1009288439287728,0.3183306888794544,0.1729288439287728,0.072,0.09333333333333334
support_burden,16,320,3000,12,access_only,0.03595881481481482,0.13577859287893895,0.9506666666666667,0.7016129032258065,0.8721563697318008,0.0,0.0,1.232595164407831e-32,0.009155555555555552,0.9228234440984516,0.07128888888888889,0.072,0.09333333333333334
support_burden,16,320,3000,12,context_table,0.08164682934499085,0.43967698176061776,0.9236666666666666,0.0,0.5046595625798213,0.004779411764705883,1.0,0.00728747189534745,0.09528265106483881,0.04579458856712123,0.14680046153492426,0.072,0.09333333333333334
support_burden,17,320,3000,4,conserved_quotient,0.027757861467516003,0.11178790037427709,0.9683333333333334,0.7816091954022989,0.903598432751206,0.0,0.0,3.851859888774472e-33,0.010621336996336992,1.0193287505233564,0.0695260989010989,0.07133333333333333,0.095
support_burden,17,320,3000,4,object_only,0.07589299107928882,0.29489750368005746,0.9286666666666666,0.0,0.6176224916303815,0.0,1.0,1.1555579666323415e-33,0.09545632499804868,0.22979773299026787,0.166789658331382,0.07133333333333333,0.095
support_burden,17,320,3000,4,access_only,0.03330654166666667,0.12370282052576537,0.9536666666666667,0.7214428857715431,0.8931288619331638,0.0,0.0,0.0,0.0029083333333333296,1.0065950034318603,0.06842499999999999,0.07133333333333333,0.095
support_burden,17,320,3000,4,context_table,0.10846612018975871,0.7516252079873639,0.8993333333333333,0.07926829268292683,0.4766724141401265,0.03683241252302026,0.9366515837104072,0.03685438119909462,0.1453017746623549,-0.009632471627789846,0.16616175414953438,0.07133333333333333,0.095
support_burden,17,320,3000,8,conserved_quotient,0.027757861467516003,0.11178790037427709,0.9683333333333334,0.7816091954022989,0.903598432751206,0.0,0.0,3.851859888774472e-33,0.010621336996336992,1.0193287505233564,0.0695260989010989,0.07133333333333333,0.095
support_burden,17,320,3000,8,object_only,0.07589299107928882,0.29489750368005746,0.9286666666666666,0.0,0.6176224916303815,0.0,1.0,1.1555579666323415e-33,0.09545632499804868,0.22979773299026787,0.166789658331382,0.07133333333333333,0.095
support_burden,17,320,3000,8,access_only,0.03330654166666667,0.12370282052576537,0.9536666666666667,0.7214428857715431,0.8931288619331638,0.0,0.0,0.0,0.0029083333333333296,1.0065950034318603,0.06842499999999999,0.07133333333333333,0.095
support_burden,17,320,3000,8,context_table,0.10734925908834143,0.7137152011840603,0.8986666666666666,0.07317073170731707,0.5289062133095384,0.03683241252302026,0.9547511312217195,0.036317643284983464,0.1371546468526736,0.012478539115552339,0.16901056200418874,0.07133333333333333,0.095
support_burden,17,320,3000,8,monolithic_logistic,0.031867878188424174,0.1272265425148777,0.954,0.6584158415841584,0.9074192725979698,0.0,0.2398190045248869,0.020021304293255385,0.009746207317482176,1.0070557298039122,0.07354359733189827,0.07133333333333333,0.095
support_burden,17,320,3000,12,conserved_quotient,0.027757861467516003,0.11178790037427709,0.9683333333333334,0.7816091954022989,0.903598432751206,0.0,0.0,3.851859888774472e-33,0.010621336996336992,1.0193287505233564,0.0695260989010989,0.07133333333333333,0.095
support_burden,17,320,3000,12,object_only,0.07589299107928882,0.29489750368005746,0.9286666666666666,0.0,0.6176224916303815,0.0,1.0,1.1555579666323415e-33,0.09545632499804868,0.22979773299026787,0.166789658331382,0.07133333333333333,0.095
support_burden,17,320,3000,12,access_only,0.03330654166666667,0.12370282052576537,0.9536666666666667,0.7214428857715431,0.8931288619331638,0.0,0.0,0.0,0.0029083333333333296,1.0065950034318603,0.06842499999999999,0.07133333333333333,0.095
support_burden,17,320,3000,12,context_table,0.09866662395830796,0.5894700918112143,0.905,0.053156146179401995,0.5642028567403103,0.028360957642725598,0.9592760180995475,0.023174812565095237,0.12113632734840174,0.012994215837852844,0.1665001940150684,0.07133333333333333,0.095
support_burden,18,320,3000,4,conserved_quotient,0.0242905682614463,0.0995072821273325,0.9713333333333334,0.7860696517412935,0.9235232142857143,0.0,0.0,1.3096323621833204e-32,0.005629099207633569,1.0665718466540597,0.06372430101533187,0.06666666666666667,0.09266666666666666
support_burden,18,320,3000,4,object_only,0.07669837364433608,0.29107522336114355,0.9333333333333333,0.0,0.6134160714285715,0.0,1.0,1.7453740121009325e-33,0.1051166996973959,0.27263543915541294,0.17178336636406255,0.06666666666666667,0.09266666666666666
support_burden,18,320,3000,4,access_only,0.03150672577189666,0.11530034957875095,0.9546666666666667,0.7154811715481172,0.9116553571428572,0.0,0.0,3.0814879110195774e-33,0.0011875362318840518,1.0096181265741706,0.06547913043478261,0.06666666666666667,0.09266666666666666
support_burden,18,320,3000,4,context_table,0.078595318386693,0.5080476059674109,0.9333333333333333,0.0,0.4012607142857143,0.0,1.0,0.00814929484267166,0.09505214119246913,-0.12052837473227486,0.12428317730358027,0.06666666666666667,0.09266666666666666
support_burden,18,320,3000,8,conserved_quotient,0.0242905682614463,0.0995072821273325,0.9713333333333334,0.7860696517412935,0.9235232142857143,0.0,0.0,1.3096323621833204e-32,0.005629099207633569,1.0665718466540597,0.06372430101533187,0.06666666666666667,0.09266666666666666
support_burden,18,320,3000,8,object_only,0.07669837364433608,0.29107522336114355,0.9333333333333333,0.0,0.6134160714285715,0.0,1.0,1.7453740121009325e-33,0.1051166996973959,0.27263543915541294,0.17178336636406255,0.06666666666666667,0.09266666666666666
support_burden,18,320,3000,8,access_only,0.03150672577189666,0.11530034957875095,0.9546666666666667,0.7154811715481172,0.9116553571428572,0.0,0.0,3.0814879110195774e-33,0.0011875362318840518,1.0096181265741706,0.06547913043478261,0.06666666666666667,0.09266666666666666
support_burden,18,320,3000,8,context_table,0.07877023374933992,0.42121090874450723,0.9283333333333333,0.0182648401826484,0.5067160714285714,0.006245407788390889,0.9900990099009901,0.006005888667976912,0.09097804791528408,0.07066497344547053,0.15081292013750625,0.06666666666666667,0.09266666666666666
support_burden,18,320,3000,8,monolithic_logistic,0.04293510580151055,0.17350913644736518,0.9373333333333334,0.14545454545454545,0.9238607142857143,0.0,0.900990099009901,0.013176971437264547,0.04723542356743958,2.0956116256199997,0.020104073688412185,0.06666666666666667,0.09266666666666666
support_burden,18,320,3000,12,conserved_quotient,0.0242905682614463,0.0995072821273325,0.9713333333333334,0.7860696517412935,0.9235232142857143,0.0,0.0,1.3096323621833204e-32,0.005629099207633569,1.0665718466540597,0.06372430101533187,0.06666666666666667,0.09266666666666666
support_burden,18,320,3000,12,object_only,0.07669837364433608,0.29107522336114355,0.9333333333333333,0.0,0.6134160714285715,0.0,1.0,1.7453740121009325e-33,0.1051166996973959,0.27263543915541294,0.17178336636406255,0.06666666666666667,0.09266666666666666
support_burden,18,320,3000,12,access_only,0.03150672577189666,0.11530034957875095,0.9546666666666667,0.7154811715481172,0.9116553571428572,0.0,0.0,3.0814879110195774e-33,0.0011875362318840518,1.0096181265741706,0.06547913043478261,0.06666666666666667,0.09266666666666666
support_burden,18,320,3000,12,context_table,0.07918173260874105,0.43284808507846195,0.931,0.028169014084507043,0.4977642857142857,0.0036737692872887582,0.9851485148514851,0.007347643834908095,0.08955693921333589,0.06563633306819348,0.15207033643555812,0.06666666666666667,0.09266666666666666
support_burden,19,320,3000,4,conserved_quotient,0.031776720646711665,0.13238050329673964,0.9656666666666667,0.7726269315673289,0.9013681607534383,0.0,0.0,6.162975822039155e-33,0.01699049351166065,1.0513847637813893,0.06373183412907306,0.07733333333333334,0.09266666666666666
support_burden,19,320,3000,4,object_only,0.08456484542211035,0.31257225070995825,0.9226666666666666,0.0,0.5663182678891768,0.0,1.0,1.5407439555097887e-33,0.09395696560879271,0.2585999932404559,0.16532775212564665,0.07733333333333334,0.09266666666666666
support_burden,19,320,3000,4,access_only,0.038815055220256675,0.1475059414740355,0.952,0.7176470588235294,0.8941069115008969,0.0,0.0,6.162975822039155e-33,0.02043204301075269,1.2650369194011932,0.05690129032258065,0.07733333333333334,0.09266666666666666
support_burden,19,320,3000,4,context_table,0.08366468683906718,0.4239746655814295,0.9226666666666666,0.0,0.49835403378513055,0.0,1.0,0.003467510523483275,0.09099605997154499,0.0526432122134596,0.14269276343596443,0.07733333333333334,0.09266666666666666
support_burden,19,320,3000,8,conserved_quotient,0.031776720646711665,0.13238050329673964,0.9656666666666667,0.7726269315673289,0.9013681607534383,0.0,0.0,6.162975822039155e-33,0.01699049351166065,1.0513847637813893,0.06373183412907306,0.07733333333333334,0.09266666666666666
support_burden,19,320,3000,8,object_only,0.08456484542211035,0.31257225070995825,0.9226666666666666,0.0,0.5663182678891768,0.0,1.0,1.5407439555097887e-33,0.09395696560879271,0.2585999932404559,0.16532775212564665,0.07733333333333334,0.09266666666666666
support_burden,19,320,3000,8,access_only,0.038815055220256675,0.1475059414740355,0.952,0.7176470588235294,0.8941069115008969,0.0,0.0,6.162975822039155e-33,0.02043204301075269,1.2650369194011932,0.05690129032258065,0.07733333333333334,0.09266666666666666
support_burden,19,320,3000,8,context_table,0.08357849307599041,0.4377429674193569,0.9203333333333333,0.008298755186721992,0.5022159034283437,0.0029390154298310064,0.995475113122172,0.0060580134288246434,0.08894877953210259,0.049605298520352316,0.137232563201413,0.07733333333333334,0.09266666666666666
support_burden,19,320,3000,8,monolithic_logistic,0.0310081175797475,0.16310287522603334,0.9646666666666667,0.7601809954751131,0.8743475308949571,0.0,0.049773755656108594,0.002782368293530463,0.017630298124852305,0.9815578955328217,0.06393615707575875,0.07733333333333334,0.09266666666666666
support_burden,19,320,3000,12,conserved_quotient,0.031776720646711665,0.13238050329673964,0.9656666666666667,0.7726269315673289,0.9013681607534383,0.0,0.0,6.162975822039155e-33,0.01699049351166065,1.0513847637813893,0.06373183412907306,0.07733333333333334,0.09266666666666666
support_burden,19,320,3000,12,object_only,0.08456484542211035,0.31257225070995825,0.9226666666666666,0.0,0.5663182678891768,0.0,1.0,1.5407439555097887e-33,0.09395696560879271,0.2585999932404559,0.16532775212564665,0.07733333333333334,0.09266666666666666
support_burden,19,320,3000,12,access_only,0.038815055220256675,0.1475059414740355,0.952,0.7176470588235294,0.8941069115008969,0.0,0.0,6.162975822039155e-33,0.02043204301075269,1.2650369194011932,0.05690129032258065,0.07733333333333334,0.09266666666666666
support_burden,19,320,3000,12,context_table,0.09325269508051993,0.527871163677186,0.911,0.014760147601476014,0.5024588274865457,0.01322556943423953,0.9864253393665159,0.009023673031646903,0.09547527573291312,0.015043799337070502,0.14653836009620896,0.07733333333333334,0.09266666666666666
support_burden,0,640,3000,4,conserved_quotient,0.028436400667841387,0.11888114355302459,0.9673333333333334,0.7699530516431925,0.8928030037824082,0.0,0.0,2.792598419361492e-32,0.009508174592050639,1.0683419136117591,0.06415849207461603,0.07366666666666667,0.093
support_burden,0,640,3000,4,object_only,0.08445427461294314,0.3130739015048535,0.9263333333333333,0.0,0.6006555305710736,0.0,1.0,1.7453740121009325e-33,0.11221390917084025,0.2843650541891025,0.18588057583750686,0.07366666666666667,0.093
support_burden,0,640,3000,4,access_only,0.035493173215633014,0.1347508123489281,0.9526666666666667,0.716,0.8837222934126179,0.0,0.0,3.0814879110195774e-33,0.010181773049645387,1.0887404101394933,0.06348489361702128,0.07366666666666667,0.093
support_burden,0,640,3000,4,context_table,0.1355473401928014,0.8578112766798092,0.8786666666666667,0.1689497716894977,0.6639437018752473,0.06615214994487321,0.8195121951219512,0.03690405224394799,0.17733374511875533,0.16387261259250296,0.25100041178542204,0.07366666666666667,0.093
support_burden,0,640,3000,8,conserved_quotient,0.028436400667841387,0.11888114355302459,0.9673333333333334,0.7699530516431925,0.8928030037824082,0.0,0.0,2.792598419361492e-32,0.009508174592050639,1.0683419136117591,0.06415849207461603,0.07366666666666667,0.093
support_burden,0,640,3000,8,object_only,0.08445427461294314,0.3130739015048535,0.9263333333333333,0.0,0.6006555305710736,0.0,1.0,1.7453740121009325e-33,0.11221390917084025,0.2843650541891025,0.18588057583750686,0.07366666666666667,0.093
support_burden,0,640,3000,8,access_only,0.035493173215633014,0.1347508123489281,0.9526666666666667,0.716,0.8837222934126179,0.0,0.0,3.0814879110195774e-33,0.010181773049645387,1.0887404101394933,0.06348489361702128,0.07366666666666667,0.093
support_burden,0,640,3000,8,context_table,0.12639904344854372,0.7920295115793554,0.879,0.15777262180974477,0.6159854369959571,0.06321205439176773,0.8146341463414634,0.0615416390243104,0.15683380700966357,0.1481111833724808,0.23023380700966353,0.07366666666666667,0.093
support_burden,0,640,3000,12,conserved_quotient,0.028436400667841387,0.11888114355302459,0.9673333333333334,0.7699530516431925,0.8928030037824082,0.0,0.0,2.792598419361492e-32,0.009508174592050639,1.0683419136117591,0.06415849207461603,0.07366666666666667,0.093
support_burden,0,640,3000,12,object_only,0.08445427461294314,0.3130739015048535,0.9263333333333333,0.0,0.6006555305710736,0.0,1.0,1.7453740121009325e-33,0.11221390917084025,0.2843650541891025,0.18588057583750686,0.07366666666666667,0.093
support_burden,0,640,3000,12,access_only,0.035493173215633014,0.1347508123489281,0.9526666666666667,0.716,0.8837222934126179,0.0,0.0,3.0814879110195774e-33,0.010181773049645387,1.0887404101394933,0.06348489361702128,0.07366666666666667,0.093
support_burden,0,640,3000,12,context_table,0.11628518808073895,0.6801297965325619,0.8733333333333333,0.17391304347826086,0.5952025452692218,0.07203234105108416,0.7902439024390244,0.046269932728900474,0.14087226068276276,0.14231331346169515,0.21453892734942945,0.07366666666666667,0.093
support_burden,1,640,3000,4,conserved_quotient,0.02427148311007385,0.10369968149264211,0.9726666666666667,0.8009708737864077,0.9172333162655744,0.0,0.0,1.5407439555097887e-32,0.006632990643006121,1.0129531362988693,0.06637291499337043,0.07,0.08666666666666667
support_burden,1,640,3000,4,object_only,0.09193705466418459,0.337481883893054,0.93,0.0,0.5907373271889401,0.0,1.0,0.0,0.15301015494572542,0.27847405054129204,0.22301015494572543,0.07,0.08666666666666667
support_burden,1,640,3000,4,access_only,0.03127034846577077,0.11983583047113507,0.9593333333333334,0.7404255319148936,0.9102628434886499,0.0,0.0,1.232595164407831e-32,0.007373843700159495,1.0804762853027416,0.06262615629984052,0.07,0.08666666666666667
support_burden,1,640,3000,4,context_table,0.10529407564971742,0.4626195053096937,0.902,0.1144578313253012,0.5356818569721795,0.0354014598540146,0.8762376237623762,0.032356791422747,0.17136748608158078,0.07636965468083246,0.20469470830380304,0.07,0.08666666666666667
support_burden,1,640,3000,8,conserved_quotient,0.02427148311007385,0.10369968149264211,0.9726666666666667,0.8009708737864077,0.9172333162655744,0.0,0.0,1.5407439555097887e-32,0.006632990643006121,1.0129531362988693,0.06637291499337043,0.07,0.08666666666666667
support_burden,1,640,3000,8,object_only,0.09193705466418459,0.337481883893054,0.93,0.0,0.5907373271889401,0.0,1.0,0.0,0.15301015494572542,0.27847405054129204,0.22301015494572543,0.07,0.08666666666666667
support_burden,1,640,3000,8,access_only,0.03127034846577077,0.11983583047113507,0.9593333333333334,0.7404255319148936,0.9102628434886499,0.0,0.0,1.232595164407831e-32,0.007373843700159495,1.0804762853027416,0.06262615629984052,0.07,0.08666666666666667
support_burden,1,640,3000,8,context_table,0.14032504313209282,0.9469657732232499,0.874,0.1409090909090909,0.5142464584400068,0.07043795620437956,0.8168316831683168,0.07245746995096658,0.20210563896002856,0.057241410474976995,0.23512877429837434,0.07,0.08666666666666667
support_burden,1,640,3000,12,conserved_quotient,0.02427148311007385,0.10369968149264211,0.9726666666666667,0.8009708737864077,0.9172333162655744,0.0,0.0,1.5407439555097887e-32,0.006632990643006121,1.0129531362988693,0.06637291499337043,0.07,0.08666666666666667
support_burden,1,640,3000,12,object_only,0.09193705466418459,0.337481883893054,0.93,0.0,0.5907373271889401,0.0,1.0,0.0,0.15301015494572542,0.27847405054129204,0.22301015494572543,0.07,0.08666666666666667
support_burden,1,640,3000,12,access_only,0.03127034846577077,0.11983583047113507,0.9593333333333334,0.7404255319148936,0.9102628434886499,0.0,0.0,1.232595164407831e-32,0.007373843700159495,1.0804762853027416,0.06262615629984052,0.07,0.08666666666666667
support_burden,1,640,3000,12,context_table,0.13778486669382795,0.9090409704105595,0.8646666666666667,0.14705882352941177,0.5217050691244239,0.08211678832116788,0.7970297029702971,0.06331976582810149,0.20184675552280612,0.06013797628963465,0.23630245310734718,0.07,0.08666666666666667
support_burden,2,640,3000,4,conserved_quotient,0.02759987375462763,0.11702863534167343,0.9686666666666667,0.7564766839378239,0.8841705134636385,0.0,0.0,9.437056727497456e-33,0.008433860357660536,0.9871108439568006,0.060613725953058056,0.06566666666666666,0.08366666666666667
support_burden,2,640,3000,4,object_only,0.07823353447130335,0.29965067181754235,0.9343333333333333,0.0,0.576133982625577,0.0,1.0,3.009265538105056e-34,0.11636338598648238,0.26447717165105694,0.18203005265314898,0.06566666666666666,0.08366666666666667
support_burden,2,640,3000,4,access_only,0.03402100522106533,0.13098289418849107,0.9533333333333334,0.6875,0.8743496362671612,0.0,0.0,9.244463733058732e-33,0.007104397163120556,1.0301127917398187,0.058562269503546115,0.06566666666666666,0.08366666666666667
support_burden,2,640,3000,4,context_table,0.0901444568879076,0.3660615103068112,0.8856666666666667,0.15724815724815724,0.5748898478968328,0.06438704983630411,0.8253968253968254,0.016780496354905867,0.14039441610575756,0.20992193066081843,0.20606108277242424,0.06566666666666666,0.08366666666666667
support_burden,2,640,3000,8,conserved_quotient,0.02759987375462763,0.11702863534167343,0.9686666666666667,0.7564766839378239,0.8841705134636385,0.0,0.0,9.437056727497456e-33,0.008433860357660536,0.9871108439568006,0.060613725953058056,0.06566666666666666,0.08366666666666667
support_burden,2,640,3000,8,object_only,0.07823353447130335,0.29965067181754235,0.9343333333333333,0.0,0.576133982625577,0.0,1.0,3.009265538105056e-34,0.11636338598648238,0.26447717165105694,0.18203005265314898,0.06566666666666666,0.08366666666666667
support_burden,2,640,3000,8,access_only,0.03402100522106533,0.13098289418849107,0.9533333333333334,0.6875,0.8743496362671612,0.0,0.0,9.244463733058732e-33,0.007104397163120556,1.0301127917398187,0.058562269503546115,0.06566666666666666,0.08366666666666667
support_burden,2,640,3000,8,context_table,0.1048368579381183,0.6234484195658332,0.897,0.08849557522123894,0.523293570521794,0.045471080392870136,0.9470899470899471,0.03632819090046319,0.1270692600843944,0.04101764013010811,0.19033150572292482,0.06566666666666666,0.08366666666666667
support_burden,2,640,3000,12,conserved_quotient,0.02759987375462763,0.11702863534167343,0.9686666666666667,0.7564766839378239,0.8841705134636385,0.0,0.0,9.437056727497456e-33,0.008433860357660536,0.9871108439568006,0.060613725953058056,0.06566666666666666,0.08366666666666667
support_burden,2,640,3000,12,object_only,0.07823353447130335,0.29965067181754235,0.9343333333333333,0.0,0.576133982625577,0.0,1.0,3.009265538105056e-34,0.11636338598648238,0.26447717165105694,0.18203005265314898,0.06566666666666666,0.08366666666666667
support_burden,2,640,3000,12,access_only,0.03402100522106533,0.13098289418849107,0.9533333333333334,0.6875,0.8743496362671612,0.0,0.0,9.244463733058732e-33,0.007104397163120556,1.0301127917398187,0.058562269503546115,0.06566666666666666,0.08366666666666667
support_burden,2,640,3000,12,context_table,0.10964483615183422,0.6577425315539038,0.89,0.08839779005524862,0.5391992987933523,0.05274645325572935,0.9259259259259259,0.04428005544419095,0.13598837145864434,0.05932185118870903,0.20165503812531105,0.06566666666666666,0.08366666666666667
support_burden,3,640,3000,4,conserved_quotient,0.02973448531818877,0.12581935033435224,0.9656666666666667,0.7726269315673289,0.8830824974290806,0.0,0.0,1.6640034719505718e-31,0.009332881201782578,1.0190462301255256,0.06990871076210581,0.07766666666666666,0.09533333333333334
support_burden,3,640,3000,4,object_only,0.09664338813314247,0.3493933326525271,0.9223333333333333,0.0,0.590712737955456,0.0,1.0,3.851859888774472e-33,0.14699489610317848,0.29580978781875084,0.22466156276984514,0.07766666666666666,0.09533333333333334
support_burden,3,640,3000,4,access_only,0.03713196781669432,0.14280646345652614,0.951,0.7167630057803468,0.8732331230582385,0.0,0.0,4.0059342843254506e-32,0.0075888473520249085,1.004514727313151,0.07007781931464174,0.07766666666666666,0.09533333333333334
support_burden,3,640,3000,4,context_table,0.13021906082050308,0.727783991358142,0.8653333333333333,0.18218623481781376,0.5982572036152632,0.07921886514369934,0.7909090909090909,0.02468223878913188,0.19210913228603166,0.1349706557266132,0.25125288387494304,0.07766666666666666,0.09533333333333334
support_burden,3,640,3000,8,conserved_quotient,0.02973448531818877,0.12581935033435224,0.9656666666666667,0.7726269315673289,0.8830824974290806,0.0,0.0,1.6640034719505718e-31,0.009332881201782578,1.0190462301255256,0.06990871076210581,0.07766666666666666,0.09533333333333334
support_burden,3,640,3000,8,object_only,0.09664338813314247,0.3493933326525271,0.9223333333333333,0.0,0.590712737955456,0.0,1.0,3.851859888774472e-33,0.14699489610317848,0.29580978781875084,0.22466156276984514,0.07766666666666666,0.09533333333333334
support_burden,3,640,3000,8,access_only,0.03713196781669432,0.14280646345652614,0.951,0.7167630057803468,0.8732331230582385,0.0,0.0,4.0059342843254506e-32,0.0075888473520249085,1.004514727313151,0.07007781931464174,0.07766666666666666,0.09533333333333334
support_burden,3,640,3000,8,context_table,0.106192910808064,0.4686001494126604,0.874,0.1782608695652174,0.5966084028347585,0.06779661016949153,0.8045454545454546,0.014150037612152732,0.17014417043899865,0.1678838953806029,0.22687069180652006,0.07766666666666666,0.09533333333333334
support_burden,3,640,3000,12,conserved_quotient,0.02973448531818877,0.12581935033435224,0.9656666666666667,0.7726269315673289,0.8830824974290806,0.0,0.0,1.6640034719505718e-31,0.009332881201782578,1.0190462301255256,0.06990871076210581,0.07766666666666666,0.09533333333333334
support_burden,3,640,3000,12,object_only,0.09664338813314247,0.3493933326525271,0.9223333333333333,0.0,0.590712737955456,0.0,1.0,3.851859888774472e-33,0.14699489610317848,0.29580978781875084,0.22466156276984514,0.07766666666666666,0.09533333333333334
support_burden,3,640,3000,12,access_only,0.03713196781669432,0.14280646345652614,0.951,0.7167630057803468,0.8732331230582385,0.0,0.0,4.0059342843254506e-32,0.0075888473520249085,1.004514727313151,0.07007781931464174,0.07766666666666666,0.09533333333333334
support_burden,3,640,3000,12,context_table,0.10841170021275578,0.49452994052569593,0.8793333333333333,0.1735159817351598,0.5926546933432189,0.061532792925571116,0.8272727272727273,0.02081866417318323,0.1733097732188526,0.17529051128699238,0.23226640209585797,0.07766666666666666,0.09533333333333334
support_burden,4,640,3000,4,conserved_quotient,0.028083883941751698,0.11604020980629129,0.9663333333333334,0.7566265060240964,0.8851601922165054,0.0,0.0,6.162975822039155e-33,0.00758996428571429,0.9613571270622842,0.06588020238095237,0.06733333333333333,0.08833333333333333
support_burden,4,640,3000,4,object_only,0.08606036831348968,0.3190467803937833,0.9326666666666666,0.0,0.6017027721356839,0.0,1.0,3.863896950926892e-33,0.13992990865902633,0.28900095232367706,0.2072632419923597,0.06733333333333333,0.08833333333333333
support_burden,4,640,3000,4,access_only,0.034153166666666665,0.1294651390074772,0.9523333333333334,0.6937901498929336,0.8773452041415721,0.0,0.0,2.465190328815662e-32,0.004983333333333327,0.9781893872094847,0.06388333333333335,0.06733333333333333,0.08833333333333333
support_burden,4,640,3000,4,context_table,0.09744039632544063,0.3849858220546281,0.87,0.13716814159292035,0.5835303151473117,0.07568555758683729,0.7981220657276995,0.015283811277131406,0.15281348956513466,0.21122826305163436,0.220146822898468,0.06733333333333333,0.08833333333333333
support_burden,4,640,3000,8,conserved_quotient,0.028083883941751698,0.11604020980629129,0.9663333333333334,0.7566265060240964,0.8851601922165054,0.0,0.0,6.162975822039155e-33,0.00758996428571429,0.9613571270622842,0.06588020238095237,0.06733333333333333,0.08833333333333333
support_burden,4,640,3000,8,object_only,0.08606036831348968,0.3190467803937833,0.9326666666666666,0.0,0.6017027721356839,0.0,1.0,3.863896950926892e-33,0.13992990865902633,0.28900095232367706,0.2072632419923597,0.06733333333333333,0.08833333333333333
support_burden,4,640,3000,8,access_only,0.034153166666666665,0.1294651390074772,0.9523333333333334,0.6937901498929336,0.8773452041415721,0.0,0.0,2.465190328815662e-32,0.004983333333333327,0.9781893872094847,0.06388333333333335,0.06733333333333333,0.08833333333333333
support_burden,4,640,3000,8,context_table,0.09817682780642947,0.4349821212294175,0.8643333333333333,0.13588110403397027,0.5436202662439225,0.08263254113345521,0.7981220657276995,0.018159729055837716,0.1446691108880544,0.12912703415802138,0.21200244422138764,0.06733333333333333,0.08833333333333333
support_burden,4,640,3000,12,conserved_quotient,0.028083883941751698,0.11604020980629129,0.9663333333333334,0.7566265060240964,0.8851601922165054,0.0,0.0,6.162975822039155e-33,0.00758996428571429,0.9613571270622842,0.06588020238095237,0.06733333333333333,0.08833333333333333
support_burden,4,640,3000,12,object_only,0.08606036831348968,0.3190467803937833,0.9326666666666666,0.0,0.6017027721356839,0.0,1.0,3.863896950926892e-33,0.13992990865902633,0.28900095232367706,0.2072632419923597,0.06733333333333333,0.08833333333333333
support_burden,4,640,3000,12,access_only,0.034153166666666665,0.1294651390074772,0.9523333333333334,0.6937901498929336,0.8773452041415721,0.0,0.0,2.465190328815662e-32,0.004983333333333327,0.9781893872094847,0.06388333333333335,0.06733333333333333,0.08833333333333333
support_burden,4,640,3000,12,context_table,0.1101546618606604,0.6645563584970724,0.894,0.12637362637362637,0.5077831407157871,0.04826325411334552,0.8591549295774648,0.05455613235423871,0.144716201624579,0.08391169966066195,0.20588005433542236,0.06733333333333333,0.08833333333333333
support_burden,5,640,3000,4,conserved_quotient,0.027660849203590448,0.11789425736638606,0.9676666666666667,0.7673860911270983,0.8711486601809183,0.0,0.0,3.851859888774472e-33,0.00821401597186605,0.9685028281748527,0.06629726555310557,0.07,0.08833333333333333
support_burden,5,640,3000,4,object_only,0.0917087341943397,0.3320287662012255,0.93,0.0,0.5774825055470216,0.0,1.0,3.0935249731719976e-33,0.14198895928083416,0.20971169015585736,0.2119889592808341,0.07,0.08833333333333333
support_burden,5,640,3000,4,access_only,0.035199885470063884,0.1350704859288278,0.9523333333333334,0.6989473684210527,0.8611059907834101,0.0,0.0,9.244463733058732e-33,0.007921859296482422,0.9487941664770956,0.06682185929648242,0.07,0.08833333333333333
support_burden,5,640,3000,4,context_table,0.12671775776910163,0.7041164357249297,0.869,0.1437908496732026,0.5991005291005291,0.07714808043875686,0.8164251207729468,0.03295349503768174,0.1755590011834181,0.11926339282114706,0.24529428646870338,0.07,0.08833333333333333
support_burden,5,640,3000,8,conserved_quotient,0.027660849203590448,0.11789425736638606,0.9676666666666667,0.7673860911270983,0.8711486601809183,0.0,0.0,3.851859888774472e-33,0.00821401597186605,0.9685028281748527,0.06629726555310557,0.07,0.08833333333333333
support_burden,5,640,3000,8,object_only,0.0917087341943397,0.3320287662012255,0.93,0.0,0.5774825055470216,0.0,1.0,3.0935249731719976e-33,0.14198895928083416,0.20971169015585736,0.2119889592808341,0.07,0.08833333333333333
support_burden,5,640,3000,8,access_only,0.035199885470063884,0.1350704859288278,0.9523333333333334,0.6989473684210527,0.8611059907834101,0.0,0.0,9.244463733058732e-33,0.007921859296482422,0.9487941664770956,0.06682185929648242,0.07,0.08833333333333333
support_burden,5,640,3000,8,context_table,0.10760178673443295,0.4923777017591592,0.8633333333333333,0.16666666666666666,0.6178733572281959,0.08555758683729434,0.7681159420289855,0.025406740745683557,0.1596565002486677,0.19062298995397678,0.22881296703155188,0.07,0.08833333333333333
support_burden,5,640,3000,12,conserved_quotient,0.027660849203590448,0.11789425736638606,0.9676666666666667,0.7673860911270983,0.8711486601809183,0.0,0.0,3.851859888774472e-33,0.00821401597186605,0.9685028281748527,0.06629726555310557,0.07,0.08833333333333333
support_burden,5,640,3000,12,object_only,0.0917087341943397,0.3320287662012255,0.93,0.0,0.5774825055470216,0.0,1.0,3.0935249731719976e-33,0.14198895928083416,0.20971169015585736,0.2119889592808341,0.07,0.08833333333333333
support_burden,5,640,3000,12,access_only,0.035199885470063884,0.1350704859288278,0.9523333333333334,0.6989473684210527,0.8611059907834101,0.0,0.0,9.244463733058732e-33,0.007921859296482422,0.9487941664770956,0.06682185929648242,0.07,0.08833333333333333
support_burden,5,640,3000,12,context_table,0.1245083658005348,0.7202486300798033,0.8793333333333333,0.17727272727272728,0.5825618706263868,0.06691042047531992,0.7729468599033816,0.0657889597615577,0.16312172882166806,0.14422177068042383,0.2331217288216681,0.07,0.08833333333333333
support_burden,6,640,3000,4,conserved_quotient,0.030044542775412783,0.12083345280426867,0.963,0.7175572519083969,0.8817344559073481,0.0,0.0,6.933347799794049e-33,0.011906787074373426,0.8662521231300218,0.06712678707437342,0.063,0.089
support_burden,6,640,3000,4,object_only,0.0810333641594138,0.3107042917583286,0.937,0.0,0.5776437615640746,0.0,1.0,4.044452883213195e-33,0.13813622952026802,0.2535240546871275,0.20113622952026808,0.063,0.089
support_burden,6,640,3000,4,access_only,0.0351552,0.1307700256545282,0.948,0.6578947368421053,0.8709849250582086,0.0,0.0,5.238529448733282e-32,0.009960000000000009,0.8831092256099089,0.06518,0.063,0.089
support_burden,6,640,3000,4,context_table,0.08502209010297662,0.4183119498598358,0.907,0.0970873786407767,0.4888373152336155,0.03476033662641786,0.8774509803921569,0.015897966354039495,0.15219503997331008,-0.012500564683193252,0.18189170663997675,0.063,0.089
support_burden,6,640,3000,8,conserved_quotient,0.030044542775412783,0.12083345280426867,0.963,0.7175572519083969,0.8817344559073481,0.0,0.0,6.933347799794049e-33,0.011906787074373426,0.8662521231300218,0.06712678707437342,0.063,0.089
support_burden,6,640,3000,8,object_only,0.0810333641594138,0.3107042917583286,0.937,0.0,0.5776437615640746,0.0,1.0,4.044452883213195e-33,0.13813622952026802,0.2535240546871275,0.20113622952026808,0.063,0.089
support_burden,6,640,3000,8,access_only,0.0351552,0.1307700256545282,0.948,0.6578947368421053,0.8709849250582086,0.0,0.0,5.238529448733282e-32,0.009960000000000009,0.8831092256099089,0.06518,0.063,0.089
support_burden,6,640,3000,8,context_table,0.11011835672578091,0.6860997799848562,0.8843333333333333,0.15158924205378974,0.49366340472708314,0.06476399560922064,0.7892156862745098,0.05789481676285802,0.17959875574972972,0.045430650553396665,0.20280455574972978,0.063,0.089
support_burden,6,640,3000,12,conserved_quotient,0.030044542775412783,0.12083345280426867,0.963,0.7175572519083969,0.8817344559073481,0.0,0.0,6.933347799794049e-33,0.011906787074373426,0.8662521231300218,0.06712678707437342,0.063,0.089
support_burden,6,640,3000,12,object_only,0.0810333641594138,0.3107042917583286,0.937,0.0,0.5776437615640746,0.0,1.0,4.044452883213195e-33,0.13813622952026802,0.2535240546871275,0.20113622952026808,0.063,0.089
support_burden,6,640,3000,12,access_only,0.0351552,0.1307700256545282,0.948,0.6578947368421053,0.8709849250582086,0.0,0.0,5.238529448733282e-32,0.009960000000000009,0.8831092256099089,0.06518,0.063,0.089
support_burden,6,640,3000,12,context_table,0.09907508652818357,0.5609038647381248,0.9173333333333333,0.0948905109489051,0.5385080155624445,0.022685693377241127,0.8921568627450981,0.04808535838232779,0.16310278003134732,0.0808385037953584,0.20156821080057807,0.063,0.089
support_burden,7,640,3000,4,conserved_quotient,0.025933139049366314,0.1084765683654576,0.9723333333333334,0.801909307875895,0.9077486197468388,0.0,0.0,2.2340787354891936e-32,0.015118121763894198,1.1180243149007194,0.06317276850525694,0.07033333333333333,0.09033333333333333
support_burden,7,640,3000,4,object_only,0.07855088906555296,0.30308547085350634,0.9296666666666666,0.0,0.6362843873783092,0.0,1.0,3.322229154067982e-33,0.11643416268123452,0.5663564640411947,0.18676749601456785,0.07033333333333333,0.09033333333333333
support_burden,7,640,3000,4,access_only,0.032953636798991805,0.12391779420975772,0.956,0.7261410788381742,0.8965230704918952,0.0,0.0,4.3140830754274083e-32,0.009196811594202901,1.1174340001754979,0.06113652173913044,0.07033333333333333,0.09033333333333333
support_burden,7,640,3000,4,context_table,0.08872356644780562,0.4479667277931197,0.9046666666666666,0.0949367088607595,0.5480926252253692,0.03261267863686332,0.9230769230769231,0.020843709163900416,0.1344556962286819,0.0481198027206751,0.16132435142581453,0.07033333333333333,0.09033333333333333
support_burden,7,640,3000,8,conserved_quotient,0.025933139049366314,0.1084765683654576,0.9723333333333334,0.801909307875895,0.9077486197468388,0.0,0.0,2.2340787354891936e-32,0.015118121763894198,1.1180243149007194,0.06317276850525694,0.07033333333333333,0.09033333333333333
support_burden,7,640,3000,8,object_only,0.07855088906555296,0.30308547085350634,0.9296666666666666,0.0,0.6362843873783092,0.0,1.0,3.322229154067982e-33,0.11643416268123452,0.5663564640411947,0.18676749601456785,0.07033333333333333,0.09033333333333333
support_burden,7,640,3000,8,access_only,0.032953636798991805,0.12391779420975772,0.956,0.7261410788381742,0.8965230704918952,0.0,0.0,4.3140830754274083e-32,0.009196811594202901,1.1174340001754979,0.06113652173913044,0.07033333333333333,0.09033333333333333
support_burden,7,640,3000,8,context_table,0.08362160692620531,0.4694604374197102,0.9163333333333333,0.045627376425855515,0.4999957517600458,0.016123122022718945,0.9615384615384616,0.015437635028013803,0.1267994781908864,-0.043803664632899635,0.1437322559686642,0.07033333333333333,0.09033333333333333
support_burden,7,640,3000,12,conserved_quotient,0.025933139049366314,0.1084765683654576,0.9723333333333334,0.801909307875895,0.9077486197468388,0.0,0.0,2.2340787354891936e-32,0.015118121763894198,1.1180243149007194,0.06317276850525694,0.07033333333333333,0.09033333333333333
support_burden,7,640,3000,12,object_only,0.07855088906555296,0.30308547085350634,0.9296666666666666,0.0,0.6362843873783092,0.0,1.0,3.322229154067982e-33,0.11643416268123452,0.5663564640411947,0.18676749601456785,0.07033333333333333,0.09033333333333333
support_burden,7,640,3000,12,access_only,0.032953636798991805,0.12391779420975772,0.956,0.7261410788381742,0.8965230704918952,0.0,0.0,4.3140830754274083e-32,0.009196811594202901,1.1174340001754979,0.06113652173913044,0.07033333333333333,0.09033333333333333
support_burden,7,640,3000,12,context_table,0.08309518167590306,0.4656689967692823,0.922,0.1,0.5785321141451096,0.01282521069989007,0.9326923076923077,0.03241372158425635,0.12384851794106244,0.16437793093372158,0.15550441988356437,0.07033333333333333,0.09033333333333333
support_burden,8,640,3000,4,conserved_quotient,0.032455130704889056,0.13194036648105542,0.96,0.7272727272727273,0.8886131767188143,0.0,0.0,6.355568816477878e-33,0.011777328072300143,0.9726521757901649,0.0659749658163066,0.07466666666666667,0.09333333333333334
support_burden,8,640,3000,4,object_only,0.08238576420765914,0.3091679464040862,0.9253333333333333,0.0,0.5975115145121449,0.0,1.0,9.750020343460382e-34,0.1014158675825774,0.2808351819377664,0.1760825342492441,0.07466666666666667,0.09333333333333334
support_burden,8,640,3000,4,access_only,0.03682936895436056,0.140989248792267,0.9506666666666667,0.7063492063492064,0.8798824104569781,0.0,0.0,6.162975822039155e-33,0.009287150837988822,1.0428928656482834,0.06537951582867785,0.07466666666666667,0.09333333333333334
support_burden,8,640,3000,4,context_table,0.10868291445752512,0.6647142846315951,0.8996666666666666,0.0960960960960961,0.5603884700494031,0.034926470588235295,0.9351851851851852,0.02319277642707251,0.12196254532277236,0.11295790064727185,0.1878322606728197,0.07466666666666667,0.09333333333333334
support_burden,8,640,3000,8,conserved_quotient,0.032455130704889056,0.13194036648105542,0.96,0.7272727272727273,0.8886131767188143,0.0,0.0,6.355568816477878e-33,0.011777328072300143,0.9726521757901649,0.0659749658163066,0.07466666666666667,0.09333333333333334
support_burden,8,640,3000,8,object_only,0.08238576420765914,0.3091679464040862,0.9253333333333333,0.0,0.5975115145121449,0.0,1.0,9.750020343460382e-34,0.1014158675825774,0.2808351819377664,0.1760825342492441,0.07466666666666667,0.09333333333333334
support_burden,8,640,3000,8,access_only,0.03682936895436056,0.140989248792267,0.9506666666666667,0.7063492063492064,0.8798824104569781,0.0,0.0,6.162975822039155e-33,0.009287150837988822,1.0428928656482834,0.06537951582867785,0.07466666666666667,0.09333333333333334
support_burden,8,640,3000,8,context_table,0.08897131095180069,0.43576973281059556,0.919,0.024096385542168676,0.5814458753602305,0.008455882352941176,0.9907407407407407,0.006960453658356867,0.10094021225281163,0.15922996600841532,0.17560687891947827,0.07466666666666667,0.09333333333333334
support_burden,8,640,3000,12,conserved_quotient,0.032455130704889056,0.13194036648105542,0.96,0.7272727272727273,0.8886131767188143,0.0,0.0,6.355568816477878e-33,0.011777328072300143,0.9726521757901649,0.0659749658163066,0.07466666666666667,0.09333333333333334
support_burden,8,640,3000,12,object_only,0.08238576420765914,0.3091679464040862,0.9253333333333333,0.0,0.5975115145121449,0.0,1.0,9.750020343460382e-34,0.1014158675825774,0.2808351819377664,0.1760825342492441,0.07466666666666667,0.09333333333333334
support_burden,8,640,3000,12,access_only,0.03682936895436056,0.140989248792267,0.9506666666666667,0.7063492063492064,0.8798824104569781,0.0,0.0,6.162975822039155e-33,0.009287150837988822,1.0428928656482834,0.06537951582867785,0.07466666666666667,0.09333333333333334
support_burden,8,640,3000,12,context_table,0.0857585060755792,0.4295992424085849,0.9146666666666666,0.05185185185185185,0.5547872066694113,0.014338235294117646,0.9675925925925926,0.007382956705082638,0.0958392544778893,0.13825603743274797,0.16127152326483266,0.07466666666666667,0.09333333333333334
support_burden,9,640,3000,4,conserved_quotient,0.03190784864521489,0.13251617328371632,0.9613333333333334,0.7351598173515982,0.8718470089960371,0.0,0.0,1.8681520460556188e-32,0.00901021006275271,0.9646761545061099,0.06845687672941937,0.074,0.09433333333333334
support_burden,9,640,3000,4,object_only,0.08917114967281611,0.32649888998621795,0.926,0.0,0.5598962893779309,0.0,1.0,1.0026872772966047e-32,0.12145380056691132,0.1864651742801352,0.1954538005669113,0.074,0.09433333333333334
support_burden,9,640,3000,4,access_only,0.03861031429002565,0.14739758604339712,0.947,0.6851485148514852,0.8625947762016877,0.0,0.0,6.162975822039155e-33,0.010324539007092183,0.936327155980474,0.06977120567375887,0.074,0.09433333333333334
support_burden,9,640,3000,4,context_table,0.09503344550403513,0.38394441648112676,0.8696666666666667,0.14442013129102846,0.5986077870527114,0.07471475892528524,0.8518518518518519,0.008814399080431596,0.12770602230983658,0.20987727505108178,0.2017060223098366,0.074,0.09433333333333334
support_burden,9,640,3000,8,conserved_quotient,0.03190784864521489,0.13251617328371632,0.9613333333333334,0.7351598173515982,0.8718470089960371,0.0,0.0,1.8681520460556188e-32,0.00901021006275271,0.9646761545061099,0.06845687672941937,0.074,0.09433333333333334
support_burden,9,640,3000,8,object_only,0.08917114967281611,0.32649888998621795,0.926,0.0,0.5598962893779309,0.0,1.0,1.0026872772966047e-32,0.12145380056691132,0.1864651742801352,0.1954538005669113,0.074,0.09433333333333334
support_burden,9,640,3000,8,access_only,0.03861031429002565,0.14739758604339712,0.947,0.6851485148514852,0.8625947762016877,0.0,0.0,6.162975822039155e-33,0.010324539007092183,0.936327155980474,0.06977120567375887,0.074,0.09433333333333334
support_burden,9,640,3000,8,context_table,0.09532483836221638,0.4030041858316773,0.8683333333333333,0.15417558886509636,0.5931628172448907,0.07729112992270887,0.8379629629629629,0.011361542035638753,0.125912845233013,0.20611087146635412,0.19763287370804672,0.074,0.09433333333333334
support_burden,9,640,3000,12,conserved_quotient,0.03190784864521489,0.13251617328371632,0.9613333333333334,0.7351598173515982,0.8718470089960371,0.0,0.0,1.8681520460556188e-32,0.00901021006275271,0.9646761545061099,0.06845687672941937,0.074,0.09433333333333334
support_burden,9,640,3000,12,object_only,0.08917114967281611,0.32649888998621795,0.926,0.0,0.5598962893779309,0.0,1.0,1.0026872772966047e-32,0.12145380056691132,0.1864651742801352,0.1954538005669113,0.074,0.09433333333333334
support_burden,9,640,3000,12,access_only,0.03861031429002565,0.14739758604339712,0.947,0.6851485148514852,0.8625947762016877,0.0,0.0,6.162975822039155e-33,0.010324539007092183,0.936327155980474,0.06977120567375887,0.074,0.09433333333333334
support_burden,9,640,3000,12,context_table,0.10033372563638174,0.4983317260172713,0.8703333333333333,0.1561822125813449,0.5354312195564895,0.07471475892528524,0.8333333333333334,0.026198535875743164,0.12845466452499488,0.14780355707910658,0.19475396894926014,0.074,0.09433333333333334
support_burden,10,640,3000,4,conserved_quotient,0.02661241463411677,0.11717513347047928,0.9706666666666667,0.7671957671957672,0.8828917884675072,0.0,0.0,1.8681520460556188e-32,0.011253888937519354,1.0779982758483628,0.05651745296627957,0.06633333333333333,0.079
support_burden,10,640,3000,4,object_only,0.07292539874958448,0.284312865000131,0.9336666666666666,0.0,0.5853042434593532,0.0,1.0,2.046300565911438e-34,0.09654936108175804,0.3215014633365516,0.16288269441509137,0.06633333333333333,0.079
support_burden,10,640,3000,4,access_only,0.0337775450059797,0.1331429007922092,0.956,0.6972477064220184,0.87614975986681,0.0,0.0,6.162975822039155e-33,0.010017743271221529,1.0649294855000495,0.05631559006211181,0.06633333333333333,0.079
support_burden,10,640,3000,4,context_table,0.07732238726651564,0.4156477419002537,0.9066666666666666,0.10828025477707007,0.5173547135893678,0.035830618892508145,0.9106145251396648,0.008023526613459097,0.09536854011901802,0.1228472204658675,0.13848844946586486,0.06633333333333333,0.079
support_burden,10,640,3000,8,conserved_quotient,0.02661241463411677,0.11717513347047928,0.9706666666666667,0.7671957671957672,0.8828917884675072,0.0,0.0,1.8681520460556188e-32,0.011253888937519354,1.0779982758483628,0.05651745296627957,0.06633333333333333,0.079
support_burden,10,640,3000,8,object_only,0.07292539874958448,0.284312865000131,0.9336666666666666,0.0,0.5853042434593532,0.0,1.0,2.046300565911438e-34,0.09654936108175804,0.3215014633365516,0.16288269441509137,0.06633333333333333,0.079
support_burden,10,640,3000,8,access_only,0.0337775450059797,0.1331429007922092,0.956,0.6972477064220184,0.87614975986681,0.0,0.0,6.162975822039155e-33,0.010017743271221529,1.0649294855000495,0.05631559006211181,0.06633333333333333,0.079
support_burden,10,640,3000,8,context_table,0.07391201319936488,0.40799554716161984,0.9303333333333333,0.027906976744186046,0.5070299731431165,0.005066956207021353,0.9888268156424581,0.007227917922322382,0.08771514143517165,0.09842929160811023,0.1319186871595725,0.06633333333333333,0.079
support_burden,10,640,3000,12,conserved_quotient,0.02661241463411677,0.11717513347047928,0.9706666666666667,0.7671957671957672,0.8828917884675072,0.0,0.0,1.8681520460556188e-32,0.011253888937519354,1.0779982758483628,0.05651745296627957,0.06633333333333333,0.079
support_burden,10,640,3000,12,object_only,0.07292539874958448,0.284312865000131,0.9336666666666666,0.0,0.5853042434593532,0.0,1.0,2.046300565911438e-34,0.09654936108175804,0.3215014633365516,0.16288269441509137,0.06633333333333333,0.079
support_burden,10,640,3000,12,access_only,0.0337775450059797,0.1331429007922092,0.956,0.6972477064220184,0.87614975986681,0.0,0.0,6.162975822039155e-33,0.010017743271221529,1.0649294855000495,0.05631559006211181,0.06633333333333333,0.079
support_burden,10,640,3000,12,context_table,0.07784319277963626,0.43692470482200313,0.9216666666666666,0.0784313725490196,0.5241415933648966,0.015562794064422729,0.9273743016759777,0.015199661076254391,0.09020057650373048,0.13415092222773095,0.1402509046242211,0.06633333333333333,0.079
support_burden,11,640,3000,4,conserved_quotient,0.026409191279141007,0.11273861023864708,0.97,0.8132780082987552,0.907729072723229,0.0,0.0,1.560003254953661e-32,0.008541766267498835,1.0641195646392354,0.07304715649672883,0.081,0.10433333333333333
support_burden,11,640,3000,4,object_only,0.09022933039133423,0.32460656970349683,0.919,0.0,0.6276160495319807,0.0,1.0,1.7363462154866173e-33,0.11097937034213962,0.33028903835959966,0.19165312920738783,0.081,0.10433333333333333
support_burden,11,640,3000,4,access_only,0.036523007421874996,0.13620258684707615,0.9506666666666667,0.7338129496402878,0.8962804742436387,0.0,0.0,0.0,0.005204791666666672,1.010494129238909,0.07579520833333334,0.081,0.10433333333333333
support_burden,11,640,3000,4,context_table,0.10903306272793836,0.4588794035116585,0.847,0.2045060658578856,0.589723726063548,0.10048381094157052,0.7322175732217573,0.028465196344139906,0.1466580532926453,0.19493714153021136,0.21122421797068464,0.081,0.10433333333333333
support_burden,11,640,3000,8,conserved_quotient,0.026409191279141007,0.11273861023864708,0.97,0.8132780082987552,0.907729072723229,0.0,0.0,1.560003254953661e-32,0.008541766267498835,1.0641195646392354,0.07304715649672883,0.081,0.10433333333333333
support_burden,11,640,3000,8,object_only,0.09022933039133423,0.32460656970349683,0.919,0.0,0.6276160495319807,0.0,1.0,1.7363462154866173e-33,0.11097937034213962,0.33028903835959966,0.19165312920738783,0.081,0.10433333333333333
support_burden,11,640,3000,8,access_only,0.036523007421874996,0.13620258684707615,0.9506666666666667,0.7338129496402878,0.8962804742436387,0.0,0.0,0.0,0.005204791666666672,1.010494129238909,0.07579520833333334,0.081,0.10433333333333333
support_burden,11,640,3000,8,context_table,0.12960778607884788,0.8648723287641364,0.879,0.1951219512195122,0.5580303634146377,0.05805731298846297,0.7824267782426778,0.07566930434091466,0.1576711058460517,0.14173770936020333,0.2146569674493919,0.081,0.10433333333333333
support_burden,11,640,3000,12,conserved_quotient,0.026409191279141007,0.11273861023864708,0.97,0.8132780082987552,0.907729072723229,0.0,0.0,1.560003254953661e-32,0.008541766267498835,1.0641195646392354,0.07304715649672883,0.081,0.10433333333333333
support_burden,11,640,3000,12,object_only,0.09022933039133423,0.32460656970349683,0.919,0.0,0.6276160495319807,0.0,1.0,1.7363462154866173e-33,0.11097937034213962,0.33028903835959966,0.19165312920738783,0.081,0.10433333333333333
support_burden,11,640,3000,12,access_only,0.036523007421874996,0.13620258684707615,0.9506666666666667,0.7338129496402878,0.8962804742436387,0.0,0.0,0.0,0.005204791666666672,1.010494129238909,0.07579520833333334,0.081,0.10433333333333333
support_burden,11,640,3000,12,context_table,0.12908937682787808,0.8051507286344695,0.8763333333333333,0.2021505376344086,0.5984706344195322,0.06363974692966133,0.7866108786610879,0.06564302895367495,0.15026719643861677,0.16354938872927835,0.22578758444373617,0.081,0.10433333333333333
support_burden,12,640,3000,4,conserved_quotient,0.03251286145062093,0.13515249251040637,0.9623333333333334,0.7621052631578947,0.8841091922474767,0.0,0.0,9.437056727497456e-33,0.012734317329965751,1.0466544972003466,0.06973755388797853,0.08033333333333334,0.09933333333333333
support_burden,12,640,3000,4,object_only,0.08918699737948403,0.3287902371876992,0.9196666666666666,0.0,0.6147771382679695,0.0,1.0,1.925929944387236e-34,0.11762609776828953,0.3734807199312182,0.19795943110162287,0.08033333333333334,0.09933333333333333
support_burden,12,640,3000,4,access_only,0.03983397374198193,0.15163010202359803,0.9476666666666667,0.7087198515769945,0.8750644815383528,0.0,0.0,6.162975822039155e-33,0.015054088669950755,1.118476246535326,0.0652792446633826,0.08033333333333334,0.09933333333333333
support_burden,12,640,3000,4,context_table,0.08985631469515294,0.3785145671113613,0.9196666666666666,0.0,0.5730773222001477,0.0,1.0,0.004690558581546765,0.1206177909078256,0.1926882840344063,0.18411456081241576,0.08033333333333334,0.09933333333333333
support_burden,12,640,3000,8,conserved_quotient,0.03251286145062093,0.13515249251040637,0.9623333333333334,0.7621052631578947,0.8841091922474767,0.0,0.0,9.437056727497456e-33,0.012734317329965751,1.0466544972003466,0.06973755388797853,0.08033333333333334,0.09933333333333333
support_burden,12,640,3000,8,object_only,0.08918699737948403,0.3287902371876992,0.9196666666666666,0.0,0.6147771382679695,0.0,1.0,1.925929944387236e-34,0.11762609776828953,0.3734807199312182,0.19795943110162287,0.08033333333333334,0.09933333333333333
support_burden,12,640,3000,8,access_only,0.03983397374198193,0.15163010202359803,0.9476666666666667,0.7087198515769945,0.8750644815383528,0.0,0.0,6.162975822039155e-33,0.015054088669950755,1.118476246535326,0.0652792446633826,0.08033333333333334,0.09933333333333333
support_burden,12,640,3000,8,context_table,0.09747478807860076,0.47502659476305464,0.8833333333333333,0.04891304347826087,0.5126353736319762,0.04293116210214656,0.9529914529914529,0.01368488466315916,0.14120417283785452,-0.0332964840059797,0.17854308302128272,0.08033333333333334,0.09933333333333333
support_burden,12,640,3000,12,conserved_quotient,0.03251286145062093,0.13515249251040637,0.9623333333333334,0.7621052631578947,0.8841091922474767,0.0,0.0,9.437056727497456e-33,0.012734317329965751,1.0466544972003466,0.06973755388797853,0.08033333333333334,0.09933333333333333
support_burden,12,640,3000,12,object_only,0.08918699737948403,0.3287902371876992,0.9196666666666666,0.0,0.6147771382679695,0.0,1.0,1.925929944387236e-34,0.11762609776828953,0.3734807199312182,0.19795943110162287,0.08033333333333334,0.09933333333333333
support_burden,12,640,3000,12,access_only,0.03983397374198193,0.15163010202359803,0.9476666666666667,0.7087198515769945,0.8750644815383528,0.0,0.0,6.162975822039155e-33,0.015054088669950755,1.118476246535326,0.0652792446633826,0.08033333333333334,0.09933333333333333
support_burden,12,640,3000,12,context_table,0.09965448537681844,0.544750908294195,0.899,0.04416403785488959,0.5181352916671054,0.024796447076239823,0.9615384615384616,0.016079626399960145,0.1340216124399165,0.001886291607287053,0.1709685836802704,0.08033333333333334,0.09933333333333333
support_burden,13,640,3000,4,conserved_quotient,0.02421930450728362,0.10032069565728154,0.972,0.79,0.9183321428571428,0.0,0.0,1.8681520460556188e-32,0.005750405731662826,0.954211929057033,0.06825113405775428,0.06666666666666667,0.08966666666666667
support_burden,13,640,3000,4,object_only,0.08275961589664076,0.31142285605020104,0.9333333333333333,0.0,0.5934214285714285,0.0,1.0,1.5888922041194696e-33,0.13066239980268837,0.2744646430854427,0.19732906646935505,0.06666666666666667,0.08966666666666667
support_burden,13,640,3000,4,access_only,0.0313186747927135,0.11615437180683667,0.9563333333333334,0.720682302771855,0.9082232142857143,0.0,0.0,3.0814879110195774e-32,0.00500839851024208,0.9341459488012677,0.06921506517690876,0.06666666666666667,0.08966666666666667
support_burden,13,640,3000,4,context_table,0.0891783730167751,0.3395645281665042,0.9006666666666666,0.06289308176100629,0.5792875,0.03771512266569022,0.925,0.006694423394443598,0.1398024536962966,0.22486279944249773,0.20646912036296325,0.06666666666666667,0.08966666666666667
support_burden,13,640,3000,8,conserved_quotient,0.02421930450728362,0.10032069565728154,0.972,0.79,0.9183321428571428,0.0,0.0,1.8681520460556188e-32,0.005750405731662826,0.954211929057033,0.06825113405775428,0.06666666666666667,0.08966666666666667
support_burden,13,640,3000,8,object_only,0.08275961589664076,0.31142285605020104,0.9333333333333333,0.0,0.5934214285714285,0.0,1.0,1.5888922041194696e-33,0.13066239980268837,0.2744646430854427,0.19732906646935505,0.06666666666666667,0.08966666666666667
support_burden,13,640,3000,8,access_only,0.0313186747927135,0.11615437180683667,0.9563333333333334,0.720682302771855,0.9082232142857143,0.0,0.0,3.0814879110195774e-32,0.00500839851024208,0.9341459488012677,0.06921506517690876,0.06666666666666667,0.08966666666666667
support_burden,13,640,3000,8,context_table,0.11476136149826789,0.6413909408400462,0.871,0.1103448275862069,0.5683553571428571,0.07506407909190772,0.85,0.0330454950347081,0.15401243648323698,0.0773896594038482,0.2206791031499037,0.06666666666666667,0.08966666666666667
support_burden,13,640,3000,12,conserved_quotient,0.02421930450728362,0.10032069565728154,0.972,0.79,0.9183321428571428,0.0,0.0,1.8681520460556188e-32,0.005750405731662826,0.954211929057033,0.06825113405775428,0.06666666666666667,0.08966666666666667
support_burden,13,640,3000,12,object_only,0.08275961589664076,0.31142285605020104,0.9333333333333333,0.0,0.5934214285714285,0.0,1.0,1.5888922041194696e-33,0.13066239980268837,0.2744646430854427,0.19732906646935505,0.06666666666666667,0.08966666666666667
support_burden,13,640,3000,12,access_only,0.0313186747927135,0.11615437180683667,0.9563333333333334,0.720682302771855,0.9082232142857143,0.0,0.0,3.0814879110195774e-32,0.00500839851024208,0.9341459488012677,0.06921506517690876,0.06666666666666667,0.08966666666666667
support_burden,13,640,3000,12,context_table,0.09571166854633073,0.5123884377900436,0.8926666666666667,0.14361702127659576,0.5587535714285714,0.05236177224459905,0.835,0.029739150871076588,0.12871846338367382,0.11786482216772674,0.18879213943113227,0.06666666666666667,0.08966666666666667
support_burden,14,640,3000,4,conserved_quotient,0.029456889189206352,0.11907395737568444,0.9653333333333334,0.7603686635944701,0.8982347600071589,0.0,0.0,2.5422275265911513e-32,0.007243973067797467,0.9760822146453244,0.06822766229996466,0.073,0.095
support_burden,14,640,3000,4,object_only,0.09121141150973343,0.33356540876790003,0.927,0.0,0.5782371900650041,0.0,1.0,4.670380115139047e-33,0.13307516387045443,0.21363757716432863,0.20607516387045446,0.073,0.095
support_burden,14,640,3000,4,access_only,0.034602623255967725,0.12981283036846322,0.9526666666666667,0.7182539682539683,0.8900333147795133,0.0,0.0,5.238529448733282e-32,0.006414788732394367,1.042740354228053,0.06658521126760564,0.073,0.095
support_burden,14,640,3000,4,context_table,0.0885525449730802,0.4301687477175287,0.927,0.0,0.5085421459052705,0.0,1.0,0.006730984656245675,0.1143023114616255,0.08783197390375076,0.17746348965092595,0.073,0.095
support_burden,14,640,3000,8,conserved_quotient,0.029456889189206352,0.11907395737568444,0.9653333333333334,0.7603686635944701,0.8982347600071589,0.0,0.0,2.5422275265911513e-32,0.007243973067797467,0.9760822146453244,0.06822766229996466,0.073,0.095
support_burden,14,640,3000,8,object_only,0.09121141150973343,0.33356540876790003,0.927,0.0,0.5782371900650041,0.0,1.0,4.670380115139047e-33,0.13307516387045443,0.21363757716432863,0.20607516387045446,0.073,0.095
support_burden,14,640,3000,8,access_only,0.034602623255967725,0.12981283036846322,0.9526666666666667,0.7182539682539683,0.8900333147795133,0.0,0.0,5.238529448733282e-32,0.006414788732394367,1.042740354228053,0.06658521126760564,0.073,0.095
support_burden,14,640,3000,8,context_table,0.11205378855494379,0.7062171643037318,0.9043333333333333,0.11145510835913312,0.49195043338768124,0.03167587476979742,0.9162790697674419,0.04633136436761911,0.14021324763605758,0.08495156008996327,0.1941250285002551,0.073,0.095
support_burden,14,640,3000,12,conserved_quotient,0.029456889189206352,0.11907395737568444,0.9653333333333334,0.7603686635944701,0.8982347600071589,0.0,0.0,2.5422275265911513e-32,0.007243973067797467,0.9760822146453244,0.06822766229996466,0.073,0.095
support_burden,14,640,3000,12,object_only,0.09121141150973343,0.33356540876790003,0.927,0.0,0.5782371900650041,0.0,1.0,4.670380115139047e-33,0.13307516387045443,0.21363757716432863,0.20607516387045446,0.073,0.095
support_burden,14,640,3000,12,access_only,0.034602623255967725,0.12981283036846322,0.9526666666666667,0.7182539682539683,0.8900333147795133,0.0,0.0,5.238529448733282e-32,0.006414788732394367,1.042740354228053,0.06658521126760564,0.073,0.095
support_burden,14,640,3000,12,context_table,0.10756637950938087,0.6611346866277645,0.899,0.12680115273775217,0.46754641328387836,0.039779005524861875,0.9069767441860465,0.04368421717871133,0.13724049339228453,0.0796666081104285,0.18723374109951554,0.073,0.095
support_burden,15,640,3000,4,conserved_quotient,0.02203182818890829,0.09427910162054572,0.9746666666666667,0.8080808080808081,0.9268343679478583,0.0,0.0,1.5407439555097887e-32,0.002783910099034718,1.0126536679441016,0.06458155282663763,0.066,0.08266666666666667
support_burden,15,640,3000,4,object_only,0.08807342617307201,0.31928772971965125,0.934,0.0,0.6201180253642781,0.0,1.0,7.703719777548943e-34,0.13960906727739178,0.24178315333334374,0.20560906727739178,0.066,0.08266666666666667
support_burden,15,640,3000,4,access_only,0.028412720331131274,0.10895706242132998,0.9626666666666667,0.7488789237668162,0.9176129604395129,0.0,0.0,9.244463733058732e-33,0.0021914136125654677,0.9796685205754141,0.06587141361256545,0.066,0.08266666666666667
support_burden,15,640,3000,4,context_table,0.09017392587063087,0.3931107052378405,0.934,0.0,0.5654024181861441,0.0,1.0,0.008831467250613362,0.13578695236630303,0.15690155183624122,0.201786952366303,0.066,0.08266666666666667
support_burden,15,640,3000,8,conserved_quotient,0.02203182818890829,0.09427910162054572,0.9746666666666667,0.8080808080808081,0.9268343679478583,0.0,0.0,1.5407439555097887e-32,0.002783910099034718,1.0126536679441016,0.06458155282663763,0.066,0.08266666666666667
support_burden,15,640,3000,8,object_only,0.08807342617307201,0.31928772971965125,0.934,0.0,0.6201180253642781,0.0,1.0,7.703719777548943e-34,0.13960906727739178,0.24178315333334374,0.20560906727739178,0.066,0.08266666666666667
support_burden,15,640,3000,8,access_only,0.028412720331131274,0.10895706242132998,0.9626666666666667,0.7488789237668162,0.9176129604395129,0.0,0.0,9.244463733058732e-33,0.0021914136125654677,0.9796685205754141,0.06587141361256545,0.066,0.08266666666666667
support_burden,15,640,3000,8,context_table,0.09131711720283342,0.44822316613388147,0.9203333333333333,0.05533596837944664,0.5056020591352497,0.017078488372093022,0.9595959595959596,0.012762296723375356,0.13309383847943113,0.04943491834048224,0.18630587071627328,0.066,0.08266666666666667
support_burden,15,640,3000,12,conserved_quotient,0.02203182818890829,0.09427910162054572,0.9746666666666667,0.8080808080808081,0.9268343679478583,0.0,0.0,1.5407439555097887e-32,0.002783910099034718,1.0126536679441016,0.06458155282663763,0.066,0.08266666666666667
support_burden,15,640,3000,12,object_only,0.08807342617307201,0.31928772971965125,0.934,0.0,0.6201180253642781,0.0,1.0,7.703719777548943e-34,0.13960906727739178,0.24178315333334374,0.20560906727739178,0.066,0.08266666666666667
support_burden,15,640,3000,12,access_only,0.028412720331131274,0.10895706242132998,0.9626666666666667,0.7488789237668162,0.9176129604395129,0.0,0.0,9.244463733058732e-33,0.0021914136125654677,0.9796685205754141,0.06587141361256545,0.066,0.08266666666666667
support_burden,15,640,3000,12,context_table,0.10123913880030809,0.5757388215572313,0.9176666666666666,0.023715415019762844,0.5057714907821974,0.018531976744186048,0.9797979797979798,0.018362744683995524,0.14179658497560169,0.02522926689700079,0.19110825010718058,0.066,0.08266666666666667
support_burden,16,640,3000,4,conserved_quotient,0.02792628723136079,0.11909611970741285,0.969,0.7692307692307693,0.9046168288103772,0.0,0.0,3.274080905458301e-33,0.011398673383246558,0.9832170016874574,0.062232769248196075,0.07,0.08533333333333333
support_burden,16,640,3000,4,object_only,0.08236637217867726,0.3074426831550319,0.93,0.0,0.6007031916709336,0.0,1.0,7.824090399073146e-34,0.11726896551724142,0.29227566125333426,0.18726896551724137,0.07,0.08533333333333333
support_burden,16,640,3000,4,access_only,0.03437600021766486,0.1320069672523896,0.956,0.7167381974248928,0.8962024236217785,0.0,0.0,1.8488927466117464e-32,0.013876902356902369,1.1779227510811037,0.05612309764309764,0.07,0.08533333333333333
support_burden,16,640,3000,4,context_table,0.08718357244376461,0.4280961818106795,0.907,0.11987381703470032,0.5301348352961256,0.03134110787172012,0.8911917098445595,0.011792255678213286,0.11798998509068531,0.15355144290961084,0.1757292757310794,0.07,0.08533333333333333
support_burden,16,640,3000,8,conserved_quotient,0.02792628723136079,0.11909611970741285,0.969,0.7692307692307693,0.9046168288103772,0.0,0.0,3.274080905458301e-33,0.011398673383246558,0.9832170016874574,0.062232769248196075,0.07,0.08533333333333333
support_burden,16,640,3000,8,object_only,0.08236637217867726,0.3074426831550319,0.93,0.0,0.6007031916709336,0.0,1.0,7.824090399073146e-34,0.11726896551724142,0.29227566125333426,0.18726896551724137,0.07,0.08533333333333333
support_burden,16,640,3000,8,access_only,0.03437600021766486,0.1320069672523896,0.956,0.7167381974248928,0.8962024236217785,0.0,0.0,1.8488927466117464e-32,0.013876902356902369,1.1779227510811037,0.05612309764309764,0.07,0.08533333333333333
support_burden,16,640,3000,8,context_table,0.10528110090043012,0.5980088680270605,0.8906666666666667,0.15897435897435896,0.5775746714456392,0.05284256559766764,0.8186528497409327,0.03474664092818219,0.1364043052438452,0.16680465902884972,0.20200463397947738,0.07,0.08533333333333333
support_burden,16,640,3000,12,conserved_quotient,0.02792628723136079,0.11909611970741285,0.969,0.7692307692307693,0.9046168288103772,0.0,0.0,3.274080905458301e-33,0.011398673383246558,0.9832170016874574,0.062232769248196075,0.07,0.08533333333333333
support_burden,16,640,3000,12,object_only,0.08236637217867726,0.3074426831550319,0.93,0.0,0.6007031916709336,0.0,1.0,7.824090399073146e-34,0.11726896551724142,0.29227566125333426,0.18726896551724137,0.07,0.08533333333333333
support_burden,16,640,3000,12,access_only,0.03437600021766486,0.1320069672523896,0.956,0.7167381974248928,0.8962024236217785,0.0,0.0,1.8488927466117464e-32,0.013876902356902369,1.1779227510811037,0.05612309764309764,0.07,0.08533333333333333
support_burden,16,640,3000,12,context_table,0.11566367127164041,0.7355304215843583,0.874,0.14864864864864866,0.5476412357057518,0.0706997084548105,0.8290155440414507,0.05013507913689196,0.1453355533957399,0.12011889402542782,0.20082123376232944,0.07,0.08533333333333333
support_burden,17,640,3000,4,conserved_quotient,0.02790479042614774,0.11439189619322539,0.968,0.7512953367875648,0.8914982142857143,0.0,0.0,1.3096323621833204e-32,0.011159746329624022,1.0688081539323206,0.05972737525136942,0.06666666666666667,0.08733333333333333
support_burden,17,640,3000,4,object_only,0.07314676760357848,0.2856735349649874,0.9333333333333333,0.0,0.6005357142857143,0.0,1.0,0.0,0.10003630671295263,0.3808762536360526,0.16670297337961928,0.06666666666666667,0.08733333333333333
support_burden,17,640,3000,4,access_only,0.033131920799685056,0.1254786028061933,0.954,0.7012987012987013,0.8857589285714286,0.0,0.0,9.244463733058732e-33,0.004745273069679855,1.0166892566084127,0.06192139359698681,0.06666666666666667,0.08733333333333333
support_burden,17,640,3000,4,context_table,0.08680573967150228,0.40400521159905733,0.876,0.12264150943396226,0.5497625,0.06939371804236669,0.8172043010752689,0.01520970556999432,0.11378011345401842,0.14266279794071246,0.17729448624456193,0.06666666666666667,0.08733333333333333
support_burden,17,640,3000,8,conserved_quotient,0.02790479042614774,0.11439189619322539,0.968,0.7512953367875648,0.8914982142857143,0.0,0.0,1.3096323621833204e-32,0.011159746329624022,1.0688081539323206,0.05972737525136942,0.06666666666666667,0.08733333333333333
support_burden,17,640,3000,8,object_only,0.07314676760357848,0.2856735349649874,0.9333333333333333,0.0,0.6005357142857143,0.0,1.0,0.0,0.10003630671295263,0.3808762536360526,0.16670297337961928,0.06666666666666667,0.08733333333333333
support_burden,17,640,3000,8,access_only,0.033131920799685056,0.1254786028061933,0.954,0.7012987012987013,0.8857589285714286,0.0,0.0,9.244463733058732e-33,0.004745273069679855,1.0166892566084127,0.06192139359698681,0.06666666666666667,0.08733333333333333
support_burden,17,640,3000,8,context_table,0.10006910888406571,0.649488119765024,0.9043333333333333,0.07119741100323625,0.5085928571428572,0.03579254930606282,0.9408602150537635,0.030031422429325404,0.10854322672569636,0.041015206438561644,0.16358286494221178,0.06666666666666667,0.08733333333333333
support_burden,17,640,3000,12,conserved_quotient,0.02790479042614774,0.11439189619322539,0.968,0.7512953367875648,0.8914982142857143,0.0,0.0,1.3096323621833204e-32,0.011159746329624022,1.0688081539323206,0.05972737525136942,0.06666666666666667,0.08733333333333333
support_burden,17,640,3000,12,object_only,0.07314676760357848,0.2856735349649874,0.9333333333333333,0.0,0.6005357142857143,0.0,1.0,0.0,0.10003630671295263,0.3808762536360526,0.16670297337961928,0.06666666666666667,0.08733333333333333
support_burden,17,640,3000,12,access_only,0.033131920799685056,0.1254786028061933,0.954,0.7012987012987013,0.8857589285714286,0.0,0.0,9.244463733058732e-33,0.004745273069679855,1.0166892566084127,0.06192139359698681,0.06666666666666667,0.08733333333333333
support_burden,17,640,3000,12,context_table,0.09453396096598836,0.5522945718493386,0.8986666666666666,0.08433734939759036,0.5524678571428572,0.04309715120525932,0.9408602150537635,0.025066449573705775,0.10412523615883619,0.08168662095293233,0.1692588508848636,0.06666666666666667,0.08733333333333333
support_burden,18,640,3000,4,conserved_quotient,0.026576174894107175,0.11056613645974185,0.9686666666666667,0.7684729064039408,0.8973510838026967,0.0,0.0,6.162975822039155e-33,0.008575508858285862,1.0235475987767344,0.06307257579779879,0.07,0.08466666666666667
support_burden,18,640,3000,4,object_only,0.07959463473110116,0.3038345335187882,0.93,0.0,0.5954087728281277,0.0,1.0,9.750020343460382e-34,0.10688534359056838,0.24148586526766969,0.1743081623825147,0.07,0.08466666666666667
support_burden,18,640,3000,4,access_only,0.031263767346938774,0.12120162978194075,0.96,0.7413793103448276,0.8903089264379587,0.0,0.0,0.0,0.008111428571428572,1.082351820146522,0.061888571428571425,0.07,0.08466666666666667
support_burden,18,640,3000,4,context_table,0.07909182273495581,0.39415673747700675,0.93,0.0,0.5413961426864653,0.0,1.0,0.006139694632159532,0.09961644040299207,0.13880404898506044,0.1512701559883761,0.07,0.08466666666666667
support_burden,18,640,3000,8,conserved_quotient,0.026576174894107175,0.11056613645974185,0.9686666666666667,0.7684729064039408,0.8973510838026967,0.0,0.0,6.162975822039155e-33,0.008575508858285862,1.0235475987767344,0.06307257579779879,0.07,0.08466666666666667
support_burden,18,640,3000,8,object_only,0.07959463473110116,0.3038345335187882,0.93,0.0,0.5954087728281277,0.0,1.0,9.750020343460382e-34,0.10688534359056838,0.24148586526766969,0.1743081623825147,0.07,0.08466666666666667
support_burden,18,640,3000,8,access_only,0.031263767346938774,0.12120162978194075,0.96,0.7413793103448276,0.8903089264379587,0.0,0.0,0.0,0.008111428571428572,1.082351820146522,0.061888571428571425,0.07,0.08466666666666667
support_burden,18,640,3000,8,context_table,0.10744186550195428,0.6453071621520645,0.8826666666666667,0.1330049261083744,0.5233521078682369,0.06081573197378004,0.8520408163265306,0.03341635468196633,0.13369757683837225,0.07594079976047158,0.18765251496003804,0.07,0.08466666666666667
support_burden,18,640,3000,12,conserved_quotient,0.026576174894107175,0.11056613645974185,0.9686666666666667,0.7684729064039408,0.8973510838026967,0.0,0.0,6.162975822039155e-33,0.008575508858285862,1.0235475987767344,0.06307257579779879,0.07,0.08466666666666667
support_burden,18,640,3000,12,object_only,0.07959463473110116,0.3038345335187882,0.93,0.0,0.5954087728281277,0.0,1.0,9.750020343460382e-34,0.10688534359056838,0.24148586526766969,0.1743081623825147,0.07,0.08466666666666667
support_burden,18,640,3000,12,access_only,0.031263767346938774,0.12120162978194075,0.96,0.7413793103448276,0.8903089264379587,0.0,0.0,0.0,0.008111428571428572,1.082351820146522,0.061888571428571425,0.07,0.08466666666666667
support_burden,18,640,3000,12,context_table,0.10584384025224108,0.6094534628566701,0.8716666666666667,0.1309255079006772,0.5186379928315412,0.07319737800437,0.8367346938775511,0.026881339942626755,0.13305624942240912,0.056381014544203856,0.18768317811225022,0.07,0.08466666666666667
support_burden,19,640,3000,4,conserved_quotient,0.03305689567679381,0.1320563815619657,0.959,0.7092198581560284,0.8852438021210465,0.0,0.0,9.437056727497456e-33,0.010659477731263455,1.005109832868085,0.06327400677364964,0.073,0.093
support_burden,19,640,3000,4,object_only,0.08495804164536219,0.3182283478341526,0.927,0.0,0.5997809664077342,0.0,1.0,3.478710962049445e-33,0.11839209467350444,0.235927557707271,0.19139209467350443,0.073,0.093
support_burden,19,640,3000,4,access_only,0.03674543240316534,0.13989533182097888,0.95,0.6987951807228916,0.8778928771392308,0.0,0.0,6.162975822039155e-33,0.009363673469387764,1.0526813852838481,0.06363632653061226,0.073,0.093
support_burden,19,640,3000,4,context_table,0.08782089103315657,0.4533026639977312,0.927,0.0,0.515893070887086,0.0,1.0,0.00924932264147893,0.11458970897140094,0.06520530545286778,0.16750474685241634,0.073,0.093
support_burden,19,640,3000,8,conserved_quotient,0.03305689567679381,0.1320563815619657,0.959,0.7092198581560284,0.8852438021210465,0.0,0.0,9.437056727497456e-33,0.010659477731263455,1.005109832868085,0.06327400677364964,0.073,0.093
support_burden,19,640,3000,8,object_only,0.08495804164536219,0.3182283478341526,0.927,0.0,0.5997809664077342,0.0,1.0,3.478710962049445e-33,0.11839209467350444,0.235927557707271,0.19139209467350443,0.073,0.093
support_burden,19,640,3000,8,access_only,0.03674543240316534,0.13989533182097888,0.95,0.6987951807228916,0.8778928771392308,0.0,0.0,6.162975822039155e-33,0.009363673469387764,1.0526813852838481,0.06363632653061226,0.073,0.093
support_burden,19,640,3000,8,context_table,0.09033003212104321,0.4915515840765623,0.8943333333333333,0.08645533141210375,0.4748480803363988,0.03932377802278574,0.8970588235294118,0.01531700177164698,0.11823474489533356,0.012499745619812099,0.15861574340408763,0.073,0.093
support_burden,19,640,3000,12,conserved_quotient,0.03305689567679381,0.1320563815619657,0.959,0.7092198581560284,0.8852438021210465,0.0,0.0,9.437056727497456e-33,0.010659477731263455,1.005109832868085,0.06327400677364964,0.073,0.093
support_burden,19,640,3000,12,object_only,0.08495804164536219,0.3182283478341526,0.927,0.0,0.5997809664077342,0.0,1.0,3.478710962049445e-33,0.11839209467350444,0.235927557707271,0.19139209467350443,0.073,0.093
support_burden,19,640,3000,12,access_only,0.03674543240316534,0.13989533182097888,0.95,0.6987951807228916,0.8778928771392308,0.0,0.0,6.162975822039155e-33,0.009363673469387764,1.0526813852838481,0.06363632653061226,0.073,0.093
support_burden,19,640,3000,12,context_table,0.10440490735242941,0.6233276081461696,0.898,0.11560693641618497,0.543521843428746,0.03638368246968027,0.8627450980392157,0.044139482342478095,0.12144974252057032,0.11983018516322823,0.18688978698570585,0.073,0.093
support_burden,0,1280,3000,4,conserved_quotient,0.029499632970168083,0.12293800611162044,0.965,0.7608200455580866,0.8909157537667257,0.0,0.0,2.792598419361492e-32,0.008393391071911773,0.9598784096468634,0.07117339107191177,0.074,0.09433333333333334
support_burden,0,1280,3000,4,object_only,0.08819931592496724,0.3265642830548454,0.926,0.0,0.6020404854098159,0.0,1.0,4.044452883213195e-33,0.13056607262428288,0.31551075326065,0.20456607262428292,0.074,0.09433333333333334
support_burden,0,1280,3000,4,access_only,0.03649621292517006,0.13874943487652533,0.9503333333333334,0.7049504950495049,0.8821240246726207,0.0,0.0,3.0814879110195774e-32,0.006919523809523823,0.9682768693537325,0.06969952380952381,0.074,0.09433333333333334
support_burden,0,1280,3000,4,context_table,0.09590597700722082,0.401348779573809,0.8913333333333333,0.06321839080459771,0.5707943364530838,0.04195804195804196,0.9447004608294931,0.008326108900815216,0.15261988262864257,0.12866693745712346,0.20753077151753146,0.074,0.09433333333333334
support_burden,0,1280,3000,8,conserved_quotient,0.029499632970168083,0.12293800611162044,0.965,0.7608200455580866,0.8909157537667257,0.0,0.0,2.792598419361492e-32,0.008393391071911773,0.9598784096468634,0.07117339107191177,0.074,0.09433333333333334
support_burden,0,1280,3000,8,object_only,0.08819931592496724,0.3265642830548454,0.926,0.0,0.6020404854098159,0.0,1.0,4.044452883213195e-33,0.13056607262428288,0.31551075326065,0.20456607262428292,0.074,0.09433333333333334
support_burden,0,1280,3000,8,access_only,0.03649621292517006,0.13874943487652533,0.9503333333333334,0.7049504950495049,0.8821240246726207,0.0,0.0,3.0814879110195774e-32,0.006919523809523823,0.9682768693537325,0.06969952380952381,0.074,0.09433333333333334
support_burden,0,1280,3000,8,context_table,0.09667505789499313,0.4935477812702828,0.9066666666666666,0.06040268456375839,0.5485328741268266,0.02318733897681266,0.9400921658986175,0.020851794307621317,0.14736365046749464,0.07633585840358051,0.1869956883759914,0.074,0.09433333333333334
support_burden,0,1280,3000,8,monolithic_logistic,0.029807746386076337,0.13112756660301852,0.965,0.7608200455580866,0.8880862503972655,0.0,0.0,0.00035937702695237883,0.011098842176473141,1.0339723969342738,0.08052067376188908,0.074,0.09433333333333334
support_burden,0,1280,3000,12,conserved_quotient,0.029499632970168083,0.12293800611162044,0.965,0.7608200455580866,0.8909157537667257,0.0,0.0,2.792598419361492e-32,0.008393391071911773,0.9598784096468634,0.07117339107191177,0.074,0.09433333333333334
support_burden,0,1280,3000,12,object_only,0.08819931592496724,0.3265642830548454,0.926,0.0,0.6020404854098159,0.0,1.0,4.044452883213195e-33,0.13056607262428288,0.31551075326065,0.20456607262428292,0.074,0.09433333333333334
support_burden,0,1280,3000,12,access_only,0.03649621292517006,0.13874943487652533,0.9503333333333334,0.7049504950495049,0.8821240246726207,0.0,0.0,3.0814879110195774e-32,0.006919523809523823,0.9682768693537325,0.06969952380952381,0.074,0.09433333333333334
support_burden,0,1280,3000,12,context_table,0.09649408869279985,0.4682384942919322,0.8836666666666667,0.12090680100755667,0.5356241770928596,0.054471843945528155,0.8755760368663594,0.01677815512705387,0.14936425847740606,0.05637485902589068,0.18773791835561307,0.074,0.09433333333333334
support_burden,1,1280,3000,4,conserved_quotient,0.027778384813096232,0.11519176634087674,0.9663333333333334,0.7623529411764706,0.9024625276606405,0.0,0.0,9.244463733058732e-33,0.005674272700511224,0.9799814622012697,0.06832442104322076,0.07166666666666667,0.09633333333333334
support_burden,1,1280,3000,4,object_only,0.08878917806821039,0.32559416907447475,0.9283333333333333,0.0,0.6220700597052315,0.0,1.0,7.137977856385193e-33,0.13308116123390062,0.2690052725332814,0.20474782790056725,0.07166666666666667,0.09633333333333334
support_burden,1,1280,3000,4,access_only,0.035847678650242416,0.13345241267401747,0.9493333333333334,0.6984126984126984,0.8903561437935785,0.0,0.0,5.854827030937197e-32,0.006712262210796913,0.9475382572428416,0.07045226221079692,0.07166666666666667,0.09633333333333334
support_burden,1,1280,3000,4,context_table,0.08807918696254982,0.3724458889416649,0.9283333333333333,0.0,0.5395816458602981,0.0,1.0,0.009146440718019917,0.11734682635228474,0.17755190368943663,0.18901349301895137,0.07166666666666667,0.09633333333333334
support_burden,1,1280,3000,8,conserved_quotient,0.027778384813096232,0.11519176634087674,0.9663333333333334,0.7623529411764706,0.9024625276606405,0.0,0.0,9.244463733058732e-33,0.005674272700511224,0.9799814622012697,0.06832442104322076,0.07166666666666667,0.09633333333333334
support_burden,1,1280,3000,8,object_only,0.08878917806821039,0.32559416907447475,0.9283333333333333,0.0,0.6220700597052315,0.0,1.0,7.137977856385193e-33,0.13308116123390062,0.2690052725332814,0.20474782790056725,0.07166666666666667,0.09633333333333334
support_burden,1,1280,3000,8,access_only,0.035847678650242416,0.13345241267401747,0.9493333333333334,0.6984126984126984,0.8903561437935785,0.0,0.0,5.854827030937197e-32,0.006712262210796913,0.9475382572428416,0.07045226221079692,0.07166666666666667,0.09633333333333334
support_burden,1,1280,3000,8,context_table,0.08828982863237092,0.40817196923683213,0.9093333333333333,0.1282051282051282,0.5547843513840758,0.028402803393581703,0.9047619047619048,0.011295746962723965,0.11685330498264662,0.18773636923609655,0.18010981908716928,0.07166666666666667,0.09633333333333334
support_burden,1,1280,3000,8,monolithic_logistic,0.031274135545358225,0.14476067723671784,0.9603333333333334,0.6666666666666666,0.9061834578931987,0.0,0.3238095238095238,0.008442644663926248,0.025996813932360942,1.245213207183979,0.045669852734305724,0.07166666666666667,0.09633333333333334
support_burden,1,1280,3000,12,conserved_quotient,0.027778384813096232,0.11519176634087674,0.9663333333333334,0.7623529411764706,0.9024625276606405,0.0,0.0,9.244463733058732e-33,0.005674272700511224,0.9799814622012697,0.06832442104322076,0.07166666666666667,0.09633333333333334
support_burden,1,1280,3000,12,object_only,0.08878917806821039,0.32559416907447475,0.9283333333333333,0.0,0.6220700597052315,0.0,1.0,7.137977856385193e-33,0.13308116123390062,0.2690052725332814,0.20474782790056725,0.07166666666666667,0.09633333333333334
support_burden,1,1280,3000,12,access_only,0.035847678650242416,0.13345241267401747,0.9493333333333334,0.6984126984126984,0.8903561437935785,0.0,0.0,5.854827030937197e-32,0.006712262210796913,0.9475382572428416,0.07045226221079692,0.07166666666666667,0.09633333333333334
support_burden,1,1280,3000,12,context_table,0.09333487628141292,0.4811965949337991,0.9106666666666666,0.0945945945945946,0.4919360360736504,0.02397639247510144,0.9238095238095239,0.02052196557365743,0.12416129352171709,0.07678176092092501,0.17331934788812184,0.07166666666666667,0.09633333333333334
support_burden,2,1280,3000,4,conserved_quotient,0.026214858288257023,0.109974964481974,0.9696666666666667,0.7838479809976246,0.909360058561439,0.0,0.0,6.933347799794049e-33,0.007847897322454707,0.974643681493572,0.06979533333848925,0.06966666666666667,0.094
support_burden,2,1280,3000,4,object_only,0.08406864703618439,0.3152657507685063,0.9303333333333333,0.0,0.6040416993103259,0.0,1.0,1.5888922041194696e-33,0.12958191016943604,0.32057248578663816,0.19924857683610267,0.06966666666666667,0.094
support_burden,2,1280,3000,4,access_only,0.03474885354609929,0.12909540912031697,0.951,0.7006109979633401,0.897678628674876,0.0,0.0,3.0814879110195774e-33,0.007690000000000001,0.9217845085943636,0.07081,0.06966666666666667,0.094
support_burden,2,1280,3000,4,context_table,0.08531573244953723,0.34006814643918454,0.9303333333333333,0.0,0.5601531923355831,0.0,1.0,0.007500929387129668,0.13311050631135674,0.2193743020217863,0.1967525971107534,0.06966666666666667,0.094
support_burden,2,1280,3000,8,conserved_quotient,0.026214858288257023,0.109974964481974,0.9696666666666667,0.7838479809976246,0.909360058561439,0.0,0.0,6.933347799794049e-33,0.007847897322454707,0.974643681493572,0.06979533333848925,0.06966666666666667,0.094
support_burden,2,1280,3000,8,object_only,0.08406864703618439,0.3152657507685063,0.9303333333333333,0.0,0.6040416993103259,0.0,1.0,1.5888922041194696e-33,0.12958191016943604,0.32057248578663816,0.19924857683610267,0.06966666666666667,0.094
support_burden,2,1280,3000,8,access_only,0.03474885354609929,0.12909540912031697,0.951,0.7006109979633401,0.897678628674876,0.0,0.0,3.0814879110195774e-33,0.007690000000000001,0.9217845085943636,0.07081,0.06966666666666667,0.094
support_burden,2,1280,3000,8,context_table,0.09036673953482331,0.4424595287816887,0.9093333333333333,0.1111111111111111,0.5294067225651831,0.029065489330389993,0.9150943396226415,0.02123677108582382,0.1460056128343228,0.10616483234161399,0.17682534934225935,0.06966666666666667,0.094
support_burden,2,1280,3000,8,monolithic_logistic,0.028368589948346654,0.12907589885458431,0.9696666666666667,0.7838479809976246,0.8975877692994743,0.0,0.0,0.0013032881898852565,0.028736913696025976,0.9199009205009681,0.0976920844623192,0.06966666666666667,0.094
support_burden,2,1280,3000,12,conserved_quotient,0.026214858288257023,0.109974964481974,0.9696666666666667,0.7838479809976246,0.909360058561439,0.0,0.0,6.933347799794049e-33,0.007847897322454707,0.974643681493572,0.06979533333848925,0.06966666666666667,0.094
support_burden,2,1280,3000,12,object_only,0.08406864703618439,0.3152657507685063,0.9303333333333333,0.0,0.6040416993103259,0.0,1.0,1.5888922041194696e-33,0.12958191016943604,0.32057248578663816,0.19924857683610267,0.06966666666666667,0.094
support_burden,2,1280,3000,12,access_only,0.03474885354609929,0.12909540912031697,0.951,0.7006109979633401,0.897678628674876,0.0,0.0,3.0814879110195774e-33,0.007690000000000001,0.9217845085943636,0.07081,0.06966666666666667,0.094
support_burden,2,1280,3000,12,context_table,0.09447995999613558,0.4869070249110067,0.9053333333333333,0.1069182389937107,0.5049364070088579,0.03164091243561442,0.8915094339622641,0.02824236127929906,0.15434751908013447,0.04785120020150323,0.17936677596442666,0.06966666666666667,0.094
support_burden,3,1280,3000,4,conserved_quotient,0.02872826873999375,0.12362670289490675,0.9673333333333334,0.7802690582959642,0.899122003770536,0.0,0.0,1.8488927466117464e-32,0.01106108137336326,1.0598233168576972,0.06727225195997007,0.07833333333333334,0.08733333333333333
support_burden,3,1280,3000,4,object_only,0.08559197272095241,0.3180412268725341,0.9216666666666666,0.0,0.6013974067946597,0.0,1.0,1.925929944387236e-34,0.11159233733922015,0.43010154879026913,0.18992567067255345,0.07833333333333334,0.08733333333333333
support_burden,3,1280,3000,4,access_only,0.034022310883127044,0.13590771228193488,0.959,0.7525150905432596,0.8938155515370705,0.0,0.0,1.8488927466117464e-32,0.012839168975069249,1.0956519388728696,0.06549416435826409,0.07833333333333334,0.08733333333333333
support_burden,3,1280,3000,4,context_table,0.08836282082421697,0.33843921161146145,0.9216666666666666,0.0,0.619959216651918,0.0,1.0,0.004029341490565765,0.12066292778533495,0.3508788483054804,0.19462475529856246,0.07833333333333334,0.08733333333333333
support_burden,3,1280,3000,8,conserved_quotient,0.02872826873999375,0.12362670289490675,0.9673333333333334,0.7802690582959642,0.899122003770536,0.0,0.0,1.8488927466117464e-32,0.01106108137336326,1.0598233168576972,0.06727225195997007,0.07833333333333334,0.08733333333333333
support_burden,3,1280,3000,8,object_only,0.08559197272095241,0.3180412268725341,0.9216666666666666,0.0,0.6013974067946597,0.0,1.0,1.925929944387236e-34,0.11159233733922015,0.43010154879026913,0.18992567067255345,0.07833333333333334,0.08733333333333333
support_burden,3,1280,3000,8,access_only,0.034022310883127044,0.13590771228193488,0.959,0.7525150905432596,0.8938155515370705,0.0,0.0,1.8488927466117464e-32,0.012839168975069249,1.0956519388728696,0.06549416435826409,0.07833333333333334,0.08733333333333333
support_burden,3,1280,3000,8,context_table,0.10522734681162209,0.5298457556395384,0.8613333333333333,0.17786561264822134,0.5301173483128775,0.08254200146092038,0.7867298578199052,0.044605982100193654,0.15805982824696438,0.10655116948917848,0.1893645427768789,0.07833333333333334,0.08733333333333333
support_burden,3,1280,3000,8,monolithic_logistic,0.029601512371045052,0.12645067700768053,0.967,0.7833698030634574,0.9075695433034512,0.0,0.0,0.0036525969422090813,0.013644567532976827,0.934550423277142,0.09149926694492382,0.07833333333333334,0.08733333333333333
support_burden,3,1280,3000,12,conserved_quotient,0.02872826873999375,0.12362670289490675,0.9673333333333334,0.7802690582959642,0.899122003770536,0.0,0.0,1.8488927466117464e-32,0.01106108137336326,1.0598233168576972,0.06727225195997007,0.07833333333333334,0.08733333333333333
support_burden,3,1280,3000,12,object_only,0.08559197272095241,0.3180412268725341,0.9216666666666666,0.0,0.6013974067946597,0.0,1.0,1.925929944387236e-34,0.11159233733922015,0.43010154879026913,0.18992567067255345,0.07833333333333334,0.08733333333333333
support_burden,3,1280,3000,12,access_only,0.034022310883127044,0.13590771228193488,0.959,0.7525150905432596,0.8938155515370705,0.0,0.0,1.8488927466117464e-32,0.012839168975069249,1.0956519388728696,0.06549416435826409,0.07833333333333334,0.08733333333333333
support_burden,3,1280,3000,12,context_table,0.11671563947153463,0.6309669027540715,0.86,0.16996047430830039,0.5136547266361433,0.08327246165084003,0.7962085308056872,0.0574524935428879,0.1707626490988047,0.0799661740740912,0.19651814080956312,0.07833333333333334,0.08733333333333333
support_burden,4,1280,3000,4,conserved_quotient,0.026123083422088796,0.10866629922778877,0.9696666666666667,0.7973273942093542,0.9057397706899082,0.0,0.0,1.560003254953661e-32,0.0077183719854916075,1.0830849223151766,0.06761496134784173,0.07533333333333334,0.09733333333333333
support_burden,4,1280,3000,4,object_only,0.08519598046755325,0.31576172008755476,0.9246666666666666,0.0,0.5992927372376875,0.0,1.0,4.0564899453656155e-33,0.11570204569617074,0.3465382175901299,0.19103537902950407,0.07533333333333334,0.09733333333333333
support_burden,4,1280,3000,4,access_only,0.0337362229949678,0.12585612544416327,0.9546666666666667,0.7374517374517374,0.8936569663946508,0.0,0.0,4.930380657631324e-32,0.006950938845822561,1.0689637900220181,0.06838239448751078,0.07533333333333334,0.09733333333333333
support_burden,4,1280,3000,4,context_table,0.08496897017718716,0.39136483834195557,0.9246666666666666,0.0,0.5445971122496507,0.0,1.0,0.007428982539755982,0.08993354938725985,0.19751331112532658,0.16509349844847584,0.07533333333333334,0.09733333333333333
support_burden,4,1280,3000,8,conserved_quotient,0.026123083422088796,0.10866629922778877,0.9696666666666667,0.7973273942093542,0.9057397706899082,0.0,0.0,1.560003254953661e-32,0.0077183719854916075,1.0830849223151766,0.06761496134784173,0.07533333333333334,0.09733333333333333
support_burden,4,1280,3000,8,object_only,0.08519598046755325,0.31576172008755476,0.9246666666666666,0.0,0.5992927372376875,0.0,1.0,4.0564899453656155e-33,0.11570204569617074,0.3465382175901299,0.19103537902950407,0.07533333333333334,0.09733333333333333
support_burden,4,1280,3000,8,access_only,0.0337362229949678,0.12585612544416327,0.9546666666666667,0.7374517374517374,0.8936569663946508,0.0,0.0,4.930380657631324e-32,0.006950938845822561,1.0689637900220181,0.06838239448751078,0.07533333333333334,0.09733333333333333
support_burden,4,1280,3000,8,context_table,0.0895040239137517,0.43761425461029757,0.903,0.0877742946708464,0.5491909705163625,0.02880354505169867,0.9327354260089686,0.014772269292616949,0.10852590202268766,0.16392257003100957,0.1709766556222519,0.07533333333333334,0.09733333333333333
support_burden,4,1280,3000,8,monolithic_logistic,0.02962116893891163,0.1211464931265789,0.9633333333333334,0.7164948453608248,0.9162242951298722,0.0,0.273542600896861,0.004804193940691606,0.01771623348300319,1.3269681058568314,0.058125649040794494,0.07533333333333334,0.09733333333333333
support_burden,4,1280,3000,12,conserved_quotient,0.026123083422088796,0.10866629922778877,0.9696666666666667,0.7973273942093542,0.9057397706899082,0.0,0.0,1.560003254953661e-32,0.0077183719854916075,1.0830849223151766,0.06761496134784173,0.07533333333333334,0.09733333333333333
support_burden,4,1280,3000,12,object_only,0.08519598046755325,0.31576172008755476,0.9246666666666666,0.0,0.5992927372376875,0.0,1.0,4.0564899453656155e-33,0.11570204569617074,0.3465382175901299,0.19103537902950407,0.07533333333333334,0.09733333333333333
support_burden,4,1280,3000,12,access_only,0.0337362229949678,0.12585612544416327,0.9546666666666667,0.7374517374517374,0.8936569663946508,0.0,0.0,4.930380657631324e-32,0.006950938845822561,1.0689637900220181,0.06838239448751078,0.07533333333333334,0.09733333333333333
support_burden,4,1280,3000,12,context_table,0.09100534957953317,0.4608741849389224,0.8926666666666667,0.1005586592178771,0.5195557994270438,0.04098966026587888,0.905829596412556,0.016326796283116486,0.11221506571085706,0.11640413818151146,0.16742395717521888,0.07533333333333334,0.09733333333333333
support_burden,5,1280,3000,4,conserved_quotient,0.026495596106983498,0.11260496459079634,0.967,0.7211267605633803,0.863736962400206,0.0,0.0,1.8488927466117464e-32,0.009241810662810011,0.9789554064932036,0.056165370000408346,0.058666666666666666,0.08133333333333333
support_burden,5,1280,3000,4,object_only,0.07141550699023867,0.2811017299907904,0.9413333333333334,0.0,0.6113085082410508,0.0,1.0,2.5037089277034066e-33,0.11722473411932124,0.29191374595539094,0.17589140078598794,0.058666666666666666,0.08133333333333333
support_burden,5,1280,3000,4,access_only,0.03417257667564135,0.13000806871692494,0.9493333333333334,0.638095238095238,0.8529829545454546,0.0,0.0,3.0814879110195774e-32,0.009082599814298969,0.9024281591314699,0.058122599814298986,0.058666666666666666,0.08133333333333333
support_burden,5,1280,3000,4,context_table,0.0737354297753939,0.2942872682577792,0.9413333333333334,0.0,0.5690469675508627,0.0,1.0,0.002510071588447423,0.11695176605985799,0.2295348060658821,0.17561843272652466,0.058666666666666666,0.08133333333333333
support_burden,5,1280,3000,8,conserved_quotient,0.026495596106983498,0.11260496459079634,0.967,0.7211267605633803,0.863736962400206,0.0,0.0,1.8488927466117464e-32,0.009241810662810011,0.9789554064932036,0.056165370000408346,0.058666666666666666,0.08133333333333333
support_burden,5,1280,3000,8,object_only,0.07141550699023867,0.2811017299907904,0.9413333333333334,0.0,0.6113085082410508,0.0,1.0,2.5037089277034066e-33,0.11722473411932124,0.29191374595539094,0.17589140078598794,0.058666666666666666,0.08133333333333333
support_burden,5,1280,3000,8,access_only,0.03417257667564135,0.13000806871692494,0.9493333333333334,0.638095238095238,0.8529829545454546,0.0,0.0,3.0814879110195774e-32,0.009082599814298969,0.9024281591314699,0.058122599814298986,0.058666666666666666,0.08133333333333333
support_burden,5,1280,3000,8,context_table,0.07365500567450177,0.32802597979584436,0.9376666666666666,0.010582010582010581,0.5691696980427504,0.00362844702467344,0.9832402234636871,0.006314638714529506,0.10977400964722496,0.16081626656586082,0.16844067631389162,0.058666666666666666,0.08133333333333333
support_burden,5,1280,3000,8,monolithic_logistic,0.028588657577852748,0.12603171514077655,0.967,0.717948717948718,0.8761991372650013,0.0,0.0223463687150838,0.0066627376220430535,0.009740665263570272,0.9090622202592508,0.06609038793902888,0.058666666666666666,0.08133333333333333
support_burden,5,1280,3000,12,conserved_quotient,0.026495596106983498,0.11260496459079634,0.967,0.7211267605633803,0.863736962400206,0.0,0.0,1.8488927466117464e-32,0.009241810662810011,0.9789554064932036,0.056165370000408346,0.058666666666666666,0.08133333333333333
support_burden,5,1280,3000,12,object_only,0.07141550699023867,0.2811017299907904,0.9413333333333334,0.0,0.6113085082410508,0.0,1.0,2.5037089277034066e-33,0.11722473411932124,0.29191374595539094,0.17589140078598794,0.058666666666666666,0.08133333333333333
support_burden,5,1280,3000,12,access_only,0.03417257667564135,0.13000806871692494,0.9493333333333334,0.638095238095238,0.8529829545454546,0.0,0.0,3.0814879110195774e-32,0.009082599814298969,0.9024281591314699,0.058122599814298986,0.058666666666666666,0.08133333333333333
support_burden,5,1280,3000,12,context_table,0.07691108752062822,0.3851732390443485,0.9283333333333333,0.027149321266968326,0.5313043233324749,0.014150943396226415,0.9664804469273743,0.013218631990407854,0.11349178600314078,0.07564888831053496,0.16189070352344126,0.058666666666666666,0.08133333333333333
support_burden,6,1280,3000,4,conserved_quotient,0.029030086714860327,0.12155917582998733,0.966,0.7692307692307693,0.8951177240026161,0.0,0.0,0.0,0.010446961238078884,0.983745048698941,0.07059713656649255,0.07333333333333333,0.09666666666666666
support_burden,6,1280,3000,4,object_only,0.08522952724645887,0.3194618066584886,0.9266666666666666,0.0,0.6324918247220406,0.0,1.0,9.62964972193618e-34,0.12700471037568586,0.3769905372117808,0.20033804370901925,0.07333333333333333,0.09666666666666666
support_burden,6,1280,3000,4,access_only,0.03715328679069684,0.13962950682725186,0.948,0.6941176470588235,0.8859254414650098,0.0,0.0,3.0814879110195774e-33,0.00690449050086356,0.9635860426683606,0.0696378238341969,0.07333333333333333,0.09666666666666666
support_burden,6,1280,3000,4,context_table,0.08643885982835406,0.328213857557962,0.9266666666666666,0.0,0.5807063440156965,0.0,1.0,0.0041229302964875085,0.12864680160746916,0.20436987998878917,0.20136537302311816,0.07333333333333333,0.09666666666666666
support_burden,6,1280,3000,8,conserved_quotient,0.029030086714860327,0.12155917582998733,0.966,0.7692307692307693,0.8951177240026161,0.0,0.0,0.0,0.010446961238078884,0.983745048698941,0.07059713656649255,0.07333333333333333,0.09666666666666666
support_burden,6,1280,3000,8,object_only,0.08522952724645887,0.3194618066584886,0.9266666666666666,0.0,0.6324918247220406,0.0,1.0,9.62964972193618e-34,0.12700471037568586,0.3769905372117808,0.20033804370901925,0.07333333333333333,0.09666666666666666
support_burden,6,1280,3000,8,access_only,0.03715328679069684,0.13962950682725186,0.948,0.6941176470588235,0.8859254414650098,0.0,0.0,3.0814879110195774e-33,0.00690449050086356,0.9635860426683606,0.0696378238341969,0.07333333333333333,0.09666666666666666
support_burden,6,1280,3000,8,context_table,0.08584984398052059,0.3472016723351826,0.9266666666666666,0.0,0.5974231523871811,0.0,1.0,0.004655950159675651,0.12667870587416757,0.14651437115644536,0.19134664334186788,0.07333333333333333,0.09666666666666666
support_burden,6,1280,3000,8,monolithic_logistic,0.03303860538662642,0.14767031697850938,0.9656666666666667,0.7674943566591422,0.8998381294964028,0.0,0.0,0.002170692057916963,0.04611153698376042,0.9306530041753786,0.11944487031709375,0.07333333333333333,0.09666666666666666
support_burden,6,1280,3000,12,conserved_quotient,0.029030086714860327,0.12155917582998733,0.966,0.7692307692307693,0.8951177240026161,0.0,0.0,0.0,0.010446961238078884,0.983745048698941,0.07059713656649255,0.07333333333333333,0.09666666666666666
support_burden,6,1280,3000,12,object_only,0.08522952724645887,0.3194618066584886,0.9266666666666666,0.0,0.6324918247220406,0.0,1.0,9.62964972193618e-34,0.12700471037568586,0.3769905372117808,0.20033804370901925,0.07333333333333333,0.09666666666666666
support_burden,6,1280,3000,12,access_only,0.03715328679069684,0.13962950682725186,0.948,0.6941176470588235,0.8859254414650098,0.0,0.0,3.0814879110195774e-33,0.00690449050086356,0.9635860426683606,0.0696378238341969,0.07333333333333333,0.09666666666666666
support_burden,6,1280,3000,12,context_table,0.09645894700456029,0.43209786703844466,0.8956666666666667,0.10826210826210826,0.5705444735120994,0.03948339483394834,0.8918918918918919,0.021311862945052985,0.15189717695619442,0.09910777781751083,0.19562125295470134,0.07333333333333333,0.09666666666666666
support_burden,7,1280,3000,4,conserved_quotient,0.028089782287853096,0.11807651634545088,0.9676666666666667,0.7556675062972292,0.8684604842880986,0.0,0.0,3.4088960015654075e-32,0.008913269531971805,0.9712015787560637,0.0642678622144056,0.067,0.09033333333333333
support_burden,7,1280,3000,4,object_only,0.08341804749181093,0.3146055619504853,0.933,0.0,0.5771713067389028,0.0,1.0,8.185202263645752e-34,0.13313898859270804,0.2930960872720729,0.20013898859270807,0.067,0.09033333333333333
support_burden,7,1280,3000,4,access_only,0.035856488241754345,0.13502129954850456,0.9486666666666667,0.673728813559322,0.8589261623287635,0.0,0.0,6.162975822039155e-33,0.008478075601374587,0.9270422313302764,0.06567140893470791,0.067,0.09033333333333333
support_burden,7,1280,3000,4,context_table,0.08608543859029565,0.34118949239601126,0.933,0.0,0.6022033455445175,0.0,1.0,0.006190687003283838,0.14453709984566815,0.2755080086463672,0.20527822543081747,0.067,0.09033333333333333
support_burden,7,1280,3000,8,conserved_quotient,0.028089782287853096,0.11807651634545088,0.9676666666666667,0.7556675062972292,0.8684604842880986,0.0,0.0,3.4088960015654075e-32,0.008913269531971805,0.9712015787560637,0.0642678622144056,0.067,0.09033333333333333
support_burden,7,1280,3000,8,object_only,0.08341804749181093,0.3146055619504853,0.933,0.0,0.5771713067389028,0.0,1.0,8.185202263645752e-34,0.13313898859270804,0.2930960872720729,0.20013898859270807,0.067,0.09033333333333333
support_burden,7,1280,3000,8,access_only,0.035856488241754345,0.13502129954850456,0.9486666666666667,0.673728813559322,0.8589261623287635,0.0,0.0,6.162975822039155e-33,0.008478075601374587,0.9270422313302764,0.06567140893470791,0.067,0.09033333333333333
support_burden,7,1280,3000,8,context_table,0.1288162011053845,0.8276677058621137,0.8893333333333333,0.15306122448979592,0.5787656927936239,0.05643092707951631,0.8112244897959183,0.06540027884360186,0.18836511711647422,0.10692551989561849,0.24055507988703698,0.067,0.09033333333333333
support_burden,7,1280,3000,8,monolithic_logistic,0.02900950032778088,0.1334365610004951,0.964,0.7127659574468085,0.8967026247824827,0.0,0.10714285714285714,0.0035527720940788958,0.0169802825994331,1.091997585549672,0.05186238677401062,0.067,0.09033333333333333
support_burden,7,1280,3000,12,conserved_quotient,0.028089782287853096,0.11807651634545088,0.9676666666666667,0.7556675062972292,0.8684604842880986,0.0,0.0,3.4088960015654075e-32,0.008913269531971805,0.9712015787560637,0.0642678622144056,0.067,0.09033333333333333
support_burden,7,1280,3000,12,object_only,0.08341804749181093,0.3146055619504853,0.933,0.0,0.5771713067389028,0.0,1.0,8.185202263645752e-34,0.13313898859270804,0.2930960872720729,0.20013898859270807,0.067,0.09033333333333333
support_burden,7,1280,3000,12,access_only,0.035856488241754345,0.13502129954850456,0.9486666666666667,0.673728813559322,0.8589261623287635,0.0,0.0,6.162975822039155e-33,0.008478075601374587,0.9270422313302764,0.06567140893470791,0.067,0.09033333333333333
support_burden,7,1280,3000,12,context_table,0.13041236857736518,0.8431853413649276,0.8756666666666667,0.17660044150110377,0.5757688868981281,0.0754855258336387,0.7653061224489796,0.06875125118188327,0.19465712822114362,0.11676423124025534,0.2391576890364579,0.067,0.09033333333333333
support_burden,8,1280,3000,4,conserved_quotient,0.026748362571896212,0.10822400382189219,0.968,0.7486910994764397,0.9179761415055533,0.0,0.0,4.0059342843254506e-32,0.007255328161840961,0.9553921877132028,0.0627050528883706,0.065,0.08966666666666667
support_burden,8,1280,3000,4,object_only,0.07770809596619248,0.29932946204612865,0.935,0.0,0.575496137849079,0.0,1.0,3.851859888774472e-34,0.1136637692765966,0.21223867031636348,0.17644911499383084,0.065,0.08966666666666667
support_burden,8,1280,3000,4,access_only,0.03240612861246768,0.12007791677442939,0.9533333333333334,0.6982758620689655,0.9086448192330545,0.0,0.0,4.0059342843254506e-32,0.0041283050847457595,0.9562942280900238,0.06533497175141242,0.065,0.08966666666666667
support_burden,8,1280,3000,4,context_table,0.07549891890679539,0.3106607514625936,0.935,0.0,0.5312838795191737,0.0,1.0,0.0034364976024605287,0.10181753054777071,0.19767705979925376,0.16681753054777074,0.065,0.08966666666666667
support_burden,8,1280,3000,8,conserved_quotient,0.026748362571896212,0.10822400382189219,0.968,0.7486910994764397,0.9179761415055533,0.0,0.0,4.0059342843254506e-32,0.007255328161840961,0.9553921877132028,0.0627050528883706,0.065,0.08966666666666667
support_burden,8,1280,3000,8,object_only,0.07770809596619248,0.29932946204612865,0.935,0.0,0.575496137849079,0.0,1.0,3.851859888774472e-34,0.1136637692765966,0.21223867031636348,0.17644911499383084,0.065,0.08966666666666667
support_burden,8,1280,3000,8,access_only,0.03240612861246768,0.12007791677442939,0.9533333333333334,0.6982758620689655,0.9086448192330545,0.0,0.0,4.0059342843254506e-32,0.0041283050847457595,0.9562942280900238,0.06533497175141242,0.065,0.08966666666666667
support_burden,8,1280,3000,8,context_table,0.08453634128749861,0.4287503480175568,0.902,0.08695652173913043,0.4969532428355958,0.03844745514463566,0.8823529411764706,0.02166115554355645,0.12569433532286362,0.07043573031232216,0.16528973608781072,0.065,0.08966666666666667
support_burden,8,1280,3000,8,monolithic_logistic,0.02730972259129057,0.11817428335224192,0.968,0.7486910994764397,0.9080049362402304,0.0,0.0,0.0025257809081792536,0.005830297369384453,0.9534778978996957,0.0666064862950959,0.065,0.08966666666666667
support_burden,8,1280,3000,12,conserved_quotient,0.026748362571896212,0.10822400382189219,0.968,0.7486910994764397,0.9179761415055533,0.0,0.0,4.0059342843254506e-32,0.007255328161840961,0.9553921877132028,0.0627050528883706,0.065,0.08966666666666667
support_burden,8,1280,3000,12,object_only,0.07770809596619248,0.29932946204612865,0.935,0.0,0.575496137849079,0.0,1.0,3.851859888774472e-34,0.1136637692765966,0.21223867031636348,0.17644911499383084,0.065,0.08966666666666667
support_burden,8,1280,3000,12,access_only,0.03240612861246768,0.12007791677442939,0.9533333333333334,0.6982758620689655,0.9086448192330545,0.0,0.0,4.0059342843254506e-32,0.0041283050847457595,0.9562942280900238,0.06533497175141242,0.065,0.08966666666666667
support_burden,8,1280,3000,12,context_table,0.08053324619457017,0.42261869885672104,0.923,0.04149377593360996,0.4750143973673385,0.013914317099963384,0.9572192513368984,0.014644958762137195,0.11755703591100364,0.03846283427388729,0.1554560638512135,0.065,0.08966666666666667
support_burden,9,1280,3000,4,conserved_quotient,0.02617564237845348,0.112250283611546,0.9703333333333334,0.7651715039577837,0.8871309936242685,0.0,0.0,6.548161810916602e-32,0.007613899724550186,0.9940512888965157,0.06151407598660825,0.06533333333333333,0.086
support_burden,9,1280,3000,4,object_only,0.07992324680767424,0.3057596068805201,0.9346666666666666,0.0,0.584922414044077,0.0,1.0,2.5518571763130875e-33,0.12651124976423106,0.26617261111847346,0.19184458309756436,0.06533333333333333,0.086
support_burden,9,1280,3000,4,access_only,0.03422330752124323,0.13007673828032887,0.952,0.6828193832599119,0.8765720981687968,0.0,0.0,9.244463733058732e-33,0.00762964769647698,0.9345404048297452,0.06390964769647697,0.06533333333333333,0.086
support_burden,9,1280,3000,4,context_table,0.08270132282002617,0.32670254156275547,0.9053333333333333,0.1069182389937107,0.5448357302978253,0.038293216630196934,0.907103825136612,0.006355241455936695,0.13195898401718228,0.13351447164591515,0.19325925900858237,0.06533333333333333,0.086
support_burden,9,1280,3000,8,conserved_quotient,0.02617564237845348,0.112250283611546,0.9703333333333334,0.7651715039577837,0.8871309936242685,0.0,0.0,6.548161810916602e-32,0.007613899724550186,0.9940512888965157,0.06151407598660825,0.06533333333333333,0.086
support_burden,9,1280,3000,8,object_only,0.07992324680767424,0.3057596068805201,0.9346666666666666,0.0,0.584922414044077,0.0,1.0,2.5518571763130875e-33,0.12651124976423106,0.26617261111847346,0.19184458309756436,0.06533333333333333,0.086
support_burden,9,1280,3000,8,access_only,0.03422330752124323,0.13007673828032887,0.952,0.6828193832599119,0.8765720981687968,0.0,0.0,9.244463733058732e-33,0.00762964769647698,0.9345404048297452,0.06390964769647697,0.06533333333333333,0.086
support_burden,9,1280,3000,8,context_table,0.09168269940337602,0.4087359492053447,0.8753333333333333,0.1461187214611872,0.5398483216396401,0.07695113056163384,0.8306010928961749,0.016008658932221496,0.16030895114897428,0.07244289138389767,0.19984655532185058,0.06533333333333333,0.086
support_burden,9,1280,3000,8,monolithic_logistic,0.02690560844162486,0.12291651112103213,0.9703333333333334,0.7651715039577837,0.8748744504934641,0.0,0.0,0.0034650227888955295,0.015991977151253382,1.0463887126768432,0.07348587721236427,0.06533333333333333,0.086
support_burden,9,1280,3000,12,conserved_quotient,0.02617564237845348,0.112250283611546,0.9703333333333334,0.7651715039577837,0.8871309936242685,0.0,0.0,6.548161810916602e-32,0.007613899724550186,0.9940512888965157,0.06151407598660825,0.06533333333333333,0.086
support_burden,9,1280,3000,12,object_only,0.07992324680767424,0.3057596068805201,0.9346666666666666,0.0,0.584922414044077,0.0,1.0,2.5518571763130875e-33,0.12651124976423106,0.26617261111847346,0.19184458309756436,0.06533333333333333,0.086
support_burden,9,1280,3000,12,access_only,0.03422330752124323,0.13007673828032887,0.952,0.6828193832599119,0.8765720981687968,0.0,0.0,9.244463733058732e-33,0.00762964769647698,0.9345404048297452,0.06390964769647697,0.06533333333333333,0.086
support_burden,9,1280,3000,12,context_table,0.09045369104371465,0.4899961131968227,0.898,0.0783132530120482,0.47864566654051066,0.04230488694383661,0.9617486338797814,0.025015741546353967,0.15496044434539807,-0.029051317324533612,0.17556362298467076,0.06533333333333333,0.086
support_burden,10,1280,3000,4,conserved_quotient,0.027884489693806604,0.11730285097634381,0.9676666666666667,0.739946380697051,0.8900778578130202,0.0,0.0,9.244463733058732e-33,0.010190679381506942,0.913991085224144,0.06307734604817362,0.06266666666666666,0.089
support_burden,10,1280,3000,4,object_only,0.08226527485179715,0.310338329475441,0.9373333333333334,0.0,0.582898898338428,0.0,1.0,3.5148221485067054e-33,0.13807467653817174,0.24263787034731915,0.20074134320483839,0.06266666666666666,0.089
support_burden,10,1280,3000,4,access_only,0.03696414709141274,0.1371277878522046,0.9456666666666667,0.6417582417582418,0.8798084198420145,0.0,0.0,2.7733391199176196e-32,0.014775964912280717,0.8202702096630641,0.06766263157894738,0.06266666666666666,0.089
support_burden,10,1280,3000,4,context_table,0.08637634353122432,0.3318628589251487,0.9113333333333333,0.09523809523809523,0.5855584728065131,0.030369557263080865,0.8756756756756757,0.0060047243698487,0.14264303566118688,0.1984715789525566,0.20530970232785362,0.06266666666666666,0.089
support_burden,10,1280,3000,8,conserved_quotient,0.027884489693806604,0.11730285097634381,0.9676666666666667,0.739946380697051,0.8900778578130202,0.0,0.0,9.244463733058732e-33,0.010190679381506942,0.913991085224144,0.06307734604817362,0.06266666666666666,0.089
support_burden,10,1280,3000,8,object_only,0.08226527485179715,0.310338329475441,0.9373333333333334,0.0,0.582898898338428,0.0,1.0,3.5148221485067054e-33,0.13807467653817174,0.24263787034731915,0.20074134320483839,0.06266666666666666,0.089
support_burden,10,1280,3000,8,access_only,0.03696414709141274,0.1371277878522046,0.9456666666666667,0.6417582417582418,0.8798084198420145,0.0,0.0,2.7733391199176196e-32,0.014775964912280717,0.8202702096630641,0.06766263157894738,0.06266666666666666,0.089
support_burden,10,1280,3000,8,context_table,0.08533079857545865,0.4259027087275179,0.9286666666666666,0.0,0.507450970006961,0.008415660446395901,0.9837837837837838,0.014056481063141453,0.12154798513783314,0.029262707270878933,0.17782710398979823,0.06266666666666666,0.089
support_burden,10,1280,3000,8,monolithic_logistic,0.029850080611767044,0.13826948711866632,0.9676666666666667,0.739946380697051,0.8691398565418722,0.0,0.0,0.0031793619567958473,0.018799174100010967,0.8281907801018308,0.06920520668101028,0.06266666666666666,0.089
support_burden,10,1280,3000,12,conserved_quotient,0.027884489693806604,0.11730285097634381,0.9676666666666667,0.739946380697051,0.8900778578130202,0.0,0.0,9.244463733058732e-33,0.010190679381506942,0.913991085224144,0.06307734604817362,0.06266666666666666,0.089
support_burden,10,1280,3000,12,object_only,0.08226527485179715,0.310338329475441,0.9373333333333334,0.0,0.582898898338428,0.0,1.0,3.5148221485067054e-33,0.13807467653817174,0.24263787034731915,0.20074134320483839,0.06266666666666666,0.089
support_burden,10,1280,3000,12,access_only,0.03696414709141274,0.1371277878522046,0.9456666666666667,0.6417582417582418,0.8798084198420145,0.0,0.0,2.7733391199176196e-32,0.014775964912280717,0.8202702096630641,0.06766263157894738,0.06266666666666666,0.089
support_burden,10,1280,3000,12,context_table,0.09184792476103068,0.5251558628764934,0.9096666666666666,0.08135593220338982,0.4764402560455192,0.034394438346139776,0.9297297297297298,0.040720136063883146,0.1341153143335734,0.052748834290588235,0.1738150311849376,0.06266666666666666,0.089
support_burden,11,1280,3000,4,conserved_quotient,0.023892663380084216,0.10080565516976947,0.973,0.7906976744186046,0.8996095228390928,0.0,0.0,9.292611981668413e-33,0.005720733948441492,1.0401193159205748,0.06022276422005666,0.06533333333333333,0.085
support_burden,11,1280,3000,4,object_only,0.08484864505904564,0.31611407019808874,0.9346666666666666,0.0,0.6115043378264288,0.0,1.0,9.750020343460382e-34,0.13841037779398613,0.24816048435985613,0.20374371112731948,0.06533333333333333,0.085
support_burden,11,1280,3000,4,access_only,0.030489777449046674,0.11535477184296182,0.9583333333333334,0.7228381374722838,0.8923130949954875,0.0,0.0,3.0814879110195774e-33,0.003003846153846171,1.0187654854514576,0.06232948717948718,0.06533333333333333,0.085
support_burden,11,1280,3000,4,context_table,0.09190111094236708,0.36697837886549395,0.882,0.1407766990291262,0.6064732597746659,0.06812386156648452,0.8481675392670157,0.008435738115342673,0.1451777621242687,0.21200756152447428,0.21051109545760202,0.06533333333333333,0.085
support_burden,11,1280,3000,8,conserved_quotient,0.023892663380084216,0.10080565516976947,0.973,0.7906976744186046,0.8996095228390928,0.0,0.0,9.292611981668413e-33,0.005720733948441492,1.0401193159205748,0.06022276422005666,0.06533333333333333,0.085
support_burden,11,1280,3000,8,object_only,0.08484864505904564,0.31611407019808874,0.9346666666666666,0.0,0.6115043378264288,0.0,1.0,9.750020343460382e-34,0.13841037779398613,0.24816048435985613,0.20374371112731948,0.06533333333333333,0.085
support_burden,11,1280,3000,8,access_only,0.030489777449046674,0.11535477184296182,0.9583333333333334,0.7228381374722838,0.8923130949954875,0.0,0.0,3.0814879110195774e-33,0.003003846153846171,1.0187654854514576,0.06232948717948718,0.06533333333333333,0.085
support_burden,11,1280,3000,8,context_table,0.1137518433569271,0.5943454622051448,0.8653333333333333,0.15833333333333333,0.5980396081399749,0.08816029143897997,0.7801047120418848,0.022371095307431334,0.16302034807416377,0.12734597072476067,0.2283536814074971,0.06533333333333333,0.085
support_burden,11,1280,3000,8,monolithic_logistic,0.02575696247460531,0.11172253655867716,0.9703333333333334,0.7613941018766756,0.9039437101516784,0.0,0.07329842931937172,0.001194100264369381,0.01108023873908684,1.2363620880017634,0.05431445395073954,0.06533333333333333,0.085
support_burden,11,1280,3000,12,conserved_quotient,0.023892663380084216,0.10080565516976947,0.973,0.7906976744186046,0.8996095228390928,0.0,0.0,9.292611981668413e-33,0.005720733948441492,1.0401193159205748,0.06022276422005666,0.06533333333333333,0.085
support_burden,11,1280,3000,12,object_only,0.08484864505904564,0.31611407019808874,0.9346666666666666,0.0,0.6115043378264288,0.0,1.0,9.750020343460382e-34,0.13841037779398613,0.24816048435985613,0.20374371112731948,0.06533333333333333,0.085
support_burden,11,1280,3000,12,access_only,0.030489777449046674,0.11535477184296182,0.9583333333333334,0.7228381374722838,0.8923130949954875,0.0,0.0,3.0814879110195774e-33,0.003003846153846171,1.0187654854514576,0.06232948717948718,0.06533333333333333,0.085
support_burden,11,1280,3000,12,context_table,0.10420059955152496,0.4976601057392879,0.8833333333333333,0.13793103448275862,0.6258861247780139,0.06520947176684881,0.837696335078534,0.02922423250798278,0.1507422566379534,0.15526538340760193,0.21607558997128676,0.06533333333333333,0.085
support_burden,12,1280,3000,4,conserved_quotient,0.025284945197440446,0.097707108562098,0.968,0.7551020408163265,0.9255291037980651,0.0,0.0,6.355568816477878e-33,0.005076470750192551,0.9722639768592691,0.06307503577757265,0.06233333333333333,0.08966666666666667
support_burden,12,1280,3000,4,object_only,0.0772096270146824,0.2966933135631907,0.9376666666666666,0.0,0.5907864745613851,0.0,1.0,2.046300565911438e-34,0.12170344024686826,0.22244126170757889,0.18403677358020157,0.06233333333333333,0.08966666666666667
support_burden,12,1280,3000,4,access_only,0.02938676453190183,0.10613078127003485,0.9566666666666667,0.7149122807017544,0.9175523875969287,0.0,0.0,1.232595164407831e-32,0.003124748603351971,0.9655101964600763,0.06545808193668529,0.06233333333333333,0.08966666666666667
support_burden,12,1280,3000,4,context_table,0.08176291277600017,0.31887402764391354,0.9113333333333333,0.13071895424836602,0.5504580528523985,0.03478579274990846,0.8829268292682927,0.009818601368102212,0.1313265780117334,0.2514246689058117,0.19365991134506672,0.06233333333333333,0.08966666666666667
support_burden,12,1280,3000,8,conserved_quotient,0.025284945197440446,0.097707108562098,0.968,0.7551020408163265,0.9255291037980651,0.0,0.0,6.355568816477878e-33,0.005076470750192551,0.9722639768592691,0.06307503577757265,0.06233333333333333,0.08966666666666667
support_burden,12,1280,3000,8,object_only,0.0772096270146824,0.2966933135631907,0.9376666666666666,0.0,0.5907864745613851,0.0,1.0,2.046300565911438e-34,0.12170344024686826,0.22244126170757889,0.18403677358020157,0.06233333333333333,0.08966666666666667
support_burden,12,1280,3000,8,access_only,0.02938676453190183,0.10613078127003485,0.9566666666666667,0.7149122807017544,0.9175523875969287,0.0,0.0,1.232595164407831e-32,0.003124748603351971,0.9655101964600763,0.06545808193668529,0.06233333333333333,0.08966666666666667
support_burden,12,1280,3000,8,context_table,0.08707596225822922,0.3486697022407604,0.891,0.16793893129770993,0.630333573496619,0.05968509703405346,0.7902439024390244,0.011206451600658392,0.14683363201733862,0.26700333485068034,0.20916696535067197,0.06233333333333333,0.08966666666666667
support_burden,12,1280,3000,8,monolithic_logistic,0.02593750086727648,0.10721793556564546,0.968,0.7551020408163265,0.9210654885358468,0.0,0.0,0.0008583875848885637,0.01875714659863012,0.946528128885305,0.07843441250459392,0.06233333333333333,0.08966666666666667
support_burden,12,1280,3000,12,conserved_quotient,0.025284945197440446,0.097707108562098,0.968,0.7551020408163265,0.9255291037980651,0.0,0.0,6.355568816477878e-33,0.005076470750192551,0.9722639768592691,0.06307503577757265,0.06233333333333333,0.08966666666666667
support_burden,12,1280,3000,12,object_only,0.0772096270146824,0.2966933135631907,0.9376666666666666,0.0,0.5907864745613851,0.0,1.0,2.046300565911438e-34,0.12170344024686826,0.22244126170757889,0.18403677358020157,0.06233333333333333,0.08966666666666667
support_burden,12,1280,3000,12,access_only,0.02938676453190183,0.10613078127003485,0.9566666666666667,0.7149122807017544,0.9175523875969287,0.0,0.0,1.232595164407831e-32,0.003124748603351971,0.9655101964600763,0.06545808193668529,0.06233333333333333,0.08966666666666667
support_burden,12,1280,3000,12,context_table,0.11828756782358903,0.753070585984585,0.887,0.17518248175182483,0.5558189536358124,0.06444525814719883,0.7658536585365854,0.060414093464188696,0.16422983492033685,0.12431031238942417,0.22329096244071336,0.06233333333333333,0.08966666666666667
support_burden,13,1280,3000,4,conserved_quotient,0.02734613273969095,0.11118523653511306,0.966,0.7548076923076923,0.9137112071167032,0.0,0.0,1.617781153285278e-32,0.006012457948906913,0.9912042678996598,0.0663384147078481,0.06766666666666667,0.09466666666666666
support_burden,13,1280,3000,4,object_only,0.08041709234086847,0.3041410395535402,0.9323333333333333,0.0,0.6154747081232355,0.0,1.0,3.274080905458301e-33,0.12172954851688146,0.33971465041301113,0.18939621518354813,0.06766666666666667,0.09466666666666666
support_burden,13,1280,3000,4,access_only,0.034403866666666665,0.12674477887430297,0.9496666666666667,0.6899383983572895,0.9038343334078913,0.0,0.0,6.162975822039155e-33,0.003413333333333323,0.9807842336211927,0.06585333333333333,0.06766666666666667,0.09466666666666666
support_burden,13,1280,3000,4,context_table,0.08006571164861472,0.350202613590985,0.9323333333333333,0.0,0.5684468404747521,0.0,1.0,0.003664242368966437,0.10461931404488012,0.2223529791205077,0.17228598071154677,0.06766666666666667,0.09466666666666666
support_burden,13,1280,3000,8,conserved_quotient,0.02734613273969095,0.11118523653511306,0.966,0.7548076923076923,0.9137112071167032,0.0,0.0,1.617781153285278e-32,0.006012457948906913,0.9912042678996598,0.0663384147078481,0.06766666666666667,0.09466666666666666
support_burden,13,1280,3000,8,object_only,0.08041709234086847,0.3041410395535402,0.9323333333333333,0.0,0.6154747081232355,0.0,1.0,3.274080905458301e-33,0.12172954851688146,0.33971465041301113,0.18939621518354813,0.06766666666666667,0.09466666666666666
support_burden,13,1280,3000,8,access_only,0.034403866666666665,0.12674477887430297,0.9496666666666667,0.6899383983572895,0.9038343334078913,0.0,0.0,6.162975822039155e-33,0.003413333333333323,0.9807842336211927,0.06585333333333333,0.06766666666666667,0.09466666666666666
support_burden,13,1280,3000,8,context_table,0.08272270888767445,0.3670501893212109,0.9086666666666666,0.05517241379310345,0.5608172725527527,0.028718703976435934,0.9577464788732394,0.00651270576854267,0.10534803764700774,0.180117632955376,0.17301470431367438,0.06766666666666667,0.09466666666666666
support_burden,13,1280,3000,8,monolithic_logistic,0.02798181276801933,0.12105718890571283,0.9643333333333334,0.7235142118863049,0.9047801039466987,0.0,0.13615023474178403,0.0035721975886868727,0.010634792987021668,1.071789212513444,0.05852144269032677,0.06766666666666667,0.09466666666666666
support_burden,13,1280,3000,12,conserved_quotient,0.02734613273969095,0.11118523653511306,0.966,0.7548076923076923,0.9137112071167032,0.0,0.0,1.617781153285278e-32,0.006012457948906913,0.9912042678996598,0.0663384147078481,0.06766666666666667,0.09466666666666666
support_burden,13,1280,3000,12,object_only,0.08041709234086847,0.3041410395535402,0.9323333333333333,0.0,0.6154747081232355,0.0,1.0,3.274080905458301e-33,0.12172954851688146,0.33971465041301113,0.18939621518354813,0.06766666666666667,0.09466666666666666
support_burden,13,1280,3000,12,access_only,0.034403866666666665,0.12674477887430297,0.9496666666666667,0.6899383983572895,0.9038343334078913,0.0,0.0,6.162975822039155e-33,0.003413333333333323,0.9807842336211927,0.06585333333333333,0.06766666666666667,0.09466666666666666
support_burden,13,1280,3000,12,context_table,0.0908268710539257,0.4681655726130254,0.898,0.08383233532934131,0.5556146539835961,0.04197349042709867,0.92018779342723,0.021696250705621534,0.11414882142298012,0.1274306452246073,0.1782203582793892,0.06766666666666667,0.09466666666666666
support_burden,14,1280,3000,4,conserved_quotient,0.02585518873081915,0.10714420182712467,0.97,0.7991071428571429,0.9197829401968979,0.0,0.0,3.0814879110195774e-33,0.00558110136069791,1.0418852983435793,0.06975223197263544,0.07533333333333334,0.09566666666666666
support_burden,14,1280,3000,4,object_only,0.08591308282618468,0.3186203219753222,0.9246666666666666,0.0,0.5923907842098883,0.0,1.0,9.750020343460382e-34,0.11975388746378142,0.3583418989644858,0.19508722079711477,0.07533333333333334,0.09566666666666666
support_burden,14,1280,3000,4,access_only,0.03250097629042866,0.12216543829382634,0.957,0.7485380116959064,0.9131776738488238,0.0,0.0,0.0,0.005667005347593592,1.0525380618180122,0.06966632798573975,0.07533333333333334,0.09566666666666666
support_burden,14,1280,3000,4,context_table,0.08971917572339207,0.3938322073389504,0.894,0.09142857142857143,0.5580995463564962,0.03796535200884629,0.9054054054054054,0.010544209772623098,0.1325071498936833,0.17246387760811524,0.1859489974402514,0.07533333333333334,0.09566666666666666
support_burden,14,1280,3000,8,conserved_quotient,0.02585518873081915,0.10714420182712467,0.97,0.7991071428571429,0.9197829401968979,0.0,0.0,3.0814879110195774e-33,0.00558110136069791,1.0418852983435793,0.06975223197263544,0.07533333333333334,0.09566666666666666
support_burden,14,1280,3000,8,object_only,0.08591308282618468,0.3186203219753222,0.9246666666666666,0.0,0.5923907842098883,0.0,1.0,9.750020343460382e-34,0.11975388746378142,0.3583418989644858,0.19508722079711477,0.07533333333333334,0.09566666666666666
support_burden,14,1280,3000,8,access_only,0.03250097629042866,0.12216543829382634,0.957,0.7485380116959064,0.9131776738488238,0.0,0.0,0.0,0.005667005347593592,1.0525380618180122,0.06966632798573975,0.07533333333333334,0.09566666666666666
support_burden,14,1280,3000,8,context_table,0.08889372839225708,0.3980434688727996,0.9166666666666666,0.015748031496062992,0.6062584938525244,0.009214891264283081,0.9864864864864865,0.009127730858266656,0.13086601447186375,0.1145402311614721,0.1822382539785936,0.07533333333333334,0.09566666666666666
support_burden,14,1280,3000,8,monolithic_logistic,0.027242854108435945,0.118222745742422,0.97,0.7991071428571429,0.9241343448328665,0.0,0.0,0.0023356544779192805,0.02237880987291503,1.0669803231070498,0.08922870572874379,0.07533333333333334,0.09566666666666666
support_burden,14,1280,3000,12,conserved_quotient,0.02585518873081915,0.10714420182712467,0.97,0.7991071428571429,0.9197829401968979,0.0,0.0,3.0814879110195774e-33,0.00558110136069791,1.0418852983435793,0.06975223197263544,0.07533333333333334,0.09566666666666666
support_burden,14,1280,3000,12,object_only,0.08591308282618468,0.3186203219753222,0.9246666666666666,0.0,0.5923907842098883,0.0,1.0,9.750020343460382e-34,0.11975388746378142,0.3583418989644858,0.19508722079711477,0.07533333333333334,0.09566666666666666
support_burden,14,1280,3000,12,access_only,0.03250097629042866,0.12216543829382634,0.957,0.7485380116959064,0.9131776738488238,0.0,0.0,0.0,0.005667005347593592,1.0525380618180122,0.06966632798573975,0.07533333333333334,0.09566666666666666
support_burden,14,1280,3000,12,context_table,0.09667494164800375,0.4833085486664243,0.8873333333333333,0.0962566844919786,0.5097029304987526,0.043494286767416145,0.8648648648648649,0.02276266478300337,0.15103873600063025,0.028513970955012898,0.18007851378250167,0.07533333333333334,0.09566666666666666
support_burden,15,1280,3000,4,conserved_quotient,0.027527796037923755,0.11391931908072153,0.9683333333333334,0.7743467933491687,0.9045724526369687,0.0,0.0,2.850376317693109e-32,0.010434133000122317,0.954153023172529,0.06929813300012232,0.07,0.091
support_burden,15,1280,3000,4,object_only,0.08556967053965214,0.3204755662142577,0.93,0.0,0.591647038743813,0.0,1.0,1.7333369499485123e-33,0.13354861735792622,0.28865798017083527,0.20354861735792626,0.07,0.091
support_burden,15,1280,3000,4,access_only,0.03371645555555555,0.12730592613403932,0.9536666666666667,0.7122153209109731,0.8955623826591569,0.0,0.0,3.0814879110195774e-33,0.0038766666666666667,0.9883987752362825,0.06672333333333334,0.07,0.091
support_burden,15,1280,3000,4,context_table,0.0896576686087179,0.37249176135011414,0.93,0.0,0.5600648574842123,0.0,1.0,0.011771087732136611,0.14734740281289813,0.1766373366218642,0.20395975371044028,0.07,0.091
support_burden,15,1280,3000,8,conserved_quotient,0.027527796037923755,0.11391931908072153,0.9683333333333334,0.7743467933491687,0.9045724526369687,0.0,0.0,2.850376317693109e-32,0.010434133000122317,0.954153023172529,0.06929813300012232,0.07,0.091
support_burden,15,1280,3000,8,object_only,0.08556967053965214,0.3204755662142577,0.93,0.0,0.591647038743813,0.0,1.0,1.7333369499485123e-33,0.13354861735792622,0.28865798017083527,0.20354861735792626,0.07,0.091
support_burden,15,1280,3000,8,access_only,0.03371645555555555,0.12730592613403932,0.9536666666666667,0.7122153209109731,0.8955623826591569,0.0,0.0,3.0814879110195774e-33,0.0038766666666666667,0.9883987752362825,0.06672333333333334,0.07,0.091
support_burden,15,1280,3000,8,context_table,0.11140688247876547,0.6055276655859594,0.885,0.14814814814814814,0.5419098822324628,0.05903923725705904,0.8388625592417062,0.03609500968694624,0.17964705702212153,0.09062075582558976,0.2215655347998993,0.07,0.091
support_burden,15,1280,3000,8,monolithic_logistic,0.028037677159244496,0.12230761947232614,0.9673333333333334,0.7586206896551724,0.8973749786653012,0.0,0.07109004739336493,0.005842377951285573,0.005990004272267132,1.0424246705068656,0.06660710550483198,0.07,0.091
support_burden,15,1280,3000,12,conserved_quotient,0.027527796037923755,0.11391931908072153,0.9683333333333334,0.7743467933491687,0.9045724526369687,0.0,0.0,2.850376317693109e-32,0.010434133000122317,0.954153023172529,0.06929813300012232,0.07,0.091
support_burden,15,1280,3000,12,object_only,0.08556967053965214,0.3204755662142577,0.93,0.0,0.591647038743813,0.0,1.0,1.7333369499485123e-33,0.13354861735792622,0.28865798017083527,0.20354861735792626,0.07,0.091
support_burden,15,1280,3000,12,access_only,0.03371645555555555,0.12730592613403932,0.9536666666666667,0.7122153209109731,0.8955623826591569,0.0,0.0,3.0814879110195774e-33,0.0038766666666666667,0.9883987752362825,0.06672333333333334,0.07,0.091
support_burden,15,1280,3000,12,context_table,0.09664500926541082,0.4317376065234595,0.873,0.1399548532731377,0.5277282812766684,0.06637330399706637,0.8436018957345972,0.02251391522204439,0.1650489963772239,0.04259330741481789,0.2069912986971262,0.07,0.091
support_burden,16,1280,3000,4,conserved_quotient,0.029468482341746538,0.12573525070384578,0.9666666666666667,0.7674418604651163,0.8905502392344498,0.0,0.0,4.8148248609680896e-33,0.009571634856887876,1.0025708040135586,0.06710112704787403,0.076,0.09066666666666667
support_burden,16,1280,3000,4,object_only,0.09292616111549368,0.33687658861849373,0.924,0.0,0.5730187210450368,0.0,1.0,1.5407439555097887e-33,0.1341690930949675,0.25678913637707074,0.2101690930949675,0.076,0.09066666666666667
support_burden,16,1280,3000,4,access_only,0.03607454933333333,0.14069625054414842,0.9533333333333334,0.72,0.8815330624541151,0.0,0.0,8.628166150854817e-32,0.007834666666666665,0.9730655558375595,0.07002133333333332,0.076,0.09066666666666667
support_burden,16,1280,3000,4,context_table,0.09885511916117377,0.36547056248593157,0.8963333333333333,0.09329446064139942,0.5976937292726766,0.036290322580645164,0.9207920792079208,0.0075050194928242995,0.15116190773336438,0.22866164129141398,0.22335939830647286,0.076,0.09066666666666667
support_burden,16,1280,3000,8,conserved_quotient,0.029468482341746538,0.12573525070384578,0.9666666666666667,0.7674418604651163,0.8905502392344498,0.0,0.0,4.8148248609680896e-33,0.009571634856887876,1.0025708040135586,0.06710112704787403,0.076,0.09066666666666667
support_burden,16,1280,3000,8,object_only,0.09292616111549368,0.33687658861849373,0.924,0.0,0.5730187210450368,0.0,1.0,1.5407439555097887e-33,0.1341690930949675,0.25678913637707074,0.2101690930949675,0.076,0.09066666666666667
support_burden,16,1280,3000,8,access_only,0.03607454933333333,0.14069625054414842,0.9533333333333334,0.72,0.8815330624541151,0.0,0.0,8.628166150854817e-32,0.007834666666666665,0.9730655558375595,0.07002133333333332,0.076,0.09066666666666667
support_burden,16,1280,3000,8,context_table,0.12113914953413196,0.6459383599095135,0.8766666666666667,0.15137614678899083,0.5738731297941825,0.06195014662756598,0.806930693069307,0.04800432791424341,0.1820382273840219,0.11872288131185353,0.23053911357620485,0.076,0.09066666666666667
support_burden,16,1280,3000,8,monolithic_logistic,0.030117452178008843,0.1319185316548026,0.9666666666666667,0.7674418604651163,0.8966845776056303,0.0,0.0,0.001403541915916202,0.010080950834302427,1.0519482518366332,0.0793000128167938,0.076,0.09066666666666667
support_burden,16,1280,3000,12,conserved_quotient,0.029468482341746538,0.12573525070384578,0.9666666666666667,0.7674418604651163,0.8905502392344498,0.0,0.0,4.8148248609680896e-33,0.009571634856887876,1.0025708040135586,0.06710112704787403,0.076,0.09066666666666667
support_burden,16,1280,3000,12,object_only,0.09292616111549368,0.33687658861849373,0.924,0.0,0.5730187210450368,0.0,1.0,1.5407439555097887e-33,0.1341690930949675,0.25678913637707074,0.2101690930949675,0.076,0.09066666666666667
support_burden,16,1280,3000,12,access_only,0.03607454933333333,0.14069625054414842,0.9533333333333334,0.72,0.8815330624541151,0.0,0.0,8.628166150854817e-32,0.007834666666666665,0.9730655558375595,0.07002133333333332,0.076,0.09066666666666667
support_burden,16,1280,3000,12,context_table,0.11704241553973285,0.6824838748581525,0.893,0.10584958217270195,0.5419071669071669,0.03995601173020528,0.8910891089108911,0.03951381369646009,0.1683977188528504,0.07912848412403954,0.21173320624780842,0.076,0.09066666666666667
support_burden,17,1280,3000,4,conserved_quotient,0.024019937970615118,0.09858631635120696,0.971,0.7893462469733656,0.9216589285714286,0.0,0.0,3.0814879110195774e-33,0.005191325043573518,0.9638264196002435,0.06990221238283524,0.06666666666666667,0.09266666666666666
support_burden,17,1280,3000,4,object_only,0.08862938440296972,0.32805421666618273,0.9333333333333333,0.0,0.6132428571428571,0.0,1.0,2.515745989855827e-33,0.15049183770748026,0.26074511039500947,0.2171585043741469,0.06666666666666667,0.09266666666666666
support_burden,17,1280,3000,4,access_only,0.031781632408778016,0.11590688542835087,0.9546666666666667,0.7154811715481172,0.9119321428571429,0.0,0.0,0.0,0.005675435139573073,0.9159077293080036,0.07115543513957306,0.06666666666666667,0.09266666666666666
support_burden,17,1280,3000,4,context_table,0.08720186261602526,0.3314497086799522,0.907,0.11987381703470032,0.5576892857142857,0.03600293901542983,0.9107981220657277,0.005142147746319788,0.141341741178514,0.25464394161685233,0.20545524883573132,0.06666666666666667,0.09266666666666666
support_burden,17,1280,3000,8,conserved_quotient,0.024019937970615118,0.09858631635120696,0.971,0.7893462469733656,0.9216589285714286,0.0,0.0,3.0814879110195774e-33,0.005191325043573518,0.9638264196002435,0.06990221238283524,0.06666666666666667,0.09266666666666666
support_burden,17,1280,3000,8,object_only,0.08862938440296972,0.32805421666618273,0.9333333333333333,0.0,0.6132428571428571,0.0,1.0,2.515745989855827e-33,0.15049183770748026,0.26074511039500947,0.2171585043741469,0.06666666666666667,0.09266666666666666
support_burden,17,1280,3000,8,access_only,0.031781632408778016,0.11590688542835087,0.9546666666666667,0.7154811715481172,0.9119321428571429,0.0,0.0,0.0,0.005675435139573073,0.9159077293080036,0.07115543513957306,0.06666666666666667,0.09266666666666666
support_burden,17,1280,3000,8,context_table,0.09381504447489669,0.41401898254345276,0.9116666666666666,0.11371237458193979,0.5481035714285715,0.030492285084496695,0.9248826291079812,0.01861470905849946,0.159983529180326,0.10873351621624225,0.20094128922529073,0.06666666666666667,0.09266666666666666
support_burden,17,1280,3000,8,monolithic_logistic,0.024136997212590255,0.10595364732832874,0.9703333333333334,0.7813267813267813,0.9188071428571428,0.0,0.028169014084507043,0.0025732510992993464,0.009084088102525579,1.0950389015214883,0.05906717335942123,0.06666666666666667,0.09266666666666666
support_burden,17,1280,3000,12,conserved_quotient,0.024019937970615118,0.09858631635120696,0.971,0.7893462469733656,0.9216589285714286,0.0,0.0,3.0814879110195774e-33,0.005191325043573518,0.9638264196002435,0.06990221238283524,0.06666666666666667,0.09266666666666666
support_burden,17,1280,3000,12,object_only,0.08862938440296972,0.32805421666618273,0.9333333333333333,0.0,0.6132428571428571,0.0,1.0,2.515745989855827e-33,0.15049183770748026,0.26074511039500947,0.2171585043741469,0.06666666666666667,0.09266666666666666
support_burden,17,1280,3000,12,access_only,0.031781632408778016,0.11590688542835087,0.9546666666666667,0.7154811715481172,0.9119321428571429,0.0,0.0,0.0,0.005675435139573073,0.9159077293080036,0.07115543513957306,0.06666666666666667,0.09266666666666666
support_burden,17,1280,3000,12,context_table,0.10024625027447201,0.4568799557206874,0.878,0.13679245283018868,0.5461428571428572,0.07016899338721529,0.8450704225352113,0.023139418459378974,0.16501198669725428,0.07647183009955397,0.2042895494257341,0.06666666666666667,0.09266666666666666
support_burden,18,1280,3000,4,conserved_quotient,0.02701521538353531,0.11803964604925243,0.969,0.7479674796747967,0.8681727667516588,0.0,0.0,1.617781153285278e-32,0.00808216764134341,1.0058112928974552,0.05765839812126959,0.06466666666666666,0.07766666666666666
support_burden,18,1280,3000,4,object_only,0.08447198982833574,0.31744267262528875,0.9353333333333333,0.0,0.5950889478363742,0.0,1.0,3.0814879110195774e-33,0.1404231118717634,0.23043825946187377,0.20508977853843005,0.06466666666666666,0.07766666666666666
support_burden,18,1280,3000,4,access_only,0.033953625029450055,0.13412974839374106,0.955,0.6838407494145199,0.8609698657515927,0.0,0.0,3.0814879110195774e-32,0.0076454330708661325,0.9704790051719672,0.05875876640419947,0.06466666666666666,0.07766666666666666
support_burden,18,1280,3000,4,context_table,0.08328480808976944,0.36086506827479436,0.9353333333333333,0.0,0.48660087735412333,0.0,1.0,0.005855444958668395,0.11805844773733389,0.010284651758717997,0.1827251144040005,0.06466666666666666,0.07766666666666666
support_burden,18,1280,3000,8,conserved_quotient,0.02701521538353531,0.11803964604925243,0.969,0.7479674796747967,0.8681727667516588,0.0,0.0,1.617781153285278e-32,0.00808216764134341,1.0058112928974552,0.05765839812126959,0.06466666666666666,0.07766666666666666
support_burden,18,1280,3000,8,object_only,0.08447198982833574,0.31744267262528875,0.9353333333333333,0.0,0.5950889478363742,0.0,1.0,3.0814879110195774e-33,0.1404231118717634,0.23043825946187377,0.20508977853843005,0.06466666666666666,0.07766666666666666
support_burden,18,1280,3000,8,access_only,0.033953625029450055,0.13412974839374106,0.955,0.6838407494145199,0.8609698657515927,0.0,0.0,3.0814879110195774e-32,0.0076454330708661325,0.9704790051719672,0.05875876640419947,0.06466666666666666,0.07766666666666666
support_burden,18,1280,3000,8,context_table,0.08750721641927453,0.4732436760647568,0.9293333333333333,0.009345794392523364,0.456901999397462,0.006505240332490061,0.9885714285714285,0.013665980191336437,0.12222610733348234,-0.03055774398339615,0.17183035574550423,0.06466666666666666,0.07766666666666666
support_burden,18,1280,3000,8,monolithic_logistic,0.031403186279864874,0.14468527660089103,0.968,0.7433155080213903,0.8715565320263647,0.0,0.0,0.002238497160618942,0.04038830862987367,0.8663502138184022,0.10505497529654034,0.06466666666666666,0.07766666666666666
support_burden,18,1280,3000,12,conserved_quotient,0.02701521538353531,0.11803964604925243,0.969,0.7479674796747967,0.8681727667516588,0.0,0.0,1.617781153285278e-32,0.00808216764134341,1.0058112928974552,0.05765839812126959,0.06466666666666666,0.07766666666666666
support_burden,18,1280,3000,12,object_only,0.08447198982833574,0.31744267262528875,0.9353333333333333,0.0,0.5950889478363742,0.0,1.0,3.0814879110195774e-33,0.1404231118717634,0.23043825946187377,0.20508977853843005,0.06466666666666666,0.07766666666666666
support_burden,18,1280,3000,12,access_only,0.033953625029450055,0.13412974839374106,0.955,0.6838407494145199,0.8609698657515927,0.0,0.0,3.0814879110195774e-32,0.0076454330708661325,0.9704790051719672,0.05875876640419947,0.06466666666666666,0.07766666666666666
support_burden,18,1280,3000,12,context_table,0.10278614750315528,0.6423964554988144,0.9106666666666666,0.06293706293706294,0.4614191974487659,0.029996385977593062,0.9485714285714286,0.03552450402230335,0.14270364295856444,0.014972423120185945,0.18349615416951584,0.06466666666666666,0.07766666666666666
support_burden,19,1280,3000,4,conserved_quotient,0.02704393982891689,0.11196692837594649,0.967,0.7493670886075949,0.898478968327988,0.0,0.0,3.717044792667365e-32,0.0064110288803089005,0.9698473197192778,0.06419538122086303,0.06566666666666666,0.08966666666666667
support_burden,19,1280,3000,4,object_only,0.07709112074598626,0.29608240072757014,0.9343333333333333,0.0,0.6048269529927145,0.0,1.0,2.5518571763130875e-33,0.1157346651332889,0.3103978274824067,0.18140133179995552,0.06566666666666666,0.08966666666666667
support_burden,19,1280,3000,4,access_only,0.034342465701345685,0.12836100931542047,0.9506666666666667,0.6824034334763949,0.8882669221338269,0.0,0.0,1.232595164407831e-32,0.007412516810758878,0.9249333634399094,0.0659525168107589,0.06566666666666666,0.08966666666666667
support_burden,19,1280,3000,4,context_table,0.07902549683432428,0.3747827827127453,0.9343333333333333,0.0,0.5346284166167141,0.0,1.0,0.009813538566346884,0.10309438713195042,0.1690678138749306,0.1687610537986171,0.06566666666666666,0.08966666666666667
support_burden,19,1280,3000,8,conserved_quotient,0.02704393982891689,0.11196692837594649,0.967,0.7493670886075949,0.898478968327988,0.0,0.0,3.717044792667365e-32,0.0064110288803089005,0.9698473197192778,0.06419538122086303,0.06566666666666666,0.08966666666666667
support_burden,19,1280,3000,8,object_only,0.07709112074598626,0.29608240072757014,0.9343333333333333,0.0,0.6048269529927145,0.0,1.0,2.5518571763130875e-33,0.1157346651332889,0.3103978274824067,0.18140133179995552,0.06566666666666666,0.08966666666666667
support_burden,19,1280,3000,8,access_only,0.034342465701345685,0.12836100931542047,0.9506666666666667,0.6824034334763949,0.8882669221338269,0.0,0.0,1.232595164407831e-32,0.007412516810758878,0.9249333634399094,0.0659525168107589,0.06566666666666666,0.08966666666666667
support_burden,19,1280,3000,8,context_table,0.08322252425325243,0.4504323641977276,0.9236666666666666,0.03375527426160337,0.5246988813653247,0.012815818381545222,0.9747474747474747,0.01564845150986346,0.10683149362103475,0.06427027989468713,0.1615526598144002,0.06566666666666666,0.08966666666666667
support_burden,19,1280,3000,8,monolithic_logistic,0.029501698640629948,0.12673813259386665,0.967,0.7493670886075949,0.8991345385926246,0.0,0.0,0.0026903275302484794,0.02411350019278333,0.8956708581006865,0.08856347318949405,0.06566666666666666,0.08966666666666667
support_burden,19,1280,3000,12,conserved_quotient,0.02704393982891689,0.11196692837594649,0.967,0.7493670886075949,0.898478968327988,0.0,0.0,3.717044792667365e-32,0.0064110288803089005,0.9698473197192778,0.06419538122086303,0.06566666666666666,0.08966666666666667
support_burden,19,1280,3000,12,object_only,0.07709112074598626,0.29608240072757014,0.9343333333333333,0.0,0.6048269529927145,0.0,1.0,2.5518571763130875e-33,0.1157346651332889,0.3103978274824067,0.18140133179995552,0.06566666666666666,0.08966666666666667
support_burden,19,1280,3000,12,access_only,0.034342465701345685,0.12836100931542047,0.9506666666666667,0.6824034334763949,0.8882669221338269,0.0,0.0,1.232595164407831e-32,0.007412516810758878,0.9249333634399094,0.0659525168107589,0.06566666666666666,0.08966666666666667
support_burden,19,1280,3000,12,context_table,0.08635690220356787,0.4693445955998879,0.918,0.08208955223880597,0.5376672202190909,0.020139143170999633,0.9191919191919192,0.031691862494819145,0.1135484361687966,0.14592804223679748,0.1732034211862665,0.06566666666666666,0.08966666666666667
support_burden,0,2560,3000,4,conserved_quotient,0.029151697578662823,0.12292533558490187,0.9643333333333334,0.7291139240506329,0.8971780414597885,0.0,0.0,5.565937539279112e-32,0.011536643296638583,0.9969707901774815,0.06224863081629268,0.068,0.08866666666666667
support_burden,0,2560,3000,4,object_only,0.08248182524761766,0.3120332283010623,0.932,0.0,0.6059479228028837,0.0,1.0,3.322229154067982e-33,0.12620269406247375,0.2870362138738513,0.19420269406247376,0.068,0.08866666666666667
support_burden,0,2560,3000,4,access_only,0.036579538868995946,0.1396661412132925,0.9486666666666667,0.6723404255319149,0.8887679177536537,0.0,0.0,3.389636702121535e-32,0.008854548611111106,0.9404623710422354,0.06441454861111112,0.068,0.08866666666666667
support_burden,0,2560,3000,4,context_table,0.07934170718462447,0.3075910682454478,0.932,0.0,0.5317505399870964,0.0,1.0,0.0010694943242005718,0.11445342224839437,0.1795454871771448,0.1824534222483944,0.068,0.08866666666666667
support_burden,0,2560,3000,8,conserved_quotient,0.029151697578662823,0.12292533558490187,0.9643333333333334,0.7291139240506329,0.8971780414597885,0.0,0.0,5.565937539279112e-32,0.011536643296638583,0.9969707901774815,0.06224863081629268,0.068,0.08866666666666667
support_burden,0,2560,3000,8,object_only,0.08248182524761766,0.3120332283010623,0.932,0.0,0.6059479228028837,0.0,1.0,3.322229154067982e-33,0.12620269406247375,0.2870362138738513,0.19420269406247376,0.068,0.08866666666666667
support_burden,0,2560,3000,8,access_only,0.036579538868995946,0.1396661412132925,0.9486666666666667,0.6723404255319149,0.8887679177536537,0.0,0.0,3.389636702121535e-32,0.008854548611111106,0.9404623710422354,0.06441454861111112,0.068,0.08866666666666667
support_burden,0,2560,3000,8,context_table,0.08437167362573308,0.354411273495307,0.932,0.0,0.5095321748155629,0.0,1.0,0.007212013853860678,0.13087896658676335,0.05120342534121524,0.18694746538719956,0.068,0.08866666666666667
support_burden,0,2560,3000,8,monolithic_logistic,0.030166069957373066,0.13464530339615485,0.9643333333333334,0.7291139240506329,0.8688970938876266,0.0,0.0,0.0007842383217663827,0.005520798403935798,0.9453872683208656,0.07335403711749816,0.068,0.08866666666666667
support_burden,0,2560,3000,12,conserved_quotient,0.029151697578662823,0.12292533558490187,0.9643333333333334,0.7291139240506329,0.8971780414597885,0.0,0.0,5.565937539279112e-32,0.011536643296638583,0.9969707901774815,0.06224863081629268,0.068,0.08866666666666667
support_burden,0,2560,3000,12,object_only,0.08248182524761766,0.3120332283010623,0.932,0.0,0.6059479228028837,0.0,1.0,3.322229154067982e-33,0.12620269406247375,0.2870362138738513,0.19420269406247376,0.068,0.08866666666666667
support_burden,0,2560,3000,12,access_only,0.036579538868995946,0.1396661412132925,0.9486666666666667,0.6723404255319149,0.8887679177536537,0.0,0.0,3.389636702121535e-32,0.008854548611111106,0.9404623710422354,0.06441454861111112,0.068,0.08866666666666667
support_burden,0,2560,3000,12,context_table,0.08528988947021711,0.4049884347337238,0.9226666666666666,0.06451612903225806,0.49913216359505175,0.013167520117044623,0.9581151832460733,0.012297627693248108,0.13888682317142248,0.008025983738931894,0.17816871263751188,0.068,0.08866666666666667
support_burden,1,2560,3000,4,conserved_quotient,0.02592567065032293,0.10769033700168767,0.9686666666666667,0.7696078431372549,0.9116750294515468,0.0,0.0,1.71407765050464e-32,0.006105102946671351,1.0012876435127684,0.06635346955670787,0.06833333333333333,0.091
support_burden,1,2560,3000,4,object_only,0.0835171582911137,0.3162851743401675,0.9316666666666666,0.0,0.6005567433134081,0.0,1.0,3.4666738998970245e-33,0.13319016503610434,0.3079313979896303,0.20152349836943767,0.06833333333333333,0.091
support_burden,1,2560,3000,4,access_only,0.033338875200087915,0.12480865734793338,0.9533333333333334,0.7071129707112971,0.8993708276975435,0.0,0.0,3.0814879110195774e-32,0.004496459680896932,0.9670621534717482,0.06700979301423028,0.06833333333333333,0.091
support_burden,1,2560,3000,4,context_table,0.08124171932545506,0.31886079319299226,0.9316666666666666,0.0,0.5055840132641041,0.0,1.0,0.0017769220079220127,0.1204019556068514,-0.05935242640899351,0.1865580806483108,0.06833333333333333,0.091
support_burden,1,2560,3000,8,conserved_quotient,0.02592567065032293,0.10769033700168767,0.9686666666666667,0.7696078431372549,0.9116750294515468,0.0,0.0,1.71407765050464e-32,0.006105102946671351,1.0012876435127684,0.06635346955670787,0.06833333333333333,0.091
support_burden,1,2560,3000,8,object_only,0.0835171582911137,0.3162851743401675,0.9316666666666666,0.0,0.6005567433134081,0.0,1.0,3.4666738998970245e-33,0.13319016503610434,0.3079313979896303,0.20152349836943767,0.06833333333333333,0.091
support_burden,1,2560,3000,8,access_only,0.033338875200087915,0.12480865734793338,0.9533333333333334,0.7071129707112971,0.8993708276975435,0.0,0.0,3.0814879110195774e-32,0.004496459680896932,0.9670621534717482,0.06700979301423028,0.06833333333333333,0.091
support_burden,1,2560,3000,8,context_table,0.08669651065229095,0.37016151559750193,0.9316666666666666,0.0,0.5586072690780575,0.0,1.0,0.008792837895626763,0.14715765126385977,0.17155126493759507,0.20031197746686,0.06833333333333333,0.091
support_burden,1,2560,3000,8,monolithic_logistic,0.02684146560072434,0.11720278146757475,0.9686666666666667,0.7696078431372549,0.8939133470046686,0.0,0.0,0.003390628015064076,0.0039769602579151735,1.0019814879122966,0.06970660352748066,0.06833333333333333,0.091
support_burden,1,2560,3000,12,conserved_quotient,0.02592567065032293,0.10769033700168767,0.9686666666666667,0.7696078431372549,0.9116750294515468,0.0,0.0,1.71407765050464e-32,0.006105102946671351,1.0012876435127684,0.06635346955670787,0.06833333333333333,0.091
support_burden,1,2560,3000,12,object_only,0.0835171582911137,0.3162851743401675,0.9316666666666666,0.0,0.6005567433134081,0.0,1.0,3.4666738998970245e-33,0.13319016503610434,0.3079313979896303,0.20152349836943767,0.06833333333333333,0.091
support_burden,1,2560,3000,12,access_only,0.033338875200087915,0.12480865734793338,0.9533333333333334,0.7071129707112971,0.8993708276975435,0.0,0.0,3.0814879110195774e-32,0.004496459680896932,0.9670621534717482,0.06700979301423028,0.06833333333333333,0.091
support_burden,1,2560,3000,12,context_table,0.09110438393031352,0.3968682628431288,0.8953333333333333,0.09248554913294797,0.5536681356080109,0.04363769710304364,0.8916256157635468,0.013844950891726668,0.15246652290755092,0.07220403162148878,0.19949663541142135,0.06833333333333333,0.091
support_burden,2,2560,3000,4,conserved_quotient,0.0335880644280556,0.1415013837025209,0.9603333333333334,0.7313769751693002,0.8742690058479532,0.0,0.0,6.355568816477878e-33,0.012813337705557874,0.9449212329419918,0.06964667103889119,0.076,0.09166666666666666
support_burden,2,2560,3000,4,object_only,0.08967143080361079,0.3285024636733397,0.924,0.0,0.6332165641376167,0.0,1.0,3.274080905458301e-33,0.1320006150752072,0.3491748045165663,0.20800061507520717,0.076,0.09166666666666666
support_burden,2,2560,3000,4,access_only,0.03995377810258834,0.1557361160706403,0.947,0.68389662027833,0.8641331865016075,0.0,0.0,9.244463733058732e-33,0.012544741306191662,0.9338386537628436,0.06937807463952501,0.076,0.09166666666666666
support_burden,2,2560,3000,4,context_table,0.09296405119812004,0.3942846709813324,0.924,0.0,0.5308663071820967,0.0,1.0,0.009478111553407787,0.14367828595090368,-0.05681690021108003,0.19987468468240474,0.076,0.09166666666666666
support_burden,2,2560,3000,8,conserved_quotient,0.0335880644280556,0.1415013837025209,0.9603333333333334,0.7313769751693002,0.8742690058479532,0.0,0.0,6.355568816477878e-33,0.012813337705557874,0.9449212329419918,0.06964667103889119,0.076,0.09166666666666666
support_burden,2,2560,3000,8,object_only,0.08967143080361079,0.3285024636733397,0.924,0.0,0.6332165641376167,0.0,1.0,3.274080905458301e-33,0.1320006150752072,0.3491748045165663,0.20800061507520717,0.076,0.09166666666666666
support_burden,2,2560,3000,8,access_only,0.03995377810258834,0.1557361160706403,0.947,0.68389662027833,0.8641331865016075,0.0,0.0,9.244463733058732e-33,0.012544741306191662,0.9338386537628436,0.06937807463952501,0.076,0.09166666666666666
support_burden,2,2560,3000,8,context_table,0.09832464276297322,0.44098741333595004,0.9023333333333333,0.08722741433021806,0.5164853421432368,0.027522935779816515,0.9162790697674419,0.01775724235681203,0.15483795609056022,0.004320469571757221,0.20173404576607645,0.076,0.09166666666666666
support_burden,2,2560,3000,8,monolithic_logistic,0.03586428314650176,0.15013484615915798,0.9603333333333334,0.7313769751693002,0.8844681147312726,0.0,0.0,0.0022869898988119664,0.024028503999863508,0.8718568088399719,0.10002850399986352,0.076,0.09166666666666666
support_burden,2,2560,3000,12,conserved_quotient,0.0335880644280556,0.1415013837025209,0.9603333333333334,0.7313769751693002,0.8742690058479532,0.0,0.0,6.355568816477878e-33,0.012813337705557874,0.9449212329419918,0.06964667103889119,0.076,0.09166666666666666
support_burden,2,2560,3000,12,object_only,0.08967143080361079,0.3285024636733397,0.924,0.0,0.6332165641376167,0.0,1.0,3.274080905458301e-33,0.1320006150752072,0.3491748045165663,0.20800061507520717,0.076,0.09166666666666666
support_burden,2,2560,3000,12,access_only,0.03995377810258834,0.1557361160706403,0.947,0.68389662027833,0.8641331865016075,0.0,0.0,9.244463733058732e-33,0.012544741306191662,0.9338386537628436,0.06937807463952501,0.076,0.09166666666666666
support_burden,2,2560,3000,12,context_table,0.10332611682505552,0.46966041876067743,0.8703333333333333,0.08899297423887588,0.5202083491557176,0.06348623853211009,0.9302325581395349,0.021457035113821018,0.17009274559544818,0.031171633297833654,0.2122414246548981,0.076,0.09166666666666666
support_burden,3,2560,3000,4,conserved_quotient,0.02960884761546456,0.1257884213364415,0.9656666666666667,0.7621247113163973,0.8846428553836454,0.0,0.0,4.3333423748712807e-32,0.010935220826559388,0.9633278604875902,0.06886350548021884,0.073,0.09
support_burden,3,2560,3000,4,object_only,0.08687805159744914,0.32016345776608096,0.927,0.0,0.6150459986963068,0.0,1.0,2.311115933264683e-33,0.1281769081647261,0.3310170328744879,0.2011769081647261,0.073,0.09
support_burden,3,2560,3000,4,access_only,0.03667277547867969,0.14181575777668912,0.951,0.6993865030674846,0.8765120131879897,0.0,0.0,1.8488927466117464e-32,0.007299741267787839,0.9808466583045683,0.06649974126778783,0.073,0.09
support_burden,3,2560,3000,4,context_table,0.08412888740237429,0.31892174450456867,0.927,0.0,0.5651214454246772,0.0,1.0,0.0018111320947395806,0.11557473146710895,0.3473575240818576,0.18857473146710893,0.073,0.09
support_burden,3,2560,3000,8,conserved_quotient,0.02960884761546456,0.1257884213364415,0.9656666666666667,0.7621247113163973,0.8846428553836454,0.0,0.0,4.3333423748712807e-32,0.010935220826559388,0.9633278604875902,0.06886350548021884,0.073,0.09
support_burden,3,2560,3000,8,object_only,0.08687805159744914,0.32016345776608096,0.927,0.0,0.6150459986963068,0.0,1.0,2.311115933264683e-33,0.1281769081647261,0.3310170328744879,0.2011769081647261,0.073,0.09
support_burden,3,2560,3000,8,access_only,0.03667277547867969,0.14181575777668912,0.951,0.6993865030674846,0.8765120131879897,0.0,0.0,1.8488927466117464e-32,0.007299741267787839,0.9808466583045683,0.06649974126778783,0.073,0.09
support_burden,3,2560,3000,8,context_table,0.0894717259210231,0.3921904779264696,0.9213333333333333,0.024793388429752067,0.5897865325537445,0.007326007326007326,0.985981308411215,0.010033392476658977,0.11896311097522182,0.23990954515853158,0.19196311097522184,0.073,0.09
support_burden,3,2560,3000,8,monolithic_logistic,0.02997264427837859,0.13350717945422452,0.9656666666666667,0.7621247113163973,0.8834097652202897,0.0,0.0,0.0015628586183218576,0.007804202063661272,0.9656053132208696,0.07463925060077344,0.073,0.09
support_burden,3,2560,3000,12,conserved_quotient,0.02960884761546456,0.1257884213364415,0.9656666666666667,0.7621247113163973,0.8846428553836454,0.0,0.0,4.3333423748712807e-32,0.010935220826559388,0.9633278604875902,0.06886350548021884,0.073,0.09
support_burden,3,2560,3000,12,object_only,0.08687805159744914,0.32016345776608096,0.927,0.0,0.6150459986963068,0.0,1.0,2.311115933264683e-33,0.1281769081647261,0.3310170328744879,0.2011769081647261,0.073,0.09
support_burden,3,2560,3000,12,access_only,0.03667277547867969,0.14181575777668912,0.951,0.6993865030674846,0.8765120131879897,0.0,0.0,1.8488927466117464e-32,0.007299741267787839,0.9808466583045683,0.06649974126778783,0.073,0.09
support_burden,3,2560,3000,12,context_table,0.08726820085616495,0.37865436234092364,0.9256666666666666,0.01762114537444934,0.5853927252606155,0.002564102564102564,0.9953271028037384,0.007644031267526093,0.11556405737338102,0.2630323527335435,0.18856405737338106,0.073,0.09
support_burden,4,2560,3000,4,conserved_quotient,0.028248826604482608,0.11518702689191072,0.967,0.7692307692307693,0.8992436433585566,0.0,0.0,1.8488927466117464e-32,0.006615170404166584,0.9562304651593783,0.06943894358191595,0.07033333333333333,0.09666666666666666
support_burden,4,2560,3000,4,object_only,0.08484189011745545,0.31737767369240655,0.9296666666666666,0.0,0.5831660942871368,0.0,1.0,9.62964972193618e-34,0.12801200136102894,0.300045303021854,0.1983453346943623,0.07033333333333333,0.09666666666666666
support_burden,4,2560,3000,4,access_only,0.035038922923900456,0.12926015639250696,0.9496666666666667,0.6986027944111777,0.8900402563218058,0.0,0.0,6.162975822039155e-33,0.00530173611111111,0.955570209647345,0.0697017361111111,0.07033333333333333,0.09666666666666666
support_burden,4,2560,3000,4,context_table,0.08451083636367662,0.32436425595264656,0.9296666666666666,0.0,0.5919174685927621,0.0,1.0,0.0021735555451485615,0.1285957132456351,0.3447675523726716,0.19892904657896845,0.07033333333333333,0.09666666666666666
support_burden,4,2560,3000,8,conserved_quotient,0.028248826604482608,0.11518702689191072,0.967,0.7692307692307693,0.8992436433585566,0.0,0.0,1.8488927466117464e-32,0.006615170404166584,0.9562304651593783,0.06943894358191595,0.07033333333333333,0.09666666666666666
support_burden,4,2560,3000,8,object_only,0.08484189011745545,0.31737767369240655,0.9296666666666666,0.0,0.5831660942871368,0.0,1.0,9.62964972193618e-34,0.12801200136102894,0.300045303021854,0.1983453346943623,0.07033333333333333,0.09666666666666666
support_burden,4,2560,3000,8,access_only,0.035038922923900456,0.12926015639250696,0.9496666666666667,0.6986027944111777,0.8900402563218058,0.0,0.0,6.162975822039155e-33,0.00530173611111111,0.955570209647345,0.0697017361111111,0.07033333333333333,0.09666666666666666
support_burden,4,2560,3000,8,context_table,0.08883505089750596,0.34726210384635375,0.9296666666666666,0.0,0.598955952548859,0.0,1.0,0.0072015000901721644,0.1442883193518843,0.2279216882654254,0.20670564969272587,0.07033333333333333,0.09666666666666666
support_burden,4,2560,3000,8,monolithic_logistic,0.029078764310403158,0.1249294622922176,0.9666666666666667,0.7663551401869159,0.8998129075124176,0.0,0.0045871559633027525,0.0018082272749148744,0.01327093232237864,1.002094735032909,0.07770824285607655,0.07033333333333333,0.09666666666666666
support_burden,4,2560,3000,12,conserved_quotient,0.028248826604482608,0.11518702689191072,0.967,0.7692307692307693,0.8992436433585566,0.0,0.0,1.8488927466117464e-32,0.006615170404166584,0.9562304651593783,0.06943894358191595,0.07033333333333333,0.09666666666666666
support_burden,4,2560,3000,12,object_only,0.08484189011745545,0.31737767369240655,0.9296666666666666,0.0,0.5831660942871368,0.0,1.0,9.62964972193618e-34,0.12801200136102894,0.300045303021854,0.1983453346943623,0.07033333333333333,0.09666666666666666
support_burden,4,2560,3000,12,access_only,0.035038922923900456,0.12926015639250696,0.9496666666666667,0.6986027944111777,0.8900402563218058,0.0,0.0,6.162975822039155e-33,0.00530173611111111,0.955570209647345,0.0697017361111111,0.07033333333333333,0.09666666666666666
support_burden,4,2560,3000,12,context_table,0.09172419367794411,0.3672054074900848,0.8933333333333333,0.13043478260869565,0.5857082410757223,0.04760147601476015,0.8715596330275229,0.015850103781177818,0.14486632132176713,0.18802500372110878,0.20261644686893518,0.07033333333333333,0.09666666666666666
support_burden,5,2560,3000,4,conserved_quotient,0.028763396494158485,0.11759563748899063,0.9653333333333334,0.7511961722488039,0.890784587417474,0.0,0.0,3.158525108795067e-32,0.007181286362353693,0.94473366189075,0.06830795302902037,0.069,0.09366666666666666
support_burden,5,2560,3000,4,object_only,0.0807329061062727,0.3062783848916813,0.931,0.0,0.5927517205712695,0.0,1.0,7.715756839701364e-33,0.11821758650849118,0.29922974879532804,0.18721758650849118,0.069,0.09366666666666666
support_burden,5,2560,3000,4,access_only,0.035469250815087595,0.13221763478263818,0.9493333333333334,0.6885245901639344,0.8813060947745485,0.0,0.0,1.232595164407831e-32,0.007275903723887377,0.9358576342036593,0.06840257039055404,0.069,0.09366666666666666
support_burden,5,2560,3000,4,context_table,0.07880810210101136,0.3355057855486868,0.931,0.0,0.5407635721463769,0.0,1.0,0.005146358540864745,0.09895596311841251,0.18307075105582044,0.16795596311841252,0.069,0.09366666666666666
support_burden,5,2560,3000,8,conserved_quotient,0.028763396494158485,0.11759563748899063,0.9653333333333334,0.7511961722488039,0.890784587417474,0.0,0.0,3.158525108795067e-32,0.007181286362353693,0.94473366189075,0.06830795302902037,0.069,0.09366666666666666
support_burden,5,2560,3000,8,object_only,0.0807329061062727,0.3062783848916813,0.931,0.0,0.5927517205712695,0.0,1.0,7.715756839701364e-33,0.11821758650849118,0.29922974879532804,0.18721758650849118,0.069,0.09366666666666666
support_burden,5,2560,3000,8,access_only,0.035469250815087595,0.13221763478263818,0.9493333333333334,0.6885245901639344,0.8813060947745485,0.0,0.0,1.232595164407831e-32,0.007275903723887377,0.9358576342036593,0.06840257039055404,0.069,0.09366666666666666
support_burden,5,2560,3000,8,context_table,0.08092171177086792,0.3715904337568912,0.931,0.0,0.5644684520134013,0.0,1.0,0.008579812457396757,0.10538411594908373,0.23415664122179372,0.1743841159490837,0.069,0.09366666666666666
support_burden,5,2560,3000,8,monolithic_logistic,0.031435790111016874,0.1370758744141801,0.9653333333333334,0.7511961722488039,0.8879462285804227,0.0,0.0,0.0022534366305636527,0.026173795637957763,0.8670074909479749,0.09476946356397874,0.069,0.09366666666666666
support_burden,5,2560,3000,12,conserved_quotient,0.028763396494158485,0.11759563748899063,0.9653333333333334,0.7511961722488039,0.890784587417474,0.0,0.0,3.158525108795067e-32,0.007181286362353693,0.94473366189075,0.06830795302902037,0.069,0.09366666666666666
support_burden,5,2560,3000,12,object_only,0.0807329061062727,0.3062783848916813,0.931,0.0,0.5927517205712695,0.0,1.0,7.715756839701364e-33,0.11821758650849118,0.29922974879532804,0.18721758650849118,0.069,0.09366666666666666
support_burden,5,2560,3000,12,access_only,0.035469250815087595,0.13221763478263818,0.9493333333333334,0.6885245901639344,0.8813060947745485,0.0,0.0,1.232595164407831e-32,0.007275903723887377,0.9358576342036593,0.06840257039055404,0.069,0.09366666666666666
support_burden,5,2560,3000,12,context_table,0.08095962379236857,0.3798791354462546,0.931,0.0,0.5527327635859836,0.0,1.0,0.00880358514118135,0.10100872825662496,0.1677620098030398,0.17000872825662497,0.069,0.09366666666666666
support_burden,6,2560,3000,4,conserved_quotient,0.02782573491722275,0.11987153732908983,0.9693333333333334,0.7799043062200957,0.9032335274741558,0.0,0.0,1.5840773792585015e-32,0.010566525556428143,1.0433360140364107,0.06310014111023854,0.07366666666666667,0.089
support_burden,6,2560,3000,4,object_only,0.0831330351416132,0.3126776966967781,0.9263333333333333,0.0,0.582244988675571,0.0,1.0,5.007417855406813e-33,0.10831380127068738,0.2546995596623707,0.1819804679373541,0.07366666666666667,0.089
support_burden,6,2560,3000,4,access_only,0.035031239353302636,0.1357062552189326,0.9546666666666667,0.7213114754098361,0.8960269246237538,0.0,0.0,9.55261252416069e-32,0.010560850767085085,1.0771182606875949,0.0631058158995816,0.07366666666666667,0.089
support_burden,6,2560,3000,4,context_table,0.08321752160940464,0.32998061208293555,0.9263333333333333,0.0,0.5122777652041247,0.0,1.0,0.003982671719816333,0.10388761370015255,0.04353860367436994,0.1638375577601235,0.07366666666666667,0.089
support_burden,6,2560,3000,8,conserved_quotient,0.02782573491722275,0.11987153732908983,0.9693333333333334,0.7799043062200957,0.9032335274741558,0.0,0.0,1.5840773792585015e-32,0.010566525556428143,1.0433360140364107,0.06310014111023854,0.07366666666666667,0.089
support_burden,6,2560,3000,8,object_only,0.0831330351416132,0.3126776966967781,0.9263333333333333,0.0,0.582244988675571,0.0,1.0,5.007417855406813e-33,0.10831380127068738,0.2546995596623707,0.1819804679373541,0.07366666666666667,0.089
support_burden,6,2560,3000,8,access_only,0.035031239353302636,0.1357062552189326,0.9546666666666667,0.7213114754098361,0.8960269246237538,0.0,0.0,9.55261252416069e-32,0.010560850767085085,1.0771182606875949,0.0631058158995816,0.07366666666666667,0.089
support_burden,6,2560,3000,8,context_table,0.08585953340932015,0.3869897854742054,0.9263333333333333,0.0,0.5100584702007135,0.0,1.0,0.007231914711677258,0.10804101753712621,0.05282638339881585,0.16396170978319158,0.07366666666666667,0.089
support_burden,6,2560,3000,8,monolithic_logistic,0.028559376001545678,0.13314985401832885,0.9693333333333334,0.7799043062200957,0.8798828967742881,0.0,0.0,0.0015427985525560202,0.013470181795200736,1.0716874475731104,0.07933909702857986,0.07366666666666667,0.089
support_burden,6,2560,3000,12,conserved_quotient,0.02782573491722275,0.11987153732908983,0.9693333333333334,0.7799043062200957,0.9032335274741558,0.0,0.0,1.5840773792585015e-32,0.010566525556428143,1.0433360140364107,0.06310014111023854,0.07366666666666667,0.089
support_burden,6,2560,3000,12,object_only,0.0831330351416132,0.3126776966967781,0.9263333333333333,0.0,0.582244988675571,0.0,1.0,5.007417855406813e-33,0.10831380127068738,0.2546995596623707,0.1819804679373541,0.07366666666666667,0.089
support_burden,6,2560,3000,12,access_only,0.035031239353302636,0.1357062552189326,0.9546666666666667,0.7213114754098361,0.8960269246237538,0.0,0.0,9.55261252416069e-32,0.010560850767085085,1.0771182606875949,0.0631058158995816,0.07366666666666667,0.089
support_burden,6,2560,3000,12,context_table,0.08569302825662131,0.43144896667203286,0.9263333333333333,0.0,0.5028176742504791,0.0,1.0,0.010609416516048836,0.10620035438096143,0.06046421958866187,0.15462928030042838,0.07366666666666667,0.089
support_burden,7,2560,3000,4,conserved_quotient,0.03071555034138377,0.12789224703916624,0.9646666666666667,0.735,0.8747992093520012,0.0,0.0,9.244463733058732e-33,0.01040528788082741,0.957682637170641,0.06315342438542848,0.06966666666666667,0.09066666666666667
support_burden,7,2560,3000,4,object_only,0.0804422300878521,0.3052028182881341,0.9303333333333333,0.0,0.5683871089403911,0.0,1.0,9.750020343460382e-34,0.11124927563687853,0.2682190954655111,0.18091594230354516,0.06966666666666667,0.09066666666666667
support_burden,7,2560,3000,4,access_only,0.036946104926271234,0.1407609749603923,0.9483333333333334,0.6777546777546778,0.8669613024777181,0.0,0.0,3.0814879110195774e-33,0.008477558685446007,0.9486253737417008,0.06566422535211267,0.06966666666666667,0.09066666666666667
support_burden,7,2560,3000,4,context_table,0.0790600313422376,0.3292555643324995,0.9303333333333333,0.0,0.5639864293808362,0.0,1.0,0.004087021349614899,0.10051571374503596,0.2705015872022081,0.1701823804117026,0.06966666666666667,0.09066666666666667
support_burden,7,2560,3000,8,conserved_quotient,0.03071555034138377,0.12789224703916624,0.9646666666666667,0.735,0.8747992093520012,0.0,0.0,9.244463733058732e-33,0.01040528788082741,0.957682637170641,0.06315342438542848,0.06966666666666667,0.09066666666666667
support_burden,7,2560,3000,8,object_only,0.0804422300878521,0.3052028182881341,0.9303333333333333,0.0,0.5683871089403911,0.0,1.0,9.750020343460382e-34,0.11124927563687853,0.2682190954655111,0.18091594230354516,0.06966666666666667,0.09066666666666667
support_burden,7,2560,3000,8,access_only,0.036946104926271234,0.1407609749603923,0.9483333333333334,0.6777546777546778,0.8669613024777181,0.0,0.0,3.0814879110195774e-33,0.008477558685446007,0.9486253737417008,0.06566422535211267,0.06966666666666667,0.09066666666666667
support_burden,7,2560,3000,8,context_table,0.08063596600758718,0.34952041359636626,0.9303333333333333,0.0,0.5746101189914952,0.0,1.0,0.005675566124724452,0.10265852726877506,0.25548434124461983,0.17151123484519804,0.06966666666666667,0.09066666666666667
support_burden,7,2560,3000,8,monolithic_logistic,0.03125853217248618,0.13777659100287634,0.9646666666666667,0.735,0.8705133897575769,0.0,0.0,0.002243789158768686,0.0058508200280541515,0.987738252204306,0.06864208188027689,0.06966666666666667,0.09066666666666667
support_burden,7,2560,3000,12,conserved_quotient,0.03071555034138377,0.12789224703916624,0.9646666666666667,0.735,0.8747992093520012,0.0,0.0,9.244463733058732e-33,0.01040528788082741,0.957682637170641,0.06315342438542848,0.06966666666666667,0.09066666666666667
support_burden,7,2560,3000,12,object_only,0.0804422300878521,0.3052028182881341,0.9303333333333333,0.0,0.5683871089403911,0.0,1.0,9.750020343460382e-34,0.11124927563687853,0.2682190954655111,0.18091594230354516,0.06966666666666667,0.09066666666666667
support_burden,7,2560,3000,12,access_only,0.036946104926271234,0.1407609749603923,0.9483333333333334,0.6777546777546778,0.8669613024777181,0.0,0.0,3.0814879110195774e-33,0.008477558685446007,0.9486253737417008,0.06566422535211267,0.06966666666666667,0.09066666666666667
support_burden,7,2560,3000,12,context_table,0.08174293340618073,0.37446878434250863,0.9223333333333333,0.016877637130801686,0.5630178341524963,0.00843108504398827,0.9738219895287958,0.009131291979156044,0.09889019087748527,0.19709544224214237,0.16662285028954385,0.06966666666666667,0.09066666666666667
support_burden,8,2560,3000,4,conserved_quotient,0.027239969880180563,0.11551368137688424,0.969,0.7822014051522248,0.9085692792908677,0.0,0.0,1.8681520460556188e-32,0.008193013691282038,1.054928048164558,0.06547365297538463,0.07366666666666667,0.093
support_burden,8,2560,3000,4,object_only,0.08233334331039778,0.3103007606796731,0.9263333333333333,0.0,0.57928484317579,0.0,1.0,1.0111132208032988e-33,0.10737197963535577,0.2847060950128755,0.18103864630202243,0.07366666666666667,0.093
support_burden,8,2560,3000,4,access_only,0.03489159956401109,0.13265124925889454,0.9533333333333334,0.72,0.8985197644258246,0.0,0.0,1.5407439555097887e-32,0.0078987356321839,1.0507593857259652,0.06576793103448275,0.07366666666666667,0.093
support_burden,8,2560,3000,4,context_table,0.08211156684027339,0.31824066022540076,0.9263333333333333,0.0,0.5430564397818806,0.0,1.0,0.001468819744137798,0.10504456827284063,0.2753606005829955,0.1787112349395073,0.07366666666666667,0.093
support_burden,8,2560,3000,8,conserved_quotient,0.027239969880180563,0.11551368137688424,0.969,0.7822014051522248,0.9085692792908677,0.0,0.0,1.8681520460556188e-32,0.008193013691282038,1.054928048164558,0.06547365297538463,0.07366666666666667,0.093
support_burden,8,2560,3000,8,object_only,0.08233334331039778,0.3103007606796731,0.9263333333333333,0.0,0.57928484317579,0.0,1.0,1.0111132208032988e-33,0.10737197963535577,0.2847060950128755,0.18103864630202243,0.07366666666666667,0.093
support_burden,8,2560,3000,8,access_only,0.03489159956401109,0.13265124925889454,0.9533333333333334,0.72,0.8985197644258246,0.0,0.0,1.5407439555097887e-32,0.0078987356321839,1.0507593857259652,0.06576793103448275,0.07366666666666667,0.093
support_burden,8,2560,3000,8,context_table,0.09130157916008355,0.37874881745726924,0.9006666666666666,0.050955414012738856,0.569919190307396,0.03013597941933113,0.9466019417475728,0.011200661912887083,0.11323310484838806,0.142501447632857,0.1868997715150547,0.07366666666666667,0.093
support_burden,8,2560,3000,8,monolithic_logistic,0.02795584853954134,0.1288962234143401,0.969,0.7822014051522248,0.8861744271434596,0.0,0.0,0.002323088720319698,0.009089168806219825,1.039229605539391,0.07636520447357716,0.07366666666666667,0.093
support_burden,8,2560,3000,12,conserved_quotient,0.027239969880180563,0.11551368137688424,0.969,0.7822014051522248,0.9085692792908677,0.0,0.0,1.8681520460556188e-32,0.008193013691282038,1.054928048164558,0.06547365297538463,0.07366666666666667,0.093
support_burden,8,2560,3000,12,object_only,0.08233334331039778,0.3103007606796731,0.9263333333333333,0.0,0.57928484317579,0.0,1.0,1.0111132208032988e-33,0.10737197963535577,0.2847060950128755,0.18103864630202243,0.07366666666666667,0.093
support_burden,8,2560,3000,12,access_only,0.03489159956401109,0.13265124925889454,0.9533333333333334,0.72,0.8985197644258246,0.0,0.0,1.5407439555097887e-32,0.0078987356321839,1.0507593857259652,0.06576793103448275,0.07366666666666667,0.093
support_burden,8,2560,3000,12,context_table,0.09060056981096742,0.404580386144086,0.8996666666666666,0.07384615384615385,0.5545778861825683,0.033443586916574786,0.9368932038834952,0.013621785613586712,0.11557797750290666,0.16441928072734602,0.18506572206873723,0.07366666666666667,0.093
support_burden,9,2560,3000,4,conserved_quotient,0.029370699826737838,0.12356024421782394,0.966,0.7605633802816901,0.9032294765167954,0.0,0.0,9.437056727497456e-33,0.009595898678301974,1.0364482466485643,0.06514814732544552,0.07266666666666667,0.09366666666666666
support_burden,9,2560,3000,4,object_only,0.08155450348212276,0.3082018289565686,0.9273333333333333,0.0,0.5661279259195747,0.0,1.0,1.0111132208032988e-33,0.11100081228852567,0.3383005633275775,0.18366747895519236,0.07266666666666667,0.09366666666666666
support_burden,9,2560,3000,4,access_only,0.03695485662295405,0.1404328685223134,0.949,0.6933867735470942,0.8925596396230024,0.0,0.0,3.0814879110195774e-33,0.006157833559475353,0.9930565064043978,0.06650883310719133,0.07266666666666667,0.09366666666666666
support_burden,9,2560,3000,4,context_table,0.08927456636188011,0.3260624265741824,0.8973333333333333,0.10465116279069768,0.5915271173137931,0.038249356381022434,0.8942307692307693,0.014870477089104071,0.1195058989776714,0.23232728887778956,0.19217256564433813,0.07266666666666667,0.09366666666666666
support_burden,9,2560,3000,8,conserved_quotient,0.029370699826737838,0.12356024421782394,0.966,0.7605633802816901,0.9032294765167954,0.0,0.0,9.437056727497456e-33,0.009595898678301974,1.0364482466485643,0.06514814732544552,0.07266666666666667,0.09366666666666666
support_burden,9,2560,3000,8,object_only,0.08155450348212276,0.3082018289565686,0.9273333333333333,0.0,0.5661279259195747,0.0,1.0,1.0111132208032988e-33,0.11100081228852567,0.3383005633275775,0.18366747895519236,0.07266666666666667,0.09366666666666666
support_burden,9,2560,3000,8,access_only,0.03695485662295405,0.1404328685223134,0.949,0.6933867735470942,0.8925596396230024,0.0,0.0,3.0814879110195774e-33,0.006157833559475353,0.9930565064043978,0.06650883310719133,0.07266666666666667,0.09366666666666666
support_burden,9,2560,3000,8,context_table,0.09019446624200388,0.35635932293687256,0.8973333333333333,0.10465116279069768,0.5932881103291804,0.038249356381022434,0.8942307692307693,0.015918199530919774,0.11893638706939363,0.23066137273630433,0.19160305373606032,0.07266666666666667,0.09366666666666666
support_burden,9,2560,3000,8,monolithic_logistic,0.029880531187397943,0.13306960766939943,0.966,0.7605633802816901,0.8786415290959576,0.0,0.0,0.0026170569427492194,0.0071394166809225145,0.989893968572563,0.07831673931474771,0.07266666666666667,0.09366666666666666
support_burden,9,2560,3000,12,conserved_quotient,0.029370699826737838,0.12356024421782394,0.966,0.7605633802816901,0.9032294765167954,0.0,0.0,9.437056727497456e-33,0.009595898678301974,1.0364482466485643,0.06514814732544552,0.07266666666666667,0.09366666666666666
support_burden,9,2560,3000,12,object_only,0.08155450348212276,0.3082018289565686,0.9273333333333333,0.0,0.5661279259195747,0.0,1.0,1.0111132208032988e-33,0.11100081228852567,0.3383005633275775,0.18366747895519236,0.07266666666666667,0.09366666666666666
support_burden,9,2560,3000,12,access_only,0.03695485662295405,0.1404328685223134,0.949,0.6933867735470942,0.8925596396230024,0.0,0.0,3.0814879110195774e-33,0.006157833559475353,0.9930565064043978,0.06650883310719133,0.07266666666666667,0.09366666666666666
support_burden,9,2560,3000,12,context_table,0.10001442206909174,0.5186244156674644,0.892,0.13829787234042554,0.5426117439107236,0.04854726002206693,0.875,0.030376390327997906,0.12284479782517685,0.13332794187044522,0.18807764515216377,0.07266666666666667,0.09366666666666666
support_burden,10,2560,3000,4,conserved_quotient,0.02980312575377558,0.12741049635667565,0.9666666666666667,0.7706422018348624,0.8715105895149279,0.0,0.0,6.933347799794049e-33,0.011032780010314555,1.0443472571523558,0.06696721998968545,0.078,0.09333333333333334
support_burden,10,2560,3000,4,object_only,0.08868809565899732,0.3267314664947379,0.922,0.0,0.5884195141245033,0.0,1.0,1.8416705093202943e-33,0.11841521630008933,0.3052852740745566,0.19641521630008932,0.078,0.09333333333333334
support_burden,10,2560,3000,4,access_only,0.03703675383491599,0.14398859636564795,0.952,0.7198443579766537,0.8608592740913782,0.0,0.0,1.232595164407831e-32,0.008518918918918912,1.0084768640280541,0.06948108108108109,0.078,0.09333333333333334
support_burden,10,2560,3000,4,context_table,0.08803141020800057,0.34867157430508827,0.922,0.0,0.5229218038328668,0.0,1.0,0.004290326326032791,0.11929298277341122,0.03567311608109218,0.1776345528065096,0.078,0.09333333333333334
support_burden,10,2560,3000,8,conserved_quotient,0.02980312575377558,0.12741049635667565,0.9666666666666667,0.7706422018348624,0.8715105895149279,0.0,0.0,6.933347799794049e-33,0.011032780010314555,1.0443472571523558,0.06696721998968545,0.078,0.09333333333333334
support_burden,10,2560,3000,8,object_only,0.08868809565899732,0.3267314664947379,0.922,0.0,0.5884195141245033,0.0,1.0,1.8416705093202943e-33,0.11841521630008933,0.3052852740745566,0.19641521630008932,0.078,0.09333333333333334
support_burden,10,2560,3000,8,access_only,0.03703675383491599,0.14398859636564795,0.952,0.7198443579766537,0.8608592740913782,0.0,0.0,1.232595164407831e-32,0.008518918918918912,1.0084768640280541,0.06948108108108109,0.078,0.09333333333333334
support_burden,10,2560,3000,8,context_table,0.08964763660131185,0.38645708894583547,0.922,0.0,0.5614992182237302,0.0,1.0,0.005783616894912654,0.12508647602381803,0.13859927368857664,0.18374238007233082,0.078,0.09333333333333334
support_burden,10,2560,3000,8,monolithic_logistic,0.03048816608910335,0.13446578833415948,0.9663333333333334,0.7688787185354691,0.8988325886373608,0.0,0.0,0.0035245520206853937,0.018087456852576265,1.007797245210329,0.0927043663725234,0.078,0.09333333333333334
support_burden,10,2560,3000,12,conserved_quotient,0.02980312575377558,0.12741049635667565,0.9666666666666667,0.7706422018348624,0.8715105895149279,0.0,0.0,6.933347799794049e-33,0.011032780010314555,1.0443472571523558,0.06696721998968545,0.078,0.09333333333333334
support_burden,10,2560,3000,12,object_only,0.08868809565899732,0.3267314664947379,0.922,0.0,0.5884195141245033,0.0,1.0,1.8416705093202943e-33,0.11841521630008933,0.3052852740745566,0.19641521630008932,0.078,0.09333333333333334
support_burden,10,2560,3000,12,access_only,0.03703675383491599,0.14398859636564795,0.952,0.7198443579766537,0.8608592740913782,0.0,0.0,1.232595164407831e-32,0.008518918918918912,1.0084768640280541,0.06948108108108109,0.078,0.09333333333333334
support_burden,10,2560,3000,12,context_table,0.09999518699861107,0.44002889938074635,0.8716666666666667,0.1309255079006772,0.5456427560549035,0.0625,0.806930693069307,0.02336058964857663,0.14333290461267514,0.07898469397845864,0.19097276771993824,0.078,0.09333333333333334
support_burden,11,2560,3000,4,conserved_quotient,0.026460115511872075,0.10968784514196367,0.9683333333333334,0.7785547785547785,0.9089906019058978,0.0,0.0,3.851859888774472e-33,0.005217122755625732,1.0096040221321623,0.06764805278729864,0.071,0.09466666666666666
support_burden,11,2560,3000,4,object_only,0.08248063911205124,0.3103827794186038,0.929,0.0,0.5898394794072412,0.0,1.0,1.7453740121009325e-33,0.11784568659332807,0.29946576948284476,0.1888456865933281,0.071,0.09466666666666666
support_burden,11,2560,3000,4,access_only,0.034097876286127794,0.12699180526760048,0.9523333333333334,0.7122736418511066,0.8986390535534701,0.0,0.0,4.0059342843254506e-32,0.004268962472406177,1.0178769165159396,0.06673103752759382,0.071,0.09466666666666666
support_burden,11,2560,3000,4,context_table,0.08058901678688823,0.31501234307033094,0.929,0.0,0.487937793006093,0.0,1.0,0.0026655025865020246,0.09580814833857705,0.013583173094040427,0.16680814833857707,0.071,0.09466666666666666
support_burden,11,2560,3000,8,conserved_quotient,0.026460115511872075,0.10968784514196367,0.9683333333333334,0.7785547785547785,0.9089906019058978,0.0,0.0,3.851859888774472e-33,0.005217122755625732,1.0096040221321623,0.06764805278729864,0.071,0.09466666666666666
support_burden,11,2560,3000,8,object_only,0.08248063911205124,0.3103827794186038,0.929,0.0,0.5898394794072412,0.0,1.0,1.7453740121009325e-33,0.11784568659332807,0.29946576948284476,0.1888456865933281,0.071,0.09466666666666666
support_burden,11,2560,3000,8,access_only,0.034097876286127794,0.12699180526760048,0.9523333333333334,0.7122736418511066,0.8986390535534701,0.0,0.0,4.0059342843254506e-32,0.004268962472406177,1.0178769165159396,0.06673103752759382,0.071,0.09466666666666666
support_burden,11,2560,3000,8,context_table,0.0824076664717879,0.41564089317205694,0.929,0.0,0.4740975454448976,0.0,1.0,0.0057247116365862554,0.09967570902968637,0.03303943624545525,0.15948289401899088,0.071,0.09466666666666666
support_burden,11,2560,3000,8,monolithic_logistic,0.028082793636896263,0.12152814592376356,0.9666666666666667,0.7619047619047619,0.9031688035159889,0.0,0.041666666666666664,0.0024201640837807226,0.011388423756030035,1.178060774230834,0.05961157624396996,0.071,0.09466666666666666
support_burden,11,2560,3000,12,conserved_quotient,0.026460115511872075,0.10968784514196367,0.9683333333333334,0.7785547785547785,0.9089906019058978,0.0,0.0,3.851859888774472e-33,0.005217122755625732,1.0096040221321623,0.06764805278729864,0.071,0.09466666666666666
support_burden,11,2560,3000,12,object_only,0.08248063911205124,0.3103827794186038,0.929,0.0,0.5898394794072412,0.0,1.0,1.7453740121009325e-33,0.11784568659332807,0.29946576948284476,0.1888456865933281,0.071,0.09466666666666666
support_burden,11,2560,3000,12,access_only,0.034097876286127794,0.12699180526760048,0.9523333333333334,0.7122736418511066,0.8986390535534701,0.0,0.0,4.0059342843254506e-32,0.004268962472406177,1.0178769165159396,0.06673103752759382,0.071,0.09466666666666666
support_burden,11,2560,3000,12,context_table,0.08786327731275329,0.4796120830481397,0.926,0.0,0.4541912400127352,0.0033136966126656848,1.0,0.011879648702032546,0.11855796745060396,-0.05694193779400356,0.16136025743553262,0.071,0.09466666666666666
support_burden,12,2560,3000,4,conserved_quotient,0.02923979950081744,0.12106452422689461,0.966,0.7594339622641509,0.8992760218780009,0.0,0.0,7.896312771987667e-33,0.00772977032506983,0.9908681790050637,0.06740709476752041,0.07166666666666667,0.09233333333333334
support_burden,12,2560,3000,4,object_only,0.08108442558931614,0.30762856867596156,0.9283333333333333,0.0,0.5870151559433844,0.0,1.0,1.781485198558193e-33,0.11445110993274288,0.35986034936945077,0.18611777659940953,0.07166666666666667,0.09233333333333334
support_burden,12,2560,3000,4,access_only,0.035463798691242686,0.13456391458694836,0.9513333333333334,0.7032520325203252,0.8889616299945723,0.0,0.0,1.232595164407831e-32,0.005354044943820225,0.9837068935302637,0.06717404494382022,0.07166666666666667,0.09233333333333334
support_burden,12,2560,3000,4,context_table,0.0831091522315685,0.32467190595498385,0.9283333333333333,0.0,0.5452348544945931,0.0,1.0,0.005012939085617861,0.12438365172832017,0.1253140652174414,0.18036818494830337,0.07166666666666667,0.09233333333333334
support_burden,12,2560,3000,8,conserved_quotient,0.02923979950081744,0.12106452422689461,0.966,0.7594339622641509,0.8992760218780009,0.0,0.0,7.896312771987667e-33,0.00772977032506983,0.9908681790050637,0.06740709476752041,0.07166666666666667,0.09233333333333334
support_burden,12,2560,3000,8,object_only,0.08108442558931614,0.30762856867596156,0.9283333333333333,0.0,0.5870151559433844,0.0,1.0,1.781485198558193e-33,0.11445110993274288,0.35986034936945077,0.18611777659940953,0.07166666666666667,0.09233333333333334
support_burden,12,2560,3000,8,access_only,0.035463798691242686,0.13456391458694836,0.9513333333333334,0.7032520325203252,0.8889616299945723,0.0,0.0,1.232595164407831e-32,0.005354044943820225,0.9837068935302637,0.06717404494382022,0.07166666666666667,0.09233333333333334
support_burden,12,2560,3000,8,context_table,0.10334923563521846,0.5767644592310647,0.9066666666666666,0.10828025477707007,0.5527184668698593,0.029379360998898273,0.9090909090909091,0.03247208356174277,0.1405845920129909,0.1190600783485011,0.19754246881098964,0.07166666666666667,0.09233333333333334
support_burden,12,2560,3000,8,monolithic_logistic,0.029488259109348016,0.12652045387795163,0.966,0.7594339622641509,0.8888497348753706,0.0,0.0,0.0007755972147358407,0.004410411122536986,1.0220893185174913,0.07190601628041939,0.07166666666666667,0.09233333333333334
support_burden,12,2560,3000,12,conserved_quotient,0.02923979950081744,0.12106452422689461,0.966,0.7594339622641509,0.8992760218780009,0.0,0.0,7.896312771987667e-33,0.00772977032506983,0.9908681790050637,0.06740709476752041,0.07166666666666667,0.09233333333333334
support_burden,12,2560,3000,12,object_only,0.08108442558931614,0.30762856867596156,0.9283333333333333,0.0,0.5870151559433844,0.0,1.0,1.781485198558193e-33,0.11445110993274288,0.35986034936945077,0.18611777659940953,0.07166666666666667,0.09233333333333334
support_burden,12,2560,3000,12,access_only,0.035463798691242686,0.13456391458694836,0.9513333333333334,0.7032520325203252,0.8889616299945723,0.0,0.0,1.232595164407831e-32,0.005354044943820225,0.9837068935302637,0.06717404494382022,0.07166666666666667,0.09233333333333334
support_burden,12,2560,3000,12,context_table,0.10218567522840175,0.5851444662696037,0.903,0.11009174311926606,0.5235505824391465,0.034153507161219246,0.9090909090909091,0.0388157778312509,0.14521421422481712,0.07846694416040505,0.18461201883371012,0.07166666666666667,0.09233333333333334
support_burden,13,2560,3000,4,conserved_quotient,0.028154320696314055,0.11580555704816076,0.967,0.7637231503579952,0.8980399326405056,0.0,0.0,3.274080905458301e-33,0.008196954696529387,1.0343727652461743,0.06339817810507109,0.07133333333333333,0.09066666666666667
support_burden,13,2560,3000,4,object_only,0.08275542061657347,0.30927754260006673,0.9286666666666666,0.0,0.5985216469530563,0.0,1.0,2.046300565911438e-34,0.11556905989209809,0.31300280081152454,0.18690239322543142,0.07133333333333333,0.09066666666666667
support_burden,13,2560,3000,4,access_only,0.03373595185651764,0.12815765919835262,0.9546666666666667,0.720164609053498,0.8892241581740478,0.0,0.0,2.1570415377137042e-32,0.006952522045855376,1.0488469057316652,0.06438081128747795,0.07133333333333333,0.09066666666666667
support_burden,13,2560,3000,4,context_table,0.0873123922312476,0.3828846212483072,0.9286666666666666,0.0,0.5200937933995746,0.0,1.0,0.009551602117076612,0.11137392068792833,0.12250153306380981,0.18270725402126167,0.07133333333333333,0.09066666666666667
support_burden,13,2560,3000,8,conserved_quotient,0.028154320696314055,0.11580555704816076,0.967,0.7637231503579952,0.8980399326405056,0.0,0.0,3.274080905458301e-33,0.008196954696529387,1.0343727652461743,0.06339817810507109,0.07133333333333333,0.09066666666666667
support_burden,13,2560,3000,8,object_only,0.08275542061657347,0.30927754260006673,0.9286666666666666,0.0,0.5985216469530563,0.0,1.0,2.046300565911438e-34,0.11556905989209809,0.31300280081152454,0.18690239322543142,0.07133333333333333,0.09066666666666667
support_burden,13,2560,3000,8,access_only,0.03373595185651764,0.12815765919835262,0.9546666666666667,0.720164609053498,0.8892241581740478,0.0,0.0,2.1570415377137042e-32,0.006952522045855376,1.0488469057316652,0.06438081128747795,0.07133333333333333,0.09066666666666667
support_burden,13,2560,3000,8,context_table,0.09453510854640694,0.4419782661891477,0.9016666666666666,0.07523510971786834,0.5145436796801095,0.03409090909090909,0.9414634146341463,0.02015414234971455,0.12564699596998605,0.08145291127225314,0.1836674815214667,0.07133333333333333,0.09066666666666667
support_burden,13,2560,3000,8,monolithic_logistic,0.030056442834295212,0.1272362966121974,0.9663333333333334,0.7600950118764845,0.9130700230122576,0.0,0.0,0.003051109118940514,0.02561732167140704,0.9110539861539528,0.09550886984877328,0.07133333333333333,0.09066666666666667
support_burden,13,2560,3000,12,conserved_quotient,0.028154320696314055,0.11580555704816076,0.967,0.7637231503579952,0.8980399326405056,0.0,0.0,3.274080905458301e-33,0.008196954696529387,1.0343727652461743,0.06339817810507109,0.07133333333333333,0.09066666666666667
support_burden,13,2560,3000,12,object_only,0.08275542061657347,0.30927754260006673,0.9286666666666666,0.0,0.5985216469530563,0.0,1.0,2.046300565911438e-34,0.11556905989209809,0.31300280081152454,0.18690239322543142,0.07133333333333333,0.09066666666666667
support_burden,13,2560,3000,12,access_only,0.03373595185651764,0.12815765919835262,0.9546666666666667,0.720164609053498,0.8892241581740478,0.0,0.0,2.1570415377137042e-32,0.006952522045855376,1.0488469057316652,0.06438081128747795,0.07133333333333333,0.09066666666666667
support_burden,13,2560,3000,12,context_table,0.09125774418959527,0.45058465371100587,0.8983333333333333,0.09495548961424333,0.5131750206305224,0.039222873900293255,0.9219512195121952,0.019247234616551433,0.12018424155485119,0.0954646850101977,0.17241806570242857,0.07133333333333333,0.09066666666666667
support_burden,14,2560,3000,4,conserved_quotient,0.023693042554166127,0.09914784371582303,0.9736666666666667,0.8068459657701712,0.9302220864784676,0.0,0.0,6.355568816477878e-33,0.006860980991894904,1.094285009428424,0.062009095275489576,0.06833333333333333,0.089
support_burden,14,2560,3000,4,object_only,0.07533163529626392,0.2895381360213629,0.9316666666666666,0.0,0.6151490030106026,0.0,1.0,4.935195482492292e-34,0.10511477291878196,0.436194544106829,0.1734481062521153,0.06833333333333333,0.089
support_burden,14,2560,3000,4,access_only,0.031148095315029403,0.11567788937377937,0.9586666666666667,0.7372881355932204,0.9227243771543261,0.0,0.0,6.162975822039155e-32,0.009273131449080303,1.1616439487788803,0.059060201884253025,0.06833333333333333,0.089
support_burden,14,2560,3000,4,context_table,0.07410360402770523,0.2944826311995822,0.9316666666666666,0.0,0.5102212138400454,0.0,1.0,0.0028511723203804014,0.08294744581068486,0.13979151394303094,0.1512807791440182,0.06833333333333333,0.089
support_burden,14,2560,3000,8,conserved_quotient,0.023693042554166127,0.09914784371582303,0.9736666666666667,0.8068459657701712,0.9302220864784676,0.0,0.0,6.355568816477878e-33,0.006860980991894904,1.094285009428424,0.062009095275489576,0.06833333333333333,0.089
support_burden,14,2560,3000,8,object_only,0.07533163529626392,0.2895381360213629,0.9316666666666666,0.0,0.6151490030106026,0.0,1.0,4.935195482492292e-34,0.10511477291878196,0.436194544106829,0.1734481062521153,0.06833333333333333,0.089
support_burden,14,2560,3000,8,access_only,0.031148095315029403,0.11567788937377937,0.9586666666666667,0.7372881355932204,0.9227243771543261,0.0,0.0,6.162975822039155e-32,0.009273131449080303,1.1616439487788803,0.059060201884253025,0.06833333333333333,0.089
support_burden,14,2560,3000,8,context_table,0.07623171691308414,0.31803170613934434,0.9316666666666666,0.0,0.5952231772764954,0.0,1.0,0.005171753677641373,0.09803273952416668,0.3585538439333884,0.16636607285750005,0.06833333333333333,0.089
support_burden,14,2560,3000,8,monolithic_logistic,0.024571520660478987,0.1069618560833237,0.9716666666666667,0.7890818858560794,0.9197085387669619,0.0,0.029411764705882353,0.00306385803428803,0.015836544119699092,1.1008301700064596,0.0734234367484504,0.06833333333333333,0.089
support_burden,14,2560,3000,12,conserved_quotient,0.023693042554166127,0.09914784371582303,0.9736666666666667,0.8068459657701712,0.9302220864784676,0.0,0.0,6.355568816477878e-33,0.006860980991894904,1.094285009428424,0.062009095275489576,0.06833333333333333,0.089
support_burden,14,2560,3000,12,object_only,0.07533163529626392,0.2895381360213629,0.9316666666666666,0.0,0.6151490030106026,0.0,1.0,4.935195482492292e-34,0.10511477291878196,0.436194544106829,0.1734481062521153,0.06833333333333333,0.089
support_burden,14,2560,3000,12,access_only,0.031148095315029403,0.11567788937377937,0.9586666666666667,0.7372881355932204,0.9227243771543261,0.0,0.0,6.162975822039155e-32,0.009273131449080303,1.1616439487788803,0.059060201884253025,0.06833333333333333,0.089
support_burden,14,2560,3000,12,context_table,0.0778627539405715,0.37899536109227416,0.9316666666666666,0.0,0.5760286225402504,0.0,1.0,0.0084833223703616,0.0894554251735276,0.17774112310419268,0.15589004237260146,0.06833333333333333,0.089
support_burden,15,2560,3000,4,conserved_quotient,0.025733009483994217,0.1165628354307141,0.972,0.78125,0.8779702430298006,0.0,0.0,9.244463733058732e-33,0.00958867149380107,1.0194226643196649,0.05996734284311649,0.06833333333333333,0.079
support_burden,15,2560,3000,4,object_only,0.08379809729455696,0.3116790133720764,0.9316666666666666,0.0,0.6053108774379335,0.0,1.0,4.0564899453656155e-33,0.13010168759155663,0.320244950507331,0.19843502092489,0.06833333333333333,0.079
support_burden,15,2560,3000,4,access_only,0.03432025822222222,0.13683169483560698,0.956,0.7013574660633484,0.8705493258868188,0.0,0.0,2.1570415377137042e-32,0.008668666666666675,1.0115251855524372,0.05966466666666668,0.06833333333333333,0.079
support_burden,15,2560,3000,4,context_table,0.08256112438013907,0.3145851619340818,0.9316666666666666,0.0,0.6013805139840307,0.0,1.0,0.001257486845935767,0.13053473740138535,0.41649662836715823,0.19886807073471868,0.06833333333333333,0.079
support_burden,15,2560,3000,8,conserved_quotient,0.025733009483994217,0.1165628354307141,0.972,0.78125,0.8779702430298006,0.0,0.0,9.244463733058732e-33,0.00958867149380107,1.0194226643196649,0.05996734284311649,0.06833333333333333,0.079
support_burden,15,2560,3000,8,object_only,0.08379809729455696,0.3116790133720764,0.9316666666666666,0.0,0.6053108774379335,0.0,1.0,4.0564899453656155e-33,0.13010168759155663,0.320244950507331,0.19843502092489,0.06833333333333333,0.079
support_burden,15,2560,3000,8,access_only,0.03432025822222222,0.13683169483560698,0.956,0.7013574660633484,0.8705493258868188,0.0,0.0,2.1570415377137042e-32,0.008668666666666675,1.0115251855524372,0.05966466666666668,0.06833333333333333,0.079
support_burden,15,2560,3000,8,context_table,0.08478219218464578,0.33556229427841566,0.9096666666666666,0.10561056105610561,0.6296993760635281,0.029677886355410785,0.9106145251396648,0.005612707288667118,0.1263693648873571,0.2843608056236015,0.19470269822069047,0.06833333333333333,0.079
support_burden,15,2560,3000,8,monolithic_logistic,0.02651673802742119,0.1256021398565692,0.972,0.78125,0.8639451983070815,0.0,0.0,0.0006333004315398842,0.010645779044295119,1.033779939070387,0.07601583613207928,0.06833333333333333,0.079
support_burden,15,2560,3000,12,conserved_quotient,0.025733009483994217,0.1165628354307141,0.972,0.78125,0.8779702430298006,0.0,0.0,9.244463733058732e-33,0.00958867149380107,1.0194226643196649,0.05996734284311649,0.06833333333333333,0.079
support_burden,15,2560,3000,12,object_only,0.08379809729455696,0.3116790133720764,0.9316666666666666,0.0,0.6053108774379335,0.0,1.0,4.0564899453656155e-33,0.13010168759155663,0.320244950507331,0.19843502092489,0.06833333333333333,0.079
support_burden,15,2560,3000,12,access_only,0.03432025822222222,0.13683169483560698,0.956,0.7013574660633484,0.8705493258868188,0.0,0.0,2.1570415377137042e-32,0.008668666666666675,1.0115251855524372,0.05966466666666668,0.06833333333333333,0.079
support_burden,15,2560,3000,12,context_table,0.09123418004732575,0.3863411515454959,0.8876666666666667,0.12010443864229765,0.5699044460927615,0.05537459283387622,0.8603351955307262,0.012515468993930948,0.1323028611630985,0.2106169689375794,0.20063619449643186,0.06833333333333333,0.079
support_burden,16,2560,3000,4,conserved_quotient,0.026033695455499262,0.1103269534641172,0.9683333333333334,0.7439353099730458,0.8942077558166724,0.0,0.0,9.437056727497456e-33,0.00891597094607127,0.9678934110843564,0.06111232552774458,0.06233333333333333,0.08366666666666667
support_burden,16,2560,3000,4,object_only,0.07877540856448449,0.30328384268657577,0.9376666666666666,0.0,0.6291834511654256,0.0,1.0,3.4666738998970245e-33,0.13405822908188658,0.27570698247056835,0.19639156241521982,0.06233333333333333,0.08366666666666667
support_burden,16,2560,3000,4,access_only,0.033631665796074954,0.12759788914250458,0.952,0.6712328767123288,0.883683661229091,0.0,0.0,1.8488927466117464e-32,0.007947777777777785,0.9199377253482233,0.061941111111111107,0.06233333333333333,0.08366666666666667
support_burden,16,2560,3000,4,context_table,0.08119336230804586,0.3088094925883209,0.912,0.14285714285714285,0.5929935688200886,0.034558021098581304,0.8586956521739131,0.007217059712636202,0.13575869526378975,0.22735954457962582,0.19809202859712308,0.06233333333333333,0.08366666666666667
support_burden,16,2560,3000,8,conserved_quotient,0.026033695455499262,0.1103269534641172,0.9683333333333334,0.7439353099730458,0.8942077558166724,0.0,0.0,9.437056727497456e-33,0.00891597094607127,0.9678934110843564,0.06111232552774458,0.06233333333333333,0.08366666666666667
support_burden,16,2560,3000,8,object_only,0.07877540856448449,0.30328384268657577,0.9376666666666666,0.0,0.6291834511654256,0.0,1.0,3.4666738998970245e-33,0.13405822908188658,0.27570698247056835,0.19639156241521982,0.06233333333333333,0.08366666666666667
support_burden,16,2560,3000,8,access_only,0.033631665796074954,0.12759788914250458,0.952,0.6712328767123288,0.883683661229091,0.0,0.0,1.8488927466117464e-32,0.007947777777777785,0.9199377253482233,0.061941111111111107,0.06233333333333333,0.08366666666666667
support_burden,16,2560,3000,8,context_table,0.07978950930045439,0.33843382664714977,0.937,0.06896551724137931,0.6194026587786652,0.0029101491451436886,0.9565217391304348,0.010929972585639198,0.14596268672243368,0.277595704237479,0.19718272997791933,0.06233333333333333,0.08366666666666667
support_burden,16,2560,3000,8,monolithic_logistic,0.02690619213737582,0.11748282725422969,0.9683333333333334,0.7439353099730458,0.8841018875313432,0.0,0.0,0.0004534079324632564,0.007236794360296127,0.9509569535545479,0.06746494660945422,0.06233333333333333,0.08366666666666667
support_burden,16,2560,3000,12,conserved_quotient,0.026033695455499262,0.1103269534641172,0.9683333333333334,0.7439353099730458,0.8942077558166724,0.0,0.0,9.437056727497456e-33,0.00891597094607127,0.9678934110843564,0.06111232552774458,0.06233333333333333,0.08366666666666667
support_burden,16,2560,3000,12,object_only,0.07877540856448449,0.30328384268657577,0.9376666666666666,0.0,0.6291834511654256,0.0,1.0,3.4666738998970245e-33,0.13405822908188658,0.27570698247056835,0.19639156241521982,0.06233333333333333,0.08366666666666667
support_burden,16,2560,3000,12,access_only,0.033631665796074954,0.12759788914250458,0.952,0.6712328767123288,0.883683661229091,0.0,0.0,1.8488927466117464e-32,0.007947777777777785,0.9199377253482233,0.061941111111111107,0.06233333333333333,0.08366666666666667
support_burden,16,2560,3000,12,context_table,0.09299159402149375,0.3796239113295098,0.883,0.12030075187969924,0.5957424562430731,0.06402328119316116,0.8478260869565217,0.026584540472274133,0.16471417786857417,0.148295351853896,0.21405582624604305,0.06233333333333333,0.08366666666666667
support_burden,17,2560,3000,4,conserved_quotient,0.026484265597350724,0.11421627594805199,0.97,0.7963800904977375,0.9088910566235764,0.0,0.0,1.8681520460556188e-32,0.008210271056377758,1.0281689818454305,0.07030018084751677,0.07633333333333334,0.09533333333333334
support_burden,17,2560,3000,4,object_only,0.08643569455528013,0.32176526652486903,0.9236666666666666,0.0,0.6012080830939283,0.0,1.0,3.322229154067982e-33,0.12141064106940054,0.3999654317623986,0.19774397440273386,0.07633333333333334,0.09533333333333334
support_burden,17,2560,3000,4,access_only,0.03539517607373564,0.13493410680998486,0.953,0.7262135922330097,0.9004804911757615,0.0,0.0,1.232595164407831e-32,0.005814899817850626,1.0056112924155833,0.0705184335154827,0.07633333333333334,0.09533333333333334
support_burden,17,2560,3000,4,context_table,0.08937107611022425,0.36950490368291194,0.9,0.11764705882352941,0.5449091416243407,0.03500368459837878,0.9248826291079812,0.010162317210689888,0.1285547815366823,0.12639247906607748,0.1866628156799346,0.07633333333333334,0.09533333333333334
support_burden,17,2560,3000,8,conserved_quotient,0.026484265597350724,0.11421627594805199,0.97,0.7963800904977375,0.9088910566235764,0.0,0.0,1.8681520460556188e-32,0.008210271056377758,1.0281689818454305,0.07030018084751677,0.07633333333333334,0.09533333333333334
support_burden,17,2560,3000,8,object_only,0.08643569455528013,0.32176526652486903,0.9236666666666666,0.0,0.6012080830939283,0.0,1.0,3.322229154067982e-33,0.12141064106940054,0.3999654317623986,0.19774397440273386,0.07633333333333334,0.09533333333333334
support_burden,17,2560,3000,8,access_only,0.03539517607373564,0.13493410680998486,0.953,0.7262135922330097,0.9004804911757615,0.0,0.0,1.232595164407831e-32,0.005814899817850626,1.0056112924155833,0.0705184335154827,0.07633333333333334,0.09533333333333334
support_burden,17,2560,3000,8,context_table,0.08980087429072849,0.3853424715683817,0.9176666666666666,0.023715415019762844,0.5444931046600868,0.007737656595431098,0.9859154929577465,0.01028649305485968,0.1260079128491809,0.12293431877526376,0.18354648616276595,0.07633333333333334,0.09533333333333334
support_burden,17,2560,3000,8,monolithic_logistic,0.027610450907095716,0.11993676793088437,0.97,0.7963800904977375,0.912008182060297,0.0,0.0,0.0016197927955851142,0.015102374267434937,1.1088032727603174,0.07905210414206253,0.07633333333333334,0.09533333333333334
support_burden,17,2560,3000,12,conserved_quotient,0.026484265597350724,0.11421627594805199,0.97,0.7963800904977375,0.9088910566235764,0.0,0.0,1.8681520460556188e-32,0.008210271056377758,1.0281689818454305,0.07030018084751677,0.07633333333333334,0.09533333333333334
support_burden,17,2560,3000,12,object_only,0.08643569455528013,0.32176526652486903,0.9236666666666666,0.0,0.6012080830939283,0.0,1.0,3.322229154067982e-33,0.12141064106940054,0.3999654317623986,0.19774397440273386,0.07633333333333334,0.09533333333333334
support_burden,17,2560,3000,12,access_only,0.03539517607373564,0.13493410680998486,0.953,0.7262135922330097,0.9004804911757615,0.0,0.0,1.232595164407831e-32,0.005814899817850626,1.0056112924155833,0.0705184335154827,0.07633333333333334,0.09533333333333334
support_burden,17,2560,3000,12,context_table,0.11107406726524878,0.6457475546240381,0.9023333333333333,0.12012012012012012,0.5267437700828449,0.03131908621960206,0.9107981220657277,0.03819349794364596,0.15637004827912132,0.09746188288470173,0.20138016574874845,0.07633333333333334,0.09533333333333334
support_burden,18,2560,3000,4,conserved_quotient,0.031832105130203785,0.13076054690762032,0.9623333333333334,0.7610993657505285,0.8891285696030765,0.0,0.0,5.854827030937197e-32,0.007867005526721321,0.9764424966708355,0.07343803162228135,0.07933333333333334,0.09966666666666667
support_burden,18,2560,3000,4,object_only,0.08945255641915609,0.3274673558876052,0.9206666666666666,0.0,0.5967649188567534,0.0,1.0,2.3231529954171032e-33,0.11966330227161294,0.3502227949583985,0.19899663560494635,0.07933333333333334,0.09966666666666667
support_burden,18,2560,3000,4,access_only,0.03804572535805071,0.14456332728583285,0.949,0.7150837988826816,0.8810994347050913,0.0,0.0,1.232595164407831e-32,0.007940236220472456,1.0148144808414534,0.0713930971128609,0.07933333333333334,0.09966666666666667
support_burden,18,2560,3000,4,context_table,0.08781790403849832,0.32985740252601353,0.9206666666666666,0.0,0.5616180577951673,0.0,1.0,0.003503966586793112,0.10758466583279952,0.2189354338514839,0.18412260487834473,0.07933333333333334,0.09966666666666667
support_burden,18,2560,3000,8,conserved_quotient,0.031832105130203785,0.13076054690762032,0.9623333333333334,0.7610993657505285,0.8891285696030765,0.0,0.0,5.854827030937197e-32,0.007867005526721321,0.9764424966708355,0.07343803162228135,0.07933333333333334,0.09966666666666667
support_burden,18,2560,3000,8,object_only,0.08945255641915609,0.3274673558876052,0.9206666666666666,0.0,0.5967649188567534,0.0,1.0,2.3231529954171032e-33,0.11966330227161294,0.3502227949583985,0.19899663560494635,0.07933333333333334,0.09966666666666667
support_burden,18,2560,3000,8,access_only,0.03804572535805071,0.14456332728583285,0.949,0.7150837988826816,0.8810994347050913,0.0,0.0,1.232595164407831e-32,0.007940236220472456,1.0148144808414534,0.0713930971128609,0.07933333333333334,0.09966666666666667
support_burden,18,2560,3000,8,context_table,0.0906628759028419,0.35113442426581437,0.9206666666666666,0.0,0.5673714090994834,0.0,1.0,0.008561317393444307,0.11168700525545909,0.22657489661572508,0.1910203385887924,0.07933333333333334,0.09966666666666667
support_burden,18,2560,3000,8,monolithic_logistic,0.03205573140829882,0.13441954164675815,0.9623333333333334,0.7610993657505285,0.8972641917013003,0.0,0.0,0.0005069240499006439,0.00772834394253732,1.010776491683806,0.08472671329251898,0.07933333333333334,0.09966666666666667
support_burden,18,2560,3000,12,conserved_quotient,0.031832105130203785,0.13076054690762032,0.9623333333333334,0.7610993657505285,0.8891285696030765,0.0,0.0,5.854827030937197e-32,0.007867005526721321,0.9764424966708355,0.07343803162228135,0.07933333333333334,0.09966666666666667
support_burden,18,2560,3000,12,object_only,0.08945255641915609,0.3274673558876052,0.9206666666666666,0.0,0.5967649188567534,0.0,1.0,2.3231529954171032e-33,0.11966330227161294,0.3502227949583985,0.19899663560494635,0.07933333333333334,0.09966666666666667
support_burden,18,2560,3000,12,access_only,0.03804572535805071,0.14456332728583285,0.949,0.7150837988826816,0.8810994347050913,0.0,0.0,1.232595164407831e-32,0.007940236220472456,1.0148144808414534,0.0713930971128609,0.07933333333333334,0.09966666666666667
support_burden,18,2560,3000,12,context_table,0.09278852346544805,0.38968166437805213,0.8973333333333333,0.125,0.5876039771448044,0.03184005923731951,0.8808510638297873,0.013293516846281956,0.11465845061265521,0.271970677366248,0.1939917839459885,0.07933333333333334,0.09966666666666667
support_burden,19,2560,3000,4,conserved_quotient,0.0287340524103764,0.12190953381676271,0.966,0.7397959183673469,0.8716987292765147,0.0,0.0,1.71407765050464e-32,0.008377754768444583,0.9620378311428093,0.06228442143511125,0.06633333333333333,0.088
support_burden,19,2560,3000,4,object_only,0.07924638767684405,0.30220342210044576,0.9336666666666666,0.0,0.5806271629479063,0.0,1.0,1.0712985315654e-33,0.12162627469291687,0.32769935078707535,0.18795960802625017,0.06633333333333333,0.088
support_burden,19,2560,3000,4,access_only,0.03666183632834662,0.13971339340806432,0.9476666666666667,0.6609071274298056,0.8636344880417798,0.0,0.0,2.7733391199176196e-32,0.009191475409836058,0.9326214797668293,0.06309814207650273,0.06633333333333333,0.088
support_burden,19,2560,3000,4,context_table,0.07673717019289376,0.29550830255750676,0.9336666666666666,0.0,0.5431889902924117,0.0,1.0,0.0020751960080263366,0.1081682773061905,0.246852244960067,0.17450161063952385,0.06633333333333333,0.088
support_burden,19,2560,3000,8,conserved_quotient,0.0287340524103764,0.12190953381676271,0.966,0.7397959183673469,0.8716987292765147,0.0,0.0,1.71407765050464e-32,0.008377754768444583,0.9620378311428093,0.06228442143511125,0.06633333333333333,0.088
support_burden,19,2560,3000,8,object_only,0.07924638767684405,0.30220342210044576,0.9336666666666666,0.0,0.5806271629479063,0.0,1.0,1.0712985315654e-33,0.12162627469291687,0.32769935078707535,0.18795960802625017,0.06633333333333333,0.088
support_burden,19,2560,3000,8,access_only,0.03666183632834662,0.13971339340806432,0.9476666666666667,0.6609071274298056,0.8636344880417798,0.0,0.0,2.7733391199176196e-32,0.009191475409836058,0.9326214797668293,0.06309814207650273,0.06633333333333333,0.088
support_burden,19,2560,3000,8,context_table,0.07762919555937961,0.36114437458239557,0.93,0.027777777777777776,0.5401193758869319,0.005116959064327485,0.9844559585492227,0.00718400421184219,0.09429275633229074,0.14578657940100226,0.16062608966562406,0.06633333333333333,0.088
support_burden,19,2560,3000,8,monolithic_logistic,0.029017123065474854,0.1293959154020132,0.966,0.7397959183673469,0.8718583994589154,0.0,0.0,0.0010459857521893357,0.007290528870745961,0.9707343677120326,0.0721691865344625,0.06633333333333333,0.088
support_burden,19,2560,3000,12,conserved_quotient,0.0287340524103764,0.12190953381676271,0.966,0.7397959183673469,0.8716987292765147,0.0,0.0,1.71407765050464e-32,0.008377754768444583,0.9620378311428093,0.06228442143511125,0.06633333333333333,0.088
support_burden,19,2560,3000,12,object_only,0.07924638767684405,0.30220342210044576,0.9336666666666666,0.0,0.5806271629479063,0.0,1.0,1.0712985315654e-33,0.12162627469291687,0.32769935078707535,0.18795960802625017,0.06633333333333333,0.088
support_burden,19,2560,3000,12,access_only,0.03666183632834662,0.13971339340806432,0.9476666666666667,0.6609071274298056,0.8636344880417798,0.0,0.0,2.7733391199176196e-32,0.009191475409836058,0.9326214797668293,0.06309814207650273,0.06633333333333333,0.088
support_burden,19,2560,3000,12,context_table,0.08074127281935999,0.39202258291634345,0.931,0.037209302325581395,0.5337648614367805,0.0043859649122807015,0.9792746113989638,0.011666282710023103,0.10695771966560717,0.10706538464364204,0.1666144426844859,0.06633333333333333,0.088
